{
  "benchmark": {
    "alpha": 0.0,
    "beta": 1.0,
    "sharpe_ratio": 0.8893666261415688,
    "sortino_ratio": 1.350001827508436,
    "annual_volatility": 0.947500581600618,
    "annual_return": 0.5449352956094016,
    "daily_winning_ratio": 0.5027624309392266,
    "max_drawdown": 0.4052119225236678
  },
  "strategy": {
    "alpha": 2.0882860000613572,
    "beta": 0.6607791759508479,
    "sharpe_ratio": 1.7078263491791863,
    "sortino_ratio": 2.897142656901548,
    "annual_volatility": 0.9873264924320698,
    "annual_return": 2.497642522757201,
    "daily_winning_ratio": 0.5027624309392266,
    "max_drawdown": 0.4052119225236678
  }
}