{
  "benchmark": {
    "alpha": 0.0,
    "beta": 1.0,
    "sharpe_ratio": 1.184341040939219,
    "sortino_ratio": 1.8496751225201287,
    "annual_volatility": 0.9437327663852104,
    "annual_return": 1.0435981522113655,
    "daily_winning_ratio": 0.5029940119760479,
    "max_drawdown": 0.20796426095663556
  },
  "strategy": {
    "alpha": 6.748540612350127,
    "beta": 0.5918087989851492,
    "sharpe_ratio": 2.983824010348496,
    "sortino_ratio": 6.426478756724568,
    "annual_volatility": 0.9098135997980497,
    "annual_return": 9.599333156163862,
    "daily_winning_ratio": 0.5029940119760479,
    "max_drawdown": 0.20796426095663556
  }
}