{
  "benchmark": {
    "alpha": 0.0,
    "beta": 0.9999999999999998,
    "sharpe_ratio": 0.7605918665109075,
    "sortino_ratio": 1.1568761903319305,
    "annual_volatility": 0.9454987746328041,
    "annual_return": 0.36883043374561364,
    "daily_winning_ratio": 0.49714285714285716,
    "max_drawdown": 0.37420131803432244
  },
  "strategy": {
    "alpha": 3.4841160405255325,
    "beta": 0.6551074633717734,
    "sharpe_ratio": 2.0317200044148844,
    "sortino_ratio": 3.6073200387702182,
    "annual_volatility": 0.9719563436611994,
    "annual_return": 3.746358626210469,
    "daily_winning_ratio": 0.49714285714285716,
    "max_drawdown": 0.37420131803432244
  }
}