{
  "benchmark": {
    "alpha": 0.0,
    "beta": 1.0,
    "sharpe_ratio": 0.6261301017158525,
    "sortino_ratio": 0.95038120799307,
    "annual_volatility": 0.9489754865352954,
    "annual_return": 0.20440842628699474,
    "daily_winning_ratio": 0.4913294797687861,
    "max_drawdown": 0.37420131803432244
  },
  "strategy": {
    "alpha": 2.848101321245347,
    "beta": 0.649833237985192,
    "sharpe_ratio": 1.788948007093772,
    "sortino_ratio": 3.1533726678713836,
    "annual_volatility": 0.9705088367804233,
    "annual_return": 2.7487077169174357,
    "daily_winning_ratio": 0.4913294797687861,
    "max_drawdown": 0.37420131803432244
  }
}