{
  "benchmark": {
    "alpha": 0.0,
    "beta": 0.9999999999999998,
    "sharpe_ratio": 0.9089249630049498,
    "sortino_ratio": 1.4067107194239001,
    "annual_volatility": 0.942599040713438,
    "annual_return": 0.5764782817359198,
    "daily_winning_ratio": 0.49411764705882355,
    "max_drawdown": 0.20796426095663556
  },
  "strategy": {
    "alpha": 4.564111647144112,
    "beta": 0.6104552532457992,
    "sharpe_ratio": 2.4224567192054187,
    "sortino_ratio": 4.854675056180699,
    "annual_volatility": 0.9260795671009131,
    "annual_return": 5.526835607442176,
    "daily_winning_ratio": 0.49411764705882355,
    "max_drawdown": 0.20796426095663556
  }
}