{
  "benchmark": {
    "alpha": 0.0,
    "beta": 1.0,
    "sharpe_ratio": 0.663289102031198,
    "sortino_ratio": 0.9987802377246892,
    "annual_volatility": 0.9476885506921132,
    "annual_return": 0.24724004640756858,
    "daily_winning_ratio": 0.5,
    "max_drawdown": 0.37480346569430967
  },
  "strategy": {
    "alpha": 2.6451723736910817,
    "beta": 0.675509970782543,
    "sharpe_ratio": 1.7351124877409128,
    "sortino_ratio": 2.94696217300386,
    "annual_volatility": 0.9914733644207636,
    "annual_return": 2.6049895297014745,
    "daily_winning_ratio": 0.5,
    "max_drawdown": 0.37480346569430967
  }
}