{
  "benchmark": {
    "alpha": 0.0,
    "beta": 0.9999999999999998,
    "sharpe_ratio": 0.8217657491366618,
    "sortino_ratio": 1.2509760052069954,
    "annual_volatility": 0.9436031853630805,
    "annual_return": 0.4504596668130443,
    "daily_winning_ratio": 0.5,
    "max_drawdown": 0.37420131803432244
  },
  "strategy": {
    "alpha": 3.749466289912509,
    "beta": 0.6569097232810727,
    "sharpe_ratio": 2.1315674142171916,
    "sortino_ratio": 3.793479345731756,
    "annual_volatility": 0.9714652782052858,
    "annual_return": 4.224019627778567,
    "daily_winning_ratio": 0.5,
    "max_drawdown": 0.37420131803432244
  }
}