{
  "benchmark": {
    "alpha": 0.0,
    "beta": 1.0,
    "sharpe_ratio": 0.803227394807571,
    "sortino_ratio": 1.217062307138217,
    "annual_volatility": 0.948425653197364,
    "annual_return": 0.423906615626338,
    "daily_winning_ratio": 0.5,
    "max_drawdown": 0.4052119225236678
  },
  "strategy": {
    "alpha": 1.9969040151066197,
    "beta": 0.6593806438854435,
    "sharpe_ratio": 1.6205495858356205,
    "sortino_ratio": 2.7441163639655515,
    "annual_volatility": 0.988275101335287,
    "annual_return": 2.212225771264124,
    "daily_winning_ratio": 0.5,
    "max_drawdown": 0.4052119225236678
  }
}