{
  "timestamp": 1624060800,
  "pps": 2.3958,
  "pnl_rate": 1.3958,
  "last_day_pnl_rate": -0.10890426244141939,
  "last_1m_pnl_rate": 0.023627430036316985,
  "last_3m_pnl_rate": 0.023190262652146066,
  "last_6m_pnl_rate": 1.3958,
  "last_12m_pnl_rate": 1.3958,
  "running_days": 170
}