{
  "timestamp": 1624924800,
  "pps": 1.778,
  "pnl_rate": 0.778,
  "last_day_pnl_rate": -0.007369361322018691,
  "last_1m_pnl_rate": -0.3181469550544562,
  "last_3m_pnl_rate": -0.2561603146048613,
  "last_6m_pnl_rate": 0.778,
  "last_12m_pnl_rate": 0.778,
  "running_days": 180
}