{
  "timestamp": 1624406400,
  "pps": 1.9789,
  "pnl_rate": 0.9789000000000001,
  "last_day_pnl_rate": 0.05783931148767845,
  "last_1m_pnl_rate": -0.17942444849892183,
  "last_3m_pnl_rate": -0.10290584341991935,
  "last_6m_pnl_rate": 0.9789000000000001,
  "last_12m_pnl_rate": 0.9789000000000001,
  "running_days": 174
}