{
  "timestamp": 1624665600,
  "pps": 1.8873,
  "pnl_rate": 0.8873,
  "last_day_pnl_rate": -0.14959671968638763,
  "last_1m_pnl_rate": -0.22711822760964823,
  "last_3m_pnl_rate": -0.1802189210320563,
  "last_6m_pnl_rate": 0.8873,
  "last_12m_pnl_rate": 0.8873,
  "running_days": 177
}