{
  "timestamp": 1624320000,
  "pps": 1.8707,
  "pnl_rate": 0.8707,
  "last_day_pnl_rate": -0.2094408992942568,
  "last_1m_pnl_rate": -0.28322924249971265,
  "last_3m_pnl_rate": -0.16033035594057182,
  "last_6m_pnl_rate": 0.8707,
  "last_12m_pnl_rate": 0.8707,
  "running_days": 173
}