{
  "timestamp": 1623974400,
  "pps": 2.6886,
  "pnl_rate": 1.6886,
  "last_day_pnl_rate": -0.012052619975012838,
  "last_1m_pnl_rate": 0.08617137316688897,
  "last_3m_pnl_rate": 0.14073571216428363,
  "last_6m_pnl_rate": 1.6886,
  "last_12m_pnl_rate": 1.6886,
  "running_days": 169
}