{
  "benchmark": {
    "alpha": 0.0,
    "beta": 1.0,
    "sharpe_ratio": 3.478802093230597,
    "sortino_ratio": 6.099740023417248,
    "annual_volatility": 0.9325707203849217,
    "annual_return": 16.2379867877714,
    "daily_winning_ratio": 0.5604395604395604,
    "max_drawdown": 0.1938118477495553
  },
  "strategy": {
    "alpha": -0.019833436749088662,
    "beta": 0.128678221264184,
    "sharpe_ratio": 2.9416309634652467,
    "sortino_ratio": 5.923147749870013,
    "annual_volatility": 0.13510511997521782,
    "annual_return": 0.5291700412575389,
    "daily_winning_ratio": 0.5604395604395604,
    "max_drawdown": 0.028307382916173962
  }
}