{
  "benchmark": {
    "alpha": 0.0,
    "beta": 0.9999999999999998,
    "sharpe_ratio": 2.422093026668312,
    "sortino_ratio": 4.147056859033915,
    "annual_volatility": 0.8759556422036773,
    "annual_return": 4.930527107982808,
    "daily_winning_ratio": 0.52,
    "max_drawdown": 0.048655343241330695
  },
  "strategy": {
    "alpha": -0.05373596760177757,
    "beta": 0.11732466736697522,
    "sharpe_ratio": 1.6220658208382877,
    "sortino_ratio": 3.077793878665697,
    "annual_volatility": 0.1194106607502779,
    "annual_return": 0.2499500207452141,
    "daily_winning_ratio": 0.52,
    "max_drawdown": 0.048655343241330695
  }
}