{
  "benchmark": {
    "alpha": 0.0,
    "beta": 0.9999999999999999,
    "sharpe_ratio": 2.9213447849664274,
    "sortino_ratio": 4.696224165987106,
    "annual_volatility": 1.0171294941143556,
    "skew": -0.2052953267376299,
    "annual_return": 11.126829742698998,
    "daily_winning_ratio": 0.5277777777777778,
    "max_drawdown": 0.1938118477495553
  },
  "strategy": {
    "alpha": 0.6572552319259801,
    "beta": 0.15719869622335866,
    "sharpe_ratio": 3.607977017179221,
    "sortino_ratio": 12.138230081815744,
    "annual_volatility": 0.26957225243386235,
    "skew": 3.8039085342144827,
    "annual_return": 1.6477504172548953,
    "daily_winning_ratio": 0.5555555555555556,
    "max_drawdown": 0.027903885119564764
  }
}