{
  "benchmark": {
    "alpha": 0.0,
    "beta": 1.0000000000000002,
    "sharpe_ratio": 3.2992439027946965,
    "sortino_ratio": 5.850762958822316,
    "annual_volatility": 1.0351284885949017,
    "skew": 0.44360426100396433,
    "annual_return": 17.595275040545346,
    "daily_winning_ratio": 0.515625,
    "max_drawdown": 0.1938118477495553
  },
  "strategy": {
    "alpha": 0.08487706726183597,
    "beta": 0.12950605753349462,
    "sharpe_ratio": 3.4732930791227004,
    "sortino_ratio": 7.474928722517191,
    "annual_volatility": 0.15079558549882283,
    "skew": 1.4142480644225646,
    "annual_return": 0.7310846425296238,
    "daily_winning_ratio": 0.515625,
    "max_drawdown": 0.02830736178664306
  }
}