{
  "benchmark": {
    "alpha": 0.0,
    "beta": 1.0,
    "sharpe_ratio": 0.8207601597346292,
    "sortino_ratio": 1.2436902633157556,
    "annual_volatility": 0.9509945052645292,
    "annual_return": 0.44730893393248716,
    "daily_winning_ratio": 0.5027932960893855,
    "max_drawdown": 0.10226468506723296
  },
  "strategy": {
    "alpha": -0.06305645599320586,
    "beta": 0.08439554765974239,
    "sharpe_ratio": 0.006173265626591301,
    "sortino_ratio": 0.008972445888316449,
    "annual_volatility": 0.12109091640460214,
    "annual_return": 0.030410871763588698,
    "daily_winning_ratio": 0.5027932960893855,
    "max_drawdown": 0.10226468506723296
  }
}