{
  "benchmark": {
    "alpha": 0.0,
    "beta": 0.9999999999999996,
    "sharpe_ratio": 2.36909874415564,
    "sortino_ratio": 3.672820353278344,
    "annual_volatility": 1.1197893096382145,
    "skew": -0.3361079222630963,
    "kurtosis": -0.08555169628983395,
    "annual_return": 6.994976392808256,
    "daily_winning_ratio": 0.4782608695652174,
    "max_drawdown": 0.18718931091525037
  },
  "strategy": {
    "alpha": 1.7222152413442129,
    "beta": 0.19974908735066538,
    "sharpe_ratio": 4.563432336117894,
    "sortino_ratio": 15.407719561418801,
    "annual_volatility": 0.33587299933428877,
    "skew": 2.9525358029398,
    "kurtosis": 11.284546088796521,
    "annual_return": 3.5447546167606623,
    "daily_winning_ratio": 0.4782608695652174,
    "max_drawdown": 0.027903885119564764
  }
}