{
  "benchmark": {
    "alpha": 0.0,
    "beta": 1.0,
    "sharpe_ratio": 1.89957979237423,
    "sortino_ratio": 2.9268696165706185,
    "annual_volatility": 1.0590302582636326,
    "skew": -0.25398796959513753,
    "kurtosis": 0.15466470214214034,
    "annual_return": 3.4920414505188146,
    "daily_winning_ratio": 0.46153846153846156,
    "max_drawdown": 0.18718931091525037
  },
  "strategy": {
    "alpha": 1.5344873766776108,
    "beta": 0.19950973512381528,
    "sharpe_ratio": 4.210031510653052,
    "sortino_ratio": 14.207337293775948,
    "annual_volatility": 0.3165138783602055,
    "skew": 3.175250288263075,
    "kurtosis": 13.007004411634801,
    "annual_return": 2.7439072333441143,
    "daily_winning_ratio": 0.46153846153846156,
    "max_drawdown": 0.027903885119564764
  }
}