{
  "benchmark": {
    "alpha": 0.0,
    "beta": 1.0000000000000002,
    "sharpe_ratio": 4.42595007323205,
    "sortino_ratio": 8.278664169885717,
    "annual_volatility": 1.1011497114643145,
    "skew": 0.4313035542306919,
    "annual_return": 73.15650738312468,
    "daily_winning_ratio": 0.5581395348837209,
    "max_drawdown": 0.1938118477495553
  },
  "strategy": {
    "alpha": 0.4788619167639432,
    "beta": 0.16126921146634496,
    "sharpe_ratio": 4.4030525173185255,
    "sortino_ratio": 15.29360958023441,
    "annual_volatility": 0.2674166752705141,
    "skew": 3.371099536471396,
    "annual_return": 2.2486131209810485,
    "daily_winning_ratio": 0.5581395348837209,
    "max_drawdown": 0.027903885119564764
  }
}