{
  "benchmark": {
    "alpha": 0.0,
    "beta": 0.9999999999999999,
    "sharpe_ratio": 4.689445524519577,
    "sortino_ratio": 8.856117239503408,
    "annual_volatility": 1.0462158972154099,
    "skew": 0.44173897127789036,
    "annual_return": 79.83121839120017,
    "daily_winning_ratio": 0.5510204081632653,
    "max_drawdown": 0.1938118477495553
  },
  "strategy": {
    "alpha": 0.1623898351726778,
    "beta": 0.13254238378749353,
    "sharpe_ratio": 5.058442756423736,
    "sortino_ratio": 13.077682280766062,
    "annual_volatility": 0.15830660596188686,
    "skew": 1.5275960064932936,
    "annual_return": 1.2800643586277891,
    "daily_winning_ratio": 0.5510204081632653,
    "max_drawdown": 0.024045765186395007
  }
}