{
  "benchmark": {
    "alpha": 0.0,
    "beta": 1.0,
    "sharpe_ratio": 0.8900921441060903,
    "sortino_ratio": 1.377421090719583,
    "annual_volatility": 0.937206620305257,
    "annual_return": 0.5490628962956174,
    "daily_winning_ratio": 0.4941860465116279,
    "max_drawdown": 0.09598372257607934
  },
  "strategy": {
    "alpha": -0.054575147162432724,
    "beta": 0.08789593141305013,
    "sharpe_ratio": 0.1398445301740681,
    "sortino_ratio": 0.20404578694818484,
    "annual_volatility": 0.1230384154950025,
    "annual_return": 0.04726280694063578,
    "daily_winning_ratio": 0.4941860465116279,
    "max_drawdown": 0.09598372257607934
  }
}