{
  "benchmark": {
    "alpha": 0.0,
    "beta": 0.9999999999999997,
    "sharpe_ratio": 4.955478708292762,
    "sortino_ratio": 9.521340240851334,
    "annual_volatility": 1.034921196313908,
    "skew": 0.43539833138090783,
    "annual_return": 100.76856431791963,
    "daily_winning_ratio": 0.5576923076923077,
    "max_drawdown": 0.1938118477495553
  },
  "strategy": {
    "alpha": 0.14422674581727257,
    "beta": 0.13161535392240425,
    "sharpe_ratio": 5.218540725096002,
    "sortino_ratio": 13.597998866586131,
    "annual_volatility": 0.15516736841721965,
    "skew": 1.5251738225646794,
    "annual_return": 1.301603842295894,
    "daily_winning_ratio": 0.5576923076923077,
    "max_drawdown": 0.024045765186395007
  }
}