{
  "benchmark": {
    "alpha": 0.0,
    "beta": 1.0,
    "sharpe_ratio": 2.5278011828454523,
    "sortino_ratio": 4.358842502932894,
    "annual_volatility": 0.8739169117651171,
    "annual_return": 5.482987527775532,
    "daily_winning_ratio": 0.5166666666666667,
    "max_drawdown": 0.048655343241330695
  },
  "strategy": {
    "alpha": -0.057841426209632174,
    "beta": 0.12063048956415291,
    "sharpe_ratio": 1.7024497976791082,
    "sortino_ratio": 3.2420322633568546,
    "annual_volatility": 0.12153461043851638,
    "annual_return": 0.2662511002098382,
    "daily_winning_ratio": 0.5166666666666667,
    "max_drawdown": 0.048655343241330695
  }
}