{
  "benchmark": {
    "alpha": 0.0,
    "beta": 1.0,
    "sharpe_ratio": 3.347613692091868,
    "sortino_ratio": 5.851593161550194,
    "annual_volatility": 0.9165762655407975,
    "annual_return": 13.6830622056638,
    "daily_winning_ratio": 0.5578947368421052,
    "max_drawdown": 0.1938118477495553
  },
  "strategy": {
    "alpha": -0.015188839909171747,
    "beta": 0.12799669529667726,
    "sharpe_ratio": 2.8525819639041865,
    "sortino_ratio": 5.744295247517877,
    "annual_volatility": 0.1323126734605859,
    "annual_return": 0.49947275232024846,
    "daily_winning_ratio": 0.5578947368421052,
    "max_drawdown": 0.028307382916173962
  }
}