{
  "benchmark": {
    "alpha": 0.0,
    "beta": 0.9999999999999998,
    "sharpe_ratio": 3.4525159276552273,
    "sortino_ratio": 6.061439002257287,
    "annual_volatility": 0.8872788730554196,
    "annual_return": 13.981038132979048,
    "daily_winning_ratio": 0.5523809523809524,
    "max_drawdown": 0.1938118477495553
  },
  "strategy": {
    "alpha": -0.04936949622034925,
    "beta": 0.12349451781274841,
    "sharpe_ratio": 2.598528560121025,
    "sortino_ratio": 5.230908977641109,
    "annual_volatility": 0.1261021082084007,
    "annual_return": 0.4278823689579887,
    "daily_winning_ratio": 0.5523809523809524,
    "max_drawdown": 0.028307382916173962
  }
}