{
  "benchmark": {
    "alpha": 0.0,
    "beta": 1.0000000000000002,
    "sharpe_ratio": 1.3655832689393468,
    "sortino_ratio": 2.127196256227912,
    "annual_volatility": 0.9252097866073202,
    "annual_return": 1.402942596804103,
    "daily_winning_ratio": 0.5106382978723404,
    "max_drawdown": 0.051397735314932746
  },
  "strategy": {
    "alpha": 0.04725109579850195,
    "beta": 0.0955088004595165,
    "sharpe_ratio": 1.4572287266781345,
    "sortino_ratio": 2.69626180711596,
    "annual_volatility": 0.1144928960822386,
    "annual_return": 0.2175338511007543,
    "daily_winning_ratio": 0.5106382978723404,
    "max_drawdown": 0.051397735314932746
  }
}