{
  "benchmark": {
    "alpha": 0.0,
    "beta": 0.9999999999999998,
    "sharpe_ratio": 0.9089249630049498,
    "sortino_ratio": 1.4067107194239001,
    "annual_volatility": 0.942599040713438,
    "annual_return": 0.5764782817359198,
    "daily_winning_ratio": 0.49411764705882355,
    "max_drawdown": 0.09474522292993626
  },
  "strategy": {
    "alpha": -0.05326022202633518,
    "beta": 0.08788114507558925,
    "sharpe_ratio": 0.1661931197579887,
    "sortino_ratio": 0.2425375721537162,
    "annual_volatility": 0.12374413017619253,
    "annual_return": 0.05069574587399517,
    "daily_winning_ratio": 0.49411764705882355,
    "max_drawdown": 0.09474522292993626
  }
}