{
  "benchmark": {
    "alpha": 0.0,
    "beta": 1.0,
    "sharpe_ratio": 3.0969377098568813,
    "sortino_ratio": 5.407898024833,
    "annual_volatility": 1.0333472604824194,
    "skew": 0.4474717698665998,
    "annual_return": 14.05271969468798,
    "daily_winning_ratio": 0.5166666666666667,
    "max_drawdown": 0.1938118477495553
  },
  "strategy": {
    "alpha": 0.10428790089793383,
    "beta": 0.1335245701862236,
    "sharpe_ratio": 3.4090068795471,
    "sortino_ratio": 7.329035973263644,
    "annual_volatility": 0.15445000228458555,
    "skew": 1.4022369072118446,
    "annual_return": 0.7349486746408453,
    "daily_winning_ratio": 0.5166666666666667,
    "max_drawdown": 0.02830736178664306
  }
}