{
  "benchmark": {
    "alpha": 0.0,
    "beta": 1.0,
    "sharpe_ratio": 3.8343401191001747,
    "sortino_ratio": 6.794756694298905,
    "annual_volatility": 1.052524163365424,
    "skew": 0.35642877573855936,
    "annual_return": 32.82062482385739,
    "daily_winning_ratio": 0.5535714285714286,
    "max_drawdown": 0.1938118477495553
  },
  "strategy": {
    "alpha": 0.10894774576615385,
    "beta": 0.13322964751137173,
    "sharpe_ratio": 4.069562447677993,
    "sortino_ratio": 8.991457140210182,
    "annual_volatility": 0.1575368071370087,
    "skew": 1.3321039420758976,
    "annual_return": 0.9443324605940409,
    "daily_winning_ratio": 0.5535714285714286,
    "max_drawdown": 0.023960095844010487
  }
}