{
  "benchmark": {
    "alpha": 0.0,
    "beta": 1.0,
    "sharpe_ratio": 2.1992590479303797,
    "sortino_ratio": 3.1287769761809936,
    "annual_volatility": 0.8279763032256713,
    "skew": -2.2518361546494168,
    "kurtosis": 37.61481900631697,
    "annual_return": 3.36652316637018,
    "daily_winning_ratio": 0.5795148247978437,
    "max_drawdown": 0.5072125107848322
  },
  "strategy": {
    "alpha": 1.5541402827288096,
    "beta": 0.07720720029297898,
    "sharpe_ratio": 4.948429433477005,
    "sortino_ratio": 29.478189637771486,
    "annual_volatility": 0.21815214499711913,
    "skew": 4.284786688212725,
    "kurtosis": 24.11032284410733,
    "annual_return": 1.9785773501608643,
    "daily_winning_ratio": 0.5606469002695418,
    "max_drawdown": 0.016880958939947455
  }
}