{
  "benchmark": {
    "alpha": 0.0,
    "beta": 1.0,
    "sharpe_ratio": 2.422688926312482,
    "sortino_ratio": 3.4799645202693155,
    "annual_volatility": 0.8326222328071298,
    "skew": -2.203259585287167,
    "kurtosis": 36.54856108839042,
    "annual_return": 4.290771362993226,
    "daily_winning_ratio": 0.5828877005347594,
    "max_drawdown": 0.5072125107848322
  },
  "strategy": {
    "alpha": 1.9790488671418673,
    "beta": 0.09565805239353639,
    "sharpe_ratio": 5.176851121325288,
    "sortino_ratio": 35.26392200685844,
    "annual_volatility": 0.2484518020786633,
    "skew": 4.041287496366241,
    "kurtosis": 19.36984284721682,
    "annual_return": 2.63553151444641,
    "daily_winning_ratio": 0.5641711229946524,
    "max_drawdown": 0.016880958939947455
  }
}