{
  "benchmark": {
    "alpha": 0.0,
    "beta": 1.0,
    "sharpe_ratio": 4.973080378246479,
    "sortino_ratio": 9.382318938009409,
    "annual_volatility": 1.0084889812995796,
    "skew": 0.05467939876873057,
    "kurtosis": -1.001612360882374,
    "annual_return": 93.45126386087993,
    "daily_winning_ratio": 0.5263157894736842,
    "max_drawdown": 0.12699039212932106
  },
  "strategy": {
    "alpha": 1.1134431638149969,
    "beta": 0.2534535261702301,
    "sharpe_ratio": 5.5624637059165565,
    "sortino_ratio": 20.153431648378138,
    "annual_volatility": 0.3631899148194924,
    "skew": 2.70459397355141,
    "kurtosis": 9.419376617640555,
    "annual_return": 6.3225630094343925,
    "daily_winning_ratio": 0.5263157894736842,
    "max_drawdown": 0.02641251672584799
  }
}