{
  "benchmark": {
    "alpha": 0.0,
    "beta": 1.0000000000000002,
    "sharpe_ratio": 1.4320936773165067,
    "sortino_ratio": 2.1590166000592688,
    "annual_volatility": 1.1134146335397244,
    "skew": -0.2641188212922716,
    "kurtosis": 0.005252629135633846,
    "annual_return": 1.8089121821953191,
    "daily_winning_ratio": 0.45454545454545453,
    "max_drawdown": 0.18718931091525037
  },
  "strategy": {
    "alpha": 2.298306796902,
    "beta": 0.21167202958429376,
    "sharpe_ratio": 4.458926904856615,
    "sortino_ratio": 15.070449836721242,
    "annual_volatility": 0.34377697288289544,
    "skew": 2.8971226656031512,
    "kurtosis": 10.77488157611915,
    "annual_return": 3.534690752538662,
    "daily_winning_ratio": 0.45454545454545453,
    "max_drawdown": 0.027903885119564764
  }
}