{
  "benchmark": {
    "alpha": 0.0,
    "beta": 1.0,
    "sharpe_ratio": 6.7059141110495935,
    "sortino_ratio": 13.703449633444501,
    "annual_volatility": 1.0774393014060517,
    "skew": -0.0947637634286469,
    "kurtosis": -1.204863216295589,
    "annual_return": 786.9085962123307,
    "daily_winning_ratio": 0.5714285714285714,
    "max_drawdown": 0.12699039212932106
  },
  "strategy": {
    "alpha": 10.564857793189265,
    "beta": 0.34432217595545495,
    "sharpe_ratio": 8.229681276768652,
    "sortino_ratio": 35.99967667828413,
    "annual_volatility": 0.6007523375824579,
    "skew": 1.6148386321804484,
    "kurtosis": 2.383660337214824,
    "annual_return": 119.07567820618705,
    "daily_winning_ratio": 0.5714285714285714,
    "max_drawdown": 0.036973074536954975
  }
}