{
  "benchmark": {
    "alpha": 0.0,
    "beta": 0.9999999999999998,
    "sharpe_ratio": 2.757429168746134,
    "sortino_ratio": 4.8045569524271565,
    "annual_volatility": 0.8757931974975809,
    "annual_return": 6.943378921365667,
    "daily_winning_ratio": 0.5245901639344263,
    "max_drawdown": 0.048655343241330695
  },
  "strategy": {
    "alpha": -0.0722952482650211,
    "beta": 0.1187643091571373,
    "sharpe_ratio": 1.7561445993852598,
    "sortino_ratio": 3.3458442904965686,
    "annual_volatility": 0.12059050829084662,
    "annual_return": 0.27256757143398436,
    "daily_winning_ratio": 0.5245901639344263,
    "max_drawdown": 0.048655343241330695
  }
}