{
  "benchmark": {
    "alpha": 0.0,
    "beta": 1.0,
    "sharpe_ratio": 0.9090383882632802,
    "sortino_ratio": 1.4014967391578903,
    "annual_volatility": 0.9398712602262707,
    "annual_return": 0.5764574435057359,
    "daily_winning_ratio": 0.5,
    "max_drawdown": 0.051397735314932746
  },
  "strategy": {
    "alpha": 0.08373734177130232,
    "beta": 0.0810031046439195,
    "sharpe_ratio": 1.385893369386023,
    "sortino_ratio": 2.5431554753010293,
    "annual_volatility": 0.10796774662562372,
    "annual_return": 0.19761744732068687,
    "daily_winning_ratio": 0.5,
    "max_drawdown": 0.051397735314932746
  }
}