{
  "benchmark": {
    "alpha": 0.0,
    "beta": 0.9999999999999998,
    "sharpe_ratio": 3.310993281971148,
    "sortino_ratio": 5.797013226927939,
    "annual_volatility": 0.8816645536654536,
    "annual_return": 12.04566056950044,
    "daily_winning_ratio": 0.5514018691588785,
    "max_drawdown": 0.1938118477495553
  },
  "strategy": {
    "alpha": -0.05419777858450325,
    "beta": 0.1237353737031993,
    "sharpe_ratio": 2.4356950637803623,
    "sortino_ratio": 4.864053842439089,
    "annual_volatility": 0.12542167355353026,
    "annual_return": 0.3966896203146375,
    "daily_winning_ratio": 0.5514018691588785,
    "max_drawdown": 0.028307382916173962
  }
}