{
  "benchmark": {
    "alpha": 0.0,
    "beta": 1.0,
    "sharpe_ratio": 3.283120931122531,
    "sortino_ratio": 5.7374732708850615,
    "annual_volatility": 0.921216037830853,
    "annual_return": 13.000854607639509,
    "daily_winning_ratio": 0.5531914893617021,
    "max_drawdown": 0.1938118477495553
  },
  "strategy": {
    "alpha": -0.0076792045046402135,
    "beta": 0.1281044563164348,
    "sharpe_ratio": 2.854814617492224,
    "sortino_ratio": 5.748889299005878,
    "annual_volatility": 0.13301687260059242,
    "annual_return": 0.5027940259469952,
    "daily_winning_ratio": 0.5531914893617021,
    "max_drawdown": 0.028307382916173962
  }
}