{
  "benchmark": {
    "alpha": 0.0,
    "beta": 1.0,
    "sharpe_ratio": 3.322884140615196,
    "sortino_ratio": 5.891969480067067,
    "annual_volatility": 1.0270102525922082,
    "skew": 0.4472837779243313,
    "annual_return": 17.696007938021665,
    "daily_winning_ratio": 0.5230769230769231,
    "max_drawdown": 0.1938118477495553
  },
  "strategy": {
    "alpha": 0.07920592408513283,
    "beta": 0.12950827175580296,
    "sharpe_ratio": 3.4631675002623945,
    "sortino_ratio": 7.453143525235842,
    "annual_volatility": 0.1496312482791551,
    "skew": 1.4301823449311226,
    "annual_return": 0.7217913218076479,
    "daily_winning_ratio": 0.5230769230769231,
    "max_drawdown": 0.02830736178664306
  }
}