{
  "benchmark": {
    "alpha": 0.0,
    "beta": 0.9999999999999997,
    "sharpe_ratio": 3.33197787624321,
    "sortino_ratio": 5.831491333144702,
    "annual_volatility": 0.9519877785539815,
    "annual_return": 14.77009861936902,
    "daily_winning_ratio": 0.5517241379310345,
    "max_drawdown": 0.1938118477495553
  },
  "strategy": {
    "alpha": -0.004431076183567195,
    "beta": 0.12904745331918313,
    "sharpe_ratio": 2.9306592057182312,
    "sortino_ratio": 5.900435372355217,
    "annual_volatility": 0.138159330058438,
    "annual_return": 0.5399969852036963,
    "daily_winning_ratio": 0.5517241379310345,
    "max_drawdown": 0.028307382916173962
  }
}