{
  "benchmark": {
    "alpha": 0.0,
    "beta": 1.0,
    "sharpe_ratio": 0.9618936262478536,
    "sortino_ratio": 1.4773750427100765,
    "annual_volatility": 0.9406725327508823,
    "annual_return": 0.6561343950734406,
    "daily_winning_ratio": 0.5033112582781457,
    "max_drawdown": 0.051397735314932746
  },
  "strategy": {
    "alpha": 0.09824891285401405,
    "beta": 0.08279148896363409,
    "sharpe_ratio": 1.5153764754169134,
    "sortino_ratio": 2.7951642219815533,
    "annual_volatility": 0.11128654596711346,
    "annual_return": 0.2201554656822895,
    "daily_winning_ratio": 0.5033112582781457,
    "max_drawdown": 0.051397735314932746
  }
}