{
  "benchmark": {
    "alpha": 0.0,
    "beta": 0.9999999999999998,
    "sharpe_ratio": 1.0970540971897023,
    "sortino_ratio": 1.6825711315680374,
    "annual_volatility": 0.9142011709656815,
    "annual_return": 0.8705168316362171,
    "daily_winning_ratio": 0.5071428571428571,
    "max_drawdown": 0.051397735314932746
  },
  "strategy": {
    "alpha": 0.07971719078733241,
    "beta": 0.09972512887178266,
    "sharpe_ratio": 1.5402351285887756,
    "sortino_ratio": 2.856563465795531,
    "annual_volatility": 0.11473854891231437,
    "annual_return": 0.22958474578751353,
    "daily_winning_ratio": 0.5071428571428571,
    "max_drawdown": 0.051397735314932746
  }
}