{
  "benchmark": {
    "alpha": 0.0,
    "beta": 1.0,
    "sharpe_ratio": 3.7435987884035318,
    "sortino_ratio": 6.623909405686141,
    "annual_volatility": 0.964330323717327,
    "annual_return": 23.08789179305782,
    "daily_winning_ratio": 0.5625,
    "max_drawdown": 0.1938118477495553
  },
  "strategy": {
    "alpha": -0.0014196241604267357,
    "beta": 0.13161251359596168,
    "sharpe_ratio": 3.324762637434735,
    "sortino_ratio": 6.7817314393716135,
    "annual_volatility": 0.14247910602057426,
    "annual_return": 0.6485903529348109,
    "daily_winning_ratio": 0.5625,
    "max_drawdown": 0.02830736178664306
  }
}