{
  "benchmark": {
    "alpha": 0.0,
    "beta": 1.0,
    "sharpe_ratio": 1.1257508843773003,
    "sortino_ratio": 1.7556685936482017,
    "annual_volatility": 0.9478479981914841,
    "annual_return": 0.935552151584321,
    "daily_winning_ratio": 0.503030303030303,
    "max_drawdown": 0.051397735314932746
  },
  "strategy": {
    "alpha": 0.08198164598449043,
    "beta": 0.08080720727817334,
    "sharpe_ratio": 1.5261279233317382,
    "sortino_ratio": 2.8133574106074226,
    "annual_volatility": 0.10813464649463263,
    "annual_return": 0.21616610390469781,
    "daily_winning_ratio": 0.503030303030303,
    "max_drawdown": 0.051397735314932746
  }
}