{
  "benchmark": {
    "alpha": 0.0,
    "beta": 1.0,
    "sharpe_ratio": 1.0525732333185964,
    "sortino_ratio": 1.6383105388702734,
    "annual_volatility": 0.9409617252881335,
    "annual_return": 0.8044492233269449,
    "daily_winning_ratio": 0.4970414201183432,
    "max_drawdown": 0.06342887473460734
  },
  "strategy": {
    "alpha": 0.010393035137367557,
    "beta": 0.08357981981159883,
    "sharpe_ratio": 0.8186868981675666,
    "sortino_ratio": 1.3436227432970251,
    "annual_volatility": 0.1137426292322702,
    "annual_return": 0.13110684049985188,
    "daily_winning_ratio": 0.4970414201183432,
    "max_drawdown": 0.06342887473460734
  }
}