{
  "benchmark": {
    "alpha": 0.0,
    "beta": 1.0000000000000004,
    "sharpe_ratio": 2.652820528710449,
    "sortino_ratio": 4.5819385581669065,
    "annual_volatility": 0.8795056266054067,
    "annual_return": 6.299795227566253,
    "daily_winning_ratio": 0.5254237288135594,
    "max_drawdown": 0.048655343241330695
  },
  "strategy": {
    "alpha": -0.06510728766860219,
    "beta": 0.12089404186300193,
    "sharpe_ratio": 1.7527256467751127,
    "sortino_ratio": 3.3384153144896414,
    "annual_volatility": 0.12252295637130996,
    "annual_return": 0.2760640074306142,
    "daily_winning_ratio": 0.5254237288135594,
    "max_drawdown": 0.048655343241330695
  }
}