{
  "benchmark": {
    "alpha": 0.0,
    "beta": 1.0,
    "sharpe_ratio": 1.9767543591573369,
    "sortino_ratio": 3.0437035905632444,
    "annual_volatility": 1.0385250506155042,
    "skew": -0.2648958594977674,
    "kurtosis": 0.28104925647610557,
    "annual_return": 3.774162347025645,
    "daily_winning_ratio": 0.48148148148148145,
    "max_drawdown": 0.18718931091525037
  },
  "strategy": {
    "alpha": 1.4023210784863718,
    "beta": 0.19935715215948233,
    "sharpe_ratio": 4.1425621266412325,
    "sortino_ratio": 13.980546806201337,
    "annual_volatility": 0.3106170796519472,
    "skew": 3.245011997016268,
    "kurtosis": 13.584606578023802,
    "annual_return": 2.582845362931586,
    "daily_winning_ratio": 0.48148148148148145,
    "max_drawdown": 0.027903885119564764
  }
}