{
  "benchmark": {
    "alpha": 0.0,
    "beta": 0.9999999999999999,
    "sharpe_ratio": 2.6307599251482094,
    "sortino_ratio": 4.285396989231383,
    "annual_volatility": 0.8418486984212084,
    "annual_return": 5.661224200385167,
    "daily_winning_ratio": 0.5603112840466926,
    "max_drawdown": 0.051397735314932746
  },
  "strategy": {
    "alpha": 0.1885465094553409,
    "beta": -0.0039283723715366385,
    "sharpe_ratio": 1.45275881242087,
    "sortino_ratio": 2.660164355521715,
    "annual_volatility": 0.10796907250858574,
    "annual_return": 0.20629084841729095,
    "daily_winning_ratio": 0.6167664670658682,
    "max_drawdown": 0.051397735314932746
  }
}