{
  "benchmark": {
    "alpha": 0.0,
    "beta": 0.9999999999999997,
    "sharpe_ratio": 1.0293354685360419,
    "sortino_ratio": 1.5929027075099929,
    "annual_volatility": 0.9397067995567835,
    "annual_return": 0.764847267864579,
    "daily_winning_ratio": 0.5030674846625767,
    "max_drawdown": 0.051397735314932746
  },
  "strategy": {
    "alpha": 0.08399670098936407,
    "beta": 0.08099000354637,
    "sharpe_ratio": 1.470659110590319,
    "sortino_ratio": 2.7066102253595012,
    "annual_volatility": 0.10811700531858964,
    "annual_return": 0.2088689716548422,
    "daily_winning_ratio": 0.5030674846625767,
    "max_drawdown": 0.051397735314932746
  }
}