{
  "benchmark": {
    "alpha": 0.0,
    "beta": 1.0,
    "sharpe_ratio": 4.358448616688667,
    "sortino_ratio": 8.164863885608412,
    "annual_volatility": 1.0685987736967342,
    "skew": 0.4698227194937372,
    "annual_return": 60.87575252549626,
    "daily_winning_ratio": 0.5434782608695652,
    "max_drawdown": 0.1938118477495553
  },
  "strategy": {
    "alpha": 0.4425907726761511,
    "beta": 0.16203469907032775,
    "sharpe_ratio": 4.320110525700364,
    "sortino_ratio": 14.933728080445205,
    "annual_volatility": 0.2595513177145457,
    "skew": 3.462956709040528,
    "annual_return": 2.0775865825241677,
    "daily_winning_ratio": 0.5434782608695652,
    "max_drawdown": 0.027903885119564764
  }
}