{
  "benchmark": {
    "alpha": 0.0,
    "beta": 1.0000000000000002,
    "sharpe_ratio": 1.936585313281962,
    "sortino_ratio": 3.0305902256666726,
    "annual_volatility": 1.0459559151620963,
    "skew": -0.11779186147348925,
    "kurtosis": 0.04064182831378549,
    "annual_return": 3.608797447544972,
    "daily_winning_ratio": 0.5,
    "max_drawdown": 0.1938118477495553
  },
  "strategy": {
    "alpha": 1.1019518652904914,
    "beta": 0.17020186771064885,
    "sharpe_ratio": 3.807690868277232,
    "sortino_ratio": 12.806224052091634,
    "annual_volatility": 0.28583749826116195,
    "skew": 3.5620206759525153,
    "kurtosis": 16.38110905766441,
    "annual_return": 1.9596105425032992,
    "daily_winning_ratio": 0.5,
    "max_drawdown": 0.027903885119564764
  }
}