{
  "benchmark": {
    "alpha": 0.0,
    "beta": 1.0,
    "sharpe_ratio": 1.1855423458727554,
    "sortino_ratio": 1.8297196872118544,
    "annual_volatility": 0.9337216008711581,
    "annual_return": 1.039049820321162,
    "daily_winning_ratio": 0.5096774193548387,
    "max_drawdown": 0.051397735314932746
  },
  "strategy": {
    "alpha": 0.08595721828079728,
    "beta": 0.08225955487880761,
    "sharpe_ratio": 1.579006085376064,
    "sortino_ratio": 2.9135042350723603,
    "annual_volatility": 0.10989806531873741,
    "annual_return": 0.22631596996306302,
    "daily_winning_ratio": 0.5096774193548387,
    "max_drawdown": 0.051397735314932746
  }
}