{
  "benchmark": {
    "alpha": 0.0,
    "beta": 1.0000000000000002,
    "sharpe_ratio": 2.645978151493238,
    "sortino_ratio": 4.577451752572362,
    "annual_volatility": 0.8704652024064832,
    "annual_return": 6.1374322906951635,
    "daily_winning_ratio": 0.5230769230769231,
    "max_drawdown": 0.048655343241330695
  },
  "strategy": {
    "alpha": -0.06437074220654182,
    "beta": 0.1156866318375601,
    "sharpe_ratio": 1.7036929136192134,
    "sortino_ratio": 3.236386926648945,
    "annual_volatility": 0.11734698846263916,
    "annual_return": 0.258057671736474,
    "daily_winning_ratio": 0.5230769230769231,
    "max_drawdown": 0.048655343241330695
  }
}