{
  "benchmark": {
    "alpha": 0.0,
    "beta": 1.0,
    "sharpe_ratio": 2.620136565775489,
    "sortino_ratio": 4.530031332168233,
    "annual_volatility": 0.8760166995704385,
    "annual_return": 6.048500505212161,
    "daily_winning_ratio": 0.5234375,
    "max_drawdown": 0.048655343241330695
  },
  "strategy": {
    "alpha": -0.06283714250078842,
    "beta": 0.11583560186432278,
    "sharpe_ratio": 1.699990129372622,
    "sortino_ratio": 3.2294446519133158,
    "annual_volatility": 0.1182260377961812,
    "annual_return": 0.2592636200499687,
    "daily_winning_ratio": 0.5234375,
    "max_drawdown": 0.048655343241330695
  }
}