{
  "benchmark": {
    "alpha": 0.0,
    "beta": 0.9999999999999997,
    "sharpe_ratio": 1.2288577832549776,
    "sortino_ratio": 1.9077816773880003,
    "annual_volatility": 0.9426104871801642,
    "annual_return": 1.1296878933275205,
    "daily_winning_ratio": 0.5102040816326531,
    "max_drawdown": 0.051397735314932746
  },
  "strategy": {
    "alpha": 0.065114123102199,
    "beta": 0.08523392214048246,
    "sharpe_ratio": 1.4369912040292117,
    "sortino_ratio": 2.6484704743124987,
    "annual_volatility": 0.11260804669904165,
    "annual_return": 0.21168650923994048,
    "daily_winning_ratio": 0.5102040816326531,
    "max_drawdown": 0.051397735314932746
  }
}