{
  "benchmark": {
    "alpha": 0.0,
    "beta": 1.0,
    "sharpe_ratio": 3.204077136493164,
    "sortino_ratio": 5.602293812296213,
    "annual_volatility": 0.8792835651165228,
    "annual_return": 10.814339315173669,
    "daily_winning_ratio": 0.5462962962962963,
    "max_drawdown": 0.1938118477495553
  },
  "strategy": {
    "alpha": -0.05779085685257379,
    "beta": 0.12386908631794703,
    "sharpe_ratio": 2.313052933739686,
    "sortino_ratio": 4.599921280477407,
    "annual_volatility": 0.12513863062400535,
    "annual_return": 0.37453657495436055,
    "daily_winning_ratio": 0.5462962962962963,
    "max_drawdown": 0.028307382916173962
  }
}