{
  "benchmark": {
    "alpha": 0.0,
    "beta": 1.0,
    "sharpe_ratio": 3.4058720005187553,
    "sortino_ratio": 5.954430922773658,
    "annual_volatility": 0.9119435251400753,
    "annual_return": 14.302773468558472,
    "daily_winning_ratio": 0.5625,
    "max_drawdown": 0.1938118477495553
  },
  "strategy": {
    "alpha": -0.022197800521975175,
    "beta": 0.12790846082541066,
    "sharpe_ratio": 2.8478066136622666,
    "sortino_ratio": 5.734655826774486,
    "annual_volatility": 0.13162120816447223,
    "annual_return": 0.49571451769893593,
    "daily_winning_ratio": 0.5625,
    "max_drawdown": 0.028307382916173962
  }
}