{
  "benchmark": {
    "alpha": 0.0,
    "beta": 1.0000000000000002,
    "sharpe_ratio": 3.223292799969335,
    "sortino_ratio": 5.1990991006979685,
    "annual_volatility": 1.0066742768887247,
    "skew": -0.24636564798651012,
    "annual_return": 15.062098027604417,
    "daily_winning_ratio": 0.5405405405405406,
    "max_drawdown": 0.1938118477495553
  },
  "strategy": {
    "alpha": 0.5482848850971096,
    "beta": 0.1551546676570162,
    "sharpe_ratio": 3.5371337744355693,
    "sortino_ratio": 11.901017669592312,
    "annual_volatility": 0.2659940290606588,
    "skew": 3.86285442062811,
    "annual_return": 1.5674471924008486,
    "daily_winning_ratio": 0.5405405405405406,
    "max_drawdown": 0.027903885119564764
  }
}