{
  "benchmark": {
    "alpha": 0.0,
    "beta": 0.9999999999999998,
    "sharpe_ratio": 3.32654013257935,
    "sortino_ratio": 5.802651951894836,
    "annual_volatility": 0.9641767893037582,
    "annual_return": 15.154693572665042,
    "daily_winning_ratio": 0.5487804878048781,
    "max_drawdown": 0.1938118477495553
  },
  "strategy": {
    "alpha": 0.003257073067316929,
    "beta": 0.13108611331057154,
    "sharpe_ratio": 2.989178742269988,
    "sortino_ratio": 6.02791447069411,
    "annual_volatility": 0.14174255324677615,
    "annual_return": 0.5684211678375966,
    "daily_winning_ratio": 0.5487804878048781,
    "max_drawdown": 0.02830736178664306
  }
}