{
  "benchmark": {
    "alpha": 0.0,
    "beta": 1.0,
    "sharpe_ratio": 2.5321608564077995,
    "sortino_ratio": 4.358612787264869,
    "annual_volatility": 0.8675107143220265,
    "annual_return": 5.435115651035624,
    "daily_winning_ratio": 0.5227272727272727,
    "max_drawdown": 0.048655343241330695
  },
  "strategy": {
    "alpha": -0.060225933984724755,
    "beta": 0.11533991198531135,
    "sharpe_ratio": 1.6402000863222614,
    "sortino_ratio": 3.109159181166461,
    "annual_volatility": 0.11660406128798297,
    "annual_return": 0.24731079164335013,
    "daily_winning_ratio": 0.5227272727272727,
    "max_drawdown": 0.048655343241330695
  }
}