{
  "benchmark": {
    "alpha": 0.0,
    "beta": 1.0000000000000002,
    "sharpe_ratio": 4.200342193464046,
    "sortino_ratio": 7.867714076425064,
    "annual_volatility": 1.0595280521056412,
    "skew": 0.5005875649736183,
    "annual_return": 49.87805206251111,
    "daily_winning_ratio": 0.5319148936170213,
    "max_drawdown": 0.1938118477495553
  },
  "strategy": {
    "alpha": 0.41096608981110094,
    "beta": 0.16251127826244982,
    "sharpe_ratio": 4.147360878646756,
    "sortino_ratio": 14.22711169741553,
    "annual_volatility": 0.25743456860880803,
    "skew": 3.4996799218795984,
    "annual_return": 1.9188538427842605,
    "daily_winning_ratio": 0.5319148936170213,
    "max_drawdown": 0.027903885119564764
  }
}