{
  "benchmark": {
    "alpha": 0.0,
    "beta": 1.0,
    "sharpe_ratio": 4.373465542344196,
    "sortino_ratio": 8.139128092898892,
    "annual_volatility": 1.1187062404016832,
    "skew": 0.431386619292018,
    "annual_return": 73.26614185382383,
    "daily_winning_ratio": 0.55,
    "max_drawdown": 0.1938118477495553
  },
  "strategy": {
    "alpha": 0.5222829724858278,
    "beta": 0.15888499344486293,
    "sharpe_ratio": 4.389543615030082,
    "sortino_ratio": 15.708452176751752,
    "annual_volatility": 0.2728797461846761,
    "skew": 3.4141508477992457,
    "annual_return": 2.310944947384316,
    "daily_winning_ratio": 0.55,
    "max_drawdown": 0.027903885119564764
  }
}