{
  "benchmark": {
    "alpha": 0.0,
    "beta": 0.9999999999999999,
    "sharpe_ratio": 4.689445524519577,
    "sortino_ratio": 8.856117239503408,
    "annual_volatility": 1.0462158972154099,
    "skew": 0.44173897127789036,
    "annual_return": 79.83121839120017,
    "daily_winning_ratio": 0.5510204081632653,
    "max_drawdown": 0.1938118477495553
  },
  "strategy": {
    "alpha": 1.0582357084318046,
    "beta": 0.18358801380869372,
    "sharpe_ratio": 5.09695631144354,
    "sortino_ratio": 22.086150756166646,
    "annual_volatility": 0.31847984979790384,
    "skew": 3.1842796215089777,
    "annual_return": 3.9946388009885325,
    "daily_winning_ratio": 0.5510204081632653,
    "max_drawdown": 0.027903885119564764
  }
}