{
  "benchmark": {
    "alpha": 0.0,
    "beta": 1.0,
    "sharpe_ratio": 1.073818285012747,
    "sortino_ratio": 1.604982569225606,
    "annual_volatility": 1.050791011890235,
    "skew": -0.18218126668259996,
    "kurtosis": 0.04343725159433243,
    "annual_return": 0.8747710693731874,
    "daily_winning_ratio": 0.4642857142857143,
    "max_drawdown": 0.1938118477495553
  },
  "strategy": {
    "alpha": 1.6913959748355047,
    "beta": 0.19253443701295664,
    "sharpe_ratio": 3.9553077604835503,
    "sortino_ratio": 13.308569174457256,
    "annual_volatility": 0.30557720172583486,
    "skew": 3.3137793151295076,
    "kurtosis": 14.13255890545916,
    "annual_return": 2.3191342173023237,
    "daily_winning_ratio": 0.4642857142857143,
    "max_drawdown": 0.027903885119564764
  }
}