{
  "benchmark": {
    "alpha": 0.0,
    "beta": 0.9999999999999998,
    "sharpe_ratio": 3.2978750796758907,
    "sortino_ratio": 5.750725841827794,
    "annual_volatility": 0.8892301732122546,
    "annual_return": 12.136079691466632,
    "daily_winning_ratio": 0.5533980582524272,
    "max_drawdown": 0.1938118477495553
  },
  "strategy": {
    "alpha": -0.023770020338456654,
    "beta": 0.1257267165672763,
    "sharpe_ratio": 2.7101722621581703,
    "sortino_ratio": 5.460025140084495,
    "annual_volatility": 0.12716760219723108,
    "annual_return": 0.4520996557376642,
    "daily_winning_ratio": 0.5533980582524272,
    "max_drawdown": 0.028307382916173962
  }
}