{
  "benchmark": {
    "alpha": 0.0,
    "beta": 1.0,
    "sharpe_ratio": 1.0811476193656626,
    "sortino_ratio": 1.6648490120393917,
    "annual_volatility": 0.9346419310930054,
    "annual_return": 0.8504297009742054,
    "daily_winning_ratio": 0.5064935064935064,
    "max_drawdown": 0.051397735314932746
  },
  "strategy": {
    "alpha": 0.08994946299581885,
    "beta": 0.08244150525322781,
    "sharpe_ratio": 1.5372966373677823,
    "sortino_ratio": 2.835772653588285,
    "annual_volatility": 0.11022431756367636,
    "annual_return": 0.22127998304358565,
    "daily_winning_ratio": 0.5064935064935064,
    "max_drawdown": 0.051397735314932746
  }
}