{
  "benchmark": {
    "alpha": 0.0,
    "beta": 1.0,
    "sharpe_ratio": 1.1269706063326252,
    "sortino_ratio": 1.7325744685897857,
    "annual_volatility": 0.928720447255568,
    "annual_return": 0.9285462021504078,
    "daily_winning_ratio": 0.5104895104895105,
    "max_drawdown": 0.051397735314932746
  },
  "strategy": {
    "alpha": 0.07806704728542968,
    "beta": 0.09277345410963943,
    "sharpe_ratio": 1.514284912146202,
    "sortino_ratio": 2.8037694316113257,
    "annual_volatility": 0.11376846852371082,
    "annual_return": 0.2242649664848404,
    "daily_winning_ratio": 0.5104895104895105,
    "max_drawdown": 0.051397735314932746
  }
}