{
  "benchmark": {
    "alpha": 0.0,
    "beta": 0.9999999999999997,
    "sharpe_ratio": 3.417873009394138,
    "sortino_ratio": 5.517769374469476,
    "annual_volatility": 0.9942081510688424,
    "skew": -0.27319480980988425,
    "annual_return": 17.91733778881607,
    "daily_winning_ratio": 0.5526315789473685,
    "max_drawdown": 0.1938118477495553
  },
  "strategy": {
    "alpha": 0.5334231482123732,
    "beta": 0.1549897280275093,
    "sharpe_ratio": 3.6371138344237637,
    "sortino_ratio": 12.234641298786453,
    "annual_volatility": 0.26241139133111446,
    "skew": 3.9000898348022983,
    "annual_return": 1.6046597460466292,
    "daily_winning_ratio": 0.5526315789473685,
    "max_drawdown": 0.027903885119564764
  }
}