{
  "benchmark": {
    "alpha": 0.0,
    "beta": 1.0,
    "sharpe_ratio": 2.4699228832710682,
    "sortino_ratio": 4.196263763851032,
    "annual_volatility": 0.8757745662298069,
    "annual_return": 5.1812515901002305,
    "daily_winning_ratio": 0.5263157894736842,
    "max_drawdown": 0.046355272469922104
  },
  "strategy": {
    "alpha": -0.05501287001031674,
    "beta": 0.12400598862903016,
    "sharpe_ratio": 1.70260565245627,
    "sortino_ratio": 3.238235928276645,
    "annual_volatility": 0.12431371194601094,
    "annual_return": 0.27185400126850356,
    "daily_winning_ratio": 0.5263157894736842,
    "max_drawdown": 0.046355272469922104
  }
}