{
  "benchmark": {
    "alpha": 0.0,
    "beta": 1.0,
    "sharpe_ratio": 1.184341040939219,
    "sortino_ratio": 1.8496751225201287,
    "annual_volatility": 0.9437327663852104,
    "annual_return": 1.0435981522113655,
    "daily_winning_ratio": 0.5029940119760479,
    "max_drawdown": 0.051397735314932746
  },
  "strategy": {
    "alpha": 0.0686170738753169,
    "beta": 0.0809533081102443,
    "sharpe_ratio": 1.45275881242087,
    "sortino_ratio": 2.660164355521715,
    "annual_volatility": 0.10796907250858574,
    "annual_return": 0.20629084841729095,
    "daily_winning_ratio": 0.5029940119760479,
    "max_drawdown": 0.051397735314932746
  }
}