{
  "benchmark": {
    "alpha": 0.0,
    "beta": 1.0,
    "sharpe_ratio": 4.663569155320775,
    "sortino_ratio": 8.804705149353346,
    "annual_volatility": 1.036867800223329,
    "skew": 0.08396571801245692,
    "kurtosis": -1.1235707112767859,
    "annual_return": 76.12733323643067,
    "daily_winning_ratio": 0.5,
    "max_drawdown": 0.12699039212932106
  },
  "strategy": {
    "alpha": 1.364394839480238,
    "beta": 0.25453838619920277,
    "sharpe_ratio": 5.60449999108525,
    "sortino_ratio": 20.316255116743854,
    "annual_volatility": 0.3733355072070245,
    "skew": 2.620121716180762,
    "kurtosis": 8.820339722766878,
    "annual_return": 6.841877951017123,
    "daily_winning_ratio": 0.5,
    "max_drawdown": 0.02641251672584799
  }
}