{
  "timestamp": 1624233600,
  "pps": 1.022,
  "pnl_rate": 0.02200000000000002,
  "last_day_pnl_rate": 9.785693316370387e-05,
  "last_1m_pnl_rate": -0.05588914549653579,
  "last_3m_pnl_rate": -0.07678410117434505,
  "last_6m_pnl_rate": 0.02200000000000002,
  "last_12m_pnl_rate": 0.02200000000000002,
  "running_days": 172
}