{
  "timestamp": 1622073600,
  "pps": 1.0804,
  "pnl_rate": 0.08040000000000003,
  "last_day_pnl_rate": -0.0010171058714746916,
  "last_1m_pnl_rate": -0.0014787430683919091,
  "last_3m_pnl_rate": -0.015132178669097492,
  "last_6m_pnl_rate": 0.08040000000000003,
  "last_12m_pnl_rate": 0.08040000000000003,
  "running_days": 147
}