{
  "timestamp": 1620259200,
  "pps": 1.0843,
  "pnl_rate": 0.08430000000000004,
  "last_day_pnl_rate": 0.004539559014267303,
  "last_1m_pnl_rate": -0.024295869702150558,
  "last_3m_pnl_rate": 0.03612040133779269,
  "last_6m_pnl_rate": 0.08430000000000004,
  "last_12m_pnl_rate": 0.08430000000000004,
  "running_days": 126
}