{
  "timestamp": 1616457600,
  "pps": 1.1064,
  "pnl_rate": 0.10640000000000005,
  "last_day_pnl_rate": -0.005483146067415725,
  "last_1m_pnl_rate": -0.02123142250530787,
  "last_3m_pnl_rate": 0.10640000000000005,
  "last_6m_pnl_rate": 0.10640000000000005,
  "last_12m_pnl_rate": 0.10640000000000005,
  "running_days": 82
}