{
  "timestamp": 1611187200,
  "pps": 1.1061,
  "pnl_rate": 0.10610000000000008,
  "last_day_pnl_rate": -0.0009032607713845993,
  "last_1m_pnl_rate": 0.10610000000000008,
  "last_3m_pnl_rate": 0.10610000000000008,
  "last_6m_pnl_rate": 0.10610000000000008,
  "last_12m_pnl_rate": 0.10610000000000008,
  "running_days": 21
}