{
  "timestamp": 1621382400,
  "pps": 1.0771,
  "pnl_rate": 0.07709999999999995,
  "last_day_pnl_rate": 0.0005573618207152196,
  "last_1m_pnl_rate": -0.007372592387798366,
  "last_3m_pnl_rate": -0.03451057726783792,
  "last_6m_pnl_rate": 0.07709999999999995,
  "last_12m_pnl_rate": 0.07709999999999995,
  "running_days": 139
}