{
  "timestamp": 1616371200,
  "pps": 1.1125,
  "pnl_rate": 0.11250000000000004,
  "last_day_pnl_rate": -0.002957519268686018,
  "last_1m_pnl_rate": -0.012077080188260416,
  "last_3m_pnl_rate": 0.11250000000000004,
  "last_6m_pnl_rate": 0.11250000000000004,
  "last_12m_pnl_rate": 0.11250000000000004,
  "running_days": 81
}