{
  "timestamp": 1621987200,
  "pps": 1.0815,
  "pnl_rate": 0.0814999999999999,
  "last_day_pnl_rate": 0.0006476683937823121,
  "last_1m_pnl_rate": 0.0004625346901017067,
  "last_3m_pnl_rate": -0.015744448489261098,
  "last_6m_pnl_rate": 0.0814999999999999,
  "last_12m_pnl_rate": 0.0814999999999999,
  "running_days": 146
}