{
  "timestamp": 1623974400,
  "pps": 1.0587,
  "pnl_rate": 0.058699999999999974,
  "last_day_pnl_rate": -0.003670242800677597,
  "last_1m_pnl_rate": -0.021986143187067014,
  "last_3m_pnl_rate": -0.05117404552787232,
  "last_6m_pnl_rate": 0.058699999999999974,
  "last_12m_pnl_rate": 0.058699999999999974,
  "running_days": 169
}