{
  "timestamp": 1621209600,
  "pps": 1.0744,
  "pnl_rate": 0.07440000000000002,
  "last_day_pnl_rate": 0.0001861850679575293,
  "last_1m_pnl_rate": -0.02211704741967779,
  "last_3m_pnl_rate": -0.022028035681776807,
  "last_6m_pnl_rate": 0.07440000000000002,
  "last_12m_pnl_rate": 0.07440000000000002,
  "running_days": 137
}