{
  "timestamp": 1611619200,
  "pps": 1.0986,
  "pnl_rate": 0.09860000000000002,
  "last_day_pnl_rate": -9.101665604804676e-05,
  "last_1m_pnl_rate": 0.09860000000000002,
  "last_3m_pnl_rate": 0.09860000000000002,
  "last_6m_pnl_rate": 0.09860000000000002,
  "last_12m_pnl_rate": 0.09860000000000002,
  "running_days": 26
}