{
  "timestamp": 1622160000,
  "pps": 1.0815,
  "pnl_rate": 0.0814999999999999,
  "last_day_pnl_rate": 0.001018141429100221,
  "last_1m_pnl_rate": -0.0002773155851360593,
  "last_3m_pnl_rate": -0.01385976110148637,
  "last_6m_pnl_rate": 0.0814999999999999,
  "last_12m_pnl_rate": 0.0814999999999999,
  "running_days": 148
}