{
  "timestamp": 1620950400,
  "pps": 1.0724,
  "pnl_rate": 0.07240000000000002,
  "last_day_pnl_rate": -9.324009324008297e-05,
  "last_1m_pnl_rate": -0.03204260312302562,
  "last_3m_pnl_rate": -0.0143382352941177,
  "last_6m_pnl_rate": 0.07240000000000002,
  "last_12m_pnl_rate": 0.07240000000000002,
  "running_days": 134
}