{
  "timestamp": 1618876800,
  "pps": 1.0851,
  "pnl_rate": 0.08509999999999995,
  "last_day_pnl_rate": -0.0009207255317190975,
  "last_1m_pnl_rate": -0.024716879381628688,
  "last_3m_pnl_rate": 0.031267819806120443,
  "last_6m_pnl_rate": 0.08509999999999995,
  "last_12m_pnl_rate": 0.08509999999999995,
  "running_days": 110
}