{
  "timestamp": 1616630400,
  "pps": 1.1034,
  "pnl_rate": 0.10339999999999994,
  "last_day_pnl_rate": -0.003252032520325246,
  "last_1m_pnl_rate": -0.001447963800905019,
  "last_3m_pnl_rate": 0.10339999999999994,
  "last_6m_pnl_rate": 0.10339999999999994,
  "last_12m_pnl_rate": 0.10339999999999994,
  "running_days": 84
}