{
  "timestamp": 1613606400,
  "pps": 1.117,
  "pnl_rate": 0.11699999999999999,
  "last_day_pnl_rate": 0.01674858911341705,
  "last_1m_pnl_rate": 0.06067799829076068,
  "last_3m_pnl_rate": 0.11699999999999999,
  "last_6m_pnl_rate": 0.11699999999999999,
  "last_12m_pnl_rate": 0.11699999999999999,
  "running_days": 49
}