{
  "timestamp": 1617494400,
  "pps": 1.1106,
  "pnl_rate": 0.11060000000000003,
  "last_day_pnl_rate": -0.0009894755779435809,
  "last_1m_pnl_rate": 0.008169934640522984,
  "last_3m_pnl_rate": 0.09139150943396224,
  "last_6m_pnl_rate": 0.11060000000000003,
  "last_12m_pnl_rate": 0.11060000000000003,
  "running_days": 94
}