{
  "timestamp": 1615334400,
  "pps": 1.1082,
  "pnl_rate": 0.10820000000000007,
  "last_day_pnl_rate": 0.0022610111241748838,
  "last_1m_pnl_rate": 0.021853388658367962,
  "last_3m_pnl_rate": 0.10820000000000007,
  "last_6m_pnl_rate": 0.10820000000000007,
  "last_12m_pnl_rate": 0.10820000000000007,
  "running_days": 69
}