{
  "timestamp": 1611360000,
  "pps": 1.1001,
  "pnl_rate": 0.10010000000000008,
  "last_day_pnl_rate": 0.004290670074858635,
  "last_1m_pnl_rate": 0.10010000000000008,
  "last_3m_pnl_rate": 0.10010000000000008,
  "last_6m_pnl_rate": 0.10010000000000008,
  "last_12m_pnl_rate": 0.10010000000000008,
  "running_days": 23
}