{
  "timestamp": 1620345600,
  "pps": 1.0829,
  "pnl_rate": 0.08289999999999997,
  "last_day_pnl_rate": -0.0012911555842479645,
  "last_1m_pnl_rate": -0.025029260826505847,
  "last_3m_pnl_rate": 0.030548153787590425,
  "last_6m_pnl_rate": 0.08289999999999997,
  "last_12m_pnl_rate": 0.08289999999999997,
  "running_days": 127
}