{
  "timestamp": 1609804800,
  "pps": 3.0325,
  "pnl_rate": 2.0325,
  "last_day_pnl_rate": -0.0050200144366427816,
  "last_1m_pnl_rate": 0.24394946263024037,
  "last_3m_pnl_rate": 0.936462324393359,
  "last_6m_pnl_rate": 0.9618942873778871,
  "last_12m_pnl_rate": 1.9458908101806875,
  "running_days": 371
}