{
  "timestamp": 1623110400,
  "pps": 1.0809,
  "pnl_rate": 0.08089999999999997,
  "last_day_pnl_rate": -0.0037788018433179654,
  "last_1m_pnl_rate": -0.003962403243641698,
  "last_3m_pnl_rate": -0.025250247993507103,
  "last_6m_pnl_rate": 0.08089999999999997,
  "last_12m_pnl_rate": 0.08089999999999997,
  "running_days": 159
}