{
  "timestamp": 1620000000,
  "pps": 1.0831,
  "pnl_rate": 0.08309999999999995,
  "last_day_pnl_rate": -0.0007380754682167486,
  "last_1m_pnl_rate": -0.024761390239510246,
  "last_3m_pnl_rate": 0.034775962548963396,
  "last_6m_pnl_rate": 0.08309999999999995,
  "last_12m_pnl_rate": 0.08309999999999995,
  "running_days": 123
}