{
  "timestamp": 1616198400,
  "pps": 1.1156,
  "pnl_rate": 0.11559999999999993,
  "last_day_pnl_rate": 0.0017060249618389269,
  "last_1m_pnl_rate": 0.0,
  "last_3m_pnl_rate": 0.11559999999999993,
  "last_6m_pnl_rate": 0.11559999999999993,
  "last_12m_pnl_rate": 0.11559999999999993,
  "running_days": 79
}