{
  "timestamp": 1613260800,
  "pps": 1.1439,
  "pnl_rate": 0.14389999999999992,
  "last_day_pnl_rate": -0.0012223871474723372,
  "last_1m_pnl_rate": 0.028687050359712064,
  "last_3m_pnl_rate": 0.14389999999999992,
  "last_6m_pnl_rate": 0.14389999999999992,
  "last_12m_pnl_rate": 0.14389999999999992,
  "running_days": 45
}