{
  "timestamp": 1621900800,
  "pps": 1.0808,
  "pnl_rate": 0.08079999999999998,
  "last_day_pnl_rate": -0.004696565061239621,
  "last_1m_pnl_rate": 0.005021387390738397,
  "last_3m_pnl_rate": -0.024020227560050532,
  "last_6m_pnl_rate": 0.08079999999999998,
  "last_12m_pnl_rate": 0.08079999999999998,
  "running_days": 145
}