{
  "timestamp": 1612569600,
  "pps": 1.1003,
  "pnl_rate": 0.10030000000000006,
  "last_day_pnl_rate": -0.0004542151162790197,
  "last_1m_pnl_rate": -0.02282415630550607,
  "last_3m_pnl_rate": 0.10030000000000006,
  "last_6m_pnl_rate": 0.10030000000000006,
  "last_12m_pnl_rate": 0.10030000000000006,
  "running_days": 37
}