{
  "timestamp": 1611705600,
  "pps": 1.099,
  "pnl_rate": 0.09899999999999998,
  "last_day_pnl_rate": 0.0003640997633351137,
  "last_1m_pnl_rate": 0.09899999999999998,
  "last_3m_pnl_rate": 0.09899999999999998,
  "last_6m_pnl_rate": 0.09899999999999998,
  "last_12m_pnl_rate": 0.09899999999999998,
  "running_days": 27
}