{
  "timestamp": 1618012800,
  "pps": 1.1111,
  "pnl_rate": 0.11109999999999998,
  "last_day_pnl_rate": 0.0,
  "last_1m_pnl_rate": -0.0036764705882352876,
  "last_3m_pnl_rate": 0.04643058956488971,
  "last_6m_pnl_rate": 0.11109999999999998,
  "last_12m_pnl_rate": 0.11109999999999998,
  "running_days": 100
}