{
  "timestamp": 1618617600,
  "pps": 1.1029,
  "pnl_rate": 0.10289999999999999,
  "last_day_pnl_rate": -0.005141620061338659,
  "last_1m_pnl_rate": -0.009697405046242185,
  "last_3m_pnl_rate": 0.04738841405508078,
  "last_6m_pnl_rate": 0.10289999999999999,
  "last_12m_pnl_rate": 0.10289999999999999,
  "running_days": 107
}