{
  "timestamp": 1617321600,
  "pps": 1.1116,
  "pnl_rate": 0.11159999999999992,
  "last_day_pnl_rate": -8.995232526759826e-05,
  "last_1m_pnl_rate": 0.006792862965310968,
  "last_3m_pnl_rate": 0.09108755398508049,
  "last_6m_pnl_rate": 0.11159999999999992,
  "last_12m_pnl_rate": 0.11159999999999992,
  "running_days": 92
}