{
  "timestamp": 1619568000,
  "pps": 1.082,
  "pnl_rate": 0.08200000000000007,
  "last_day_pnl_rate": 0.0009250693802036188,
  "last_1m_pnl_rate": -0.025576368876080672,
  "last_3m_pnl_rate": 0.03431794283529303,
  "last_6m_pnl_rate": 0.08200000000000007,
  "last_12m_pnl_rate": 0.08200000000000007,
  "running_days": 118
}