{
  "timestamp": 1618099200,
  "pps": 1.111,
  "pnl_rate": 0.11099999999999999,
  "last_day_pnl_rate": -9.000090000899018e-05,
  "last_1m_pnl_rate": -0.001976284584980219,
  "last_3m_pnl_rate": 0.05618404791329967,
  "last_6m_pnl_rate": 0.11099999999999999,
  "last_12m_pnl_rate": 0.11099999999999999,
  "running_days": 101
}