{
  "timestamp": 1623715200,
  "pps": 1.096,
  "pnl_rate": 0.09600000000000009,
  "last_day_pnl_rate": 0.003203661327231175,
  "last_1m_pnl_rate": 0.020104244229337362,
  "last_3m_pnl_rate": -0.020816581792191438,
  "last_6m_pnl_rate": 0.09600000000000009,
  "last_12m_pnl_rate": 0.09600000000000009,
  "running_days": 166
}