{
  "timestamp": 1614729600,
  "pps": 1.101,
  "pnl_rate": 0.10099999999999998,
  "last_day_pnl_rate": -0.0019037258634756512,
  "last_1m_pnl_rate": 0.0522794609576603,
  "last_3m_pnl_rate": 0.10099999999999998,
  "last_6m_pnl_rate": 0.10099999999999998,
  "last_12m_pnl_rate": 0.10099999999999998,
  "running_days": 62
}