{
  "timestamp": 1612915200,
  "pps": 1.1405,
  "pnl_rate": 0.14050000000000007,
  "last_day_pnl_rate": 0.00026311173478334236,
  "last_1m_pnl_rate": 0.032126696832579266,
  "last_3m_pnl_rate": 0.14050000000000007,
  "last_6m_pnl_rate": 0.14050000000000007,
  "last_12m_pnl_rate": 0.14050000000000007,
  "running_days": 41
}