{
  "timestamp": 1613520000,
  "pps": 1.1551,
  "pnl_rate": 0.15510000000000002,
  "last_day_pnl_rate": 0.006272323373116209,
  "last_1m_pnl_rate": 0.041381175622070006,
  "last_3m_pnl_rate": 0.15510000000000002,
  "last_6m_pnl_rate": 0.15510000000000002,
  "last_12m_pnl_rate": 0.15510000000000002,
  "running_days": 48
}