{
  "timestamp": 1613865600,
  "pps": 1.1261,
  "pnl_rate": 0.1261000000000001,
  "last_day_pnl_rate": 0.0,
  "last_1m_pnl_rate": 0.0760630673674153,
  "last_3m_pnl_rate": 0.1261000000000001,
  "last_6m_pnl_rate": 0.1261000000000001,
  "last_12m_pnl_rate": 0.1261000000000001,
  "running_days": 52
}