{
  "timestamp": 1621555200,
  "pps": 1.079,
  "pnl_rate": 0.07899999999999996,
  "last_day_pnl_rate": -0.003233256351039315,
  "last_1m_pnl_rate": -0.002864799926069774,
  "last_3m_pnl_rate": -0.041825770357872424,
  "last_6m_pnl_rate": 0.07899999999999996,
  "last_12m_pnl_rate": 0.07899999999999996,
  "running_days": 141
}