{
  "timestamp": 1622678400,
  "pps": 1.088,
  "pnl_rate": 0.08800000000000008,
  "last_day_pnl_rate": 0.000827890718425281,
  "last_1m_pnl_rate": 0.007967389290346641,
  "last_3m_pnl_rate": -0.01234567901234553,
  "last_6m_pnl_rate": 0.08800000000000008,
  "last_12m_pnl_rate": 0.08800000000000008,
  "running_days": 154
}