{
  "timestamp": 1616716800,
  "pps": 1.1021,
  "pnl_rate": 0.10210000000000008,
  "last_day_pnl_rate": -0.0012686905301312606,
  "last_1m_pnl_rate": -0.004785985190536266,
  "last_3m_pnl_rate": 0.10210000000000008,
  "last_6m_pnl_rate": 0.10210000000000008,
  "last_12m_pnl_rate": 0.10210000000000008,
  "running_days": 85
}