{
  "timestamp": 1609632000,
  "pps": 2.847,
  "pnl_rate": 1.847,
  "last_day_pnl_rate": 0.10400186133085146,
  "last_1m_pnl_rate": 0.17073772514187022,
  "last_3m_pnl_rate": 0.816036231421828,
  "last_6m_pnl_rate": 0.8349983886561391,
  "last_12m_pnl_rate": 1.781088209436358,
  "running_days": 369
}