{
  "timestamp": 1624838400,
  "pps": 1.0148,
  "pnl_rate": 0.014799999999999924,
  "last_day_pnl_rate": -0.0011811023622048129,
  "last_1m_pnl_rate": -0.06409665221802095,
  "last_3m_pnl_rate": -0.08708168405901404,
  "last_6m_pnl_rate": 0.014799999999999924,
  "last_12m_pnl_rate": 0.014799999999999924,
  "running_days": 179
}