{
  "timestamp": 1623542400,
  "pps": 1.0844,
  "pnl_rate": 0.08440000000000003,
  "last_day_pnl_rate": -0.003675119441381848,
  "last_1m_pnl_rate": 0.011284155553483166,
  "last_3m_pnl_rate": -0.019795715447889387,
  "last_6m_pnl_rate": 0.08440000000000003,
  "last_12m_pnl_rate": 0.08440000000000003,
  "running_days": 164
}