{
  "timestamp": 1614556800,
  "pps": 1.0948,
  "pnl_rate": 0.0948,
  "last_day_pnl_rate": -0.0017324701376857962,
  "last_1m_pnl_rate": 0.04585403133358812,
  "last_3m_pnl_rate": 0.0948,
  "last_6m_pnl_rate": 0.0948,
  "last_12m_pnl_rate": 0.0948,
  "running_days": 60
}