{
  "timestamp": 1612656000,
  "pps": 1.1048,
  "pnl_rate": 0.1048,
  "last_day_pnl_rate": 0.004089793692629236,
  "last_1m_pnl_rate": -0.023078963657264136,
  "last_3m_pnl_rate": 0.1048,
  "last_6m_pnl_rate": 0.1048,
  "last_12m_pnl_rate": 0.1048,
  "running_days": 38
}