{
  "timestamp": 1615161600,
  "pps": 1.1043,
  "pnl_rate": 0.10430000000000006,
  "last_day_pnl_rate": 0.002359989107742723,
  "last_1m_pnl_rate": 0.050913589645984116,
  "last_3m_pnl_rate": 0.10430000000000006,
  "last_6m_pnl_rate": 0.10430000000000006,
  "last_12m_pnl_rate": 0.10430000000000006,
  "running_days": 67
}