{
  "timestamp": 1616284800,
  "pps": 1.1158,
  "pnl_rate": 0.1157999999999999,
  "last_day_pnl_rate": 0.00017927572606667085,
  "last_1m_pnl_rate": -0.009146612201403247,
  "last_3m_pnl_rate": 0.1157999999999999,
  "last_6m_pnl_rate": 0.1157999999999999,
  "last_12m_pnl_rate": 0.1157999999999999,
  "running_days": 80
}