{
  "timestamp": 1618185600,
  "pps": 1.111,
  "pnl_rate": 0.11099999999999999,
  "last_day_pnl_rate": 0.0,
  "last_1m_pnl_rate": -0.014109503948886347,
  "last_3m_pnl_rate": 0.06132976690867409,
  "last_6m_pnl_rate": 0.11099999999999999,
  "last_12m_pnl_rate": 0.11099999999999999,
  "running_days": 102
}