{
  "timestamp": 1617235200,
  "pps": 1.1117,
  "pnl_rate": 0.11169999999999991,
  "last_day_pnl_rate": 8.996041741632691e-05,
  "last_1m_pnl_rate": 0.009718437783832818,
  "last_3m_pnl_rate": 0.10892768079800495,
  "last_6m_pnl_rate": 0.11169999999999991,
  "last_12m_pnl_rate": 0.11169999999999991,
  "running_days": 91
}