{
  "timestamp": 1615680000,
  "pps": 1.1268,
  "pnl_rate": 0.12680000000000002,
  "last_day_pnl_rate": 0.012307968735962668,
  "last_1m_pnl_rate": 0.03442577802258339,
  "last_3m_pnl_rate": 0.12680000000000002,
  "last_6m_pnl_rate": 0.12680000000000002,
  "last_12m_pnl_rate": 0.12680000000000002,
  "running_days": 73
}