{
  "timestamp": 1610841600,
  "pps": 1.1073,
  "pnl_rate": 0.10729999999999995,
  "last_day_pnl_rate": -0.004226618705036105,
  "last_1m_pnl_rate": 0.10729999999999995,
  "last_3m_pnl_rate": 0.10729999999999995,
  "last_6m_pnl_rate": 0.10729999999999995,
  "last_12m_pnl_rate": 0.10729999999999995,
  "running_days": 17
}