{
  "timestamp": 1613692800,
  "pps": 1.1156,
  "pnl_rate": 0.11559999999999993,
  "last_day_pnl_rate": -0.0012533572068039998,
  "last_1m_pnl_rate": 0.06025470442881572,
  "last_3m_pnl_rate": 0.11559999999999993,
  "last_6m_pnl_rate": 0.11559999999999993,
  "last_12m_pnl_rate": 0.11559999999999993,
  "running_days": 50
}