{
  "timestamp": 1614902400,
  "pps": 1.101,
  "pnl_rate": 0.10099999999999998,
  "last_day_pnl_rate": -0.002807716692328686,
  "last_1m_pnl_rate": 0.05167637787754326,
  "last_3m_pnl_rate": 0.10099999999999998,
  "last_6m_pnl_rate": 0.10099999999999998,
  "last_12m_pnl_rate": 0.10099999999999998,
  "running_days": 64
}