{
  "timestamp": 1612483200,
  "pps": 1.1008,
  "pnl_rate": 0.1008,
  "last_day_pnl_rate": 9.085127646042426e-05,
  "last_1m_pnl_rate": 0.04968055687994664,
  "last_3m_pnl_rate": 0.1008,
  "last_6m_pnl_rate": 0.1008,
  "last_12m_pnl_rate": 0.1008,
  "running_days": 36
}