{
  "timestamp": 1618704000,
  "pps": 1.0987,
  "pnl_rate": 0.09870000000000001,
  "last_day_pnl_rate": -0.0038081421706410204,
  "last_1m_pnl_rate": -0.015148798852635278,
  "last_3m_pnl_rate": 0.04132309733674541,
  "last_6m_pnl_rate": 0.09870000000000001,
  "last_12m_pnl_rate": 0.09870000000000001,
  "running_days": 108
}