{
  "timestamp": 1619136000,
  "pps": 1.0788,
  "pnl_rate": 0.07879999999999998,
  "last_day_pnl_rate": -0.0030496257277516686,
  "last_1m_pnl_rate": -0.022383325781603937,
  "last_3m_pnl_rate": 0.032542113323124074,
  "last_6m_pnl_rate": 0.07879999999999998,
  "last_12m_pnl_rate": 0.07879999999999998,
  "running_days": 113
}