{
  "timestamp": 1613606400,
  "pps": 1.241,
  "pnl_rate": 0.2410000000000001,
  "last_day_pnl_rate": 0.07436585577006327,
  "last_1m_pnl_rate": 0.12094661728841129,
  "last_3m_pnl_rate": 0.2410000000000001,
  "last_6m_pnl_rate": 0.2410000000000001,
  "last_12m_pnl_rate": 0.2410000000000001,
  "running_days": 49
}