{
  "timestamp": 1615593600,
  "pps": 1.1131,
  "pnl_rate": 0.11309999999999998,
  "last_day_pnl_rate": -0.0017935611155950155,
  "last_1m_pnl_rate": 0.018576134699853572,
  "last_3m_pnl_rate": 0.11309999999999998,
  "last_6m_pnl_rate": 0.11309999999999998,
  "last_12m_pnl_rate": 0.11309999999999998,
  "running_days": 72
}