{
  "timestamp": 1610064000,
  "pps": 3.7531,
  "pnl_rate": 2.7531,
  "last_day_pnl_rate": 0.07390980885887596,
  "last_1m_pnl_rate": 0.5431520085522797,
  "last_3m_pnl_rate": 1.381862029574157,
  "last_6m_pnl_rate": 1.4271486774881976,
  "last_12m_pnl_rate": 2.4536670654274406,
  "running_days": 374
}