{
  "timestamp": 1619308800,
  "pps": 1.0767,
  "pnl_rate": 0.07669999999999999,
  "last_day_pnl_rate": -0.0012059369202227076,
  "last_1m_pnl_rate": -0.027722593462163582,
  "last_3m_pnl_rate": 0.03023634101999816,
  "last_6m_pnl_rate": 0.07669999999999999,
  "last_12m_pnl_rate": 0.07669999999999999,
  "running_days": 115
}