{
  "benchmark": {
    "alpha": 0.0,
    "beta": 1.0000000000000002,
    "sharpe_ratio": 0.36242886892799514,
    "sortino_ratio": 0.5179660839025326,
    "annual_volatility": 0.5719010456612592,
    "annual_return": 0.08288120850167124,
    "daily_winning_ratio": 0.49230769230769234,
    "max_drawdown": 0.6855574565155403
  },
  "strategy": {
    "alpha": -0.20942004194619512,
    "beta": 0.21161615526474245,
    "sharpe_ratio": -0.5726528246900177,
    "sortino_ratio": -0.7754843497712345,
    "annual_volatility": 0.3318715765507919,
    "annual_return": -0.18864105779056917,
    "daily_winning_ratio": 0.38215859030837,
    "max_drawdown": 0.6855574565155403
  }
}