{
  "benchmark": {
    "alpha": 0.0,
    "beta": 1.0,
    "sharpe_ratio": -0.43185795345851735,
    "sortino_ratio": -0.5920196502007623,
    "annual_volatility": 0.6544114468681267,
    "annual_return": -0.36977997019086917,
    "daily_winning_ratio": 0.4915254237288136,
    "max_drawdown": 0.5087681779298545
  },
  "strategy": {
    "alpha": -0.19328250544944015,
    "beta": 0.19921952956307779,
    "sharpe_ratio": -0.8281361500636565,
    "sortino_ratio": -1.156293244676594,
    "annual_volatility": 0.3272656873763532,
    "annual_return": -0.25020447936936063,
    "daily_winning_ratio": 0.4915254237288136,
    "max_drawdown": 0.5087681779298545
  }
}