{
  "benchmark": {
    "alpha": 0.0,
    "beta": 1.0000000000000002,
    "sharpe_ratio": 0.8759384383858289,
    "sortino_ratio": 1.300471914458709,
    "annual_volatility": 0.6575565844143683,
    "annual_return": 0.48793053629097805,
    "daily_winning_ratio": 0.5202952029520295,
    "max_drawdown": 0.3360422013116624
  },
  "strategy": {
    "alpha": -0.10659451237883688,
    "beta": 0.27829931060369645,
    "sharpe_ratio": 0.1211288702185764,
    "sortino_ratio": 0.18278005260658653,
    "annual_volatility": 0.3929472556436492,
    "annual_return": 0.007819656148838838,
    "daily_winning_ratio": 0.5202952029520295,
    "max_drawdown": 0.3360422013116624
  }
}