{
  "benchmark": {
    "alpha": 0.0,
    "beta": 0.9999999999999999,
    "sharpe_ratio": 0.19041800494328398,
    "sortino_ratio": 0.27065952460517784,
    "annual_volatility": 0.5814207697652464,
    "annual_return": -0.02220888011594868,
    "daily_winning_ratio": 0.4858156028368794,
    "max_drawdown": 0.6855574565155403
  },
  "strategy": {
    "alpha": -0.25869504257929843,
    "beta": 0.2262005082577302,
    "sharpe_ratio": -0.856989506989428,
    "sortino_ratio": -1.150185555345984,
    "annual_volatility": 0.33164809018384495,
    "annual_return": -0.2615669055881249,
    "daily_winning_ratio": 0.3621301775147929,
    "max_drawdown": 0.6855574565155403
  }
}