{
  "benchmark": {
    "alpha": 0.0,
    "beta": 1.0,
    "sharpe_ratio": 2.8740552181591656,
    "sortino_ratio": 4.662506642003485,
    "annual_volatility": 0.6435297381675529,
    "annual_return": 4.349717113990052,
    "daily_winning_ratio": 0.5333333333333333,
    "max_drawdown": 0.20466772151898727
  },
  "strategy": {
    "alpha": 0.22384261899207392,
    "beta": 0.3480107771410548,
    "sharpe_ratio": 1.9436122771278117,
    "sortino_ratio": 3.6016535630043047,
    "annual_volatility": 0.4382933432410342,
    "annual_return": 1.2130015240238219,
    "daily_winning_ratio": 0.5373134328358209,
    "max_drawdown": 0.20466772151898727
  }
}