{
  "benchmark": {
    "alpha": 0.0,
    "beta": 1.0,
    "sharpe_ratio": 0.4799814348743649,
    "sortino_ratio": 0.6876982109361315,
    "annual_volatility": 0.5652162682881118,
    "annual_return": 0.15885023921701857,
    "daily_winning_ratio": 0.49690721649484537,
    "max_drawdown": 0.6855574565155403
  },
  "strategy": {
    "alpha": -0.08286402296236184,
    "beta": 0.2007670549971525,
    "sharpe_ratio": -0.0684413538459236,
    "sortino_ratio": -0.09766877724060499,
    "annual_volatility": 0.39435606982029164,
    "annual_return": -0.06593779370916919,
    "daily_winning_ratio": 0.413265306122449,
    "max_drawdown": 0.6855574565155403
  }
}