{
  "benchmark": {
    "alpha": 0.0,
    "beta": 1.0,
    "sharpe_ratio": 0.002972426617938857,
    "sortino_ratio": 0.0041813959754364175,
    "annual_volatility": 0.5885586934171806,
    "annual_return": -0.12696878848419357,
    "daily_winning_ratio": 0.4832298136645963,
    "max_drawdown": 0.6855574565155403
  },
  "strategy": {
    "alpha": -0.29077787764112206,
    "beta": 0.22844771392761123,
    "sharpe_ratio": -1.0267900431220227,
    "sortino_ratio": -1.3677727281270229,
    "annual_volatility": 0.336742405559628,
    "annual_return": -0.3068854683116553,
    "daily_winning_ratio": 0.35199004975124376,
    "max_drawdown": 0.6855574565155403
  }
}