{
  "benchmark": {
    "alpha": 0.0,
    "beta": 1.0,
    "sharpe_ratio": 0.4799814348743649,
    "sortino_ratio": 0.6876982109361315,
    "annual_volatility": 0.5652162682881118,
    "annual_return": 0.15885023921701857,
    "daily_winning_ratio": 0.49690721649484537,
    "max_drawdown": 0.6855574565155403
  },
  "strategy": {
    "alpha": -0.08286402296236184,
    "beta": 0.20076705499715244,
    "sharpe_ratio": -0.02961326862366844,
    "sortino_ratio": -0.042316460885786764,
    "annual_volatility": 0.39378546950594423,
    "annual_return": -0.051290780369169564,
    "daily_winning_ratio": 0.4150787075393538,
    "max_drawdown": 0.6855574565155403
  }
}