{
  "benchmark": {
    "alpha": 0.0,
    "beta": 1.0,
    "sharpe_ratio": -0.3728239408263448,
    "sortino_ratio": -0.5110255194506564,
    "annual_volatility": 0.6681049478357327,
    "annual_return": -0.35420968550127374,
    "daily_winning_ratio": 0.4940047961630695,
    "max_drawdown": 0.45423438836612495
  },
  "strategy": {
    "alpha": -0.1507349862097629,
    "beta": 0.1992904925359886,
    "sharpe_ratio": -0.627297009187019,
    "sortino_ratio": -0.8977951538416312,
    "annual_volatility": 0.3395326358174052,
    "annual_return": -0.20847085161059353,
    "daily_winning_ratio": 0.4940047961630695,
    "max_drawdown": 0.45423438836612495
  }
}