{
  "benchmark": {
    "alpha": 0.0,
    "beta": 0.9999999999999998,
    "sharpe_ratio": 2.8209015564537525,
    "sortino_ratio": 4.519578639514414,
    "annual_volatility": 0.6532981374214469,
    "annual_return": 4.280932057272533,
    "daily_winning_ratio": 0.5483870967741935,
    "max_drawdown": 0.20466772151898727
  },
  "strategy": {
    "alpha": 0.17208437866893522,
    "beta": 0.327469767427586,
    "sharpe_ratio": 1.773020992260178,
    "sortino_ratio": 3.3514482257202367,
    "annual_volatility": 0.4389730941022739,
    "annual_return": 1.0563608586423965,
    "daily_winning_ratio": 0.5528455284552846,
    "max_drawdown": 0.20466772151898727
  }
}