{
  "benchmark": {
    "alpha": 0.0,
    "beta": 1.0,
    "sharpe_ratio": 0.4799814348743649,
    "sortino_ratio": 0.6876982109361315,
    "annual_volatility": 0.5652162682881118,
    "annual_return": 0.15885023921701857,
    "daily_winning_ratio": 0.49690721649484537,
    "max_drawdown": 0.6855574565155403
  },
  "strategy": {
    "alpha": -0.08286402296236184,
    "beta": 0.20076705499715244,
    "sharpe_ratio": -0.0006241826621871909,
    "sortino_ratio": -0.0008892864953593915,
    "annual_volatility": 0.3769064644237475,
    "annual_return": -0.034231117435116976,
    "daily_winning_ratio": 0.4066543438077634,
    "max_drawdown": 0.6855574565155403
  }
}