{
  "benchmark": {
    "alpha": 0.0,
    "beta": 1.0,
    "sharpe_ratio": 2.933084349164989,
    "sortino_ratio": 4.720464945508173,
    "annual_volatility": 0.662885574375278,
    "annual_return": 4.806373717348996,
    "daily_winning_ratio": 0.5565217391304348,
    "max_drawdown": 0.20466772151898727
  },
  "strategy": {
    "alpha": -0.2801305061620861,
    "beta": 0.2996913559401056,
    "sharpe_ratio": 0.6836233561308861,
    "sortino_ratio": 1.1554388126521855,
    "annual_volatility": 0.37177240627994906,
    "annual_return": 0.2502371145513862,
    "daily_winning_ratio": 0.5565217391304348,
    "max_drawdown": 0.20466772151898727
  }
}