{
  "benchmark": {
    "alpha": 0.0,
    "beta": 1.0,
    "sharpe_ratio": 0.6028830849386618,
    "sortino_ratio": 0.8639212086629795,
    "annual_volatility": 0.637376815876877,
    "annual_return": 0.24322484965662272,
    "daily_winning_ratio": 0.5191489361702127,
    "max_drawdown": 0.30004277159965786
  },
  "strategy": {
    "alpha": -0.09856463803616988,
    "beta": 0.3227155236736452,
    "sharpe_ratio": 0.04878841937908307,
    "sortino_ratio": 0.07345258455449422,
    "annual_volatility": 0.415173744563379,
    "annual_return": -0.027971640770400263,
    "daily_winning_ratio": 0.5191489361702127,
    "max_drawdown": 0.30004277159965786
  }
}