{
  "benchmark": {
    "alpha": 0.0,
    "beta": 1.0,
    "sharpe_ratio": 0.4799814348743649,
    "sortino_ratio": 0.6876982109361315,
    "annual_volatility": 0.5652162682881118,
    "annual_return": 0.15885023921701857,
    "daily_winning_ratio": 0.49690721649484537,
    "max_drawdown": 0.6855574565155403
  },
  "strategy": {
    "alpha": -0.08286402296236184,
    "beta": 0.20076705499715244,
    "sharpe_ratio": 0.23445562635344375,
    "sortino_ratio": 0.3423044813268735,
    "annual_volatility": 0.40338763871621364,
    "annual_return": 0.051176523983944566,
    "daily_winning_ratio": 0.42101105845181674,
    "max_drawdown": 0.6855574565155403
  }
}