{
  "benchmark": {
    "alpha": 0.0,
    "beta": 1.0,
    "sharpe_ratio": 0.5442506922272752,
    "sortino_ratio": 0.7957748235336044,
    "annual_volatility": 0.6614656037103605,
    "annual_return": 0.1959609128825721,
    "daily_winning_ratio": 0.5140562248995983,
    "max_drawdown": 0.3360422013116624
  },
  "strategy": {
    "alpha": -0.123167823939624,
    "beta": 0.2914769199534537,
    "sharpe_ratio": -0.06508167523753469,
    "sortino_ratio": -0.09752925302480496,
    "annual_volatility": 0.4069256716247335,
    "annual_return": -0.06928135909251554,
    "daily_winning_ratio": 0.5140562248995983,
    "max_drawdown": 0.3360422013116624
  }
}