{
  "benchmark": {
    "alpha": 0.0,
    "beta": 1.0,
    "sharpe_ratio": -0.5073127084837248,
    "sortino_ratio": -0.6883879006536257,
    "annual_volatility": 0.6647667751109106,
    "annual_return": -0.4077862418140188,
    "daily_winning_ratio": 0.492,
    "max_drawdown": 0.614342743085258
  },
  "strategy": {
    "alpha": -0.2099969342019572,
    "beta": 0.2180521014990732,
    "sharpe_ratio": -1.112044996059905,
    "sortino_ratio": -1.4864012499156154,
    "annual_volatility": 0.3469712529826594,
    "annual_return": -0.3364747731448554,
    "daily_winning_ratio": 0.3534798534798535,
    "max_drawdown": 0.614342743085258
  }
}