{
  "benchmark": {
    "alpha": 0.0,
    "beta": 1.0,
    "sharpe_ratio": 0.06594781642440818,
    "sortino_ratio": 0.09271536824654772,
    "annual_volatility": 0.6150044275457832,
    "annual_return": -0.10684963982183371,
    "daily_winning_ratio": 0.4899713467048711,
    "max_drawdown": 0.659181636726547
  },
  "strategy": {
    "alpha": -0.3036762332907177,
    "beta": 0.24218998401110325,
    "sharpe_ratio": -0.9954899214783928,
    "sortino_ratio": -1.3275544647789022,
    "annual_volatility": 0.35933215958574516,
    "annual_return": -0.32052629232489716,
    "daily_winning_ratio": 0.3615494978479197,
    "max_drawdown": 0.659181636726547
  }
}