{
  "benchmark": {
    "alpha": 0.0,
    "beta": 0.9999999999999998,
    "sharpe_ratio": 0.48573624266989157,
    "sortino_ratio": 0.6853045522596176,
    "annual_volatility": 0.6310636786478473,
    "annual_return": 0.15434495916926183,
    "daily_winning_ratio": 0.5162790697674419,
    "max_drawdown": 0.20466772151898727
  },
  "strategy": {
    "alpha": 0.1748542374053874,
    "beta": 0.32136071454676485,
    "sharpe_ratio": 0.6246149387076833,
    "sortino_ratio": 0.9854288364402485,
    "annual_volatility": 0.4157545843594436,
    "annual_return": 0.23502054445969356,
    "daily_winning_ratio": 0.5162790697674419,
    "max_drawdown": 0.20466772151898727
  }
}