{
  "benchmark": {
    "alpha": 0.0,
    "beta": 1.0000000000000002,
    "sharpe_ratio": 0.35738630637961144,
    "sortino_ratio": 0.5107335092977737,
    "annual_volatility": 0.5706951231383567,
    "annual_return": 0.08004617312078088,
    "daily_winning_ratio": 0.492896174863388,
    "max_drawdown": 0.6855574565155403
  },
  "strategy": {
    "alpha": -0.21217697750810005,
    "beta": 0.20952538507427734,
    "sharpe_ratio": -0.5896254951436788,
    "sortino_ratio": -0.7991552057199736,
    "annual_volatility": 0.33221924182534357,
    "annual_return": -0.1934535884340941,
    "daily_winning_ratio": 0.38183807439824946,
    "max_drawdown": 0.6855574565155403
  }
}