{
  "benchmark": {
    "alpha": 0.0,
    "beta": 1.0,
    "sharpe_ratio": -0.4739452425954068,
    "sortino_ratio": -0.6469322995782643,
    "annual_volatility": 0.6606973715078056,
    "annual_return": -0.39133882103814255,
    "daily_winning_ratio": 0.49195402298850577,
    "max_drawdown": 0.4555888223552894
  },
  "strategy": {
    "alpha": -0.13632317985672715,
    "beta": 0.1955512685134028,
    "sharpe_ratio": -0.6249472558643707,
    "sortino_ratio": -0.89437864644516,
    "annual_volatility": 0.33244571325021044,
    "annual_return": -0.2024410346237724,
    "daily_winning_ratio": 0.49195402298850577,
    "max_drawdown": 0.4555888223552894
  }
}