{
  "benchmark": {
    "alpha": 0.0,
    "beta": 1.0,
    "sharpe_ratio": 0.6963832468712438,
    "sortino_ratio": 1.026951744248794,
    "annual_volatility": 0.65073770901955,
    "annual_return": 0.32189825910182446,
    "daily_winning_ratio": 0.5195729537366548,
    "max_drawdown": 0.3559309951525521
  },
  "strategy": {
    "alpha": -0.19868909708153348,
    "beta": 0.29138910425697856,
    "sharpe_ratio": -0.22397556465964305,
    "sortino_ratio": -0.32829379933438474,
    "annual_volatility": 0.399116535226818,
    "annual_return": -0.12349649773056903,
    "daily_winning_ratio": 0.5195729537366548,
    "max_drawdown": 0.3559309951525521
  }
}