{
  "benchmark": {
    "alpha": 0.0,
    "beta": 1.0,
    "sharpe_ratio": 0.014426270349034315,
    "sortino_ratio": 0.0202967633103893,
    "annual_volatility": 0.588278211846552,
    "annual_return": -0.12092156964989809,
    "daily_winning_ratio": 0.4838709677419355,
    "max_drawdown": 0.6855574565155403
  },
  "strategy": {
    "alpha": -0.2907893302190745,
    "beta": 0.22844648243357119,
    "sharpe_ratio": -1.0192660178527768,
    "sortino_ratio": -1.3578470075598743,
    "annual_volatility": 0.3365572086499841,
    "annual_return": -0.3049506534671802,
    "daily_winning_ratio": 0.3527950310559006,
    "max_drawdown": 0.6855574565155403
  }
}