{
  "benchmark": {
    "alpha": 0.0,
    "beta": 1.0,
    "sharpe_ratio": -0.43208666251862726,
    "sortino_ratio": -0.5907966388085918,
    "annual_volatility": 0.6607265103769369,
    "annual_return": -0.374262238998576,
    "daily_winning_ratio": 0.4930555555555556,
    "max_drawdown": 0.47939834616481325
  },
  "strategy": {
    "alpha": -0.17303077308613146,
    "beta": 0.1960255496791744,
    "sharpe_ratio": -0.7319354401672349,
    "sortino_ratio": -1.0394981920883872,
    "annual_volatility": 0.33596120208458663,
    "annual_return": -0.2332191857097139,
    "daily_winning_ratio": 0.4930555555555556,
    "max_drawdown": 0.47939834616481325
  }
}