{
  "benchmark": {
    "alpha": 0.0,
    "beta": 1.0,
    "sharpe_ratio": 3.1518647796838395,
    "sortino_ratio": 5.150355390032665,
    "annual_volatility": 0.6588392236540458,
    "annual_return": 5.642074529307477,
    "daily_winning_ratio": 0.5585585585585585,
    "max_drawdown": 0.20466772151898727
  },
  "strategy": {
    "alpha": -0.36670270248924597,
    "beta": 0.29473395565217375,
    "sharpe_ratio": 0.42256375940553975,
    "sortino_ratio": 0.7039655910287113,
    "annual_volatility": 0.3680078099496236,
    "annual_return": 0.1344207243546911,
    "daily_winning_ratio": 0.5585585585585585,
    "max_drawdown": 0.20466772151898727
  }
}