{
  "benchmark": {
    "alpha": 0.0,
    "beta": 1.0,
    "sharpe_ratio": 0.4799814348743649,
    "sortino_ratio": 0.6876982109361315,
    "annual_volatility": 0.5652162682881118,
    "annual_return": 0.15885023921701857,
    "daily_winning_ratio": 0.49690721649484537,
    "max_drawdown": 0.6855574565155403
  },
  "strategy": {
    "alpha": -0.08286402296236184,
    "beta": 0.20076705499715242,
    "sharpe_ratio": 0.05742129127725443,
    "sortino_ratio": 0.0810858913724104,
    "annual_volatility": 0.36594965908111005,
    "annual_return": -0.009622198729195452,
    "daily_winning_ratio": 0.400990099009901,
    "max_drawdown": 0.6855574565155403
  }
}