{
  "benchmark": {
    "alpha": 0.0,
    "beta": 1.0,
    "sharpe_ratio": 0.4799814348743649,
    "sortino_ratio": 0.6876982109361315,
    "annual_volatility": 0.5652162682881118,
    "annual_return": 0.15885023921701857,
    "daily_winning_ratio": 0.49690721649484537,
    "max_drawdown": 0.6855574565155403
  },
  "strategy": {
    "alpha": -0.08286402296236184,
    "beta": 0.20076705499715244,
    "sharpe_ratio": 0.27176357003922813,
    "sortino_ratio": 0.39831901471545134,
    "annual_volatility": 0.40266169913993494,
    "annual_return": 0.06723766607336623,
    "daily_winning_ratio": 0.420843277645187,
    "max_drawdown": 0.6855574565155403
  }
}