{
  "benchmark": {
    "alpha": 0.0,
    "beta": 1.0000000000000002,
    "sharpe_ratio": 0.44747220729065657,
    "sortino_ratio": 0.6557165702331574,
    "annual_volatility": 0.6650177456500472,
    "annual_return": 0.12112889184985365,
    "daily_winning_ratio": 0.5097276264591439,
    "max_drawdown": 0.3360422013116624
  },
  "strategy": {
    "alpha": -0.10448639478485477,
    "beta": 0.2797559542886771,
    "sharpe_ratio": -0.06764266590716149,
    "sortino_ratio": -0.10136019639923213,
    "annual_volatility": 0.4005202436695953,
    "annual_return": -0.06747715663178655,
    "daily_winning_ratio": 0.5097276264591439,
    "max_drawdown": 0.3360422013116624
  }
}