{
  "benchmark": {
    "alpha": 0.0,
    "beta": 0.9999999999999998,
    "sharpe_ratio": -4.547601252074524,
    "sortino_ratio": -5.335990976646401,
    "annual_volatility": 0.4367426115127556,
    "annual_return": -0.8707698861909832,
    "daily_winning_ratio": 0.4444444444444444,
    "max_drawdown": 0.0035964035964035634
  },
  "strategy": {
    "alpha": -0.04055045833709703,
    "beta": 0.023060666272780066,
    "sharpe_ratio": -7.75739736943209,
    "sortino_ratio": -8.081587025355573,
    "annual_volatility": 0.011240202284957476,
    "annual_return": -0.04949125655569886,
    "daily_winning_ratio": 0.4444444444444444,
    "max_drawdown": 0.0035964035964035634
  }
}