{
  "benchmark": {
    "alpha": 0.0,
    "beta": 1.0,
    "sharpe_ratio": 0.0004443697651149125,
    "sortino_ratio": 0.0006242334246111869,
    "annual_volatility": 0.6117307615218748,
    "annual_return": -0.14037138523445425,
    "daily_winning_ratio": 0.48739495798319327,
    "max_drawdown": 0.659181636726547
  },
  "strategy": {
    "alpha": -0.2957642971339234,
    "beta": 0.2385698991051332,
    "sharpe_ratio": -0.9865540389953285,
    "sortino_ratio": -1.3156482439587445,
    "annual_volatility": 0.3552805181491062,
    "annual_return": -0.3146084153141445,
    "daily_winning_ratio": 0.3534361851332398,
    "max_drawdown": 0.659181636726547
  }
}