{
  "benchmark": {
    "alpha": 0.0,
    "beta": 1.0,
    "sharpe_ratio": 0.06123689844527706,
    "sortino_ratio": 0.0862657104628023,
    "annual_volatility": 0.5809653738486943,
    "annual_return": -0.09288950405207308,
    "daily_winning_ratio": 0.48495788206979545,
    "max_drawdown": 0.6855574565155403
  },
  "strategy": {
    "alpha": -0.28309914369426736,
    "beta": 0.2264928292269254,
    "sharpe_ratio": -0.9766930544948788,
    "sortino_ratio": -1.3022281976414758,
    "annual_volatility": 0.3321897105441763,
    "annual_return": -0.2908511724566031,
    "daily_winning_ratio": 0.3578313253012048,
    "max_drawdown": 0.6855574565155403
  }
}