{
  "benchmark": {
    "alpha": 0.0,
    "beta": 1.0,
    "sharpe_ratio": 2.8740552181591656,
    "sortino_ratio": 4.662506642003485,
    "annual_volatility": 0.6435297381675529,
    "annual_return": 4.349717113990052,
    "daily_winning_ratio": 0.5333333333333333,
    "max_drawdown": 0.20466772151898727
  },
  "strategy": {
    "alpha": 0.3109412918355039,
    "beta": 0.34695397209974216,
    "sharpe_ratio": 2.082444734236638,
    "sortino_ratio": 3.8725685326469437,
    "annual_volatility": 0.43821144342616886,
    "annual_return": 1.3511440220984725,
    "daily_winning_ratio": 0.5333333333333333,
    "max_drawdown": 0.20466772151898727
  }
}