{
  "benchmark": {
    "alpha": 0.0,
    "beta": 0.9999999999999998,
    "sharpe_ratio": -0.04932626329256598,
    "sortino_ratio": -0.06949982614553293,
    "annual_volatility": 0.6550291674867135,
    "annual_return": -0.18950031799624378,
    "daily_winning_ratio": 0.509493670886076,
    "max_drawdown": 0.366837753065298
  },
  "strategy": {
    "alpha": -0.08878580055663154,
    "beta": 0.26041848712304805,
    "sharpe_ratio": -0.26832032364145986,
    "sortino_ratio": -0.3926923129618893,
    "annual_volatility": 0.37783049488168596,
    "annual_return": -0.12684540965377766,
    "daily_winning_ratio": 0.509493670886076,
    "max_drawdown": 0.366837753065298
  }
}