{
  "benchmark": {
    "alpha": 0.0,
    "beta": 1.0,
    "sharpe_ratio": 0.4799814348743649,
    "sortino_ratio": 0.6876982109361315,
    "annual_volatility": 0.5652162682881118,
    "annual_return": 0.15885023921701857,
    "daily_winning_ratio": 0.49690721649484537,
    "max_drawdown": 0.6855574565155403
  },
  "strategy": {
    "alpha": -0.08286402296236184,
    "beta": 0.2007670549971525,
    "sharpe_ratio": -0.13564507598249112,
    "sortino_ratio": -0.19316514549260433,
    "annual_volatility": 0.3943868027825829,
    "annual_return": -0.09038743067679877,
    "daily_winning_ratio": 0.4111111111111111,
    "max_drawdown": 0.6855574565155403
  }
}