{
  "benchmark": {
    "alpha": 0.0,
    "beta": 1.0,
    "sharpe_ratio": 0.5893049727130315,
    "sortino_ratio": 0.863382263760587,
    "annual_volatility": 0.6483531192136148,
    "annual_return": 0.23303684067620734,
    "daily_winning_ratio": 0.5208333333333334,
    "max_drawdown": 0.366837753065298
  },
  "strategy": {
    "alpha": -0.1962043732555634,
    "beta": 0.2918569707805825,
    "sharpe_ratio": -0.26989564593374116,
    "sortino_ratio": -0.39506023188355077,
    "annual_volatility": 0.39583024245836385,
    "annual_return": -0.1375475474777823,
    "daily_winning_ratio": 0.5208333333333334,
    "max_drawdown": 0.366837753065298
  }
}