{
  "benchmark": {
    "alpha": 0.0,
    "beta": 1.0,
    "sharpe_ratio": 2.482739641281731,
    "sortino_ratio": 3.961223097012522,
    "annual_volatility": 0.640253195957429,
    "annual_return": 3.137706584968492,
    "daily_winning_ratio": 0.5319148936170213,
    "max_drawdown": 0.20466772151898727
  },
  "strategy": {
    "alpha": 0.09113655489358186,
    "beta": 0.36476983277820924,
    "sharpe_ratio": 1.5113349347737448,
    "sortino_ratio": 2.660089370396146,
    "annual_volatility": 0.44137260845106885,
    "annual_return": 0.8373335958889112,
    "daily_winning_ratio": 0.5319148936170213,
    "max_drawdown": 0.20466772151898727
  }
}