{
  "benchmark": {
    "alpha": 0.0,
    "beta": 1.0,
    "sharpe_ratio": 0.028226281760878994,
    "sortino_ratio": 0.039648775197376945,
    "annual_volatility": 0.6174139580834866,
    "annual_return": -0.12858088972121295,
    "daily_winning_ratio": 0.4862119013062409,
    "max_drawdown": 0.659181636726547
  },
  "strategy": {
    "alpha": -0.30654100436792986,
    "beta": 0.24274795212088285,
    "sharpe_ratio": -1.000664743636025,
    "sortino_ratio": -1.3344492847106166,
    "annual_volatility": 0.3616730186821026,
    "annual_return": -0.32395245430540276,
    "daily_winning_ratio": 0.36627906976744184,
    "max_drawdown": 0.659181636726547
  }
}