{
  "benchmark": {
    "alpha": 0.0,
    "beta": 1.0000000000000002,
    "sharpe_ratio": 0.8100352973470015,
    "sortino_ratio": 1.1724774637936093,
    "annual_volatility": 0.6300000837859732,
    "annual_return": 0.4168910205856855,
    "daily_winning_ratio": 0.5148514851485149,
    "max_drawdown": 0.20466772151898727
  },
  "strategy": {
    "alpha": 0.11189050197153372,
    "beta": 0.342729803544906,
    "sharpe_ratio": 0.6550209153038103,
    "sortino_ratio": 1.0335084436379647,
    "annual_volatility": 0.42896309045039815,
    "annual_return": 0.2547106670101533,
    "daily_winning_ratio": 0.5148514851485149,
    "max_drawdown": 0.20466772151898727
  }
}