{
  "benchmark": {
    "alpha": 0.0,
    "beta": 1.0,
    "sharpe_ratio": 2.2975019080161068,
    "sortino_ratio": 3.6212538457799743,
    "annual_volatility": 0.6434515778494104,
    "annual_return": 2.6956265972075624,
    "daily_winning_ratio": 0.5314685314685315,
    "max_drawdown": 0.20466772151898727
  },
  "strategy": {
    "alpha": 0.13119277620581626,
    "beta": 0.3604676805567638,
    "sharpe_ratio": 1.4559304031587357,
    "sortino_ratio": 2.5605715639096758,
    "annual_volatility": 0.4401103036220896,
    "annual_return": 0.7906975079515104,
    "daily_winning_ratio": 0.528169014084507,
    "max_drawdown": 0.20466772151898727
  }
}