{
  "benchmark": {
    "alpha": 0.0,
    "beta": 0.9999999999999998,
    "sharpe_ratio": 1.7029149485652395,
    "sortino_ratio": 2.5426219896587234,
    "annual_volatility": 0.6387649946343339,
    "annual_return": 1.5101322443995042,
    "daily_winning_ratio": 0.5301204819277109,
    "max_drawdown": 0.14651898734177216
  },
  "strategy": {
    "alpha": -0.08857555497832026,
    "beta": 0.43393308138633324,
    "sharpe_ratio": 0.9214677956445815,
    "sortino_ratio": 1.5671098122000016,
    "annual_volatility": 0.41160561481587504,
    "annual_return": 0.39592070984238714,
    "daily_winning_ratio": 0.5301204819277109,
    "max_drawdown": 0.14651898734177216
  }
}