{
  "benchmark": {
    "alpha": 0.0,
    "beta": 1.0000000000000002,
    "sharpe_ratio": -0.11945809893907645,
    "sortino_ratio": -0.16444347094168896,
    "annual_volatility": 0.6341577353222807,
    "annual_return": -0.2149150145147396,
    "daily_winning_ratio": 0.49568221070811747,
    "max_drawdown": 0.614342743085258
  },
  "strategy": {
    "alpha": -0.20560317398692152,
    "beta": 0.21885850259522063,
    "sharpe_ratio": -0.7089712848856645,
    "sortino_ratio": -0.9641438664818213,
    "annual_volatility": 0.34793974669813427,
    "annual_return": -0.23751812588897026,
    "daily_winning_ratio": 0.3696027633851468,
    "max_drawdown": 0.614342743085258
  }
}