{
  "benchmark": {
    "alpha": 0.0,
    "beta": 1.0,
    "sharpe_ratio": 0.27499292008509385,
    "sortino_ratio": 0.3919696389806452,
    "annual_volatility": 0.5767166893910469,
    "annual_return": 0.028573287800691682,
    "daily_winning_ratio": 0.4880273660205245,
    "max_drawdown": 0.6855574565155403
  },
  "strategy": {
    "alpha": -0.23890580545367834,
    "beta": 0.21473472399399923,
    "sharpe_ratio": -0.7208919513418172,
    "sortino_ratio": -0.9735087825775312,
    "annual_volatility": 0.3308648060838125,
    "annual_return": -0.22679220105354503,
    "daily_winning_ratio": 0.3721461187214612,
    "max_drawdown": 0.6855574565155403
  }
}