{
  "benchmark": {
    "alpha": 0.0,
    "beta": 1.0,
    "sharpe_ratio": 0.4799814348743649,
    "sortino_ratio": 0.6876982109361315,
    "annual_volatility": 0.5652162682881118,
    "annual_return": 0.15885023921701857,
    "daily_winning_ratio": 0.49690721649484537,
    "max_drawdown": 0.6855574565155403
  },
  "strategy": {
    "alpha": -0.08286402296236184,
    "beta": 0.20076705499715247,
    "sharpe_ratio": -0.1429738523310395,
    "sortino_ratio": -0.20201819432625714,
    "annual_volatility": 0.378778750989707,
    "annual_return": -0.08560723216961419,
    "daily_winning_ratio": 0.40545454545454546,
    "max_drawdown": 0.6855574565155403
  }
}