{
  "benchmark": {
    "alpha": 0.0,
    "beta": 1.0,
    "sharpe_ratio": 0.4799814348743649,
    "sortino_ratio": 0.6876982109361315,
    "annual_volatility": 0.5652162682881118,
    "annual_return": 0.15885023921701857,
    "daily_winning_ratio": 0.49690721649484537,
    "max_drawdown": 0.6855574565155403
  },
  "strategy": {
    "alpha": -0.08286402296236184,
    "beta": 0.20076705499715244,
    "sharpe_ratio": -0.05678138176177848,
    "sortino_ratio": -0.07947694571568073,
    "annual_volatility": 0.36959468764020864,
    "annual_return": -0.05166311304191984,
    "daily_winning_ratio": 0.40233236151603496,
    "max_drawdown": 0.6855574565155403
  }
}