{
  "benchmark": {
    "alpha": 0.0,
    "beta": 1.0,
    "sharpe_ratio": 2.7674954203249333,
    "sortino_ratio": 4.4436488448968285,
    "annual_volatility": 0.6480070792483706,
    "annual_return": 4.043954771882341,
    "daily_winning_ratio": 0.5390625,
    "max_drawdown": 0.20466772151898727
  },
  "strategy": {
    "alpha": 0.24656131498617162,
    "beta": 0.33241102658134125,
    "sharpe_ratio": 1.930780021839491,
    "sortino_ratio": 3.6652936557670874,
    "annual_volatility": 0.43685100092346163,
    "annual_return": 1.1963399695722163,
    "daily_winning_ratio": 0.5433070866141733,
    "max_drawdown": 0.20466772151898727
  }
}