{
  "benchmark": {
    "alpha": 0.0,
    "beta": 1.0,
    "sharpe_ratio": 0.1306867678702342,
    "sortino_ratio": 0.18454174041699584,
    "annual_volatility": 0.6103257421286181,
    "annual_return": -0.0683928632907288,
    "daily_winning_ratio": 0.48830811554332876,
    "max_drawdown": 0.6598232107214143
  },
  "strategy": {
    "alpha": -0.3062162673820382,
    "beta": 0.2355622056744634,
    "sharpe_ratio": -0.9822217952638272,
    "sortino_ratio": -1.309864333540485,
    "annual_volatility": 0.35208697299529135,
    "annual_return": -0.310609816966981,
    "daily_winning_ratio": 0.3484848484848485,
    "max_drawdown": 0.6598232107214143
  }
}