{
  "benchmark": {
    "alpha": 0.0,
    "beta": 1.0,
    "sharpe_ratio": 0.02498890699842768,
    "sortino_ratio": 0.035133088522132316,
    "annual_volatility": 0.5946496726655776,
    "annual_return": -0.11866241479988882,
    "daily_winning_ratio": 0.4865211810012837,
    "max_drawdown": 0.6766467065868264
  },
  "strategy": {
    "alpha": -0.3024747779211612,
    "beta": 0.23271437215917806,
    "sharpe_ratio": -1.021220093825264,
    "sortino_ratio": -1.3598568815521854,
    "annual_volatility": 0.3412871481296626,
    "annual_return": -0.30987527706074536,
    "daily_winning_ratio": 0.35218508997429304,
    "max_drawdown": 0.6766467065868264
  }
}