{
  "benchmark": {
    "alpha": 0.0,
    "beta": 0.9999999999999998,
    "sharpe_ratio": -0.25521487084782024,
    "sortino_ratio": -0.3493171420355707,
    "annual_volatility": 0.6376766640476526,
    "annual_return": -0.28204083675365044,
    "daily_winning_ratio": 0.49380530973451325,
    "max_drawdown": 0.614342743085258
  },
  "strategy": {
    "alpha": -0.18105610753347734,
    "beta": 0.21736979485560537,
    "sharpe_ratio": -0.6736830545104092,
    "sortino_ratio": -0.9211365775194551,
    "annual_volatility": 0.34891899758041434,
    "annual_return": -0.2288510089203809,
    "daily_winning_ratio": 0.36283185840707965,
    "max_drawdown": 0.614342743085258
  }
}