{
  "benchmark": {
    "alpha": 0.0,
    "beta": 1.0,
    "sharpe_ratio": 0.10630260062022721,
    "sortino_ratio": 0.14966756312702778,
    "annual_volatility": 0.6262256802723065,
    "annual_return": -0.08970334200322416,
    "daily_winning_ratio": 0.4901065449010654,
    "max_drawdown": 0.6201169090390647
  },
  "strategy": {
    "alpha": -0.27110982188952404,
    "beta": 0.23854980171952853,
    "sharpe_ratio": -0.830074007727383,
    "sortino_ratio": -1.1266077439797748,
    "annual_volatility": 0.3616727312103817,
    "annual_return": -0.280797368164981,
    "daily_winning_ratio": 0.3759512937595129,
    "max_drawdown": 0.6201169090390647
  }
}