{
  "benchmark": {
    "alpha": 0.0,
    "beta": 1.0,
    "sharpe_ratio": 3.452669269600902,
    "sortino_ratio": 6.320862260933098,
    "annual_volatility": 0.5996518555955181,
    "annual_return": 5.868968332319685,
    "daily_winning_ratio": 0.53125,
    "max_drawdown": 0.057178526841448196
  },
  "strategy": {
    "alpha": 0.2511021529474502,
    "beta": 0.41048739107761,
    "sharpe_ratio": 2.6370825374118656,
    "sortino_ratio": 6.543314235031864,
    "annual_volatility": 0.4072555700652023,
    "annual_return": 1.803210939930723,
    "daily_winning_ratio": 0.53125,
    "max_drawdown": 0.057178526841448196
  }
}