{
  "benchmark": {
    "alpha": 0.0,
    "beta": 1.0,
    "sharpe_ratio": 0.08342034365711778,
    "sortino_ratio": 0.11770064468031576,
    "annual_volatility": 0.5928787613139441,
    "annual_return": -0.08662384494074071,
    "daily_winning_ratio": 0.487146529562982,
    "max_drawdown": 0.6665240946678073
  },
  "strategy": {
    "alpha": -0.2939626717893008,
    "beta": 0.23215613967328128,
    "sharpe_ratio": -0.9817109290122156,
    "sortino_ratio": -1.3092922455669878,
    "annual_volatility": 0.34090637849708705,
    "annual_return": -0.30014352908805453,
    "daily_winning_ratio": 0.35263835263835264,
    "max_drawdown": 0.6665240946678073
  }
}