{
  "benchmark": {
    "alpha": 0.0,
    "beta": 1.0,
    "sharpe_ratio": 0.4799814348743649,
    "sortino_ratio": 0.6876982109361315,
    "annual_volatility": 0.5652162682881118,
    "annual_return": 0.15885023921701857,
    "daily_winning_ratio": 0.49690721649484537,
    "max_drawdown": 0.6855574565155403
  },
  "strategy": {
    "alpha": -0.08286402296236184,
    "beta": 0.20076705499715242,
    "sharpe_ratio": -3.3599965069076344e-05,
    "sortino_ratio": -4.7898899167037425e-05,
    "annual_volatility": 0.37949289716699264,
    "annual_return": -0.03495340254233892,
    "daily_winning_ratio": 0.4090909090909091,
    "max_drawdown": 0.6855574565155403
  }
}