{
  "benchmark": {
    "alpha": 0.0,
    "beta": 1.0,
    "sharpe_ratio": 0.4799814348743649,
    "sortino_ratio": 0.6876982109361315,
    "annual_volatility": 0.5652162682881118,
    "annual_return": 0.15885023921701857,
    "daily_winning_ratio": 0.49690721649484537,
    "max_drawdown": 0.6855574565155403
  },
  "strategy": {
    "alpha": -0.08286402296236184,
    "beta": 0.2007670549971525,
    "sharpe_ratio": -0.08522196786815815,
    "sortino_ratio": -0.12158535375455073,
    "annual_volatility": 0.39459419118664063,
    "annual_return": -0.07220462079916568,
    "daily_winning_ratio": 0.4122657580919932,
    "max_drawdown": 0.6855574565155403
  }
}