{
  "benchmark": {
    "alpha": 0.0,
    "beta": 1.0,
    "sharpe_ratio": -0.5073127084837248,
    "sortino_ratio": -0.6883879006536257,
    "annual_volatility": 0.6647667751109106,
    "annual_return": -0.4077862418140188,
    "daily_winning_ratio": 0.492,
    "max_drawdown": 0.5511120615911035
  },
  "strategy": {
    "alpha": -0.2099969342019572,
    "beta": 0.2180521014990732,
    "sharpe_ratio": -0.8447097963041676,
    "sortino_ratio": -1.1417059406410435,
    "annual_volatility": 0.3557515504626378,
    "annual_return": -0.2795256985749299,
    "daily_winning_ratio": 0.3609467455621302,
    "max_drawdown": 0.5511120615911035
  }
}