{
  "benchmark": {
    "alpha": 0.0,
    "beta": 1.0,
    "sharpe_ratio": 0.2586777776901328,
    "sortino_ratio": 0.3682198514790028,
    "annual_volatility": 0.57567605233854,
    "annual_return": 0.019251116556867398,
    "daily_winning_ratio": 0.48788927335640137,
    "max_drawdown": 0.6855574565155403
  },
  "strategy": {
    "alpha": -0.24418443009995205,
    "beta": 0.22430337727223468,
    "sharpe_ratio": -0.7430375102066291,
    "sortino_ratio": -1.0010711835119754,
    "annual_volatility": 0.3292641147333504,
    "annual_return": -0.23112871348605457,
    "daily_winning_ratio": 0.37109826589595374,
    "max_drawdown": 0.6855574565155403
  }
}