{
  "benchmark": {
    "alpha": 0.0,
    "beta": 1.0,
    "sharpe_ratio": 0.7138575852759975,
    "sortino_ratio": 1.0555975054223175,
    "annual_volatility": 0.6573013644821255,
    "annual_return": 0.33778356066843407,
    "daily_winning_ratio": 0.5141700404858299,
    "max_drawdown": 0.3360422013116624
  },
  "strategy": {
    "alpha": -0.14802005812510732,
    "beta": 0.29659176014236927,
    "sharpe_ratio": -0.051377811077357616,
    "sortino_ratio": -0.07700051515212876,
    "annual_volatility": 0.40855166974544,
    "annual_return": -0.06476540714350965,
    "daily_winning_ratio": 0.5141700404858299,
    "max_drawdown": 0.3360422013116624
  }
}