{
  "benchmark": {
    "alpha": 0.0,
    "beta": 1.0000000000000002,
    "sharpe_ratio": 3.090560991931931,
    "sortino_ratio": 5.050068846115864,
    "annual_volatility": 0.6648413868116579,
    "annual_return": 5.474279093779238,
    "daily_winning_ratio": 0.5504587155963303,
    "max_drawdown": 0.20466772151898727
  },
  "strategy": {
    "alpha": -0.3542776459260899,
    "beta": 0.29481734799477644,
    "sharpe_ratio": 0.45422738549555897,
    "sortino_ratio": 0.757060367661267,
    "annual_volatility": 0.37128362450194613,
    "annual_return": 0.1480791510630941,
    "daily_winning_ratio": 0.5504587155963303,
    "max_drawdown": 0.20466772151898727
  }
}