{
  "benchmark": {
    "alpha": 0.0,
    "beta": 1.0000000000000002,
    "sharpe_ratio": 0.270578452992128,
    "sortino_ratio": 0.38522124924601614,
    "annual_volatility": 0.5759100219357906,
    "annual_return": 0.026180995001466423,
    "daily_winning_ratio": 0.4884526558891455,
    "max_drawdown": 0.6855574565155403
  },
  "strategy": {
    "alpha": -0.24418443009995205,
    "beta": 0.22430337727223468,
    "sharpe_ratio": -0.7430375102066291,
    "sortino_ratio": -1.0010711835119754,
    "annual_volatility": 0.3292641147333504,
    "annual_return": -0.23112871348605457,
    "daily_winning_ratio": 0.37109826589595374,
    "max_drawdown": 0.6855574565155403
  }
}