{
  "benchmark": {
    "alpha": 0.0,
    "beta": 1.0,
    "sharpe_ratio": 0.019743634252722866,
    "sortino_ratio": 0.027740469820548955,
    "annual_volatility": 0.6109603591478787,
    "annual_return": -0.12976331188121693,
    "daily_winning_ratio": 0.48885793871866295,
    "max_drawdown": 0.659181636726547
  },
  "strategy": {
    "alpha": -0.2960269943055004,
    "beta": 0.23787120635521974,
    "sharpe_ratio": -0.9843710155591084,
    "sortino_ratio": -1.312739523852417,
    "annual_volatility": 0.35428884245127373,
    "annual_return": -0.3131624463416265,
    "daily_winning_ratio": 0.3514644351464435,
    "max_drawdown": 0.659181636726547
  }
}