{
  "benchmark": {
    "alpha": 0.0,
    "beta": 0.9999999999999998,
    "sharpe_ratio": 2.7307446019760397,
    "sortino_ratio": 4.410381801059686,
    "annual_volatility": 0.6381758725415325,
    "annual_return": 3.8260463867381818,
    "daily_winning_ratio": 0.5323741007194245,
    "max_drawdown": 0.20466772151898727
  },
  "strategy": {
    "alpha": 0.19264809702703167,
    "beta": 0.35490591735186106,
    "sharpe_ratio": 1.815180246126957,
    "sortino_ratio": 3.2892756171590953,
    "annual_volatility": 0.437814114441423,
    "annual_return": 1.0904405794863434,
    "daily_winning_ratio": 0.5323741007194245,
    "max_drawdown": 0.20466772151898727
  }
}