{
  "benchmark": {
    "alpha": 0.0,
    "beta": 1.0,
    "sharpe_ratio": 0.28660989884038623,
    "sortino_ratio": 0.40890153315894273,
    "annual_volatility": 0.576789136213908,
    "annual_return": 0.03546850194918072,
    "daily_winning_ratio": 0.48791714614499426,
    "max_drawdown": 0.6855574565155403
  },
  "strategy": {
    "alpha": -0.25082657827356436,
    "beta": 0.2246398227948979,
    "sharpe_ratio": -0.7754161250995034,
    "sortino_ratio": -1.043909037576325,
    "annual_volatility": 0.32913736853483866,
    "annual_return": -0.23918054295564284,
    "daily_winning_ratio": 0.370242214532872,
    "max_drawdown": 0.6855574565155403
  }
}