{
  "benchmark": {
    "alpha": 0.0,
    "beta": 0.9999999999999998,
    "sharpe_ratio": 0.024568623149807147,
    "sortino_ratio": 0.03448407132539637,
    "annual_volatility": 0.6352372652454713,
    "annual_return": -0.13988871480065845,
    "daily_winning_ratio": 0.4864433811802233,
    "max_drawdown": 0.614342743085258
  },
  "strategy": {
    "alpha": -0.24255953286816123,
    "beta": 0.23394426406060048,
    "sharpe_ratio": -0.7647382236041051,
    "sortino_ratio": -1.0405132653883213,
    "annual_volatility": 0.35836248837236645,
    "annual_return": -0.260840868410409,
    "daily_winning_ratio": 0.37320574162679426,
    "max_drawdown": 0.614342743085258
  }
}