{
  "benchmark": {
    "alpha": 0.0,
    "beta": 1.0000000000000002,
    "sharpe_ratio": -0.2720199820656132,
    "sortino_ratio": -0.37564521141786805,
    "annual_volatility": 0.6646105822019094,
    "annual_return": -0.3067305811640696,
    "daily_winning_ratio": 0.49772727272727274,
    "max_drawdown": 0.45644425434844604
  },
  "strategy": {
    "alpha": -0.15574119932282238,
    "beta": 0.19137193045722095,
    "sharpe_ratio": -0.6166688974255493,
    "sortino_ratio": -0.8825715801457608,
    "annual_volatility": 0.33057377523581516,
    "annual_return": -0.1988252305451753,
    "daily_winning_ratio": 0.49772727272727274,
    "max_drawdown": 0.45644425434844604
  }
}