{
  "benchmark": {
    "alpha": 0.0,
    "beta": 1.0,
    "sharpe_ratio": 0.1535085367219045,
    "sortino_ratio": 0.21680283811862436,
    "annual_volatility": 0.6078409076315218,
    "annual_return": -0.05425441360290295,
    "daily_winning_ratio": 0.49182561307901906,
    "max_drawdown": 0.6605360707157115
  },
  "strategy": {
    "alpha": -0.30243508186583934,
    "beta": 0.23523232864363489,
    "sharpe_ratio": -0.9703784111962015,
    "sortino_ratio": -1.294124961141816,
    "annual_volatility": 0.3504354530552457,
    "annual_return": -0.30621027574910686,
    "daily_winning_ratio": 0.3519781718963165,
    "max_drawdown": 0.6605360707157115
  }
}