{
  "benchmark": {
    "alpha": 0.0,
    "beta": 1.0,
    "sharpe_ratio": 0.4099855401797566,
    "sortino_ratio": 0.5760437467826864,
    "annual_volatility": 0.63010529617898,
    "annual_return": 0.10067387975450681,
    "daily_winning_ratio": 0.518348623853211,
    "max_drawdown": 0.20466772151898727
  },
  "strategy": {
    "alpha": 0.1891892237084103,
    "beta": 0.3179984215056045,
    "sharpe_ratio": 0.6187410794194268,
    "sortino_ratio": 0.9761399487028388,
    "annual_volatility": 0.4128749750313538,
    "annual_return": 0.23125610040369815,
    "daily_winning_ratio": 0.518348623853211,
    "max_drawdown": 0.20466772151898727
  }
}