{
  "benchmark": {
    "alpha": 0.0,
    "beta": 1.0,
    "sharpe_ratio": 0.4799814348743649,
    "sortino_ratio": 0.6876982109361315,
    "annual_volatility": 0.5652162682881118,
    "annual_return": 0.15885023921701857,
    "daily_winning_ratio": 0.49690721649484537,
    "max_drawdown": 0.6855574565155403
  },
  "strategy": {
    "alpha": -0.08286402296236184,
    "beta": 0.20076705499715247,
    "sharpe_ratio": -0.08713880576228353,
    "sortino_ratio": -0.12166774425099675,
    "annual_volatility": 0.34535471253002187,
    "annual_return": -0.052099190184715094,
    "daily_winning_ratio": 0.3940329218106996,
    "max_drawdown": 0.6855574565155403
  }
}