{
  "benchmark": {
    "alpha": 0.0,
    "beta": 1.0,
    "sharpe_ratio": 2.6899068396317642,
    "sortino_ratio": 4.282146288904809,
    "annual_volatility": 0.6610405290477348,
    "annual_return": 3.9272932647327883,
    "daily_winning_ratio": 0.5533980582524272,
    "max_drawdown": 0.18852848101265818
  },
  "strategy": {
    "alpha": -0.3557726823238082,
    "beta": 0.3157020528051143,
    "sharpe_ratio": 0.3247085716933124,
    "sortino_ratio": 0.5393472490422152,
    "annual_volatility": 0.37548360388177676,
    "annual_return": 0.09408916249749,
    "daily_winning_ratio": 0.5533980582524272,
    "max_drawdown": 0.18852848101265818
  }
}