{
  "benchmark": {
    "alpha": 0.0,
    "beta": 1.0000000000000002,
    "sharpe_ratio": 2.7795464022846166,
    "sortino_ratio": 4.453568438751942,
    "annual_volatility": 0.6509543736399749,
    "annual_return": 4.115290683743531,
    "daily_winning_ratio": 0.544,
    "max_drawdown": 0.20466772151898727
  },
  "strategy": {
    "alpha": 0.12656490046442448,
    "beta": 0.32890776927325605,
    "sharpe_ratio": 1.654976662200811,
    "sortino_ratio": 3.1145121887928706,
    "annual_volatility": 0.43827403521512526,
    "annual_return": 0.9510154747242834,
    "daily_winning_ratio": 0.5483870967741935,
    "max_drawdown": 0.20466772151898727
  }
}