{
  "benchmark": {
    "alpha": 0.0,
    "beta": 1.0,
    "sharpe_ratio": -0.7231077768813134,
    "sortino_ratio": -1.0913213041368128,
    "annual_volatility": 0.5543956243637248,
    "annual_return": -0.3997998230743022,
    "daily_winning_ratio": 0.5,
    "max_drawdown": 0.00419580419580412
  },
  "strategy": {
    "alpha": -0.06596930934293643,
    "beta": 0.008024334292117682,
    "sharpe_ratio": -6.317419171030261,
    "sortino_ratio": -6.8835490772554975,
    "annual_volatility": 0.011311020821042208,
    "annual_return": -0.03441336892531299,
    "daily_winning_ratio": 0.5,
    "max_drawdown": 0.00419580419580412
  }
}