{
  "benchmark": {
    "alpha": 0.0,
    "beta": 1.0,
    "sharpe_ratio": 2.1294554937567503,
    "sortino_ratio": 3.3365410405106535,
    "annual_volatility": 0.6427896091845205,
    "annual_return": 2.3147171462242904,
    "daily_winning_ratio": 0.5273972602739726,
    "max_drawdown": 0.20466772151898727
  },
  "strategy": {
    "alpha": 0.17553715986721263,
    "beta": 0.3531092393756046,
    "sharpe_ratio": 1.4860869998602462,
    "sortino_ratio": 2.6138639799128804,
    "annual_volatility": 0.4340890464797938,
    "annual_return": 0.8030115120663228,
    "daily_winning_ratio": 0.5273972602739726,
    "max_drawdown": 0.20466772151898727
  }
}