{
  "benchmark": {
    "alpha": 0.0,
    "beta": 1.0,
    "sharpe_ratio": -0.08099939707927298,
    "sortino_ratio": -0.11286287551969823,
    "annual_volatility": 0.6326284564876308,
    "annual_return": -0.19431545725090982,
    "daily_winning_ratio": 0.4855305466237942,
    "max_drawdown": 0.614342743085258
  },
  "strategy": {
    "alpha": -0.2629758256374507,
    "beta": 0.22294444653835205,
    "sharpe_ratio": -0.9005140768572637,
    "sortino_ratio": -1.199855605118218,
    "annual_volatility": 0.35138963623162495,
    "annual_return": -0.28989803964109495,
    "daily_winning_ratio": 0.37138263665594856,
    "max_drawdown": 0.614342743085258
  }
}