{
  "benchmark": {
    "alpha": 0.0,
    "beta": 1.0,
    "sharpe_ratio": 0.4799814348743649,
    "sortino_ratio": 0.6876982109361315,
    "annual_volatility": 0.5652162682881118,
    "annual_return": 0.15885023921701857,
    "daily_winning_ratio": 0.49690721649484537,
    "max_drawdown": 0.6855574565155403
  },
  "strategy": {
    "alpha": -0.08286402296236184,
    "beta": 0.20076705499715247,
    "sharpe_ratio": -0.06667326833571988,
    "sortino_ratio": -0.09474225133762458,
    "annual_volatility": 0.37664407767639513,
    "annual_return": -0.057872417872057214,
    "daily_winning_ratio": 0.40602189781021897,
    "max_drawdown": 0.6855574565155403
  }
}