{
  "benchmark": {
    "alpha": 0.0,
    "beta": 1.0,
    "sharpe_ratio": 0.4799814348743649,
    "sortino_ratio": 0.6876982109361315,
    "annual_volatility": 0.5652162682881118,
    "annual_return": 0.15885023921701857,
    "daily_winning_ratio": 0.49690721649484537,
    "max_drawdown": 0.6855574565155403
  },
  "strategy": {
    "alpha": -0.08286402296236184,
    "beta": 0.20076705499715244,
    "sharpe_ratio": 0.25536196628226515,
    "sortino_ratio": 0.3732734251111091,
    "annual_volatility": 0.4032408458842907,
    "annual_return": 0.060103512145297744,
    "daily_winning_ratio": 0.4208860759493671,
    "max_drawdown": 0.6855574565155403
  }
}