{
  "benchmark": {
    "alpha": 0.0,
    "beta": 1.0,
    "sharpe_ratio": 0.8443232299883515,
    "sortino_ratio": 1.2516685277414183,
    "annual_volatility": 0.6509564670071625,
    "annual_return": 0.4554524505224651,
    "daily_winning_ratio": 0.5215827338129496,
    "max_drawdown": 0.3360422013116624
  },
  "strategy": {
    "alpha": -0.10005211847036932,
    "beta": 0.281886582070675,
    "sharpe_ratio": 0.12624254295596044,
    "sortino_ratio": 0.19014317391539096,
    "annual_volatility": 0.3923133954608476,
    "annual_return": 0.009990263098247798,
    "daily_winning_ratio": 0.5215827338129496,
    "max_drawdown": 0.3360422013116624
  }
}