{
  "benchmark": {
    "alpha": 0.0,
    "beta": 1.0,
    "sharpe_ratio": 0.4799814348743649,
    "sortino_ratio": 0.6876982109361315,
    "annual_volatility": 0.5652162682881118,
    "annual_return": 0.15885023921701857,
    "daily_winning_ratio": 0.49690721649484537,
    "max_drawdown": 0.6855574565155403
  },
  "strategy": {
    "alpha": -0.08286402296236184,
    "beta": 0.20076705499715242,
    "sharpe_ratio": 0.025361830019296067,
    "sortino_ratio": 0.035747414885679556,
    "annual_volatility": 0.3664225492605004,
    "annual_return": -0.021336220813321982,
    "daily_winning_ratio": 0.40078973346495556,
    "max_drawdown": 0.6855574565155403
  }
}