{
  "benchmark": {
    "alpha": 0.0,
    "beta": 1.0,
    "sharpe_ratio": -0.429545694246096,
    "sortino_ratio": -0.588897870463368,
    "annual_volatility": 0.6500190494060551,
    "annual_return": -0.3658088770750053,
    "daily_winning_ratio": 0.4906054279749478,
    "max_drawdown": 0.5288708297690333
  },
  "strategy": {
    "alpha": -0.21586062132047645,
    "beta": 0.1997709163464645,
    "sharpe_ratio": -0.9153608527017935,
    "sortino_ratio": -1.2715766874469803,
    "annual_volatility": 0.3265008821533052,
    "annual_return": -0.2706387402124788,
    "daily_winning_ratio": 0.4906054279749478,
    "max_drawdown": 0.5288708297690333
  }
}