{
  "benchmark": {
    "alpha": 0.0,
    "beta": 0.9999999999999998,
    "sharpe_ratio": 3.138245653284455,
    "sortino_ratio": 5.698323348066132,
    "annual_volatility": 0.6042715261006742,
    "annual_return": 4.761999755008967,
    "daily_winning_ratio": 0.5161290322580645,
    "max_drawdown": 0.057178526841448196
  },
  "strategy": {
    "alpha": 0.4053642459826321,
    "beta": 0.42040735240710364,
    "sharpe_ratio": 2.751789187249476,
    "sortino_ratio": 6.8314648689268,
    "annual_volatility": 0.4134385496181949,
    "annual_return": 1.9801024135902612,
    "daily_winning_ratio": 0.5161290322580645,
    "max_drawdown": 0.057178526841448196
  }
}