{
  "benchmark": {
    "alpha": 0.0,
    "beta": 0.9999999999999999,
    "sharpe_ratio": 0.3645128026017543,
    "sortino_ratio": 0.5206997439426405,
    "annual_volatility": 0.5728314913535499,
    "annual_return": 0.08395086023422671,
    "daily_winning_ratio": 0.4919093851132686,
    "max_drawdown": 0.6855574565155403
  },
  "strategy": {
    "alpha": -0.1799511122942632,
    "beta": 0.2028231032515518,
    "sharpe_ratio": -0.44265002179758717,
    "sortino_ratio": -0.6063080768609648,
    "annual_volatility": 0.336970851626364,
    "annual_return": -0.1561685697840084,
    "daily_winning_ratio": 0.3837837837837838,
    "max_drawdown": 0.6855574565155403
  }
}