{
  "benchmark": {
    "alpha": 0.0,
    "beta": 1.0,
    "sharpe_ratio": 2.5179704565391337,
    "sortino_ratio": 3.9975253913924726,
    "annual_volatility": 0.6146533673403403,
    "annual_return": 3.034045133953118,
    "daily_winning_ratio": 0.5375,
    "max_drawdown": 0.13180379746835447
  },
  "strategy": {
    "alpha": -0.1723063881120367,
    "beta": 0.4580646048639927,
    "sharpe_ratio": 1.250881359353111,
    "sortino_ratio": 2.155310044859711,
    "annual_volatility": 0.41560594885528257,
    "annual_return": 0.6039057446894576,
    "daily_winning_ratio": 0.5375,
    "max_drawdown": 0.13180379746835447
  }
}