{
  "benchmark": {
    "alpha": 0.0,
    "beta": 1.0,
    "sharpe_ratio": 0.3837363020316546,
    "sortino_ratio": 0.5486899829461832,
    "annual_volatility": 0.5707807178216443,
    "annual_return": 0.09638744608497962,
    "daily_winning_ratio": 0.49294245385450597,
    "max_drawdown": 0.6855574565155403
  },
  "strategy": {
    "alpha": -0.20674963279583136,
    "beta": 0.20605977594208305,
    "sharpe_ratio": -0.5562947087970377,
    "sortino_ratio": -0.7543872257651492,
    "annual_volatility": 0.33438882449242624,
    "annual_return": -0.18604580868699327,
    "daily_winning_ratio": 0.3826086956521739,
    "max_drawdown": 0.6855574565155403
  }
}