{
  "benchmark": {
    "alpha": 0.0,
    "beta": 1.0,
    "sharpe_ratio": 0.4799814348743649,
    "sortino_ratio": 0.6876982109361315,
    "annual_volatility": 0.5652162682881118,
    "annual_return": 0.15885023921701857,
    "daily_winning_ratio": 0.49690721649484537,
    "max_drawdown": 0.6855574565155403
  },
  "strategy": {
    "alpha": -0.08286402296236184,
    "beta": 0.20076705499715247,
    "sharpe_ratio": 0.16566435622789838,
    "sortino_ratio": 0.241252357839063,
    "annual_volatility": 0.4002412875445669,
    "annual_return": 0.023167029837229736,
    "daily_winning_ratio": 0.4177524429967427,
    "max_drawdown": 0.6855574565155403
  }
}