{
  "benchmark": {
    "alpha": 0.0,
    "beta": 0.9999999999999997,
    "sharpe_ratio": 0.014357868061751775,
    "sortino_ratio": 0.020315845298469987,
    "annual_volatility": 0.6531291337713414,
    "annual_return": -0.15387676918374582,
    "daily_winning_ratio": 0.5095541401273885,
    "max_drawdown": 0.366837753065298
  },
  "strategy": {
    "alpha": -0.09902693446111799,
    "beta": 0.2636271195816529,
    "sharpe_ratio": -0.2685574818002304,
    "sortino_ratio": -0.39304333924756163,
    "annual_volatility": 0.37903560105659545,
    "annual_return": -0.12759945973432263,
    "daily_winning_ratio": 0.5095541401273885,
    "max_drawdown": 0.366837753065298
  }
}