{
  "benchmark": {
    "alpha": 0.0,
    "beta": 1.0,
    "sharpe_ratio": -0.19341227709136496,
    "sortino_ratio": -0.2676574000910758,
    "annual_volatility": 0.6665395428467252,
    "annual_return": -0.2707334283639903,
    "daily_winning_ratio": 0.5,
    "max_drawdown": 0.4262902765896779
  },
  "strategy": {
    "alpha": -0.1159677881858513,
    "beta": 0.20092163692694923,
    "sharpe_ratio": -0.43982845794465397,
    "sortino_ratio": -0.634471923368183,
    "annual_volatility": 0.33909394842633583,
    "annual_return": -0.1561229479101467,
    "daily_winning_ratio": 0.5,
    "max_drawdown": 0.4262902765896779
  }
}