{
  "benchmark": {
    "alpha": 0.0,
    "beta": 1.0000000000000002,
    "sharpe_ratio": 0.38685615415945634,
    "sortino_ratio": 0.5531555909360187,
    "annual_volatility": 0.5710832126726426,
    "annual_return": 0.0982785489618061,
    "daily_winning_ratio": 0.4934782608695652,
    "max_drawdown": 0.6855574565155403
  },
  "strategy": {
    "alpha": -0.20481634649423086,
    "beta": 0.20604844514625587,
    "sharpe_ratio": -0.5483972239221393,
    "sortino_ratio": -0.7437401668932181,
    "annual_volatility": 0.3345462963569396,
    "annual_return": -0.18400632680039408,
    "daily_winning_ratio": 0.383025027203482,
    "max_drawdown": 0.6855574565155403
  }
}