{
  "benchmark": {
    "alpha": 0.0,
    "beta": 1.0,
    "sharpe_ratio": 0.4799814348743649,
    "sortino_ratio": 0.6876982109361315,
    "annual_volatility": 0.5652162682881118,
    "annual_return": 0.15885023921701857,
    "daily_winning_ratio": 0.49690721649484537,
    "max_drawdown": 0.6855574565155403
  },
  "strategy": {
    "alpha": -0.12080717670209862,
    "beta": 0.19996615394107806,
    "sharpe_ratio": -0.2188835399463361,
    "sortino_ratio": -0.30201955942185116,
    "annual_volatility": 0.34165630212710585,
    "annual_return": -0.09243311724113545,
    "daily_winning_ratio": 0.3925619834710744,
    "max_drawdown": 0.6855574565155403
  }
}