{
  "benchmark": {
    "alpha": 0.0,
    "beta": 1.0,
    "sharpe_ratio": 0.05044667209408563,
    "sortino_ratio": 0.07088375112191045,
    "annual_volatility": 0.6259649903800621,
    "annual_return": -0.12087259381736115,
    "daily_winning_ratio": 0.48868778280542985,
    "max_drawdown": 0.6536213287710294
  },
  "strategy": {
    "alpha": -0.3126516166157387,
    "beta": 0.24535746215438237,
    "sharpe_ratio": -0.9923813421789144,
    "sortino_ratio": -1.3237681603584295,
    "annual_volatility": 0.36861866538593324,
    "annual_return": -0.32830108035205896,
    "daily_winning_ratio": 0.37462235649546827,
    "max_drawdown": 0.6536213287710294
  }
}