{
  "benchmark": {
    "alpha": 0.0,
    "beta": 1.0,
    "sharpe_ratio": 0.5150829197063366,
    "sortino_ratio": 0.7534564297530792,
    "annual_volatility": 0.645383071056317,
    "annual_return": 0.17558631318107376,
    "daily_winning_ratio": 0.5171232876712328,
    "max_drawdown": 0.366837753065298
  },
  "strategy": {
    "alpha": -0.1840129219850709,
    "beta": 0.2905549195124458,
    "sharpe_ratio": -0.27146235393590146,
    "sortino_ratio": -0.39734208387117553,
    "annual_volatility": 0.39310117605258815,
    "annual_return": -0.13652589573466978,
    "daily_winning_ratio": 0.5171232876712328,
    "max_drawdown": 0.366837753065298
  }
}