{
  "benchmark": {
    "alpha": 0.0,
    "beta": 1.0,
    "sharpe_ratio": 0.4799814348743649,
    "sortino_ratio": 0.6876982109361315,
    "annual_volatility": 0.5652162682881118,
    "annual_return": 0.15885023921701857,
    "daily_winning_ratio": 0.49690721649484537,
    "max_drawdown": 0.6855574565155403
  },
  "strategy": {
    "alpha": -0.08286402296236184,
    "beta": 0.2007670549971525,
    "sharpe_ratio": 0.06893747688863414,
    "sortino_ratio": 0.09732513493925994,
    "annual_volatility": 0.35014454727749417,
    "annual_return": -0.0008918227252789901,
    "daily_winning_ratio": 0.3977619532044761,
    "max_drawdown": 0.6855574565155403
  }
}