{
  "benchmark": {
    "alpha": 0.0,
    "beta": 1.0,
    "sharpe_ratio": 0.4799814348743649,
    "sortino_ratio": 0.6876982109361315,
    "annual_volatility": 0.5652162682881118,
    "annual_return": 0.15885023921701857,
    "daily_winning_ratio": 0.49690721649484537,
    "max_drawdown": 0.6855574565155403
  },
  "strategy": {
    "alpha": -0.08286402296236184,
    "beta": 0.2007670549971525,
    "sharpe_ratio": 0.04283987470928055,
    "sortino_ratio": 0.06119005999128313,
    "annual_volatility": 0.3779971393647701,
    "annual_return": -0.018632409650257475,
    "daily_winning_ratio": 0.4056338028169014,
    "max_drawdown": 0.6855574565155403
  }
}