{
  "benchmark": {
    "alpha": 0.0,
    "beta": 0.9999999999999998,
    "sharpe_ratio": 0.5344076524188658,
    "sortino_ratio": 0.781368669518181,
    "annual_volatility": 0.6627858363194494,
    "annual_return": 0.18801757541600006,
    "daily_winning_ratio": 0.5120967741935484,
    "max_drawdown": 0.3360422013116624
  },
  "strategy": {
    "alpha": -0.12165173388675576,
    "beta": 0.2914926023091287,
    "sharpe_ratio": -0.06485127495224287,
    "sortino_ratio": -0.09718478215816315,
    "annual_volatility": 0.4077485743743438,
    "annual_return": -0.06955077161658285,
    "daily_winning_ratio": 0.5120967741935484,
    "max_drawdown": 0.3360422013116624
  }
}