{
  "benchmark": {
    "alpha": 0.0,
    "beta": 1.0,
    "sharpe_ratio": -3.248232122534417,
    "sortino_ratio": -3.9894893629607715,
    "annual_volatility": 0.4768438133405375,
    "annual_return": -0.8025899213016777,
    "daily_winning_ratio": 0.42857142857142855,
    "max_drawdown": 0.002197802197802079
  },
  "strategy": {
    "alpha": -0.03315095412169,
    "beta": 0.021968799087174605,
    "sharpe_ratio": -5.754187104030247,
    "sortino_ratio": -6.437409213677276,
    "annual_volatility": 0.011772089221451511,
    "annual_return": -0.030819588017525712,
    "daily_winning_ratio": 0.42857142857142855,
    "max_drawdown": 0.002197802197802079
  }
}