{
  "benchmark": {
    "alpha": 0.0,
    "beta": 1.0,
    "sharpe_ratio": -0.2074098754188066,
    "sortino_ratio": -0.28484906766258605,
    "annual_volatility": 0.6306244817868044,
    "annual_return": -0.25531051288888507,
    "daily_winning_ratio": 0.4906937394247039,
    "max_drawdown": 0.614342743085258
  },
  "strategy": {
    "alpha": -0.2323828573633102,
    "beta": 0.22823434667183493,
    "sharpe_ratio": -0.8274525318333501,
    "sortino_ratio": -1.1094806271577342,
    "annual_volatility": 0.3555743949762003,
    "annual_return": -0.2750028960222104,
    "daily_winning_ratio": 0.3688663282571912,
    "max_drawdown": 0.614342743085258
  }
}