{
  "benchmark": {
    "alpha": 0.0,
    "beta": 1.0,
    "sharpe_ratio": 0.03148518483053557,
    "sortino_ratio": 0.0443379447216623,
    "annual_volatility": 0.5791007701918736,
    "annual_return": -0.10751604323044783,
    "daily_winning_ratio": 0.4826762246117085,
    "max_drawdown": 0.6855574565155403
  },
  "strategy": {
    "alpha": -0.2853971029696404,
    "beta": 0.2265141175254764,
    "sharpe_ratio": -1.0018153079404504,
    "sortino_ratio": -1.335283639795642,
    "annual_volatility": 0.33109268084559423,
    "annual_return": -0.29571736603120535,
    "daily_winning_ratio": 0.3576555023923445,
    "max_drawdown": 0.6855574565155403
  }
}