{
  "benchmark": {
    "alpha": 0.0,
    "beta": 1.0,
    "sharpe_ratio": 1.5548751608492832,
    "sortino_ratio": 2.3180852248837027,
    "annual_volatility": 0.6514255614373566,
    "annual_return": 1.309252457722537,
    "daily_winning_ratio": 0.5308641975308642,
    "max_drawdown": 0.20466772151898727
  },
  "strategy": {
    "alpha": 0.28879672856877625,
    "beta": 0.32077816537146736,
    "sharpe_ratio": 1.3981006733557975,
    "sortino_ratio": 2.451904879129412,
    "annual_volatility": 0.41392494112263933,
    "annual_return": 0.7013434412144244,
    "daily_winning_ratio": 0.5308641975308642,
    "max_drawdown": 0.20466772151898727
  }
}