{
  "benchmark": {
    "alpha": 0.0,
    "beta": 0.9999999999999999,
    "sharpe_ratio": 0.3999334642408456,
    "sortino_ratio": 0.5723233828909816,
    "annual_volatility": 0.5708570126160455,
    "annual_return": 0.10655814757209603,
    "daily_winning_ratio": 0.4940021810250818,
    "max_drawdown": 0.6855574565155403
  },
  "strategy": {
    "alpha": -0.19861105309576732,
    "beta": 0.20981135433467815,
    "sharpe_ratio": -0.5251453665305671,
    "sortino_ratio": -0.7140648617521963,
    "annual_volatility": 0.33293035165414664,
    "annual_return": -0.17647717250513084,
    "daily_winning_ratio": 0.38318777292576417,
    "max_drawdown": 0.6855574565155403
  }
}