{
  "benchmark": {
    "alpha": 0.0,
    "beta": 1.0,
    "sharpe_ratio": 0.0402239758451178,
    "sortino_ratio": 0.05650634787587103,
    "annual_volatility": 0.6267011485812535,
    "annual_return": -0.12685925418217592,
    "daily_winning_ratio": 0.4886535552193646,
    "max_drawdown": 0.6308098089535215
  },
  "strategy": {
    "alpha": -0.2929839733245374,
    "beta": 0.24447518802283388,
    "sharpe_ratio": -0.9080612204052609,
    "sortino_ratio": -1.2188124632567963,
    "annual_volatility": 0.36676549613273013,
    "annual_return": -0.3054084017018066,
    "daily_winning_ratio": 0.37632776934749623,
    "max_drawdown": 0.6308098089535215
  }
}