{
  "benchmark": {
    "alpha": 0.0,
    "beta": 0.9999999999999998,
    "sharpe_ratio": 1.2313441292929697,
    "sortino_ratio": 1.8012318143284836,
    "annual_volatility": 0.6487666128795824,
    "annual_return": 0.8676869663055213,
    "daily_winning_ratio": 0.521978021978022,
    "max_drawdown": 0.20466772151898727
  },
  "strategy": {
    "alpha": 0.03415580401889384,
    "beta": 0.3183007140445486,
    "sharpe_ratio": 0.6988246818187127,
    "sortino_ratio": 1.1192673014369412,
    "annual_volatility": 0.4119246250514785,
    "annual_return": 0.27254731449172964,
    "daily_winning_ratio": 0.521978021978022,
    "max_drawdown": 0.20466772151898727
  }
}