{
  "benchmark": {
    "alpha": 0.0,
    "beta": 1.0,
    "sharpe_ratio": -0.5073127084837248,
    "sortino_ratio": -0.6883879006536257,
    "annual_volatility": 0.6647667751109106,
    "annual_return": -0.4077862418140188,
    "daily_winning_ratio": 0.492,
    "max_drawdown": 0.614342743085258
  },
  "strategy": {
    "alpha": -0.2099969342019572,
    "beta": 0.21805210149907317,
    "sharpe_ratio": -1.1168075168958886,
    "sortino_ratio": -1.4927549495670662,
    "annual_volatility": 0.3482460409202933,
    "annual_return": -0.338809550958185,
    "daily_winning_ratio": 0.3505535055350554,
    "max_drawdown": 0.614342743085258
  }
}