{
  "benchmark": {
    "alpha": 0.0,
    "beta": 1.0,
    "sharpe_ratio": 0.5503103589182131,
    "sortino_ratio": 0.8094880953153595,
    "annual_volatility": 0.6662582948184033,
    "annual_return": 0.20029298222744352,
    "daily_winning_ratio": 0.5116279069767442,
    "max_drawdown": 0.3360422013116624
  },
  "strategy": {
    "alpha": -0.12059961566158417,
    "beta": 0.27767566203804833,
    "sharpe_ratio": -0.06675057766611545,
    "sortino_ratio": -0.10002271288748867,
    "annual_volatility": 0.3997404100840649,
    "annual_return": -0.06680873739164328,
    "daily_winning_ratio": 0.5116279069767442,
    "max_drawdown": 0.3360422013116624
  }
}