{
  "benchmark": {
    "alpha": 0.0,
    "beta": 1.0,
    "sharpe_ratio": 0.4799814348743649,
    "sortino_ratio": 0.6876982109361315,
    "annual_volatility": 0.5652162682881118,
    "annual_return": 0.15885023921701857,
    "daily_winning_ratio": 0.49690721649484537,
    "max_drawdown": 0.6855574565155403
  },
  "strategy": {
    "alpha": -0.08286402296236184,
    "beta": 0.20076705499715247,
    "sharpe_ratio": -0.07321704063117834,
    "sortino_ratio": -0.10227795695111994,
    "annual_volatility": 0.34519459499656574,
    "annual_return": -0.04746586847925183,
    "daily_winning_ratio": 0.3942505133470226,
    "max_drawdown": 0.6855574565155403
  }
}