{
  "benchmark": {
    "alpha": 0.0,
    "beta": 1.0000000000000002,
    "sharpe_ratio": 2.8866373568477055,
    "sortino_ratio": 4.625994941688335,
    "annual_volatility": 0.6553466152100175,
    "annual_return": 4.536718634922352,
    "daily_winning_ratio": 0.5528455284552846,
    "max_drawdown": 0.20466772151898727
  },
  "strategy": {
    "alpha": 0.17208437866893522,
    "beta": 0.327469767427586,
    "sharpe_ratio": 1.773020992260178,
    "sortino_ratio": 3.3514482257202367,
    "annual_volatility": 0.4389730941022739,
    "annual_return": 1.0563608586423965,
    "daily_winning_ratio": 0.5528455284552846,
    "max_drawdown": 0.20466772151898727
  }
}