{
  "benchmark": {
    "alpha": 0.0,
    "beta": 1.0,
    "sharpe_ratio": 0.035205045531108224,
    "sortino_ratio": 0.049453887882588955,
    "annual_volatility": 0.6169939920955001,
    "annual_return": -0.12460369976718322,
    "daily_winning_ratio": 0.48695652173913045,
    "max_drawdown": 0.659181636726547
  },
  "strategy": {
    "alpha": -0.3063965614696247,
    "beta": 0.24274907365378512,
    "sharpe_ratio": -1.0000843319562644,
    "sortino_ratio": -1.333675962102487,
    "annual_volatility": 0.361410661882348,
    "annual_return": -0.3235682129041153,
    "daily_winning_ratio": 0.36574746008708275,
    "max_drawdown": 0.659181636726547
  }
}