{
  "benchmark": {
    "alpha": 0.0,
    "beta": 0.9999999999999998,
    "sharpe_ratio": 0.2293022089584441,
    "sortino_ratio": 0.32618983381373967,
    "annual_volatility": 0.5787354992768229,
    "annual_return": 0.0010916581636826184,
    "daily_winning_ratio": 0.4871495327102804,
    "max_drawdown": 0.6855574565155403
  },
  "strategy": {
    "alpha": -0.2601380165416819,
    "beta": 0.22437810449548887,
    "sharpe_ratio": -0.8180684472036149,
    "sortino_ratio": -1.098694648707123,
    "annual_volatility": 0.33011475512695404,
    "annual_return": -0.2506437323219378,
    "daily_winning_ratio": 0.36608187134502923,
    "max_drawdown": 0.6855574565155403
  }
}