{
  "benchmark": {
    "alpha": 0.0,
    "beta": 1.0000000000000002,
    "sharpe_ratio": 0.029056871624595897,
    "sortino_ratio": 0.04091805749228652,
    "annual_volatility": 0.579789520372307,
    "annual_return": -0.10910908851065915,
    "daily_winning_ratio": 0.48263473053892214,
    "max_drawdown": 0.6855574565155403
  },
  "strategy": {
    "alpha": -0.28692825835384095,
    "beta": 0.2265395182221108,
    "sharpe_ratio": -1.006918144375536,
    "sortino_ratio": -1.3420470096387556,
    "annual_volatility": 0.3314800465690265,
    "annual_return": -0.297272467616864,
    "daily_winning_ratio": 0.35611510791366907,
    "max_drawdown": 0.6855574565155403
  }
}