{
  "benchmark": {
    "alpha": 0.0,
    "beta": 1.0,
    "sharpe_ratio": -0.2514315572564916,
    "sortino_ratio": -0.3441440295359486,
    "annual_volatility": 0.6382364634283839,
    "annual_return": -0.2806660988057327,
    "daily_winning_ratio": 0.4946808510638298,
    "max_drawdown": 0.614342743085258
  },
  "strategy": {
    "alpha": -0.18596349751587116,
    "beta": 0.21742181745656833,
    "sharpe_ratio": -0.6890298407513956,
    "sortino_ratio": -0.9419393206862117,
    "annual_volatility": 0.34916104058944625,
    "annual_return": -0.2331648380915855,
    "daily_winning_ratio": 0.3617021276595745,
    "max_drawdown": 0.614342743085258
  }
}