{
  "benchmark": {
    "alpha": 0.0,
    "beta": 1.0,
    "sharpe_ratio": 0.8204906443323762,
    "sortino_ratio": 1.2160681847084072,
    "annual_volatility": 0.6584495792101764,
    "annual_return": 0.43508070900026885,
    "daily_winning_ratio": 0.5183673469387755,
    "max_drawdown": 0.3360422013116624
  },
  "strategy": {
    "alpha": -0.1664359601657308,
    "beta": 0.2979713620072478,
    "sharpe_ratio": -0.051240031242240934,
    "sortino_ratio": -0.07679531221688896,
    "annual_volatility": 0.4102225545009292,
    "annual_return": -0.06542216788929789,
    "daily_winning_ratio": 0.5183673469387755,
    "max_drawdown": 0.3360422013116624
  }
}