{
  "benchmark": {
    "alpha": 0.0,
    "beta": 1.0000000000000002,
    "sharpe_ratio": 3.8981717864910457,
    "sortino_ratio": 7.421297060986045,
    "annual_volatility": 0.5956633947373583,
    "annual_return": 7.847331497697848,
    "daily_winning_ratio": 0.543859649122807,
    "max_drawdown": 0.057178526841448196
  },
  "strategy": {
    "alpha": 0.23109249511496777,
    "beta": 0.4579634154404702,
    "sharpe_ratio": 2.9529876588138135,
    "sortino_ratio": 7.34415938883466,
    "annual_volatility": 0.4305305660150157,
    "annual_return": 2.3821849396153194,
    "daily_winning_ratio": 0.543859649122807,
    "max_drawdown": 0.057178526841448196
  }
}