{
  "benchmark": {
    "alpha": 0.0,
    "beta": 1.0000000000000002,
    "sharpe_ratio": 0.6269691874380144,
    "sortino_ratio": 0.924837129754324,
    "annual_volatility": 0.661828663472187,
    "annual_return": 0.26331665433553497,
    "daily_winning_ratio": 0.5113636363636364,
    "max_drawdown": 0.3360422013116624
  },
  "strategy": {
    "alpha": -0.13311905324022566,
    "beta": 0.27516500529763277,
    "sharpe_ratio": -0.07249465669053712,
    "sortino_ratio": -0.10862292336764554,
    "annual_volatility": 0.39516028132083925,
    "annual_return": -0.06696905759384242,
    "daily_winning_ratio": 0.5113636363636364,
    "max_drawdown": 0.3360422013116624
  }
}