{
  "benchmark": {
    "alpha": 0.0,
    "beta": 1.0,
    "sharpe_ratio": 0.4913501462157467,
    "sortino_ratio": 0.7016414849932499,
    "annual_volatility": 0.6376739223736192,
    "annual_return": 0.15789742451782907,
    "daily_winning_ratio": 0.5166666666666667,
    "max_drawdown": 0.3360422013116624
  },
  "strategy": {
    "alpha": -0.14889410349782162,
    "beta": 0.3222732669474454,
    "sharpe_ratio": -0.14569231321553977,
    "sortino_ratio": -0.21771246359127222,
    "annual_volatility": 0.41325503665286306,
    "annual_return": -0.10244441165210028,
    "daily_winning_ratio": 0.5166666666666667,
    "max_drawdown": 0.3360422013116624
  }
}