{
  "benchmark": {
    "alpha": 0.0,
    "beta": 1.0,
    "sharpe_ratio": 3.044983749969045,
    "sortino_ratio": 4.958791144573244,
    "annual_volatility": 0.6455287069356941,
    "annual_return": 4.997257348991298,
    "daily_winning_ratio": 0.5413533834586466,
    "max_drawdown": 0.20466772151898727
  },
  "strategy": {
    "alpha": 0.3685065659613438,
    "beta": 0.3396773594330372,
    "sharpe_ratio": 2.267735898556907,
    "sortino_ratio": 4.353655478691975,
    "annual_volatility": 0.4328251021281408,
    "annual_return": 1.5247555357455016,
    "daily_winning_ratio": 0.5413533834586466,
    "max_drawdown": 0.20466772151898727
  }
}