{
  "benchmark": {
    "alpha": 0.0,
    "beta": 0.9999999999999998,
    "sharpe_ratio": 0.642320310066449,
    "sortino_ratio": 0.9459583835125681,
    "annual_volatility": 0.6472917165535376,
    "annual_return": 0.2762447813145261,
    "daily_winning_ratio": 0.519298245614035,
    "max_drawdown": 0.3559309951525521
  },
  "strategy": {
    "alpha": -0.18815547926555976,
    "beta": 0.29243776827962986,
    "sharpe_ratio": -0.21842395328637038,
    "sortino_ratio": -0.32021823985933606,
    "annual_volatility": 0.3973945048859576,
    "annual_return": -0.12062851131031893,
    "daily_winning_ratio": 0.519298245614035,
    "max_drawdown": 0.3559309951525521
  }
}