{
  "benchmark": {
    "alpha": 0.0,
    "beta": 1.0,
    "sharpe_ratio": 2.2975019080161068,
    "sortino_ratio": 3.6212538457799743,
    "annual_volatility": 0.6434515778494104,
    "annual_return": 2.6956265972075624,
    "daily_winning_ratio": 0.5314685314685315,
    "max_drawdown": 0.20466772151898727
  },
  "strategy": {
    "alpha": 0.12622189579505716,
    "beta": 0.3602780761401744,
    "sharpe_ratio": 1.4853727031025519,
    "sortino_ratio": 2.612593707293917,
    "annual_volatility": 0.4386092884601779,
    "annual_return": 0.8111261579012374,
    "daily_winning_ratio": 0.5314685314685315,
    "max_drawdown": 0.20466772151898727
  }
}