{
  "benchmark": {
    "alpha": 0.0,
    "beta": 0.9999999999999998,
    "sharpe_ratio": 0.4334905783064396,
    "sortino_ratio": 0.6091562735396256,
    "annual_volatility": 0.6287549992328004,
    "annual_return": 0.11737691396711614,
    "daily_winning_ratio": 0.5205479452054794,
    "max_drawdown": 0.20466772151898727
  },
  "strategy": {
    "alpha": 0.18228870811733766,
    "beta": 0.3178719742026082,
    "sharpe_ratio": 0.616926766171928,
    "sortino_ratio": 0.9732703464296463,
    "annual_volatility": 0.41192822001244545,
    "annual_return": 0.2300870475299317,
    "daily_winning_ratio": 0.5205479452054794,
    "max_drawdown": 0.20466772151898727
  }
}