{
  "benchmark": {
    "alpha": 0.0,
    "beta": 1.0,
    "sharpe_ratio": -0.5073127084837248,
    "sortino_ratio": -0.6883879006536257,
    "annual_volatility": 0.6647667751109106,
    "annual_return": -0.4077862418140188,
    "daily_winning_ratio": 0.492,
    "max_drawdown": 0.614342743085258
  },
  "strategy": {
    "alpha": -0.2099969342019572,
    "beta": 0.2180521014990732,
    "sharpe_ratio": -1.1109990701036077,
    "sortino_ratio": -1.4849988421728508,
    "annual_volatility": 0.34602181490935,
    "annual_return": -0.3353125337185816,
    "daily_winning_ratio": 0.35154826958105645,
    "max_drawdown": 0.614342743085258
  }
}