{
  "benchmark": {
    "alpha": 0.0,
    "beta": 0.9999999999999998,
    "sharpe_ratio": 2.769181261610573,
    "sortino_ratio": 4.433611630991772,
    "annual_volatility": 0.662578163241082,
    "annual_return": 4.208158926840464,
    "daily_winning_ratio": 0.5523809523809524,
    "max_drawdown": 0.20466772151898727
  },
  "strategy": {
    "alpha": -0.40823914979805653,
    "beta": 0.3128645215508858,
    "sharpe_ratio": 0.13314663037126756,
    "sortino_ratio": 0.21926663288931603,
    "annual_volatility": 0.37378126141335427,
    "annual_return": 0.01854502029329841,
    "daily_winning_ratio": 0.5523809523809524,
    "max_drawdown": 0.20466772151898727
  }
}