{
  "benchmark": {
    "alpha": 0.0,
    "beta": 1.0,
    "sharpe_ratio": -0.5073127084837248,
    "sortino_ratio": -0.6883879006536257,
    "annual_volatility": 0.6647667751109106,
    "annual_return": -0.4077862418140188,
    "daily_winning_ratio": 0.492,
    "max_drawdown": 0.5813373253493014
  },
  "strategy": {
    "alpha": -0.2099969342019572,
    "beta": 0.21805210149907317,
    "sharpe_ratio": -0.9765092406402354,
    "sortino_ratio": -1.3157435225191396,
    "annual_volatility": 0.3480082609990708,
    "annual_return": -0.3054322174766787,
    "daily_winning_ratio": 0.3545966228893058,
    "max_drawdown": 0.5813373253493014
  }
}