{
  "benchmark": {
    "alpha": 0.0,
    "beta": 1.0000000000000002,
    "sharpe_ratio": 0.12769392606005023,
    "sortino_ratio": 0.18028891541273748,
    "annual_volatility": 0.604008877797614,
    "annual_return": -0.06725706369212225,
    "daily_winning_ratio": 0.4886211512717537,
    "max_drawdown": 0.6623182207014542
  },
  "strategy": {
    "alpha": -0.29933999395842714,
    "beta": 0.23320389668483604,
    "sharpe_ratio": -0.9700068416498515,
    "sortino_ratio": -1.2939392046723108,
    "annual_volatility": 0.3477272146979267,
    "annual_return": -0.3036295833327306,
    "daily_winning_ratio": 0.3512064343163539,
    "max_drawdown": 0.6623182207014542
  }
}