{
  "benchmark": {
    "alpha": 0.0,
    "beta": 1.0,
    "sharpe_ratio": 2.9159904549679054,
    "sortino_ratio": 4.672464445796439,
    "annual_volatility": 0.6578666038231573,
    "annual_return": 4.675897932708511,
    "daily_winning_ratio": 0.5573770491803278,
    "max_drawdown": 0.20466772151898727
  },
  "strategy": {
    "alpha": -0.24065524438963137,
    "beta": 0.3288356593029019,
    "sharpe_ratio": 0.8445889268394393,
    "sortino_ratio": 1.423817145663502,
    "annual_volatility": 0.3947189443359003,
    "annual_return": 0.3415244508718449,
    "daily_winning_ratio": 0.5537190082644629,
    "max_drawdown": 0.20466772151898727
  }
}