{
  "benchmark": {
    "alpha": 0.0,
    "beta": 0.9999999999999999,
    "sharpe_ratio": 0.2641234632083748,
    "sortino_ratio": 0.3759757639492788,
    "annual_volatility": 0.5768042142591461,
    "annual_return": 0.022087564979215157,
    "daily_winning_ratio": 0.48899188876013905,
    "max_drawdown": 0.6855574565155403
  },
  "strategy": {
    "alpha": -0.24101854135884815,
    "beta": 0.22454512852610065,
    "sharpe_ratio": -0.7406709303649305,
    "sortino_ratio": -0.9979029666169775,
    "annual_volatility": 0.3298146994336273,
    "annual_return": -0.23098338920654282,
    "daily_winning_ratio": 0.37122969837587005,
    "max_drawdown": 0.6855574565155403
  }
}