{
  "benchmark": {
    "alpha": 0.0,
    "beta": 1.0,
    "sharpe_ratio": 0.024178487582000908,
    "sortino_ratio": 0.03401838864110141,
    "annual_volatility": 0.5850189469993435,
    "annual_return": -0.11423548642212844,
    "daily_winning_ratio": 0.4840686274509804,
    "max_drawdown": 0.6855574565155403
  },
  "strategy": {
    "alpha": -0.2895497885929962,
    "beta": 0.2282546864819378,
    "sharpe_ratio": -1.0114028773274488,
    "sortino_ratio": -1.347337810926265,
    "annual_volatility": 0.3346218621185502,
    "annual_return": -0.30128369579867875,
    "daily_winning_ratio": 0.35460122699386504,
    "max_drawdown": 0.6855574565155403
  }
}