{
  "benchmark": {
    "alpha": 0.0,
    "beta": 1.0,
    "sharpe_ratio": 0.09533924352020029,
    "sortino_ratio": 0.13407443055268511,
    "annual_volatility": 0.623255815453483,
    "annual_return": -0.0945120259840494,
    "daily_winning_ratio": 0.4903417533432392,
    "max_drawdown": 0.6583262047333903
  },
  "strategy": {
    "alpha": -0.3170154141114879,
    "beta": 0.2440362669288065,
    "sharpe_ratio": -1.0061126978996293,
    "sortino_ratio": -1.3417275658238013,
    "annual_volatility": 0.36595064759338747,
    "annual_return": -0.3292362032051829,
    "daily_winning_ratio": 0.37202380952380953,
    "max_drawdown": 0.6583262047333903
  }
}