{
  "benchmark": {
    "alpha": 0.0,
    "beta": 1.0,
    "sharpe_ratio": 2.127361709289193,
    "sortino_ratio": 3.2685419992491016,
    "annual_volatility": 0.6501904780402769,
    "annual_return": 2.344820666829299,
    "daily_winning_ratio": 0.5359477124183006,
    "max_drawdown": 0.20466772151898727
  },
  "strategy": {
    "alpha": 0.1567797488532352,
    "beta": 0.3388186775165169,
    "sharpe_ratio": 1.4424032588762217,
    "sortino_ratio": 2.5296777392196996,
    "annual_volatility": 0.4259002048386776,
    "annual_return": 0.7543750778969278,
    "daily_winning_ratio": 0.5359477124183006,
    "max_drawdown": 0.20466772151898727
  }
}