{
  "benchmark": {
    "alpha": 0.0,
    "beta": 1.0,
    "sharpe_ratio": 0.4799814348743649,
    "sortino_ratio": 0.6876982109361315,
    "annual_volatility": 0.5652162682881118,
    "annual_return": 0.15885023921701857,
    "daily_winning_ratio": 0.49690721649484537,
    "max_drawdown": 0.6855574565155403
  },
  "strategy": {
    "alpha": -0.08286402296236184,
    "beta": 0.20076705499715247,
    "sharpe_ratio": -0.14794581359844158,
    "sortino_ratio": -0.21075262704510483,
    "annual_volatility": 0.3929481476514422,
    "annual_return": -0.0940817676924367,
    "daily_winning_ratio": 0.4091695501730104,
    "max_drawdown": 0.6855574565155403
  }
}