{
  "benchmark": {
    "alpha": 0.0,
    "beta": 1.0,
    "sharpe_ratio": 0.4799814348743649,
    "sortino_ratio": 0.6876982109361315,
    "annual_volatility": 0.5652162682881118,
    "annual_return": 0.15885023921701857,
    "daily_winning_ratio": 0.49690721649484537,
    "max_drawdown": 0.6855574565155403
  },
  "strategy": {
    "alpha": -0.08286402296236184,
    "beta": 0.20076705499715247,
    "sharpe_ratio": -0.11355281963246129,
    "sortino_ratio": -0.15860043554130793,
    "annual_volatility": 0.3719472151358977,
    "annual_return": -0.07241505341507992,
    "daily_winning_ratio": 0.40364333652924256,
    "max_drawdown": 0.6855574565155403
  }
}