{
  "benchmark": {
    "alpha": 0.0,
    "beta": 1.0,
    "sharpe_ratio": 0.13613136749766075,
    "sortino_ratio": 0.19223524895362112,
    "annual_volatility": 0.610727881775298,
    "annual_return": -0.0654720449604933,
    "daily_winning_ratio": 0.4889807162534435,
    "max_drawdown": 0.6595380667236954
  },
  "strategy": {
    "alpha": -0.30627763030915034,
    "beta": 0.23556279317988582,
    "sharpe_ratio": -0.980961099685452,
    "sortino_ratio": -1.3081925766454692,
    "annual_volatility": 0.3523299236529394,
    "annual_return": -0.31052737909733574,
    "daily_winning_ratio": 0.3489655172413793,
    "max_drawdown": 0.6595380667236954
  }
}