{
  "benchmark": {
    "alpha": 0.0,
    "beta": 1.0000000000000002,
    "sharpe_ratio": 0.16013606029977673,
    "sortino_ratio": 0.22629258047811562,
    "annual_volatility": 0.6046765244092371,
    "annual_return": -0.04908273199325408,
    "daily_winning_ratio": 0.4905913978494624,
    "max_drawdown": 0.6623182207014542
  },
  "strategy": {
    "alpha": -0.2959036157691126,
    "beta": 0.23453184222188567,
    "sharpe_ratio": -0.9530781847487207,
    "sortino_ratio": -1.2716950984610722,
    "annual_volatility": 0.348347649862859,
    "annual_return": -0.30008150082856666,
    "daily_winning_ratio": 0.35262449528936746,
    "max_drawdown": 0.6623182207014542
  }
}