{
  "benchmark": {
    "alpha": 0.0,
    "beta": 1.0,
    "sharpe_ratio": 0.47112682466519695,
    "sortino_ratio": 0.6645490460295098,
    "annual_volatility": 0.6337754871319518,
    "annual_return": 0.1432654043624697,
    "daily_winning_ratio": 0.5164319248826291,
    "max_drawdown": 0.20466772151898727
  },
  "strategy": {
    "alpha": 0.1810360438665275,
    "beta": 0.3216385991994377,
    "sharpe_ratio": 0.6283513838666214,
    "sortino_ratio": 0.991339158897643,
    "annual_volatility": 0.41770834773401844,
    "annual_return": 0.2374708360717317,
    "daily_winning_ratio": 0.5164319248826291,
    "max_drawdown": 0.20466772151898727
  }
}