{
  "benchmark": {
    "alpha": 0.0,
    "beta": 1.0,
    "sharpe_ratio": 1.4524547872180862,
    "sortino_ratio": 2.1451060531176287,
    "annual_volatility": 0.6460544610902351,
    "annual_return": 1.1506662744205545,
    "daily_winning_ratio": 0.5277777777777778,
    "max_drawdown": 0.20466772151898727
  },
  "strategy": {
    "alpha": 0.2716834785495197,
    "beta": 0.296518799802426,
    "sharpe_ratio": 1.3205464054198766,
    "sortino_ratio": 2.315582488972738,
    "annual_volatility": 0.3927643684797809,
    "annual_return": 0.6156177878194642,
    "daily_winning_ratio": 0.5277777777777778,
    "max_drawdown": 0.20466772151898727
  }
}