{
  "benchmark": {
    "alpha": 0.0,
    "beta": 0.9999999999999998,
    "sharpe_ratio": 0.6567130817520709,
    "sortino_ratio": 0.9694425229329886,
    "annual_volatility": 0.6636878128700545,
    "annual_return": 0.2884112568011741,
    "daily_winning_ratio": 0.5114503816793893,
    "max_drawdown": 0.3360422013116624
  },
  "strategy": {
    "alpha": -0.13605473536969215,
    "beta": 0.2755867131249128,
    "sharpe_ratio": -0.06580206733036226,
    "sortino_ratio": -0.0985985163726819,
    "annual_volatility": 0.39666564495649503,
    "annual_return": -0.06513971433235843,
    "daily_winning_ratio": 0.5114503816793893,
    "max_drawdown": 0.3360422013116624
  }
}