{
  "benchmark": {
    "alpha": 0.0,
    "beta": 0.9999999999999999,
    "sharpe_ratio": 3.2793191229920344,
    "sortino_ratio": 6.1454379209572,
    "annual_volatility": 0.5994261649891837,
    "annual_return": 5.1974538668989,
    "daily_winning_ratio": 0.52,
    "max_drawdown": 0.057178526841448196
  },
  "strategy": {
    "alpha": 0.85589978939418,
    "beta": 0.46896704668526074,
    "sharpe_ratio": 3.4711913428450973,
    "sortino_ratio": 10.07751374163248,
    "annual_volatility": 0.44386686281799675,
    "annual_return": 3.40202232751583,
    "daily_winning_ratio": 0.52,
    "max_drawdown": 0.057178526841448196
  }
}