{
  "benchmark": {
    "alpha": 0.0,
    "beta": 1.0000000000000002,
    "sharpe_ratio": 0.7909788116903717,
    "sortino_ratio": 1.1451410415903807,
    "annual_volatility": 0.6425183992662568,
    "annual_return": 0.4027979147881737,
    "daily_winning_ratio": 0.5052083333333334,
    "max_drawdown": 0.20466772151898727
  },
  "strategy": {
    "alpha": 0.15552288496518885,
    "beta": 0.3456165233752464,
    "sharpe_ratio": 0.7282678743313097,
    "sortino_ratio": 1.1501173175511792,
    "annual_volatility": 0.4397149527384552,
    "annual_return": 0.29894978204680234,
    "daily_winning_ratio": 0.5052083333333334,
    "max_drawdown": 0.20466772151898727
  }
}