{
  "benchmark": {
    "alpha": 0.0,
    "beta": 0.9999999999999998,
    "sharpe_ratio": -0.3584897885039168,
    "sortino_ratio": -0.4925786799670089,
    "annual_volatility": 0.6481558282154187,
    "annual_return": -0.3345389825202322,
    "daily_winning_ratio": 0.4927835051546392,
    "max_drawdown": 0.5312232677502139
  },
  "strategy": {
    "alpha": -0.22351443808685711,
    "beta": 0.1997243328117767,
    "sharpe_ratio": -0.9216398897934808,
    "sortino_ratio": -1.2796491381513373,
    "annual_volatility": 0.3247439504727706,
    "annual_return": -0.27053882343565183,
    "daily_winning_ratio": 0.4927835051546392,
    "max_drawdown": 0.5312232677502139
  }
}