{
  "benchmark": {
    "alpha": 0.0,
    "beta": 0.9999999999999994,
    "sharpe_ratio": 2.9689879254118545,
    "sortino_ratio": 4.778480023573544,
    "annual_volatility": 0.6600542210124725,
    "annual_return": 4.906751362660071,
    "daily_winning_ratio": 0.5603448275862069,
    "max_drawdown": 0.20466772151898727
  },
  "strategy": {
    "alpha": -0.2801305061620861,
    "beta": 0.2996913559401056,
    "sharpe_ratio": 0.6836233561308861,
    "sortino_ratio": 1.1554388126521855,
    "annual_volatility": 0.37177240627994906,
    "annual_return": 0.2502371145513862,
    "daily_winning_ratio": 0.5565217391304348,
    "max_drawdown": 0.20466772151898727
  }
}