{
  "benchmark": {
    "alpha": 0.0,
    "beta": 1.0,
    "sharpe_ratio": 1.3574105738873559,
    "sortino_ratio": 1.9959128734590104,
    "annual_volatility": 0.6519310475410153,
    "annual_return": 1.031269265593119,
    "daily_winning_ratio": 0.5314285714285715,
    "max_drawdown": 0.20466772151898727
  },
  "strategy": {
    "alpha": 0.2983258143459522,
    "beta": 0.2990007631793752,
    "sharpe_ratio": 1.3199213034525594,
    "sortino_ratio": 2.314531168281501,
    "annual_volatility": 0.3983314438933684,
    "annual_return": 0.6236551350186281,
    "daily_winning_ratio": 0.5314285714285715,
    "max_drawdown": 0.20466772151898727
  }
}