{
  "benchmark": {
    "alpha": 0.0,
    "beta": 1.0,
    "sharpe_ratio": 0.4990000760058447,
    "sortino_ratio": 0.7300449803130272,
    "annual_volatility": 0.639651348666545,
    "annual_return": 0.16437607713409075,
    "daily_winning_ratio": 0.5150501672240803,
    "max_drawdown": 0.366837753065298
  },
  "strategy": {
    "alpha": -0.1790660834989235,
    "beta": 0.2888313205275526,
    "sharpe_ratio": -0.27047616367249105,
    "sortino_ratio": -0.3958828295498751,
    "annual_volatility": 0.3884571785129594,
    "annual_return": -0.13355338689063567,
    "daily_winning_ratio": 0.5150501672240803,
    "max_drawdown": 0.366837753065298
  }
}