{
  "benchmark": {
    "alpha": 0.0,
    "beta": 1.0,
    "sharpe_ratio": -0.34793295136613667,
    "sortino_ratio": -0.4770548211213495,
    "annual_volatility": 0.6644517000249341,
    "annual_return": -0.34092806961421196,
    "daily_winning_ratio": 0.495260663507109,
    "max_drawdown": 0.45423438836612495
  },
  "strategy": {
    "alpha": -0.1516439454905657,
    "beta": 0.19906887793242103,
    "sharpe_ratio": -0.6234712544209204,
    "sortino_ratio": -0.8923320973629226,
    "annual_volatility": 0.3375287607511171,
    "annual_return": -0.20591660264529754,
    "daily_winning_ratio": 0.495260663507109,
    "max_drawdown": 0.45423438836612495
  }
}