{
  "benchmark": {
    "alpha": 0.0,
    "beta": 0.9999999999999998,
    "sharpe_ratio": -0.4185710768204803,
    "sortino_ratio": -0.5739237693041389,
    "annual_volatility": 0.6575847645543406,
    "annual_return": -0.3664429438063894,
    "daily_winning_ratio": 0.4925053533190578,
    "max_drawdown": 0.5060593099515256
  },
  "strategy": {
    "alpha": -0.19111616442868773,
    "beta": 0.19925876245602162,
    "sharpe_ratio": -0.8112442896736191,
    "sortino_ratio": -1.1329229708007789,
    "annual_volatility": 0.32898045936804116,
    "annual_return": -0.24751515190325635,
    "daily_winning_ratio": 0.4925053533190578,
    "max_drawdown": 0.5060593099515256
  }
}