{
  "benchmark": {
    "alpha": 0.0,
    "beta": 1.0,
    "sharpe_ratio": -0.5073127084837248,
    "sortino_ratio": -0.6883879006536257,
    "annual_volatility": 0.6647667751109106,
    "annual_return": -0.4077862418140188,
    "daily_winning_ratio": 0.492,
    "max_drawdown": 0.5523952095808383
  },
  "strategy": {
    "alpha": -0.2099969342019572,
    "beta": 0.2180521014990732,
    "sharpe_ratio": -0.8571058452432476,
    "sortino_ratio": -1.158264831509956,
    "annual_volatility": 0.35165359920183376,
    "annual_return": -0.27912274594604125,
    "daily_winning_ratio": 0.3583815028901734,
    "max_drawdown": 0.5523952095808383
  }
}