{
  "benchmark": {
    "alpha": 0.0,
    "beta": 1.0,
    "sharpe_ratio": 0.014426291756136108,
    "sortino_ratio": 0.020295238396680914,
    "annual_volatility": 0.5847227671340292,
    "annual_return": -0.1191246737975491,
    "daily_winning_ratio": 0.4834761321909425,
    "max_drawdown": 0.6855574565155403
  },
  "strategy": {
    "alpha": -0.29089294374577457,
    "beta": 0.22825632157298642,
    "sharpe_ratio": -1.0177300883713725,
    "sortino_ratio": -1.3556844022808414,
    "annual_volatility": 0.334428841434237,
    "annual_return": -0.30258024278322726,
    "daily_winning_ratio": 0.3541666666666667,
    "max_drawdown": 0.6855574565155403
  }
}