{
  "benchmark": {
    "alpha": 0.0,
    "beta": 1.0,
    "sharpe_ratio": 0.03867117836756748,
    "sortino_ratio": 0.05432383897657943,
    "annual_volatility": 0.6158150840400654,
    "annual_return": -0.12212942189315867,
    "daily_winning_ratio": 0.48773448773448774,
    "max_drawdown": 0.659181636726547
  },
  "strategy": {
    "alpha": -0.30528888553200473,
    "beta": 0.24266101199235024,
    "sharpe_ratio": -0.9983512939418906,
    "sortino_ratio": -1.3313669078759947,
    "annual_volatility": 0.36062700391086383,
    "annual_return": -0.3224208542456921,
    "daily_winning_ratio": 0.36416184971098264,
    "max_drawdown": 0.659181636726547
  }
}