{
  "benchmark": {
    "alpha": 0.0,
    "beta": 1.0000000000000002,
    "sharpe_ratio": 2.8064749255866563,
    "sortino_ratio": 4.489180480069768,
    "annual_volatility": 0.659433585870423,
    "annual_return": 4.301109920921936,
    "daily_winning_ratio": 0.5537190082644629,
    "max_drawdown": 0.20466772151898727
  },
  "strategy": {
    "alpha": -0.33561675939955427,
    "beta": 0.31802829558361745,
    "sharpe_ratio": 0.39403107976017626,
    "sortino_ratio": 0.6402210033850829,
    "annual_volatility": 0.38201519393795913,
    "annual_return": 0.12275411054563956,
    "daily_winning_ratio": 0.55,
    "max_drawdown": 0.20466772151898727
  }
}