{
  "benchmark": {
    "alpha": 0.0,
    "beta": 1.0,
    "sharpe_ratio": 0.4799814348743649,
    "sortino_ratio": 0.6876982109361315,
    "annual_volatility": 0.5652162682881118,
    "annual_return": 0.15885023921701857,
    "daily_winning_ratio": 0.49690721649484537,
    "max_drawdown": 0.6855574565155403
  },
  "strategy": {
    "alpha": -0.08286402296236184,
    "beta": 0.2007670549971525,
    "sharpe_ratio": -0.14635184255506223,
    "sortino_ratio": -0.20837119858720377,
    "annual_volatility": 0.3942902877736434,
    "annual_return": -0.09417348974149276,
    "daily_winning_ratio": 0.4107600341588386,
    "max_drawdown": 0.6855574565155403
  }
}