{
  "benchmark": {
    "alpha": 0.0,
    "beta": 1.0,
    "sharpe_ratio": 0.016226738870846785,
    "sortino_ratio": 0.02282821374037492,
    "annual_volatility": 0.584366912078126,
    "annual_return": -0.11801793176984399,
    "daily_winning_ratio": 0.4841075794621027,
    "max_drawdown": 0.6855574565155403
  },
  "strategy": {
    "alpha": -0.28913347383161125,
    "beta": 0.228163806177219,
    "sharpe_ratio": -1.0148341513386459,
    "sortino_ratio": -1.3518444043519453,
    "annual_volatility": 0.3342284572727988,
    "annual_return": -0.3017147010255443,
    "daily_winning_ratio": 0.35495716034271724,
    "max_drawdown": 0.6855574565155403
  }
}