{
  "benchmark": {
    "alpha": 0.0,
    "beta": 1.0000000000000002,
    "sharpe_ratio": 3.310230745125097,
    "sortino_ratio": 5.429199561555622,
    "annual_volatility": 0.6583242327745861,
    "annual_return": 6.358148503038565,
    "daily_winning_ratio": 0.5625,
    "max_drawdown": 0.20466772151898727
  },
  "strategy": {
    "alpha": -0.36670270248924597,
    "beta": 0.2947339556521737,
    "sharpe_ratio": 0.42256375940553975,
    "sortino_ratio": 0.7039655910287113,
    "annual_volatility": 0.3680078099496236,
    "annual_return": 0.1344207243546911,
    "daily_winning_ratio": 0.5585585585585585,
    "max_drawdown": 0.20466772151898727
  }
}