{
  "benchmark": {
    "alpha": 0.0,
    "beta": 1.0,
    "sharpe_ratio": 0.11930022788051815,
    "sortino_ratio": 0.16841956205335182,
    "annual_volatility": 0.6068700923646613,
    "annual_return": -0.07327038490549298,
    "daily_winning_ratio": 0.4898236092265943,
    "max_drawdown": 0.6623182207014542
  },
  "strategy": {
    "alpha": -0.3056800710098857,
    "beta": 0.2351285524078135,
    "sharpe_ratio": -0.9871058540564116,
    "sortino_ratio": -1.3162117970969618,
    "annual_volatility": 0.349757921032326,
    "annual_return": -0.30964198906067897,
    "daily_winning_ratio": 0.35054347826086957,
    "max_drawdown": 0.6623182207014542
  }
}