{
  "benchmark": {
    "alpha": 0.0,
    "beta": 0.9999999999999997,
    "sharpe_ratio": 2.921880444370055,
    "sortino_ratio": 4.702943002436885,
    "annual_volatility": 0.6575620466659162,
    "annual_return": 4.694658878769787,
    "daily_winning_ratio": 0.5555555555555556,
    "max_drawdown": 0.20466772151898727
  },
  "strategy": {
    "alpha": -0.2529074948672595,
    "beta": 0.3014675177281832,
    "sharpe_ratio": 0.7734772794566063,
    "sortino_ratio": 1.3118081530598762,
    "annual_volatility": 0.37204070140474504,
    "annual_return": 0.29278787514812565,
    "daily_winning_ratio": 0.5555555555555556,
    "max_drawdown": 0.20466772151898727
  }
}