{
  "benchmark": {
    "alpha": 0.0,
    "beta": 1.0,
    "sharpe_ratio": -0.263018518751651,
    "sortino_ratio": -0.36372064807331506,
    "annual_volatility": 0.6629571239639078,
    "annual_return": -0.30148415393435113,
    "daily_winning_ratio": 0.4939759036144578,
    "max_drawdown": 0.44952951240376393
  },
  "strategy": {
    "alpha": -0.1572673797011156,
    "beta": 0.20213007305917788,
    "sharpe_ratio": -0.6062671366049828,
    "sortino_ratio": -0.8679113339625866,
    "annual_volatility": 0.3402969695324019,
    "annual_return": -0.20337060455893896,
    "daily_winning_ratio": 0.4939759036144578,
    "max_drawdown": 0.44952951240376393
  }
}