{
  "benchmark": {
    "alpha": 0.0,
    "beta": 0.9999999999999994,
    "sharpe_ratio": -3.0443673825694852,
    "sortino_ratio": -3.737394369865905,
    "annual_volatility": 0.4604644994234982,
    "annual_return": -0.7696375921421033,
    "daily_winning_ratio": 0.4666666666666667,
    "max_drawdown": 0.002197802197802079
  },
  "strategy": {
    "alpha": -0.0318551506401733,
    "beta": 0.022005508866252032,
    "sharpe_ratio": -5.554967743150481,
    "sortino_ratio": -6.21884056509438,
    "annual_volatility": 0.011380796997355835,
    "annual_return": -0.026425957610982653,
    "daily_winning_ratio": 0.4666666666666667,
    "max_drawdown": 0.002197802197802079
  }
}