{
  "benchmark": {
    "alpha": 0.0,
    "beta": 1.0000000000000002,
    "sharpe_ratio": 3.310230745125097,
    "sortino_ratio": 5.429199561555622,
    "annual_volatility": 0.6583242327745861,
    "annual_return": 6.358148503038565,
    "daily_winning_ratio": 0.5625,
    "max_drawdown": 0.20466772151898727
  },
  "strategy": {
    "alpha": -0.3645088758748579,
    "beta": 0.29503215399382265,
    "sharpe_ratio": 0.5175545719813525,
    "sortino_ratio": 0.8633419125901975,
    "annual_volatility": 0.3668402704600308,
    "annual_return": 0.17452683520060042,
    "daily_winning_ratio": 0.5625,
    "max_drawdown": 0.20466772151898727
  }
}