{
  "benchmark": {
    "alpha": 0.0,
    "beta": 0.9999999999999998,
    "sharpe_ratio": 2.7470425710349144,
    "sortino_ratio": 4.410803052129828,
    "annual_volatility": 0.6433416251263087,
    "annual_return": 3.929292553820022,
    "daily_winning_ratio": 0.5384615384615384,
    "max_drawdown": 0.20466772151898727
  },
  "strategy": {
    "alpha": 0.2816574640330838,
    "beta": 0.33302715832062446,
    "sharpe_ratio": 1.933767403860532,
    "sortino_ratio": 3.6696714620594872,
    "annual_volatility": 0.4327268211772697,
    "annual_return": 1.1854969952343093,
    "daily_winning_ratio": 0.5384615384615384,
    "max_drawdown": 0.20466772151898727
  }
}