{
  "benchmark": {
    "alpha": 0.0,
    "beta": 1.0000000000000002,
    "sharpe_ratio": 3.148706323063165,
    "sortino_ratio": 5.511024508844972,
    "annual_volatility": 0.575062929663581,
    "annual_return": 4.393773570712293,
    "daily_winning_ratio": 0.6,
    "max_drawdown": 0.00419580419580412
  },
  "strategy": {
    "alpha": 0.5641844947764203,
    "beta": 0.09645469758694354,
    "sharpe_ratio": 5.721637195949436,
    "sortino_ratio": 67.02218896085343,
    "annual_volatility": 0.10876079362843699,
    "annual_return": 0.9204621269254305,
    "daily_winning_ratio": 0.6,
    "max_drawdown": 0.00419580419580412
  }
}