{
  "benchmark": {
    "alpha": 0.0,
    "beta": 1.0,
    "sharpe_ratio": 0.07485225062537111,
    "sortino_ratio": 0.10540205865686555,
    "annual_volatility": 0.611070108478751,
    "annual_return": -0.09999487436136845,
    "daily_winning_ratio": 0.4895977808599168,
    "max_drawdown": 0.659181636726547
  },
  "strategy": {
    "alpha": -0.29670784724791976,
    "beta": 0.2377470894552515,
    "sharpe_ratio": -0.9827467589733977,
    "sortino_ratio": -1.3105753079816274,
    "annual_volatility": 0.35355051121490294,
    "annual_return": -0.3120865392882285,
    "daily_winning_ratio": 0.35,
    "max_drawdown": 0.659181636726547
  }
}