{
  "benchmark": {
    "alpha": 0.0,
    "beta": 0.9999999999999999,
    "sharpe_ratio": 0.0452824992228916,
    "sortino_ratio": 0.0637972866219973,
    "annual_volatility": 0.5916028295457555,
    "annual_return": -0.10643461160724899,
    "daily_winning_ratio": 0.4861111111111111,
    "max_drawdown": 0.6798545765611634
  },
  "strategy": {
    "alpha": -0.2931156396138008,
    "beta": 0.2296767647857335,
    "sharpe_ratio": -0.999895887649104,
    "sortino_ratio": -1.332878921260835,
    "annual_volatility": 0.33900825383134564,
    "annual_return": -0.30269653392809226,
    "daily_winning_ratio": 0.3527180783817952,
    "max_drawdown": 0.6798545765611634
  }
}