{
  "benchmark": {
    "alpha": 0.0,
    "beta": 1.0,
    "sharpe_ratio": 0.4799814348743649,
    "sortino_ratio": 0.6876982109361315,
    "annual_volatility": 0.5652162682881118,
    "annual_return": 0.15885023921701857,
    "daily_winning_ratio": 0.49690721649484537,
    "max_drawdown": 0.6855574565155403
  },
  "strategy": {
    "alpha": -0.08286402296236184,
    "beta": 0.20076705499715244,
    "sharpe_ratio": -0.08843434711654824,
    "sortino_ratio": -0.12599239602096377,
    "annual_volatility": 0.39385864170583706,
    "annual_return": -0.07305917169135157,
    "daily_winning_ratio": 0.41304347826086957,
    "max_drawdown": 0.6855574565155403
  }
}