{
  "benchmark": {
    "alpha": 0.0,
    "beta": 1.0,
    "sharpe_ratio": 0.4799814348743649,
    "sortino_ratio": 0.6876982109361315,
    "annual_volatility": 0.5652162682881118,
    "annual_return": 0.15885023921701857,
    "daily_winning_ratio": 0.49690721649484537,
    "max_drawdown": 0.6855574565155403
  },
  "strategy": {
    "alpha": -0.08286402296236184,
    "beta": 0.20076705499715244,
    "sharpe_ratio": 0.04811287041707851,
    "sortino_ratio": 0.06870945468673327,
    "annual_volatility": 0.3772030984030881,
    "annual_return": -0.01641805244404082,
    "daily_winning_ratio": 0.4063373718546132,
    "max_drawdown": 0.6855574565155403
  }
}