{
  "benchmark": {
    "alpha": 0.0,
    "beta": 1.0,
    "sharpe_ratio": 2.39353739169239,
    "sortino_ratio": 3.778816208300494,
    "annual_volatility": 0.6422662589846865,
    "annual_return": 2.922049304133305,
    "daily_winning_ratio": 0.5347222222222222,
    "max_drawdown": 0.20466772151898727
  },
  "strategy": {
    "alpha": 0.09998394742021754,
    "beta": 0.3588222966687055,
    "sharpe_ratio": 1.480089954365251,
    "sortino_ratio": 2.603294614164967,
    "annual_volatility": 0.4370824532619637,
    "annual_return": 0.804033579603602,
    "daily_winning_ratio": 0.5347222222222222,
    "max_drawdown": 0.20466772151898727
  }
}