{
  "benchmark": {
    "alpha": 0.0,
    "beta": 1.0,
    "sharpe_ratio": -0.5073127084837248,
    "sortino_ratio": -0.6883879006536257,
    "annual_volatility": 0.6647667751109106,
    "annual_return": -0.4077862418140188,
    "daily_winning_ratio": 0.492,
    "max_drawdown": 0.5908183632734532
  },
  "strategy": {
    "alpha": -0.2099969342019572,
    "beta": 0.21805210149907317,
    "sharpe_ratio": -1.0189434231239485,
    "sortino_ratio": -1.3711263606501072,
    "annual_volatility": 0.34814911913427216,
    "annual_return": -0.3157555047115458,
    "daily_winning_ratio": 0.3539325842696629,
    "max_drawdown": 0.5908183632734532
  }
}