{
  "benchmark": {
    "alpha": 0.0,
    "beta": 1.0,
    "sharpe_ratio": 0.4799814348743649,
    "sortino_ratio": 0.6876982109361315,
    "annual_volatility": 0.5652162682881118,
    "annual_return": 0.15885023921701857,
    "daily_winning_ratio": 0.49690721649484537,
    "max_drawdown": 0.6855574565155403
  },
  "strategy": {
    "alpha": -0.08286402296236184,
    "beta": 0.20076705499715247,
    "sharpe_ratio": -0.03975723382788416,
    "sortino_ratio": -0.056557270270011485,
    "annual_volatility": 0.3766910122078487,
    "annual_return": -0.04828919368661799,
    "daily_winning_ratio": 0.4055045871559633,
    "max_drawdown": 0.6855574565155403
  }
}