{
  "benchmark": {
    "alpha": 0.0,
    "beta": 1.0,
    "sharpe_ratio": 0.519774886508129,
    "sortino_ratio": 0.7335575971309579,
    "annual_volatility": 0.6297981179595954,
    "annual_return": 0.17954890773028365,
    "daily_winning_ratio": 0.5185185185185185,
    "max_drawdown": 0.20466772151898727
  },
  "strategy": {
    "alpha": 0.1655192240259411,
    "beta": 0.3211102279300365,
    "sharpe_ratio": 0.6227647265001015,
    "sortino_ratio": 0.9825022636251648,
    "annual_volatility": 0.4147879276502524,
    "annual_return": 0.2338142010050399,
    "daily_winning_ratio": 0.5185185185185185,
    "max_drawdown": 0.20466772151898727
  }
}