{
  "benchmark": {
    "alpha": 0.0,
    "beta": 1.0,
    "sharpe_ratio": 0.09524870945570979,
    "sortino_ratio": 0.13439080588324756,
    "annual_volatility": 0.5971877598925549,
    "annual_return": -0.0821851977332736,
    "daily_winning_ratio": 0.48825065274151436,
    "max_drawdown": 0.6647419446820645
  },
  "strategy": {
    "alpha": -0.2956921342746942,
    "beta": 0.23228121974820098,
    "sharpe_ratio": -0.980580709704255,
    "sortino_ratio": -1.3077843189231668,
    "annual_volatility": 0.34350109437825405,
    "annual_return": -0.3022783817389414,
    "daily_winning_ratio": 0.3516339869281046,
    "max_drawdown": 0.6647419446820645
  }
}