{
  "benchmark": {
    "alpha": 0.0,
    "beta": 1.0,
    "sharpe_ratio": 0.8511448314262682,
    "sortino_ratio": 1.2617866474763408,
    "annual_volatility": 0.6497916244460861,
    "annual_return": 0.4615678807912358,
    "daily_winning_ratio": 0.5232974910394266,
    "max_drawdown": 0.3360422013116624
  },
  "strategy": {
    "alpha": -0.1193940429890259,
    "beta": 0.2817504919524594,
    "sharpe_ratio": 0.0732187661401919,
    "sortino_ratio": 0.11013348431563738,
    "annual_volatility": 0.3920300911950344,
    "annual_return": -0.010714015311045877,
    "daily_winning_ratio": 0.5232974910394266,
    "max_drawdown": 0.3360422013116624
  }
}