{
  "benchmark": {
    "alpha": 0.0,
    "beta": 1.0,
    "sharpe_ratio": 0.3543327598685472,
    "sortino_ratio": 0.506367819395648,
    "annual_volatility": 0.5713176819973973,
    "annual_return": 0.07802049163589353,
    "daily_winning_ratio": 0.49178532311062434,
    "max_drawdown": 0.6855574565155403
  },
  "strategy": {
    "alpha": -0.21342499240580448,
    "beta": 0.20957148853020263,
    "sharpe_ratio": -0.5908570446957132,
    "sortino_ratio": -0.800823280267663,
    "annual_volatility": 0.33258284192590987,
    "annual_return": -0.19405491504570793,
    "daily_winning_ratio": 0.3815789473684211,
    "max_drawdown": 0.6855574565155403
  }
}