{
  "benchmark": {
    "alpha": 0.0,
    "beta": 1.0,
    "sharpe_ratio": 0.4799814348743649,
    "sortino_ratio": 0.6876982109361315,
    "annual_volatility": 0.5652162682881118,
    "annual_return": 0.15885023921701857,
    "daily_winning_ratio": 0.49690721649484537,
    "max_drawdown": 0.6855574565155403
  },
  "strategy": {
    "alpha": -0.08286402296236184,
    "beta": 0.20076705499715242,
    "sharpe_ratio": -0.0010974381183194394,
    "sortino_ratio": -0.0015450713021486877,
    "annual_volatility": 0.36521441628576545,
    "annual_return": -0.030352851592680974,
    "daily_winning_ratio": 0.3998015873015873,
    "max_drawdown": 0.6855574565155403
  }
}