{
  "benchmark": {
    "alpha": 0.0,
    "beta": 1.0,
    "sharpe_ratio": 0.2774439260321568,
    "sortino_ratio": 0.39546534907099323,
    "annual_volatility": 0.5770414352093347,
    "annual_return": 0.029926812607972586,
    "daily_winning_ratio": 0.4885844748858447,
    "max_drawdown": 0.6855574565155403
  },
  "strategy": {
    "alpha": -0.23541213595431953,
    "beta": 0.21539564145448306,
    "sharpe_ratio": -0.7190800849923001,
    "sortino_ratio": -0.9710708476161917,
    "annual_volatility": 0.3310532526877831,
    "annual_return": -0.2264817112119656,
    "daily_winning_ratio": 0.37257142857142855,
    "max_drawdown": 0.6855574565155403
  }
}