{
  "benchmark": {
    "alpha": 0.0,
    "beta": 1.0,
    "sharpe_ratio": 0.03369228065016199,
    "sortino_ratio": 0.047317639845695855,
    "annual_volatility": 0.6336124154307773,
    "annual_return": -0.1340272904956774,
    "daily_winning_ratio": 0.48742138364779874,
    "max_drawdown": 0.6179783290561733
  },
  "strategy": {
    "alpha": -0.2838622101958681,
    "beta": 0.23970130053376348,
    "sharpe_ratio": -0.9090599916112049,
    "sortino_ratio": -1.2255318484855022,
    "annual_volatility": 0.3614865029661959,
    "annual_return": -0.3009289160361468,
    "daily_winning_ratio": 0.3742138364779874,
    "max_drawdown": 0.6179783290561733
  }
}