{
  "benchmark": {
    "alpha": 0.0,
    "beta": 1.0,
    "sharpe_ratio": 0.01916026195465088,
    "sortino_ratio": 0.026933871889055497,
    "annual_volatility": 0.5926371586106478,
    "annual_return": -0.12069184941685551,
    "daily_winning_ratio": 0.48662420382165605,
    "max_drawdown": 0.6798545765611634
  },
  "strategy": {
    "alpha": -0.2939738369827106,
    "beta": 0.2314088262682312,
    "sharpe_ratio": -1.0198239718597972,
    "sortino_ratio": -1.3580449232421794,
    "annual_volatility": 0.34008300095927135,
    "annual_return": -0.30841109209676676,
    "daily_winning_ratio": 0.35331632653061223,
    "max_drawdown": 0.6798545765611634
  }
}