{
  "benchmark": {
    "alpha": 0.0,
    "beta": 1.0,
    "sharpe_ratio": 0.5459577924614101,
    "sortino_ratio": 0.7994531437179303,
    "annual_volatility": 0.6391506352623733,
    "annual_return": 0.19990194777921744,
    "daily_winning_ratio": 0.5166666666666667,
    "max_drawdown": 0.366837753065298
  },
  "strategy": {
    "alpha": -0.1857683013664464,
    "beta": 0.2883302229520814,
    "sharpe_ratio": -0.2703401952963177,
    "sortino_ratio": -0.39568162845686844,
    "annual_volatility": 0.3878070958790537,
    "annual_return": -0.13313925706295004,
    "daily_winning_ratio": 0.5166666666666667,
    "max_drawdown": 0.366837753065298
  }
}