{
  "benchmark": {
    "alpha": 0.0,
    "beta": 1.0,
    "sharpe_ratio": 3.984541002243964,
    "sortino_ratio": 7.358724251586978,
    "annual_volatility": 0.5825963508413778,
    "annual_return": 7.9000818334624405,
    "daily_winning_ratio": 0.5507246376811594,
    "max_drawdown": 0.057178526841448196
  },
  "strategy": {
    "alpha": 0.14955609054878094,
    "beta": 0.4068201406046043,
    "sharpe_ratio": 2.7576431539920407,
    "sortino_ratio": 6.8417853222200256,
    "annual_volatility": 0.393011772564965,
    "annual_return": 1.8457265495235604,
    "daily_winning_ratio": 0.5507246376811594,
    "max_drawdown": 0.057178526841448196
  }
}