{
  "benchmark": {
    "alpha": 0.0,
    "beta": 1.0000000000000002,
    "sharpe_ratio": 2.263997646821338,
    "sortino_ratio": 3.556576705680416,
    "annual_volatility": 0.63018825476143,
    "annual_return": 2.5427693145946706,
    "daily_winning_ratio": 0.5342465753424658,
    "max_drawdown": 0.13180379746835447
  },
  "strategy": {
    "alpha": -0.13780021797043862,
    "beta": 0.46810722113577014,
    "sharpe_ratio": 1.1970055184810127,
    "sortino_ratio": 2.063615824112852,
    "annual_volatility": 0.43410940188646924,
    "annual_return": 0.5915664631816127,
    "daily_winning_ratio": 0.5342465753424658,
    "max_drawdown": 0.13180379746835447
  }
}