{
  "benchmark": {
    "alpha": 0.0,
    "beta": 1.0,
    "sharpe_ratio": 0.4799814348743649,
    "sortino_ratio": 0.6876982109361315,
    "annual_volatility": 0.5652162682881118,
    "annual_return": 0.15885023921701857,
    "daily_winning_ratio": 0.49690721649484537,
    "max_drawdown": 0.6855574565155403
  },
  "strategy": {
    "alpha": -0.08286402296236184,
    "beta": 0.20076705499715247,
    "sharpe_ratio": 0.016540710127237707,
    "sortino_ratio": 0.0235740180170457,
    "annual_volatility": 0.37989270514422047,
    "annual_return": -0.029008181034560376,
    "daily_winning_ratio": 0.4098654708520179,
    "max_drawdown": 0.6855574565155403
  }
}