{
  "benchmark": {
    "alpha": 0.0,
    "beta": 1.0000000000000002,
    "sharpe_ratio": -0.43969090144546213,
    "sortino_ratio": -0.6019749882165831,
    "annual_volatility": 0.6647455763285913,
    "annual_return": -0.3801224371263502,
    "daily_winning_ratio": 0.4955947136563877,
    "max_drawdown": 0.49750499001996007
  },
  "strategy": {
    "alpha": -0.1787761285436903,
    "beta": 0.2002891626447276,
    "sharpe_ratio": -0.7665539773488504,
    "sortino_ratio": -1.0719750214998947,
    "annual_volatility": 0.3332412781677374,
    "annual_return": -0.2399200648195382,
    "daily_winning_ratio": 0.4955947136563877,
    "max_drawdown": 0.49750499001996007
  }
}