{
  "benchmark": {
    "alpha": 0.0,
    "beta": 1.0,
    "sharpe_ratio": 0.4799814348743649,
    "sortino_ratio": 0.6876982109361315,
    "annual_volatility": 0.5652162682881118,
    "annual_return": 0.15885023921701857,
    "daily_winning_ratio": 0.49690721649484537,
    "max_drawdown": 0.6855574565155403
  },
  "strategy": {
    "alpha": -0.08286402296236184,
    "beta": 0.20076705499715242,
    "sharpe_ratio": -0.12400311602099233,
    "sortino_ratio": -0.17686494217755755,
    "annual_volatility": 0.39108825664132335,
    "annual_return": -0.08463261585403792,
    "daily_winning_ratio": 0.4089316987740806,
    "max_drawdown": 0.6855574565155403
  }
}