{
  "benchmark": {
    "alpha": 0.0,
    "beta": 1.0,
    "sharpe_ratio": -0.15220516861558686,
    "sortino_ratio": -0.20937867579234334,
    "annual_volatility": 0.6317036179742832,
    "annual_return": -0.2295639775030187,
    "daily_winning_ratio": 0.4931740614334471,
    "max_drawdown": 0.614342743085258
  },
  "strategy": {
    "alpha": -0.20119585386633743,
    "beta": 0.21971171897133623,
    "sharpe_ratio": -0.7092271764802098,
    "sortino_ratio": -0.9643138172031807,
    "annual_volatility": 0.3464268523772005,
    "annual_return": -0.2363635266822265,
    "daily_winning_ratio": 0.3703071672354949,
    "max_drawdown": 0.614342743085258
  }
}