{
  "benchmark": {
    "alpha": 0.0,
    "beta": 1.0,
    "sharpe_ratio": 0.29959116419836385,
    "sortino_ratio": 0.4272564546695875,
    "annual_volatility": 0.574495490564996,
    "annual_return": 0.04390760731101073,
    "daily_winning_ratio": 0.48926553672316386,
    "max_drawdown": 0.6855574565155403
  },
  "strategy": {
    "alpha": -0.23678090090151682,
    "beta": 0.21454724657245697,
    "sharpe_ratio": -0.7128343783862972,
    "sortino_ratio": -0.9627859050376172,
    "annual_volatility": 0.3297111286694486,
    "annual_return": -0.22379086617676636,
    "daily_winning_ratio": 0.3737259343148358,
    "max_drawdown": 0.6855574565155403
  }
}