{
  "benchmark": {
    "alpha": 0.0,
    "beta": 1.0,
    "sharpe_ratio": 0.4799814348743649,
    "sortino_ratio": 0.6876982109361315,
    "annual_volatility": 0.5652162682881118,
    "annual_return": 0.15885023921701857,
    "daily_winning_ratio": 0.49690721649484537,
    "max_drawdown": 0.6855574565155403
  },
  "strategy": {
    "alpha": -0.08286402296236184,
    "beta": 0.20076705499715247,
    "sharpe_ratio": -0.0047472740721052195,
    "sortino_ratio": -0.006758635272019465,
    "annual_volatility": 0.38012035770140024,
    "annual_return": -0.03691678046547042,
    "daily_winning_ratio": 0.4084761045987376,
    "max_drawdown": 0.6855574565155403
  }
}