{
  "benchmark": {
    "alpha": 0.0,
    "beta": 1.0,
    "sharpe_ratio": 0.10390436922585362,
    "sortino_ratio": 0.14621956206213385,
    "annual_volatility": 0.6245966488046204,
    "annual_return": -0.09029753830553455,
    "daily_winning_ratio": 0.48952095808383234,
    "max_drawdown": 0.6580410607356715
  },
  "strategy": {
    "alpha": -0.3208153200429469,
    "beta": 0.24481396957259385,
    "sharpe_ratio": -1.007268797516477,
    "sortino_ratio": -1.3432747585137428,
    "annual_volatility": 0.367319787127048,
    "annual_return": -0.3307832629896822,
    "daily_winning_ratio": 0.3733133433283358,
    "max_drawdown": 0.6580410607356715
  }
}