{
  "benchmark": {
    "alpha": 0.0,
    "beta": 1.0,
    "sharpe_ratio": 0.07202457998502496,
    "sortino_ratio": 0.10127727678996765,
    "annual_volatility": 0.6284094312114786,
    "annual_return": -0.11013256262068882,
    "daily_winning_ratio": 0.4884437596302003,
    "max_drawdown": 0.6201169090390647
  },
  "strategy": {
    "alpha": -0.2693592680296776,
    "beta": 0.240672534450318,
    "sharpe_ratio": -0.8356412456209682,
    "sortino_ratio": -1.1348833377007637,
    "annual_volatility": 0.3623630040635537,
    "annual_return": -0.2828390354539444,
    "daily_winning_ratio": 0.3728813559322034,
    "max_drawdown": 0.6201169090390647
  }
}