{
  "benchmark": {
    "alpha": 0.0,
    "beta": 1.0,
    "sharpe_ratio": -0.16060735391280945,
    "sortino_ratio": -0.22195629219551316,
    "annual_volatility": 0.626949222411577,
    "annual_return": -0.23060934622448004,
    "daily_winning_ratio": 0.4861788617886179,
    "max_drawdown": 0.614342743085258
  },
  "strategy": {
    "alpha": -0.25684977653742336,
    "beta": 0.2293536155466838,
    "sharpe_ratio": -0.9050560440962068,
    "sortino_ratio": -1.2059040611768832,
    "annual_volatility": 0.3533821039671201,
    "annual_return": -0.292810137924273,
    "daily_winning_ratio": 0.37398373983739835,
    "max_drawdown": 0.614342743085258
  }
}