{
  "benchmark": {
    "alpha": 0.0,
    "beta": 1.0000000000000002,
    "sharpe_ratio": 0.2759987092045019,
    "sortino_ratio": 0.39294411643387367,
    "annual_volatility": 0.5765644003130506,
    "annual_return": 0.029184317328608378,
    "daily_winning_ratio": 0.4895833333333333,
    "max_drawdown": 0.6855574565155403
  },
  "strategy": {
    "alpha": -0.2417716297907242,
    "beta": 0.22445539772159362,
    "sharpe_ratio": -0.7355724624145437,
    "sortino_ratio": -0.991068621964135,
    "annual_volatility": 0.3296351328131013,
    "annual_return": -0.22954068222930435,
    "daily_winning_ratio": 0.3719582850521437,
    "max_drawdown": 0.6855574565155403
  }
}