{
  "benchmark": {
    "alpha": 0.0,
    "beta": 1.0000000000000002,
    "sharpe_ratio": 0.2777511550202009,
    "sortino_ratio": 0.3958946263938866,
    "annual_volatility": 0.5761112968998142,
    "annual_return": 0.030393685886010324,
    "daily_winning_ratio": 0.488558352402746,
    "max_drawdown": 0.6855574565155403
  },
  "strategy": {
    "alpha": -0.24098124670287635,
    "beta": 0.21833468328618988,
    "sharpe_ratio": -0.7301621773632165,
    "sortino_ratio": -0.9849434105575947,
    "annual_volatility": 0.32982534045364464,
    "annual_return": -0.22831426823133827,
    "daily_winning_ratio": 0.3722794959908362,
    "max_drawdown": 0.6855574565155403
  }
}