{
  "benchmark": {
    "alpha": 0.0,
    "beta": 1.0000000000000002,
    "sharpe_ratio": 4.415941878958878,
    "sortino_ratio": 8.194858482818702,
    "annual_volatility": 0.6021260550640942,
    "annual_return": 11.327863092450373,
    "daily_winning_ratio": 0.5853658536585366,
    "max_drawdown": 0.050767957325485114
  },
  "strategy": {
    "alpha": 1.3370263023754987,
    "beta": 0.3004710709729355,
    "sharpe_ratio": 5.205316062704483,
    "sortino_ratio": 16.773880817058963,
    "annual_volatility": 0.3167542237176904,
    "annual_return": 4.125497747287849,
    "daily_winning_ratio": 0.5853658536585366,
    "max_drawdown": 0.050767957325485114
  }
}