{
  "benchmark": {
    "alpha": 0.0,
    "beta": 1.0,
    "sharpe_ratio": 0.4799814348743649,
    "sortino_ratio": 0.6876982109361315,
    "annual_volatility": 0.5652162682881118,
    "annual_return": 0.15885023921701857,
    "daily_winning_ratio": 0.49690721649484537,
    "max_drawdown": 0.6855574565155403
  },
  "strategy": {
    "alpha": -0.08286402296236184,
    "beta": 0.20076705499715244,
    "sharpe_ratio": -0.025558149639522635,
    "sortino_ratio": -0.035986520623099726,
    "annual_volatility": 0.36216600704809165,
    "annual_return": -0.03782830361291911,
    "daily_winning_ratio": 0.3971774193548387,
    "max_drawdown": 0.6855574565155403
  }
}