{
  "benchmark": {
    "alpha": 0.0,
    "beta": 1.0,
    "sharpe_ratio": -0.00020286603784735687,
    "sortino_ratio": -0.00028497851142403655,
    "annual_volatility": 0.6121599460664804,
    "annual_return": -0.140938155672511,
    "daily_winning_ratio": 0.48667601683029454,
    "max_drawdown": 0.659181636726547
  },
  "strategy": {
    "alpha": -0.2961513315331834,
    "beta": 0.23857119736055454,
    "sharpe_ratio": -0.9871029221843449,
    "sortino_ratio": -1.316379588014308,
    "annual_volatility": 0.3555297409446875,
    "annual_return": -0.31497196621525847,
    "daily_winning_ratio": 0.3539325842696629,
    "max_drawdown": 0.659181636726547
  }
}