{
  "benchmark": {
    "alpha": 0.0,
    "beta": 1.0,
    "sharpe_ratio": 3.1518647796838395,
    "sortino_ratio": 5.150355390032665,
    "annual_volatility": 0.6588392236540458,
    "annual_return": 5.642074529307477,
    "daily_winning_ratio": 0.5585585585585585,
    "max_drawdown": 0.20466772151898727
  },
  "strategy": {
    "alpha": -0.35535525940374924,
    "beta": 0.2947976513425387,
    "sharpe_ratio": 0.4650588330423275,
    "sortino_ratio": 0.7750894297362194,
    "annual_volatility": 0.369580817057963,
    "annual_return": 0.15249087407236428,
    "daily_winning_ratio": 0.5545454545454546,
    "max_drawdown": 0.20466772151898727
  }
}