{
  "benchmark": {
    "alpha": 0.0,
    "beta": 1.0,
    "sharpe_ratio": 0.4799814348743649,
    "sortino_ratio": 0.6876982109361315,
    "annual_volatility": 0.5652162682881118,
    "annual_return": 0.15885023921701857,
    "daily_winning_ratio": 0.49690721649484537,
    "max_drawdown": 0.6855574565155403
  },
  "strategy": {
    "alpha": -0.08286402296236184,
    "beta": 0.20076705499715247,
    "sharpe_ratio": -0.03819558007657006,
    "sortino_ratio": -0.05434379083743247,
    "annual_volatility": 0.37635615356625357,
    "annual_return": -0.04759611563153854,
    "daily_winning_ratio": 0.4063926940639269,
    "max_drawdown": 0.6855574565155403
  }
}