{
  "benchmark": {
    "alpha": 0.0,
    "beta": 0.9999999999999999,
    "sharpe_ratio": 0.00405392928225125,
    "sortino_ratio": 0.005702090438032716,
    "annual_volatility": 0.5914820346749489,
    "annual_return": -0.12791596181217735,
    "daily_winning_ratio": 0.48553459119496856,
    "max_drawdown": 0.6808525805531793
  },
  "strategy": {
    "alpha": -0.2937331420828687,
    "beta": 0.22932988391344386,
    "sharpe_ratio": -1.025641858782964,
    "sortino_ratio": -1.3663039482279797,
    "annual_volatility": 0.3385981696688089,
    "annual_return": -0.3083737505414632,
    "daily_winning_ratio": 0.3526448362720403,
    "max_drawdown": 0.6808525805531793
  }
}