{
  "benchmark": {
    "alpha": 0.0,
    "beta": 1.0,
    "sharpe_ratio": -4.272182336165943,
    "sortino_ratio": -5.0682117746795985,
    "annual_volatility": 0.460290132750374,
    "annual_return": -0.8694157659176063,
    "daily_winning_ratio": 0.4375,
    "max_drawdown": 0.0029970029970028955
  },
  "strategy": {
    "alpha": -0.036660466231262734,
    "beta": 0.022760066855894486,
    "sharpe_ratio": -7.0269366287393025,
    "sortino_ratio": -7.503035952600333,
    "annual_volatility": 0.011684155739757568,
    "annual_return": -0.044643477256896213,
    "daily_winning_ratio": 0.4375,
    "max_drawdown": 0.0029970029970028955
  }
}