{
  "benchmark": {
    "alpha": 0.0,
    "beta": 1.0000000000000002,
    "sharpe_ratio": 0.35524895319791217,
    "sortino_ratio": 0.5074612627268176,
    "annual_volatility": 0.5740553899917038,
    "annual_return": 0.07792944604274044,
    "daily_winning_ratio": 0.4916573971078977,
    "max_drawdown": 0.6855574565155403
  },
  "strategy": {
    "alpha": -0.21272075249472533,
    "beta": 0.21414865935971272,
    "sharpe_ratio": -0.5828967769250312,
    "sortino_ratio": -0.7891444074224588,
    "annual_volatility": 0.3317757053584397,
    "annual_return": -0.1913279904934112,
    "daily_winning_ratio": 0.3801560758082497,
    "max_drawdown": 0.6855574565155403
  }
}