{
  "benchmark": {
    "alpha": 0.0,
    "beta": 0.9999999999999998,
    "sharpe_ratio": -0.4322877945625347,
    "sortino_ratio": -0.5919625098423551,
    "annual_volatility": 0.6614769061511503,
    "annual_return": -0.3748197747722086,
    "daily_winning_ratio": 0.49455337690631807,
    "max_drawdown": 0.49750499001996007
  },
  "strategy": {
    "alpha": -0.17846581073075918,
    "beta": 0.2000473315921474,
    "sharpe_ratio": -0.7655820032628806,
    "sortino_ratio": -1.0705962335564845,
    "annual_volatility": 0.3314236857295607,
    "annual_return": -0.2381569757412897,
    "daily_winning_ratio": 0.49455337690631807,
    "max_drawdown": 0.49750499001996007
  }
}