{
  "benchmark": {
    "alpha": 0.0,
    "beta": 0.9999999999999998,
    "sharpe_ratio": 0.5037541666121056,
    "sortino_ratio": 0.7360464159880747,
    "annual_volatility": 0.6586878448655108,
    "annual_return": 0.16485688922632602,
    "daily_winning_ratio": 0.5119047619047619,
    "max_drawdown": 0.3360422013116624
  },
  "strategy": {
    "alpha": -0.11642171103959353,
    "beta": 0.29049629493259954,
    "sharpe_ratio": -0.06764814287490654,
    "sortino_ratio": -0.10137230931531224,
    "annual_volatility": 0.40448795607926596,
    "annual_return": -0.06919388581066477,
    "daily_winning_ratio": 0.5119047619047619,
    "max_drawdown": 0.3360422013116624
  }
}