{
  "benchmark": {
    "alpha": 0.0,
    "beta": 1.0000000000000002,
    "sharpe_ratio": 0.323188555786973,
    "sortino_ratio": 0.46717371509488953,
    "annual_volatility": 0.642750401091211,
    "annual_return": 0.039305192480252105,
    "daily_winning_ratio": 0.5144694533762058,
    "max_drawdown": 0.366837753065298
  },
  "strategy": {
    "alpha": -0.1474887187331333,
    "beta": 0.2749309112122416,
    "sharpe_ratio": -0.2689211660963488,
    "sortino_ratio": -0.3935816164406848,
    "annual_volatility": 0.38086507860882507,
    "annual_return": -0.12874746694875538,
    "daily_winning_ratio": 0.5144694533762058,
    "max_drawdown": 0.366837753065298
  }
}