{
  "benchmark": {
    "alpha": 0.0,
    "beta": 1.0,
    "sharpe_ratio": 0.3512341862076026,
    "sortino_ratio": 0.5012920724079097,
    "annual_volatility": 0.570752187138076,
    "annual_return": 0.07623539911729171,
    "daily_winning_ratio": 0.49363057324840764,
    "max_drawdown": 0.6855574565155403
  },
  "strategy": {
    "alpha": -0.20419325358103246,
    "beta": 0.199683540916233,
    "sharpe_ratio": -0.5547262648628356,
    "sortino_ratio": -0.7529938778571581,
    "annual_volatility": 0.34032574163931656,
    "annual_return": -0.18992094161360185,
    "daily_winning_ratio": 0.3846971307120085,
    "max_drawdown": 0.6855574565155403
  }
}