{
  "benchmark": {
    "alpha": 0.0,
    "beta": 1.0,
    "sharpe_ratio": -0.4137527481560601,
    "sortino_ratio": -0.5673386151877771,
    "annual_volatility": 0.6589811849512558,
    "annual_return": -0.36538448796234047,
    "daily_winning_ratio": 0.4924731182795699,
    "max_drawdown": 0.5039207299686341
  },
  "strategy": {
    "alpha": -0.19116864342019602,
    "beta": 0.19921615944126558,
    "sharpe_ratio": -0.8081893160608233,
    "sortino_ratio": -1.1287306045562928,
    "annual_volatility": 0.3296511392794077,
    "annual_return": -0.2473317057099449,
    "daily_winning_ratio": 0.4924731182795699,
    "max_drawdown": 0.5039207299686341
  }
}