{
  "benchmark": {
    "alpha": 0.0,
    "beta": 1.0,
    "sharpe_ratio": 0.09421856429536624,
    "sortino_ratio": 0.13293694220589608,
    "annual_volatility": 0.5964098173799631,
    "annual_return": -0.08238941199658634,
    "daily_winning_ratio": 0.48828125,
    "max_drawdown": 0.6648132306814942
  },
  "strategy": {
    "alpha": -0.29484696063402627,
    "beta": 0.2322725947055097,
    "sharpe_ratio": -0.979872921295176,
    "sortino_ratio": -1.306840074705445,
    "annual_volatility": 0.34305321901459035,
    "annual_return": -0.3016938958361999,
    "daily_winning_ratio": 0.3520208604954368,
    "max_drawdown": 0.6648132306814942
  }
}