{
  "benchmark": {
    "alpha": 0.0,
    "beta": 1.0,
    "sharpe_ratio": 0.34732966674746474,
    "sortino_ratio": 0.49596109781071224,
    "annual_volatility": 0.5724474545880572,
    "annual_return": 0.07343240000688556,
    "daily_winning_ratio": 0.49192680301399355,
    "max_drawdown": 0.6855574565155403
  },
  "strategy": {
    "alpha": -0.20084289892926288,
    "beta": 0.20120867195788328,
    "sharpe_ratio": -0.5368322951197999,
    "sortino_ratio": -0.7301679022668303,
    "annual_volatility": 0.3391403087512181,
    "annual_return": -0.1841153744075209,
    "daily_winning_ratio": 0.38362068965517243,
    "max_drawdown": 0.6855574565155403
  }
}