{
  "benchmark": {
    "alpha": 0.0,
    "beta": 1.0,
    "sharpe_ratio": -0.3058923777294752,
    "sortino_ratio": -0.42113942941869903,
    "annual_volatility": 0.64459617227633,
    "annual_return": -0.3090833177724792,
    "daily_winning_ratio": 0.4949290060851927,
    "max_drawdown": 0.5312232677502139
  },
  "strategy": {
    "alpha": -0.1386745859027464,
    "beta": 0.2079209897179198,
    "sharpe_ratio": -0.5640761756804977,
    "sortino_ratio": -0.810374227136937,
    "annual_volatility": 0.3372764707770933,
    "annual_return": -0.18968258794941706,
    "daily_winning_ratio": 0.4949290060851927,
    "max_drawdown": 0.5312232677502139
  }
}