{
  "benchmark": {
    "alpha": 0.0,
    "beta": 1.0000000000000002,
    "sharpe_ratio": -0.44060300907392747,
    "sortino_ratio": -0.6039693878521991,
    "annual_volatility": 0.6563408742036465,
    "annual_return": -0.3747066848527727,
    "daily_winning_ratio": 0.4904051172707889,
    "max_drawdown": 0.508197889934417
  },
  "strategy": {
    "alpha": -0.1926834857358305,
    "beta": 0.19932302143045866,
    "sharpe_ratio": -0.8273170642373949,
    "sortino_ratio": -1.1551647595841759,
    "annual_volatility": 0.3283119900471173,
    "annual_return": -0.25090817163289747,
    "daily_winning_ratio": 0.4904051172707889,
    "max_drawdown": 0.508197889934417
  }
}