{
  "benchmark": {
    "alpha": 0.0,
    "beta": 1.0000000000000002,
    "sharpe_ratio": -0.3704634072075638,
    "sortino_ratio": -0.5087691638886825,
    "annual_volatility": 0.6485946134342077,
    "annual_return": -0.33998805770445395,
    "daily_winning_ratio": 0.4927536231884058,
    "max_drawdown": 0.5290134017678929
  },
  "strategy": {
    "alpha": -0.21652729618375066,
    "beta": 0.19956973930355124,
    "sharpe_ratio": -0.8975570221420595,
    "sortino_ratio": -1.2470634773777423,
    "annual_volatility": 0.3252052286756495,
    "annual_return": -0.26522088569002855,
    "daily_winning_ratio": 0.4927536231884058,
    "max_drawdown": 0.5290134017678929
  }
}