{
  "benchmark": {
    "alpha": 0.0,
    "beta": 1.0000000000000002,
    "sharpe_ratio": -0.3895929220095475,
    "sortino_ratio": -0.5334960703487969,
    "annual_volatility": 0.6692768440957846,
    "annual_return": -0.3622022863230848,
    "daily_winning_ratio": 0.497737556561086,
    "max_drawdown": 0.49750499001996007
  },
  "strategy": {
    "alpha": -0.1859991187594927,
    "beta": 0.20240674372207587,
    "sharpe_ratio": -0.7655407803348386,
    "sortino_ratio": -1.0706707294537565,
    "annual_volatility": 0.3376860967080034,
    "annual_return": -0.24336979820658144,
    "daily_winning_ratio": 0.497737556561086,
    "max_drawdown": 0.49750499001996007
  }
}