{
  "benchmark": {
    "alpha": 0.0,
    "beta": 1.0,
    "sharpe_ratio": 2.9159904549679054,
    "sortino_ratio": 4.672464445796439,
    "annual_volatility": 0.6578666038231573,
    "annual_return": 4.675897932708511,
    "daily_winning_ratio": 0.5573770491803278,
    "max_drawdown": 0.20466772151898727
  },
  "strategy": {
    "alpha": -0.16577401062388142,
    "beta": 0.3342932148576489,
    "sharpe_ratio": 1.1506256532382526,
    "sortino_ratio": 1.973063842998887,
    "annual_volatility": 0.3998517406249816,
    "annual_return": 0.5195289460752808,
    "daily_winning_ratio": 0.5573770491803278,
    "max_drawdown": 0.20466772151898727
  }
}