{
  "benchmark": {
    "alpha": 0.0,
    "beta": 1.0000000000000002,
    "sharpe_ratio": 0.23778878915606602,
    "sortino_ratio": 0.3382917138584934,
    "annual_volatility": 0.5771375937869175,
    "annual_return": 0.006568118734025186,
    "daily_winning_ratio": 0.4878048780487805,
    "max_drawdown": 0.6855574565155403
  },
  "strategy": {
    "alpha": -0.253628650067116,
    "beta": 0.22423183832858637,
    "sharpe_ratio": -0.7975405891270745,
    "sortino_ratio": -1.0712972151552693,
    "annual_volatility": 0.32920663709094783,
    "annual_return": -0.244770570052962,
    "daily_winning_ratio": 0.3697674418604651,
    "max_drawdown": 0.6855574565155403
  }
}