{
  "benchmark": {
    "alpha": 0.0,
    "beta": 1.0000000000000002,
    "sharpe_ratio": 1.9427300064202995,
    "sortino_ratio": 2.966396806000807,
    "annual_volatility": 0.6504320182229734,
    "annual_return": 1.9684829353404782,
    "daily_winning_ratio": 0.5298013245033113,
    "max_drawdown": 0.20466772151898727
  },
  "strategy": {
    "alpha": 0.21060749005106594,
    "beta": 0.3431951479688433,
    "sharpe_ratio": 1.457590404009459,
    "sortino_ratio": 2.5564540611394144,
    "annual_volatility": 0.42867904537383117,
    "annual_return": 0.7708629105696012,
    "daily_winning_ratio": 0.5298013245033113,
    "max_drawdown": 0.20466772151898727
  }
}