{
  "benchmark": {
    "alpha": 0.0,
    "beta": 1.0,
    "sharpe_ratio": 1.1358735199240069,
    "sortino_ratio": 1.6613770436696274,
    "annual_volatility": 0.6423223667032215,
    "annual_return": 0.7501796145398993,
    "daily_winning_ratio": 0.5159574468085106,
    "max_drawdown": 0.20466772151898727
  },
  "strategy": {
    "alpha": 0.3779776896707061,
    "beta": 0.3255900192314895,
    "sharpe_ratio": 1.310003287705658,
    "sortino_ratio": 2.1988887380406275,
    "annual_volatility": 0.4261877315043246,
    "annual_return": 0.6577985731187885,
    "daily_winning_ratio": 0.5159574468085106,
    "max_drawdown": 0.20466772151898727
  }
}