{
  "benchmark": {
    "alpha": 0.0,
    "beta": 1.0,
    "sharpe_ratio": 0.001584914958171027,
    "sortino_ratio": 0.0022292449840691396,
    "annual_volatility": 0.5903869833845304,
    "annual_return": -0.1286242661200282,
    "daily_winning_ratio": 0.4849624060150376,
    "max_drawdown": 0.6808525805531793
  },
  "strategy": {
    "alpha": -0.29330280411502363,
    "beta": 0.22930693282476178,
    "sharpe_ratio": -1.025616803345676,
    "sortino_ratio": -1.3662597038179556,
    "annual_volatility": 0.33796296099605877,
    "annual_return": -0.307766989110524,
    "daily_winning_ratio": 0.35257214554579674,
    "max_drawdown": 0.6808525805531793
  }
}