{
  "benchmark": {
    "alpha": 0.0,
    "beta": 1.0,
    "sharpe_ratio": 3.174717374281098,
    "sortino_ratio": 5.1897300572922305,
    "annual_volatility": 0.6670461695408265,
    "annual_return": 5.882641412660457,
    "daily_winning_ratio": 0.5555555555555556,
    "max_drawdown": 0.20466772151898727
  },
  "strategy": {
    "alpha": -0.3571320112512072,
    "beta": 0.29499041434883405,
    "sharpe_ratio": 0.4911050665209477,
    "sortino_ratio": 0.8187780205354284,
    "annual_volatility": 0.3729295970903995,
    "annual_return": 0.16415245878544016,
    "daily_winning_ratio": 0.5555555555555556,
    "max_drawdown": 0.20466772151898727
  }
}