{
  "benchmark": {
    "alpha": 0.0,
    "beta": 1.0,
    "sharpe_ratio": 0.3695156498068749,
    "sortino_ratio": 0.5276493225288542,
    "annual_volatility": 0.5704366943810582,
    "annual_return": 0.08759004746484056,
    "daily_winning_ratio": 0.4936440677966102,
    "max_drawdown": 0.6855574565155403
  },
  "strategy": {
    "alpha": -0.19608673583390757,
    "beta": 0.19957478513642932,
    "sharpe_ratio": -0.5239781062477883,
    "sortino_ratio": -0.7122279850158204,
    "annual_volatility": 0.34043504706841216,
    "annual_return": -0.18147029909831058,
    "daily_winning_ratio": 0.38494167550371156,
    "max_drawdown": 0.6855574565155403
  }
}