{
  "benchmark": {
    "alpha": 0.0,
    "beta": 0.9999999999999998,
    "sharpe_ratio": 2.7470425710349144,
    "sortino_ratio": 4.410803052129828,
    "annual_volatility": 0.6433416251263087,
    "annual_return": 3.929292553820022,
    "daily_winning_ratio": 0.5384615384615384,
    "max_drawdown": 0.20466772151898727
  },
  "strategy": {
    "alpha": 0.24255289392795465,
    "beta": 0.33276160212933253,
    "sharpe_ratio": 1.8484155813158931,
    "sortino_ratio": 3.503778515759067,
    "annual_volatility": 0.43391504722309776,
    "annual_return": 1.110021562283245,
    "daily_winning_ratio": 0.5348837209302325,
    "max_drawdown": 0.20466772151898727
  }
}