{
  "benchmark": {
    "alpha": 0.0,
    "beta": 1.0,
    "sharpe_ratio": 2.8752217303880303,
    "sortino_ratio": 4.609419868857986,
    "annual_volatility": 0.6603094297221203,
    "annual_return": 4.557242238442583,
    "daily_winning_ratio": 0.5566037735849056,
    "max_drawdown": 0.20466772151898727
  },
  "strategy": {
    "alpha": -0.3447931705170989,
    "beta": 0.3048121196269511,
    "sharpe_ratio": 0.41490586812327845,
    "sortino_ratio": 0.6915323445724774,
    "annual_volatility": 0.3763197022881346,
    "annual_return": 0.13176318491005556,
    "daily_winning_ratio": 0.5566037735849056,
    "max_drawdown": 0.20466772151898727
  }
}