{
  "benchmark": {
    "alpha": 0.0,
    "beta": 1.0,
    "sharpe_ratio": 0.13150280878655696,
    "sortino_ratio": 0.1856737890053975,
    "annual_volatility": 0.6065486057035722,
    "annual_return": -0.06624026556378382,
    "daily_winning_ratio": 0.4905149051490515,
    "max_drawdown": 0.6623182207014542
  },
  "strategy": {
    "alpha": -0.30234068261745906,
    "beta": 0.23486485086456887,
    "sharpe_ratio": -0.980848320286961,
    "sortino_ratio": -1.3079292975140477,
    "annual_volatility": 0.3495369448267648,
    "annual_return": -0.30792414846564187,
    "daily_winning_ratio": 0.3514246947082768,
    "max_drawdown": 0.6623182207014542
  }
}