{
  "benchmark": {
    "alpha": 0.0,
    "beta": 1.0000000000000002,
    "sharpe_ratio": 0.36341366927977914,
    "sortino_ratio": 0.5190671770123374,
    "annual_volatility": 0.5717283141955096,
    "annual_return": 0.08352027680507668,
    "daily_winning_ratio": 0.4924892703862661,
    "max_drawdown": 0.6855574565155403
  },
  "strategy": {
    "alpha": -0.19316468930031316,
    "beta": 0.2005885496891346,
    "sharpe_ratio": -0.5077505009972195,
    "sortino_ratio": -0.6912800114081719,
    "annual_volatility": 0.33912117756196497,
    "annual_return": -0.176009994153003,
    "daily_winning_ratio": 0.3845327604726101,
    "max_drawdown": 0.6855574565155403
  }
}