{
  "benchmark": {
    "alpha": 0.0,
    "beta": 1.0,
    "sharpe_ratio": 0.852265683476679,
    "sortino_ratio": 1.2341786135025061,
    "annual_volatility": 0.6421245509003304,
    "annual_return": 0.45892259591327567,
    "daily_winning_ratio": 0.5246636771300448,
    "max_drawdown": 0.20466772151898727
  },
  "strategy": {
    "alpha": 0.08929460323402738,
    "beta": 0.2987984520466805,
    "sharpe_ratio": 0.6101370328606011,
    "sortino_ratio": 0.9625300451426553,
    "annual_volatility": 0.40820503927086704,
    "annual_return": 0.2257034886599414,
    "daily_winning_ratio": 0.5246636771300448,
    "max_drawdown": 0.20466772151898727
  }
}