{
  "benchmark": {
    "alpha": 0.0,
    "beta": 1.0,
    "sharpe_ratio": 0.010571177876950425,
    "sortino_ratio": 0.014839232950397449,
    "annual_volatility": 0.615833036739006,
    "annual_return": -0.13720127416638317,
    "daily_winning_ratio": 0.48703170028818443,
    "max_drawdown": 0.659181636726547
  },
  "strategy": {
    "alpha": -0.30616858474199915,
    "beta": 0.24261569425770543,
    "sharpe_ratio": -0.9977763302391949,
    "sortino_ratio": -1.3306008387736887,
    "annual_volatility": 0.36036691522499475,
    "annual_return": -0.32204017968286114,
    "daily_winning_ratio": 0.36363636363636365,
    "max_drawdown": 0.659181636726547
  }
}