{
  "benchmark": {
    "alpha": 0.0,
    "beta": 1.0,
    "sharpe_ratio": -0.5073127084837248,
    "sortino_ratio": -0.6883879006536257,
    "annual_volatility": 0.6647667751109106,
    "annual_return": -0.4077862418140188,
    "daily_winning_ratio": 0.492,
    "max_drawdown": 0.5742087254063302
  },
  "strategy": {
    "alpha": -0.2099969342019572,
    "beta": 0.21805210149907317,
    "sharpe_ratio": -0.9451563702576159,
    "sortino_ratio": -1.2740701541213766,
    "annual_volatility": 0.3485384200560016,
    "annual_return": -0.2982883342972923,
    "daily_winning_ratio": 0.3559322033898305,
    "max_drawdown": 0.5742087254063302
  }
}