{
  "benchmark": {
    "alpha": 0.0,
    "beta": 1.0,
    "sharpe_ratio": 0.0322879354541572,
    "sortino_ratio": 0.04546860753622682,
    "annual_volatility": 0.5801304195731717,
    "annual_return": -0.10760609532785348,
    "daily_winning_ratio": 0.4832134292565947,
    "max_drawdown": 0.6855574565155403
  },
  "strategy": {
    "alpha": -0.287071922623782,
    "beta": 0.22655093785220817,
    "sharpe_ratio": -1.001236482328777,
    "sortino_ratio": -1.3345433782075227,
    "annual_volatility": 0.3316692985446917,
    "annual_return": -0.29612464925870097,
    "daily_winning_ratio": 0.3565426170468187,
    "max_drawdown": 0.6855574565155403
  }
}