{
  "benchmark": {
    "alpha": 0.0,
    "beta": 1.0,
    "sharpe_ratio": 0.4799814348743649,
    "sortino_ratio": 0.6876982109361315,
    "annual_volatility": 0.5652162682881118,
    "annual_return": 0.15885023921701857,
    "daily_winning_ratio": 0.49690721649484537,
    "max_drawdown": 0.6855574565155403
  },
  "strategy": {
    "alpha": -0.08286402296236184,
    "beta": 0.2007670549971525,
    "sharpe_ratio": -0.03579426197127088,
    "sortino_ratio": -0.05017217955881804,
    "annual_volatility": 0.3523123587301454,
    "annual_return": -0.037700289688809674,
    "daily_winning_ratio": 0.3971631205673759,
    "max_drawdown": 0.6855574565155403
  }
}