{
  "benchmark": {
    "alpha": 0.0,
    "beta": 1.0,
    "sharpe_ratio": 0.7180035791538378,
    "sortino_ratio": 1.0365181645146706,
    "annual_volatility": 0.6444562172737865,
    "annual_return": 0.3387962485366818,
    "daily_winning_ratio": 0.5227272727272727,
    "max_drawdown": 0.20466772151898727
  },
  "strategy": {
    "alpha": 0.1204384133407177,
    "beta": 0.3008659578184184,
    "sharpe_ratio": 0.6154807978071108,
    "sortino_ratio": 0.9709814365809368,
    "annual_volatility": 0.41098768012479264,
    "annual_return": 0.22910979021582056,
    "daily_winning_ratio": 0.5227272727272727,
    "max_drawdown": 0.20466772151898727
  }
}