{
  "benchmark": {
    "alpha": 0.0,
    "beta": 1.0,
    "sharpe_ratio": 0.4799814348743649,
    "sortino_ratio": 0.6876982109361315,
    "annual_volatility": 0.5652162682881118,
    "annual_return": 0.15885023921701857,
    "daily_winning_ratio": 0.49690721649484537,
    "max_drawdown": 0.6855574565155403
  },
  "strategy": {
    "alpha": -0.14129591325597846,
    "beta": 0.20075250675011086,
    "sharpe_ratio": -0.28330621000800305,
    "sortino_ratio": -0.3896634232335556,
    "annual_volatility": 0.34091815771514566,
    "annual_return": -0.11179286207209715,
    "daily_winning_ratio": 0.391304347826087,
    "max_drawdown": 0.6855574565155403
  }
}