{
  "benchmark": {
    "alpha": 0.0,
    "beta": 1.0,
    "sharpe_ratio": 0.05234863975185647,
    "sortino_ratio": 0.07355399433798551,
    "annual_volatility": 0.6349778861517051,
    "annual_return": -0.12443315101710639,
    "daily_winning_ratio": 0.4864864864864865,
    "max_drawdown": 0.614342743085258
  },
  "strategy": {
    "alpha": -0.25785873713362273,
    "beta": 0.23503182907914763,
    "sharpe_ratio": -0.8068355587073384,
    "sortino_ratio": -1.0938566185216998,
    "annual_volatility": 0.3597776096506867,
    "annual_return": -0.2731290694031633,
    "daily_winning_ratio": 0.37360890302066774,
    "max_drawdown": 0.614342743085258
  }
}