{
  "benchmark": {
    "alpha": 0.0,
    "beta": 1.0,
    "sharpe_ratio": 0.4799814348743649,
    "sortino_ratio": 0.6876982109361315,
    "annual_volatility": 0.5652162682881118,
    "annual_return": 0.15885023921701857,
    "daily_winning_ratio": 0.49690721649484537,
    "max_drawdown": 0.6855574565155403
  },
  "strategy": {
    "alpha": -0.08286402296236184,
    "beta": 0.20076705499715247,
    "sharpe_ratio": 0.16707598891757702,
    "sortino_ratio": 0.24327238110647506,
    "annual_volatility": 0.4004731477235424,
    "annual_return": 0.023688438300332626,
    "daily_winning_ratio": 0.41768045417680455,
    "max_drawdown": 0.6855574565155403
  }
}