{
  "benchmark": {
    "alpha": 0.0,
    "beta": 1.0,
    "sharpe_ratio": -0.5073127084837248,
    "sortino_ratio": -0.6883879006536257,
    "annual_volatility": 0.6647667751109106,
    "annual_return": -0.4077862418140188,
    "daily_winning_ratio": 0.492,
    "max_drawdown": 0.6142001710863987
  },
  "strategy": {
    "alpha": -0.2099969342019572,
    "beta": 0.21805210149907317,
    "sharpe_ratio": -1.1186148686868786,
    "sortino_ratio": -1.4951715107785741,
    "annual_volatility": 0.3492132705336381,
    "annual_return": -0.34016516959631915,
    "daily_winning_ratio": 0.35064935064935066,
    "max_drawdown": 0.6142001710863987
  }
}