{
  "benchmark": {
    "alpha": 0.0,
    "beta": 1.0,
    "sharpe_ratio": 0.10736333700725398,
    "sortino_ratio": 0.15151691053329916,
    "annual_volatility": 0.5954125423865771,
    "annual_return": -0.07471537202392664,
    "daily_winning_ratio": 0.4889753566796368,
    "max_drawdown": 0.6648132306814942
  },
  "strategy": {
    "alpha": -0.2937522268859051,
    "beta": 0.23218255700564036,
    "sharpe_ratio": -0.9697062960171426,
    "sortino_ratio": -1.2934333057412053,
    "annual_volatility": 0.34242766245141903,
    "annual_return": -0.298675106247723,
    "daily_winning_ratio": 0.35324675324675325,
    "max_drawdown": 0.6648132306814942
  }
}