{
  "benchmark": {
    "alpha": 0.0,
    "beta": 1.0000000000000002,
    "sharpe_ratio": 0.10287379906192991,
    "sortino_ratio": 0.14517902784052394,
    "annual_volatility": 0.5946496255254287,
    "annual_return": -0.07683684926614365,
    "daily_winning_ratio": 0.48771021992238034,
    "max_drawdown": 0.6648132306814942
  },
  "strategy": {
    "alpha": -0.29297949710208737,
    "beta": 0.23216558488581285,
    "sharpe_ratio": -0.9713581877192593,
    "sortino_ratio": -1.2956238751490725,
    "annual_volatility": 0.34198340618325085,
    "annual_return": -0.29866188779302427,
    "daily_winning_ratio": 0.35233160621761656,
    "max_drawdown": 0.6648132306814942
  }
}