{
  "benchmark": {
    "alpha": 0.0,
    "beta": 1.0,
    "sharpe_ratio": 0.4799814348743649,
    "sortino_ratio": 0.6876982109361315,
    "annual_volatility": 0.5652162682881118,
    "annual_return": 0.15885023921701857,
    "daily_winning_ratio": 0.49690721649484537,
    "max_drawdown": 0.6855574565155403
  },
  "strategy": {
    "alpha": -0.08286402296236184,
    "beta": 0.20076705499715244,
    "sharpe_ratio": -0.034311538703563856,
    "sortino_ratio": -0.04824949405250523,
    "annual_volatility": 0.3652671732897507,
    "annual_return": -0.0420663186857998,
    "daily_winning_ratio": 0.3990049751243781,
    "max_drawdown": 0.6855574565155403
  }
}