{
  "benchmark": {
    "alpha": 0.0,
    "beta": 0.9999999999999998,
    "sharpe_ratio": 0.5037197218427415,
    "sortino_ratio": 0.7389848716811604,
    "annual_volatility": 0.6655668198545094,
    "annual_return": 0.16373194825933823,
    "daily_winning_ratio": 0.51171875,
    "max_drawdown": 0.3360422013116624
  },
  "strategy": {
    "alpha": -0.1137644368284958,
    "beta": 0.28036961866749366,
    "sharpe_ratio": -0.06667262167819567,
    "sortino_ratio": -0.09990745156406501,
    "annual_volatility": 0.4013047094920876,
    "annual_return": -0.06745234613863238,
    "daily_winning_ratio": 0.51171875,
    "max_drawdown": 0.3360422013116624
  }
}