{
  "benchmark": {
    "alpha": 0.0,
    "beta": 1.0,
    "sharpe_ratio": 0.4799814348743649,
    "sortino_ratio": 0.6876982109361315,
    "annual_volatility": 0.5652162682881118,
    "annual_return": 0.15885023921701857,
    "daily_winning_ratio": 0.49690721649484537,
    "max_drawdown": 0.6855574565155403
  },
  "strategy": {
    "alpha": -0.08286402296236184,
    "beta": 0.20076705499715244,
    "sharpe_ratio": 0.2441507617996898,
    "sortino_ratio": 0.3566524437974603,
    "annual_volatility": 0.40328334346321765,
    "annual_return": 0.05531383386431865,
    "daily_winning_ratio": 0.4217151848937844,
    "max_drawdown": 0.6855574565155403
  }
}