{
  "benchmark": {
    "alpha": 0.0,
    "beta": 1.0,
    "sharpe_ratio": -0.5073127084837248,
    "sortino_ratio": -0.6883879006536257,
    "annual_volatility": 0.6647667751109106,
    "annual_return": -0.4077862418140188,
    "daily_winning_ratio": 0.492,
    "max_drawdown": 0.5517536355859709
  },
  "strategy": {
    "alpha": -0.2099969342019572,
    "beta": 0.2180521014990732,
    "sharpe_ratio": -0.8557899060077385,
    "sortino_ratio": -1.1565048330902628,
    "annual_volatility": 0.35301808254185246,
    "annual_return": -0.2799792380290199,
    "daily_winning_ratio": 0.3611650485436893,
    "max_drawdown": 0.5517536355859709
  }
}