{
  "benchmark": {
    "alpha": 0.0,
    "beta": 1.0,
    "sharpe_ratio": -0.2684423525777852,
    "sortino_ratio": -0.3708750011473042,
    "annual_volatility": 0.6692959256601378,
    "annual_return": -0.30812537537633977,
    "daily_winning_ratio": 0.4975247524752475,
    "max_drawdown": 0.4117479327060165
  },
  "strategy": {
    "alpha": -0.10829613723251597,
    "beta": 0.1961813400296724,
    "sharpe_ratio": -0.44452542185108096,
    "sortino_ratio": -0.6441199601543633,
    "annual_volatility": 0.3371023953543563,
    "annual_return": -0.15613140739924702,
    "daily_winning_ratio": 0.4975247524752475,
    "max_drawdown": 0.4117479327060165
  }
}