{
  "benchmark": {
    "alpha": 0.0,
    "beta": 1.0,
    "sharpe_ratio": 2.2093148816356045,
    "sortino_ratio": 3.4655097762224765,
    "annual_volatility": 0.6413102999354553,
    "annual_return": 2.48053473885896,
    "daily_winning_ratio": 0.5306122448979592,
    "max_drawdown": 0.20466772151898727
  },
  "strategy": {
    "alpha": 0.15186558316648613,
    "beta": 0.3520829587498617,
    "sharpe_ratio": 1.4799938241255388,
    "sortino_ratio": 2.603149398937912,
    "annual_volatility": 0.4326107577878263,
    "annual_return": 0.7954438405393285,
    "daily_winning_ratio": 0.5306122448979592,
    "max_drawdown": 0.20466772151898727
  }
}