{
  "benchmark": {
    "alpha": 0.0,
    "beta": 1.0,
    "sharpe_ratio": 0.5301733496617987,
    "sortino_ratio": 0.7756628505004034,
    "annual_volatility": 0.6481304856363134,
    "annual_return": 0.18672140540052506,
    "daily_winning_ratio": 0.5190311418685121,
    "max_drawdown": 0.366837753065298
  },
  "strategy": {
    "alpha": -0.1875245661224717,
    "beta": 0.29109780173079736,
    "sharpe_ratio": -0.272263627944866,
    "sortino_ratio": -0.39852182098364997,
    "annual_volatility": 0.3951430034841307,
    "annual_return": -0.13796309846081123,
    "daily_winning_ratio": 0.5190311418685121,
    "max_drawdown": 0.366837753065298
  }
}