{
  "benchmark": {
    "alpha": 0.0,
    "beta": 1.0000000000000002,
    "sharpe_ratio": 0.10681356051684665,
    "sortino_ratio": 0.1507886832135036,
    "annual_volatility": 0.5784808525269101,
    "annual_return": -0.06743145702891562,
    "daily_winning_ratio": 0.48398576512455516,
    "max_drawdown": 0.6855574565155403
  },
  "strategy": {
    "alpha": -0.2758044118404448,
    "beta": 0.22601407073615448,
    "sharpe_ratio": -0.9434064923473693,
    "sortino_ratio": -1.2594898234465985,
    "annual_volatility": 0.3304861066500308,
    "annual_return": -0.2813949007862502,
    "daily_winning_ratio": 0.35985748218527314,
    "max_drawdown": 0.6855574565155403
  }
}