{
  "benchmark": {
    "alpha": 0.0,
    "beta": 1.0000000000000002,
    "sharpe_ratio": 0.023030842532297004,
    "sortino_ratio": 0.03240550838768595,
    "annual_volatility": 0.5868762083340154,
    "annual_return": -0.11575855715899086,
    "daily_winning_ratio": 0.4839506172839506,
    "max_drawdown": 0.6855574565155403
  },
  "strategy": {
    "alpha": -0.2901465150596453,
    "beta": 0.22850761507763073,
    "sharpe_ratio": -1.0105780573785712,
    "sortino_ratio": -1.346380428577704,
    "annual_volatility": 0.33575660164588306,
    "annual_return": -0.3021597815565188,
    "daily_winning_ratio": 0.3535228677379481,
    "max_drawdown": 0.6855574565155403
  }
}