{
  "benchmark": {
    "alpha": 0.0,
    "beta": 1.0,
    "sharpe_ratio": 0.039965918549453826,
    "sortino_ratio": 0.056171714773762774,
    "annual_volatility": 0.6132052786904679,
    "annual_return": -0.12009324747390326,
    "daily_winning_ratio": 0.4879089615931721,
    "max_drawdown": 0.659181636726547
  },
  "strategy": {
    "alpha": -0.302003253925087,
    "beta": 0.2412649176825362,
    "sharpe_ratio": -0.992661798605689,
    "sortino_ratio": -1.3237862913972411,
    "annual_volatility": 0.35805116337175985,
    "annual_return": -0.31865353385123096,
    "daily_winning_ratio": 0.358974358974359,
    "max_drawdown": 0.659181636726547
  }
}