{
  "benchmark": {
    "alpha": 0.0,
    "beta": 0.9999999999999998,
    "sharpe_ratio": 2.8209015564537525,
    "sortino_ratio": 4.519578639514414,
    "annual_volatility": 0.6532981374214469,
    "annual_return": 4.280932057272533,
    "daily_winning_ratio": 0.5483870967741935,
    "max_drawdown": 0.20466772151898727
  },
  "strategy": {
    "alpha": 0.12656490046442448,
    "beta": 0.32890776927325605,
    "sharpe_ratio": 1.654976662200811,
    "sortino_ratio": 3.1145121887928706,
    "annual_volatility": 0.43827403521512526,
    "annual_return": 0.9510154747242834,
    "daily_winning_ratio": 0.5483870967741935,
    "max_drawdown": 0.20466772151898727
  }
}