{
  "benchmark": {
    "alpha": 0.0,
    "beta": 0.9999999999999998,
    "sharpe_ratio": 2.2251017901638845,
    "sortino_ratio": 3.504190363719985,
    "annual_volatility": 0.645170402766301,
    "annual_return": 2.53768969185474,
    "daily_winning_ratio": 0.528169014084507,
    "max_drawdown": 0.20466772151898727
  },
  "strategy": {
    "alpha": 0.13119277620581626,
    "beta": 0.3604676805567638,
    "sharpe_ratio": 1.4559304031587357,
    "sortino_ratio": 2.5605715639096758,
    "annual_volatility": 0.4401103036220896,
    "annual_return": 0.7906975079515104,
    "daily_winning_ratio": 0.528169014084507,
    "max_drawdown": 0.20466772151898727
  }
}