{
  "benchmark": {
    "alpha": 0.0,
    "beta": 1.0000000000000002,
    "sharpe_ratio": -0.2478591206298516,
    "sortino_ratio": -0.34149649971698787,
    "annual_volatility": 0.6274696689303406,
    "annual_return": -0.2719395457972804,
    "daily_winning_ratio": 0.48381877022653724,
    "max_drawdown": 0.614342743085258
  },
  "strategy": {
    "alpha": -0.24682736448333276,
    "beta": 0.22775953823845685,
    "sharpe_ratio": -0.9042611925600291,
    "sortino_ratio": -1.2048416663012673,
    "annual_volatility": 0.3525229979185233,
    "annual_return": -0.2918448079565291,
    "daily_winning_ratio": 0.37216828478964403,
    "max_drawdown": 0.614342743085258
  }
}