{
  "benchmark": {
    "alpha": 0.0,
    "beta": 0.9999999999999996,
    "sharpe_ratio": 0.49756407395724767,
    "sortino_ratio": 0.7106055989357134,
    "annual_volatility": 0.6382753130491748,
    "annual_return": 0.16240056669259917,
    "daily_winning_ratio": 0.5169491525423728,
    "max_drawdown": 0.31244653550042767
  },
  "strategy": {
    "alpha": -0.1042584980553316,
    "beta": 0.32336411001139753,
    "sharpe_ratio": -0.017816733462126953,
    "sortino_ratio": -0.026775336501840937,
    "annual_volatility": 0.41488551042434746,
    "annual_return": -0.054369062316008354,
    "daily_winning_ratio": 0.5169491525423728,
    "max_drawdown": 0.31244653550042767
  }
}