{
  "benchmark": {
    "alpha": 0.0,
    "beta": 1.0,
    "sharpe_ratio": 0.2772650459491225,
    "sortino_ratio": 0.3952181151227523,
    "annual_volatility": 0.5758053666992269,
    "annual_return": 0.030203557039804485,
    "daily_winning_ratio": 0.48863636363636365,
    "max_drawdown": 0.6855574565155403
  },
  "strategy": {
    "alpha": -0.23827517022030442,
    "beta": 0.21467642197198622,
    "sharpe_ratio": -0.7172687459795581,
    "sortino_ratio": -0.9686579704214041,
    "annual_volatility": 0.3303657547587409,
    "annual_return": -0.2254582050226842,
    "daily_winning_ratio": 0.3731513083048919,
    "max_drawdown": 0.6855574565155403
  }
}