{
  "benchmark": {
    "alpha": 0.0,
    "beta": 1.0,
    "sharpe_ratio": 0.4799814348743649,
    "sortino_ratio": 0.6876982109361315,
    "annual_volatility": 0.5652162682881118,
    "annual_return": 0.15885023921701857,
    "daily_winning_ratio": 0.49690721649484537,
    "max_drawdown": 0.6855574565155403
  },
  "strategy": {
    "alpha": -0.08286402296236184,
    "beta": 0.20076705499715242,
    "sharpe_ratio": 0.03530129838668252,
    "sortino_ratio": 0.049763742396672674,
    "annual_volatility": 0.3665533328567673,
    "annual_return": -0.0178084480363232,
    "daily_winning_ratio": 0.40118577075098816,
    "max_drawdown": 0.6855574565155403
  }
}