{
  "benchmark": {
    "alpha": 0.0,
    "beta": 1.0,
    "sharpe_ratio": 1.4292822037289206,
    "sortino_ratio": 2.1107220069071815,
    "annual_volatility": 0.6478072030236158,
    "annual_return": 1.1217097045111903,
    "daily_winning_ratio": 0.5251396648044693,
    "max_drawdown": 0.20466772151898727
  },
  "strategy": {
    "alpha": 0.2773895705084586,
    "beta": 0.2965857071868349,
    "sharpe_ratio": 1.3190011087327072,
    "sortino_ratio": 2.3129062556049376,
    "annual_volatility": 0.39386564377157285,
    "annual_return": 0.6163052271993246,
    "daily_winning_ratio": 0.5251396648044693,
    "max_drawdown": 0.20466772151898727
  }
}