{
  "benchmark": {
    "alpha": 0.0,
    "beta": 1.0,
    "sharpe_ratio": -0.32870959331804084,
    "sortino_ratio": -0.45174348552183846,
    "annual_volatility": 0.6728432837266026,
    "annual_return": -0.3379419286412697,
    "daily_winning_ratio": 0.5012853470437018,
    "max_drawdown": 0.39050470487596245
  },
  "strategy": {
    "alpha": -0.07799271141190578,
    "beta": 0.1998450514909905,
    "sharpe_ratio": -0.3664586876414127,
    "sortino_ratio": -0.5330070983284694,
    "annual_volatility": 0.342174605318649,
    "annual_return": -0.13669634801455566,
    "daily_winning_ratio": 0.5012853470437018,
    "max_drawdown": 0.39050470487596245
  }
}