{
  "benchmark": {
    "alpha": 0.0,
    "beta": 1.0,
    "sharpe_ratio": -0.3606416801934793,
    "sortino_ratio": -0.49552381824978353,
    "annual_volatility": 0.6439616406858492,
    "annual_return": -0.3326459962930667,
    "daily_winning_ratio": 0.49390243902439024,
    "max_drawdown": 0.5312232677502139
  },
  "strategy": {
    "alpha": -0.17388700035437576,
    "beta": 0.2032702081431989,
    "sharpe_ratio": -0.7152950255086328,
    "sortino_ratio": -1.0135103362392877,
    "annual_volatility": 0.33298300426473343,
    "annual_return": -0.22656204925391366,
    "daily_winning_ratio": 0.49390243902439024,
    "max_drawdown": 0.5312232677502139
  }
}