{
  "benchmark": {
    "alpha": 0.0,
    "beta": 1.0,
    "sharpe_ratio": 0.4799814348743649,
    "sortino_ratio": 0.6876982109361315,
    "annual_volatility": 0.5652162682881118,
    "annual_return": 0.15885023921701857,
    "daily_winning_ratio": 0.49690721649484537,
    "max_drawdown": 0.6855574565155403
  },
  "strategy": {
    "alpha": -0.08286402296236184,
    "beta": 0.2007670549971525,
    "sharpe_ratio": -0.06569570356673272,
    "sortino_ratio": -0.09375222733320296,
    "annual_volatility": 0.3940285102522974,
    "annual_return": -0.06478518731569738,
    "daily_winning_ratio": 0.4134125636672326,
    "max_drawdown": 0.6855574565155403
  }
}