{
  "benchmark": {
    "alpha": 0.0,
    "beta": 0.9999999999999999,
    "sharpe_ratio": 0.38288389234691794,
    "sortino_ratio": 0.5474412610231149,
    "annual_volatility": 0.5733815809566051,
    "annual_return": 0.09530612935699567,
    "daily_winning_ratio": 0.4922566371681416,
    "max_drawdown": 0.6855574565155403
  },
  "strategy": {
    "alpha": -0.21220740451338171,
    "beta": 0.2116563083270801,
    "sharpe_ratio": -0.585973918180942,
    "sortino_ratio": -0.7933761280983024,
    "annual_volatility": 0.33233016321183945,
    "annual_return": -0.1925632359942807,
    "daily_winning_ratio": 0.38095238095238093,
    "max_drawdown": 0.6855574565155403
  }
}