{
  "benchmark": {
    "alpha": 0.0,
    "beta": 1.0,
    "sharpe_ratio": 0.29378258587285755,
    "sortino_ratio": 0.4245122363361045,
    "annual_volatility": 0.6419599716800091,
    "annual_return": 0.020133269309334567,
    "daily_winning_ratio": 0.5128205128205128,
    "max_drawdown": 0.366837753065298
  },
  "strategy": {
    "alpha": -0.1427742675247189,
    "beta": 0.27471377366756244,
    "sharpe_ratio": -0.2687988660727064,
    "sortino_ratio": -0.3934006074331236,
    "annual_volatility": 0.38025231249590713,
    "annual_return": -0.12836251335732285,
    "daily_winning_ratio": 0.5128205128205128,
    "max_drawdown": 0.366837753065298
  }
}