{
  "benchmark": {
    "alpha": 0.0,
    "beta": 0.9999999999999998,
    "sharpe_ratio": 3.0957414434212813,
    "sortino_ratio": 5.041593901717751,
    "annual_volatility": 0.647555900444437,
    "annual_return": 5.226721747905519,
    "daily_winning_ratio": 0.5454545454545454,
    "max_drawdown": 0.20466772151898727
  },
  "strategy": {
    "alpha": 0.3644371892099374,
    "beta": 0.3397727143448756,
    "sharpe_ratio": 2.283475924685102,
    "sortino_ratio": 4.383674474112728,
    "annual_volatility": 0.43442762623300674,
    "annual_return": 1.5495617839968499,
    "daily_winning_ratio": 0.5454545454545454,
    "max_drawdown": 0.20466772151898727
  }
}