{
  "benchmark": {
    "alpha": 0.0,
    "beta": 1.0000000000000002,
    "sharpe_ratio": 4.0971044455309,
    "sortino_ratio": 7.8967066533821315,
    "annual_volatility": 0.6055184315435648,
    "annual_return": 9.30942444891814,
    "daily_winning_ratio": 0.5319148936170213,
    "max_drawdown": 0.057178526841448196
  },
  "strategy": {
    "alpha": 0.9292645813659188,
    "beta": 0.4668145327285984,
    "sharpe_ratio": 4.005797649969822,
    "sortino_ratio": 12.054077716900489,
    "annual_volatility": 0.4533024810485609,
    "annual_return": 4.7670406079530006,
    "daily_winning_ratio": 0.5319148936170213,
    "max_drawdown": 0.057178526841448196
  }
}