{
  "benchmark": {
    "alpha": 0.0,
    "beta": 1.0,
    "sharpe_ratio": 2.8631023687087924,
    "sortino_ratio": 4.607328609792469,
    "annual_volatility": 0.6422996950792497,
    "annual_return": 4.297243233379026,
    "daily_winning_ratio": 0.5419847328244275,
    "max_drawdown": 0.20466772151898727
  },
  "strategy": {
    "alpha": 0.2816574640330838,
    "beta": 0.33302715832062446,
    "sharpe_ratio": 1.933767403860532,
    "sortino_ratio": 3.6696714620594872,
    "annual_volatility": 0.4327268211772697,
    "annual_return": 1.1854969952343093,
    "daily_winning_ratio": 0.5384615384615384,
    "max_drawdown": 0.20466772151898727
  }
}