{
  "benchmark": {
    "alpha": 0.0,
    "beta": 1.0000000000000002,
    "sharpe_ratio": 0.8683305943241898,
    "sortino_ratio": 1.2578678371403549,
    "annual_volatility": 0.6309518756359686,
    "annual_return": 0.4701568676355077,
    "daily_winning_ratio": 0.5174129353233831,
    "max_drawdown": 0.20466772151898727
  },
  "strategy": {
    "alpha": 0.12148497285168491,
    "beta": 0.34229148798326364,
    "sharpe_ratio": 0.7032220566651226,
    "sortino_ratio": 1.1104424747873987,
    "annual_volatility": 0.42974273721889344,
    "annual_return": 0.28118597734357675,
    "daily_winning_ratio": 0.5174129353233831,
    "max_drawdown": 0.20466772151898727
  }
}