{
  "benchmark": {
    "alpha": 0.0,
    "beta": 1.0,
    "sharpe_ratio": 0.8215282516110239,
    "sortino_ratio": 1.1887655388957683,
    "annual_volatility": 0.6384909036523756,
    "annual_return": 0.4294871732952197,
    "daily_winning_ratio": 0.5265486725663717,
    "max_drawdown": 0.21171941830624474
  },
  "strategy": {
    "alpha": 0.05109018228184614,
    "beta": 0.3002313321272649,
    "sharpe_ratio": 0.5098696392940326,
    "sortino_ratio": 0.8013563276878979,
    "annual_volatility": 0.40660223117685584,
    "annual_return": 0.1763582926055398,
    "daily_winning_ratio": 0.5265486725663717,
    "max_drawdown": 0.21171941830624474
  }
}