{
  "benchmark": {
    "alpha": 0.0,
    "beta": 0.9999999999999994,
    "sharpe_ratio": 2.9689879254118545,
    "sortino_ratio": 4.778480023573544,
    "annual_volatility": 0.6600542210124725,
    "annual_return": 4.906751362660071,
    "daily_winning_ratio": 0.5603448275862069,
    "max_drawdown": 0.20466772151898727
  },
  "strategy": {
    "alpha": -0.22618852147197221,
    "beta": 0.30052035257338555,
    "sharpe_ratio": 0.8921797749352304,
    "sortino_ratio": 1.5185988442012703,
    "annual_volatility": 0.3727843821084938,
    "annual_return": 0.35165306561237375,
    "daily_winning_ratio": 0.5603448275862069,
    "max_drawdown": 0.20466772151898727
  }
}