{
  "benchmark": {
    "alpha": 0.0,
    "beta": 1.0,
    "sharpe_ratio": 4.091772083262305,
    "sortino_ratio": 7.960931732826687,
    "annual_volatility": 0.6061527358561536,
    "annual_return": 9.29513456667056,
    "daily_winning_ratio": 0.5283018867924528,
    "max_drawdown": 0.057178526841448196
  },
  "strategy": {
    "alpha": 0.6066178507791073,
    "beta": 0.44376167438185204,
    "sharpe_ratio": 3.641594707785163,
    "sortino_ratio": 10.586865409863469,
    "annual_volatility": 0.43252322208416455,
    "annual_return": 3.5756437725822003,
    "daily_winning_ratio": 0.5283018867924528,
    "max_drawdown": 0.057178526841448196
  }
}