{
  "benchmark": {
    "alpha": 0.0,
    "beta": 1.0000000000000002,
    "sharpe_ratio": 0.1303270902082785,
    "sortino_ratio": 0.18400747220791372,
    "annual_volatility": 0.604817363835869,
    "annual_return": -0.06613235703182052,
    "daily_winning_ratio": 0.4899328859060403,
    "max_drawdown": 0.6623182207014542
  },
  "strategy": {
    "alpha": -0.2993481957709728,
    "beta": 0.23320393052200383,
    "sharpe_ratio": -0.969042624240498,
    "sortino_ratio": -1.2926601399981839,
    "annual_volatility": 0.34796078896862104,
    "annual_return": -0.3036106217785679,
    "daily_winning_ratio": 0.3516778523489933,
    "max_drawdown": 0.6623182207014542
  }
}