{
  "benchmark": {
    "alpha": 0.0,
    "beta": 1.0,
    "sharpe_ratio": -0.1311481831764683,
    "sortino_ratio": -0.18045296002393096,
    "annual_volatility": 0.6326377151017639,
    "annual_return": -0.21980507279090733,
    "daily_winning_ratio": 0.4948630136986301,
    "max_drawdown": 0.614342743085258
  },
  "strategy": {
    "alpha": -0.19722885880008012,
    "beta": 0.21954436811930259,
    "sharpe_ratio": -0.6855409197589367,
    "sortino_ratio": -0.9323947710051682,
    "annual_volatility": 0.3469303501242718,
    "annual_return": -0.23046898569471164,
    "daily_winning_ratio": 0.3715753424657534,
    "max_drawdown": 0.614342743085258
  }
}