{
  "benchmark": {
    "alpha": 0.0,
    "beta": 1.0,
    "sharpe_ratio": 0.8976650413810908,
    "sortino_ratio": 1.3031915175904656,
    "annual_volatility": 0.6422873083962889,
    "annual_return": 0.5021204928939547,
    "daily_winning_ratio": 0.5078534031413613,
    "max_drawdown": 0.20466772151898727
  },
  "strategy": {
    "alpha": 0.2582828627926492,
    "beta": 0.3385085607414629,
    "sharpe_ratio": 0.9787016628287782,
    "sortino_ratio": 1.5797907964567557,
    "annual_volatility": 0.43423898571801967,
    "annual_return": 0.4458415465540835,
    "daily_winning_ratio": 0.5078534031413613,
    "max_drawdown": 0.20466772151898727
  }
}