{
  "benchmark": {
    "alpha": 0.0,
    "beta": 1.0,
    "sharpe_ratio": -0.4653931215841701,
    "sortino_ratio": -0.6357200877338466,
    "annual_volatility": 0.6647619327600843,
    "annual_return": -0.39069007129253996,
    "daily_winning_ratio": 0.49176470588235294,
    "max_drawdown": 0.4555888223552894
  },
  "strategy": {
    "alpha": -0.13985114804976007,
    "beta": 0.1977271825941259,
    "sharpe_ratio": -0.6296916744181658,
    "sortino_ratio": -0.9011859137498387,
    "annual_volatility": 0.33634033331590074,
    "annual_return": -0.20667463938120834,
    "daily_winning_ratio": 0.49176470588235294,
    "max_drawdown": 0.4555888223552894
  }
}