{
  "benchmark": {
    "alpha": 0.0,
    "beta": 1.0,
    "sharpe_ratio": -0.34630253089616764,
    "sortino_ratio": -0.47592861207517395,
    "annual_volatility": 0.6457879565832239,
    "annual_return": -0.3276733402191039,
    "daily_winning_ratio": 0.49284253578732107,
    "max_drawdown": 0.5312232677502139
  },
  "strategy": {
    "alpha": -0.1710927850254299,
    "beta": 0.2021754532036275,
    "sharpe_ratio": -0.7037552603020821,
    "sortino_ratio": -0.9968835152859349,
    "annual_volatility": 0.3308152073530099,
    "annual_return": -0.221838879389176,
    "daily_winning_ratio": 0.49284253578732107,
    "max_drawdown": 0.5312232677502139
  }
}