{
  "benchmark": {
    "alpha": 0.0,
    "beta": 1.0,
    "sharpe_ratio": 3.044983749969045,
    "sortino_ratio": 4.958791144573244,
    "annual_volatility": 0.6455287069356941,
    "annual_return": 4.997257348991298,
    "daily_winning_ratio": 0.5413533834586466,
    "max_drawdown": 0.20466772151898727
  },
  "strategy": {
    "alpha": 0.3644371892099374,
    "beta": 0.3397727143448756,
    "sharpe_ratio": 2.283475924685102,
    "sortino_ratio": 4.383674474112728,
    "annual_volatility": 0.43442762623300674,
    "annual_return": 1.5495617839968499,
    "daily_winning_ratio": 0.5454545454545454,
    "max_drawdown": 0.20466772151898727
  }
}