{
  "benchmark": {
    "alpha": 0.0,
    "beta": 1.0,
    "sharpe_ratio": 2.93385503990839,
    "sortino_ratio": 4.7201921619449525,
    "annual_volatility": 0.6510391550763991,
    "annual_return": 4.654145703937839,
    "daily_winning_ratio": 0.5476190476190477,
    "max_drawdown": 0.20466772151898727
  },
  "strategy": {
    "alpha": 0.19052375765528318,
    "beta": 0.3337028575201198,
    "sharpe_ratio": 1.852660385435581,
    "sortino_ratio": 3.5138953946952327,
    "annual_volatility": 0.4381945359559443,
    "annual_return": 1.1269106684644057,
    "daily_winning_ratio": 0.5476190476190477,
    "max_drawdown": 0.20466772151898727
  }
}