{
  "benchmark": {
    "alpha": 0.0,
    "beta": 1.0,
    "sharpe_ratio": 0.4799814348743649,
    "sortino_ratio": 0.6876982109361315,
    "annual_volatility": 0.5652162682881118,
    "annual_return": 0.15885023921701857,
    "daily_winning_ratio": 0.49690721649484537,
    "max_drawdown": 0.6855574565155403
  },
  "strategy": {
    "alpha": -0.08286402296236184,
    "beta": 0.20076705499715244,
    "sharpe_ratio": 0.20510173454906813,
    "sortino_ratio": 0.29908167090992505,
    "annual_volatility": 0.4034189327777362,
    "annual_return": 0.03879561416919386,
    "daily_winning_ratio": 0.4211764705882353,
    "max_drawdown": 0.6855574565155403
  }
}