{
  "benchmark": {
    "alpha": 0.0,
    "beta": 1.0,
    "sharpe_ratio": 3.572798267944632,
    "sortino_ratio": 6.543697408434016,
    "annual_volatility": 0.5863344184873467,
    "annual_return": 6.091122750237061,
    "daily_winning_ratio": 0.5373134328358209,
    "max_drawdown": 0.057178526841448196
  },
  "strategy": {
    "alpha": 0.20282606627268351,
    "beta": 0.4110891842235357,
    "sharpe_ratio": 2.623043391592497,
    "sortino_ratio": 6.506175557242159,
    "annual_volatility": 0.3987324949708994,
    "annual_return": 1.7344790372136556,
    "daily_winning_ratio": 0.5373134328358209,
    "max_drawdown": 0.057178526841448196
  }
}