{
  "benchmark": {
    "alpha": 0.0,
    "beta": 1.0000000000000002,
    "sharpe_ratio": -0.04707604594228458,
    "sortino_ratio": -0.06565018773075544,
    "annual_volatility": 0.6318681304675475,
    "annual_return": -0.17640298688717804,
    "daily_winning_ratio": 0.4864,
    "max_drawdown": 0.614342743085258
  },
  "strategy": {
    "alpha": -0.26757174835314834,
    "beta": 0.2228784286700924,
    "sharpe_ratio": -0.9066044865978701,
    "sortino_ratio": -1.207791323438683,
    "annual_volatility": 0.3506345020243369,
    "annual_return": -0.2907421335339928,
    "daily_winning_ratio": 0.3728,
    "max_drawdown": 0.614342743085258
  }
}