{
  "benchmark": {
    "alpha": 0.0,
    "beta": 1.0,
    "sharpe_ratio": 0.3789223885608223,
    "sortino_ratio": 0.5421693964763676,
    "annual_volatility": 0.5745779916865519,
    "annual_return": 0.09257756456833932,
    "daily_winning_ratio": 0.4904601571268238,
    "max_drawdown": 0.6855574565155403
  },
  "strategy": {
    "alpha": -0.21479122552101237,
    "beta": 0.21557742862261,
    "sharpe_ratio": -0.5840911264350316,
    "sortino_ratio": -0.7930294211407589,
    "annual_volatility": 0.33043616532394643,
    "annual_return": -0.1906425145473546,
    "daily_winning_ratio": 0.37682789651293586,
    "max_drawdown": 0.6855574565155403
  }
}