{
  "benchmark": {
    "alpha": 0.0,
    "beta": 1.0000000000000002,
    "sharpe_ratio": 3.420702023124603,
    "sortino_ratio": 5.61901290775813,
    "annual_volatility": 0.6564125551926175,
    "annual_return": 6.868137301071476,
    "daily_winning_ratio": 0.5663716814159292,
    "max_drawdown": 0.20466772151898727
  },
  "strategy": {
    "alpha": -0.2944201646747374,
    "beta": 0.3005437618037737,
    "sharpe_ratio": 0.8743288309331955,
    "sortino_ratio": 1.4902412960154137,
    "annual_volatility": 0.37316586772742055,
    "annual_return": 0.34301092393906685,
    "daily_winning_ratio": 0.5663716814159292,
    "max_drawdown": 0.20466772151898727
  }
}