{
  "benchmark": {
    "alpha": 0.0,
    "beta": 0.9999999999999998,
    "sharpe_ratio": 2.8911226795749947,
    "sortino_ratio": 4.689751510654855,
    "annual_volatility": 0.6458540833293889,
    "annual_return": 4.4367954437797605,
    "daily_winning_ratio": 0.5373134328358209,
    "max_drawdown": 0.20466772151898727
  },
  "strategy": {
    "alpha": 0.3685065659613438,
    "beta": 0.3396773594330372,
    "sharpe_ratio": 2.267735898556907,
    "sortino_ratio": 4.353655478691975,
    "annual_volatility": 0.4328251021281408,
    "annual_return": 1.5247555357455016,
    "daily_winning_ratio": 0.5413533834586466,
    "max_drawdown": 0.20466772151898727
  }
}