{
  "benchmark": {
    "alpha": 0.0,
    "beta": 1.0,
    "sharpe_ratio": 0.4799814348743649,
    "sortino_ratio": 0.6876982109361315,
    "annual_volatility": 0.5652162682881118,
    "annual_return": 0.15885023921701857,
    "daily_winning_ratio": 0.49690721649484537,
    "max_drawdown": 0.6855574565155403
  },
  "strategy": {
    "alpha": -0.08286402296236184,
    "beta": 0.2007670549971525,
    "sharpe_ratio": 6.0585115647050276e-05,
    "sortino_ratio": 8.538040194681767e-05,
    "annual_volatility": 0.3620255593250625,
    "annual_return": -0.028809254743357382,
    "daily_winning_ratio": 0.3975782038345106,
    "max_drawdown": 0.6855574565155403
  }
}