{
  "benchmark": {
    "alpha": 0.0,
    "beta": 1.0,
    "sharpe_ratio": 0.4799814348743649,
    "sortino_ratio": 0.6876982109361315,
    "annual_volatility": 0.5652162682881118,
    "annual_return": 0.15885023921701857,
    "daily_winning_ratio": 0.49690721649484537,
    "max_drawdown": 0.6855574565155403
  },
  "strategy": {
    "alpha": -0.08286402296236184,
    "beta": 0.20076705499715242,
    "sharpe_ratio": -0.07425066315638043,
    "sortino_ratio": -0.10533458275316095,
    "annual_volatility": 0.38064058016653696,
    "annual_return": -0.06226660201750278,
    "daily_winning_ratio": 0.40852575488454707,
    "max_drawdown": 0.6855574565155403
  }
}