{
  "benchmark": {
    "alpha": 0.0,
    "beta": 0.9999999999999998,
    "sharpe_ratio": 2.733295763715633,
    "sortino_ratio": 4.350834533342774,
    "annual_volatility": 0.6640142435948905,
    "annual_return": 4.101298101211137,
    "daily_winning_ratio": 0.5588235294117647,
    "max_drawdown": 0.1865506329113924
  },
  "strategy": {
    "alpha": -0.3461552714910128,
    "beta": 0.31536448900669906,
    "sharpe_ratio": 0.39177182703887087,
    "sortino_ratio": 0.6514074115771787,
    "annual_volatility": 0.37708623205268166,
    "annual_return": 0.12203300867508426,
    "daily_winning_ratio": 0.5588235294117647,
    "max_drawdown": 0.1865506329113924
  }
}