{
  "benchmark": {
    "alpha": 0.0,
    "beta": 1.0,
    "sharpe_ratio": -0.5073127084837248,
    "sortino_ratio": -0.6883879006536257,
    "annual_volatility": 0.6647667751109106,
    "annual_return": -0.4077862418140188,
    "daily_winning_ratio": 0.492,
    "max_drawdown": 0.5513259195893927
  },
  "strategy": {
    "alpha": -0.2099969342019572,
    "beta": 0.2180521014990732,
    "sharpe_ratio": -0.8541800859889891,
    "sortino_ratio": -1.1543526664303196,
    "annual_volatility": 0.35404923242343916,
    "annual_return": -0.28046813720145414,
    "daily_winning_ratio": 0.361328125,
    "max_drawdown": 0.5513259195893927
  }
}