{
  "benchmark": {
    "alpha": 0.0,
    "beta": 1.0,
    "sharpe_ratio": 0.7686317422866986,
    "sortino_ratio": 1.1368138107887138,
    "annual_volatility": 0.657484121735464,
    "annual_return": 0.38664062530899757,
    "daily_winning_ratio": 0.516728624535316,
    "max_drawdown": 0.3360422013116624
  },
  "strategy": {
    "alpha": -0.14506816217543772,
    "beta": 0.2743364744503974,
    "sharpe_ratio": -0.046113742209499674,
    "sortino_ratio": -0.0690978083763025,
    "annual_volatility": 0.3916476629470263,
    "annual_return": -0.055755991215183265,
    "daily_winning_ratio": 0.516728624535316,
    "max_drawdown": 0.3360422013116624
  }
}