{
  "benchmark": {
    "alpha": 0.0,
    "beta": 1.0,
    "sharpe_ratio": 0.4799814348743649,
    "sortino_ratio": 0.6876982109361315,
    "annual_volatility": 0.5652162682881118,
    "annual_return": 0.15885023921701857,
    "daily_winning_ratio": 0.49690721649484537,
    "max_drawdown": 0.6855574565155403
  },
  "strategy": {
    "alpha": -0.08286402296236184,
    "beta": 0.20076705499715244,
    "sharpe_ratio": -0.020014262417449448,
    "sortino_ratio": -0.028611192580326916,
    "annual_volatility": 0.39406730092214054,
    "annual_return": -0.04780790245427924,
    "daily_winning_ratio": 0.4147963424771405,
    "max_drawdown": 0.6855574565155403
  }
}