{
  "benchmark": {
    "alpha": 0.0,
    "beta": 1.0,
    "sharpe_ratio": -0.43105028365476133,
    "sortino_ratio": -0.5900849052917164,
    "annual_volatility": 0.6671191219600302,
    "annual_return": -0.37817728958343744,
    "daily_winning_ratio": 0.49777777777777776,
    "max_drawdown": 0.49750499001996007
  },
  "strategy": {
    "alpha": -0.18171950133945092,
    "beta": 0.20064634649934576,
    "sharpe_ratio": -0.7713766471380983,
    "sortino_ratio": -1.0787152625633527,
    "annual_volatility": 0.33471748194824186,
    "annual_return": -0.24237689898113002,
    "daily_winning_ratio": 0.49777777777777776,
    "max_drawdown": 0.49750499001996007
  }
}