{
  "benchmark": {
    "alpha": 0.0,
    "beta": 1.0000000000000002,
    "sharpe_ratio": 0.270578452992128,
    "sortino_ratio": 0.38522124924601614,
    "annual_volatility": 0.5759100219357906,
    "annual_return": 0.026180995001466423,
    "daily_winning_ratio": 0.4884526558891455,
    "max_drawdown": 0.6855574565155403
  },
  "strategy": {
    "alpha": -0.24414915253697467,
    "beta": 0.22430263911613013,
    "sharpe_ratio": -0.7409549821755035,
    "sortino_ratio": -0.9982764422324371,
    "annual_volatility": 0.32945375639854496,
    "annual_return": -0.23075753928291065,
    "daily_winning_ratio": 0.3715277777777778,
    "max_drawdown": 0.6855574565155403
  }
}