{
  "benchmark": {
    "alpha": 0.0,
    "beta": 1.0,
    "sharpe_ratio": 1.3312656518504267,
    "sortino_ratio": 1.95736099532424,
    "annual_volatility": 0.6502044722204903,
    "annual_return": 0.9946695401219945,
    "daily_winning_ratio": 0.5284090909090909,
    "max_drawdown": 0.20466772151898727
  },
  "strategy": {
    "alpha": 0.29870608997528647,
    "beta": 0.2989944187125211,
    "sharpe_ratio": 1.309810974484383,
    "sortino_ratio": 2.2968029270453463,
    "annual_volatility": 0.3972100586480217,
    "annual_return": 0.6154658266271911,
    "daily_winning_ratio": 0.5284090909090909,
    "max_drawdown": 0.20466772151898727
  }
}