{
  "benchmark": {
    "alpha": 0.0,
    "beta": 1.0,
    "sharpe_ratio": 0.4799814348743649,
    "sortino_ratio": 0.6876982109361315,
    "annual_volatility": 0.5652162682881118,
    "annual_return": 0.15885023921701857,
    "daily_winning_ratio": 0.49690721649484537,
    "max_drawdown": 0.6855574565155403
  },
  "strategy": {
    "alpha": -0.08286402296236184,
    "beta": 0.20076705499715244,
    "sharpe_ratio": -0.040079133133072764,
    "sortino_ratio": -0.0572775293510052,
    "annual_volatility": 0.3945997529279798,
    "annual_return": -0.0555251608248426,
    "daily_winning_ratio": 0.41367806505421184,
    "max_drawdown": 0.6855574565155403
  }
}