{
  "benchmark": {
    "alpha": 0.0,
    "beta": 1.0,
    "sharpe_ratio": -0.5073127084837248,
    "sortino_ratio": -0.6883879006536257,
    "annual_volatility": 0.6647667751109106,
    "annual_return": -0.4077862418140188,
    "daily_winning_ratio": 0.492,
    "max_drawdown": 0.5642999714856003
  },
  "strategy": {
    "alpha": -0.2099969342019572,
    "beta": 0.2180521014990732,
    "sharpe_ratio": -0.9048103129108384,
    "sortino_ratio": -1.221266607011418,
    "annual_volatility": 0.34971499726494537,
    "annual_return": -0.2893935786793518,
    "daily_winning_ratio": 0.35361216730038025,
    "max_drawdown": 0.5642999714856003
  }
}