{
  "benchmark": {
    "alpha": 0.0,
    "beta": 1.0,
    "sharpe_ratio": 0.4799814348743649,
    "sortino_ratio": 0.6876982109361315,
    "annual_volatility": 0.5652162682881118,
    "annual_return": 0.15885023921701857,
    "daily_winning_ratio": 0.49690721649484537,
    "max_drawdown": 0.6855574565155403
  },
  "strategy": {
    "alpha": -0.08286402296236184,
    "beta": 0.20076705499715242,
    "sharpe_ratio": 0.017514443307982255,
    "sortino_ratio": 0.024679045917084613,
    "annual_volatility": 0.366573887311328,
    "annual_return": -0.024198444001667485,
    "daily_winning_ratio": 0.40059347181008903,
    "max_drawdown": 0.6855574565155403
  }
}