{
  "benchmark": {
    "alpha": 0.0,
    "beta": 1.0000000000000002,
    "sharpe_ratio": -0.31849169422584017,
    "sortino_ratio": -0.43837686625019634,
    "annual_volatility": 0.6435118549992493,
    "annual_return": -0.31395708343213513,
    "daily_winning_ratio": 0.494949494949495,
    "max_drawdown": 0.5312232677502139
  },
  "strategy": {
    "alpha": -0.15976956297058753,
    "beta": 0.2088283272231117,
    "sharpe_ratio": -0.641853073690756,
    "sortino_ratio": -0.9183076060350317,
    "annual_volatility": 0.33783061686048277,
    "annual_return": -0.21110915901269212,
    "daily_winning_ratio": 0.494949494949495,
    "max_drawdown": 0.5312232677502139
  }
}