{
  "benchmark": {
    "alpha": 0.0,
    "beta": 1.0,
    "sharpe_ratio": 0.07157978556577002,
    "sortino_ratio": 0.10062813641231895,
    "annual_volatility": 0.6346464475799076,
    "annual_return": -0.11350369391140391,
    "daily_winning_ratio": 0.4873417721518987,
    "max_drawdown": 0.614342743085258
  },
  "strategy": {
    "alpha": -0.2634761807859134,
    "beta": 0.2378324301278773,
    "sharpe_ratio": -0.8163852606618408,
    "sortino_ratio": -1.1045903560885952,
    "annual_volatility": 0.3612037387216318,
    "annual_return": -0.27684744706198683,
    "daily_winning_ratio": 0.375,
    "max_drawdown": 0.614342743085258
  }
}