{
  "benchmark": {
    "alpha": 0.0,
    "beta": 1.0,
    "sharpe_ratio": 0.4799814348743649,
    "sortino_ratio": 0.6876982109361315,
    "annual_volatility": 0.5652162682881118,
    "annual_return": 0.15885023921701857,
    "daily_winning_ratio": 0.49690721649484537,
    "max_drawdown": 0.6855574565155403
  },
  "strategy": {
    "alpha": -0.08286402296236184,
    "beta": 0.20076705499715244,
    "sharpe_ratio": 0.27335932795367507,
    "sortino_ratio": 0.4007512579271522,
    "annual_volatility": 0.4016585700902337,
    "annual_return": 0.06806192985354009,
    "daily_winning_ratio": 0.42012779552715657,
    "max_drawdown": 0.6855574565155403
  }
}