{
  "benchmark": {
    "alpha": 0.0,
    "beta": 1.0,
    "sharpe_ratio": 0.1358466378141922,
    "sortino_ratio": 0.1918294654878088,
    "annual_volatility": 0.6071137982190129,
    "annual_return": -0.06402775920012305,
    "daily_winning_ratio": 0.4904891304347826,
    "max_drawdown": 0.6605360707157115
  },
  "strategy": {
    "alpha": -0.30401754403671055,
    "beta": 0.23507060250008965,
    "sharpe_ratio": -0.9767322858188666,
    "sortino_ratio": -1.3025439665243965,
    "annual_volatility": 0.3499621813047964,
    "annual_return": -0.3073187308235009,
    "daily_winning_ratio": 0.3510204081632653,
    "max_drawdown": 0.6605360707157115
  }
}