{
  "benchmark": {
    "alpha": 0.0,
    "beta": 1.0,
    "sharpe_ratio": 0.2828795544415328,
    "sortino_ratio": 0.40323996223287273,
    "annual_volatility": 0.5764294329173996,
    "annual_return": 0.0333476143418725,
    "daily_winning_ratio": 0.4886104783599089,
    "max_drawdown": 0.6855574565155403
  },
  "strategy": {
    "alpha": -0.2360647620418581,
    "beta": 0.21469435163971815,
    "sharpe_ratio": -0.7109504695066835,
    "sortino_ratio": -0.9602044438315702,
    "annual_volatility": 0.33071774599332704,
    "annual_return": -0.22412405670337732,
    "daily_winning_ratio": 0.3728620296465222,
    "max_drawdown": 0.6855574565155403
  }
}