{
  "benchmark": {
    "alpha": 0.0,
    "beta": 1.0,
    "sharpe_ratio": 3.070184006547018,
    "sortino_ratio": 4.95225269925917,
    "annual_volatility": 0.6637241631341604,
    "annual_return": 5.368632348932084,
    "daily_winning_ratio": 0.5614035087719298,
    "max_drawdown": 0.20466772151898727
  },
  "strategy": {
    "alpha": -0.29879369236723907,
    "beta": 0.3012471906688147,
    "sharpe_ratio": 0.6938540156912126,
    "sortino_ratio": 1.1727703899502209,
    "annual_volatility": 0.37340342730818954,
    "annual_return": 0.255681889595728,
    "daily_winning_ratio": 0.5614035087719298,
    "max_drawdown": 0.20466772151898727
  }
}