{
  "benchmark": {
    "alpha": 0.0,
    "beta": 0.9999999999999998,
    "sharpe_ratio": 1.2289041140788717,
    "sortino_ratio": 1.7997937384325269,
    "annual_volatility": 0.6549442663754625,
    "annual_return": 0.8715844171744223,
    "daily_winning_ratio": 0.5290697674418605,
    "max_drawdown": 0.20466772151898727
  },
  "strategy": {
    "alpha": 0.3329192368961289,
    "beta": 0.3013233357003535,
    "sharpe_ratio": 1.31909504726318,
    "sortino_ratio": 2.313148185285156,
    "annual_volatility": 0.4017972966348902,
    "annual_return": 0.6283634565060663,
    "daily_winning_ratio": 0.5290697674418605,
    "max_drawdown": 0.20466772151898727
  }
}