{
  "benchmark": {
    "alpha": 0.0,
    "beta": 1.0,
    "sharpe_ratio": 0.13166228936651367,
    "sortino_ratio": 0.1859016737742391,
    "annual_volatility": 0.6045829445774595,
    "annual_return": -0.06527579813218365,
    "daily_winning_ratio": 0.4899057873485868,
    "max_drawdown": 0.6623182207014542
  },
  "strategy": {
    "alpha": -0.3025932360865087,
    "beta": 0.23474734220950833,
    "sharpe_ratio": -0.9776107856308706,
    "sortino_ratio": -1.303627179076249,
    "annual_volatility": 0.3483680301533438,
    "annual_return": -0.3060620375512435,
    "daily_winning_ratio": 0.35175202156334234,
    "max_drawdown": 0.6623182207014542
  }
}