{
  "benchmark": {
    "alpha": 0.0,
    "beta": 1.0000000000000007,
    "sharpe_ratio": -5.057352265101941,
    "sortino_ratio": -5.806696520701837,
    "annual_volatility": 0.42985778523082363,
    "annual_return": -0.8927661047917286,
    "daily_winning_ratio": 0.45,
    "max_drawdown": 0.0035964035964035634
  },
  "strategy": {
    "alpha": -0.03376074278313923,
    "beta": 0.020296475017143094,
    "sharpe_ratio": -7.2676492487413205,
    "sortino_ratio": -7.63928446936743,
    "annual_volatility": 0.010796551018809797,
    "annual_return": -0.04115260435888202,
    "daily_winning_ratio": 0.45,
    "max_drawdown": 0.0035964035964035634
  }
}