{
  "benchmark": {
    "alpha": 0.0,
    "beta": 0.9999999999999998,
    "sharpe_ratio": 0.013902370668800849,
    "sortino_ratio": 0.019536614614479243,
    "annual_volatility": 0.6140553108080974,
    "annual_return": -0.13447483420321105,
    "daily_winning_ratio": 0.4872881355932203,
    "max_drawdown": 0.659181636726547
  },
  "strategy": {
    "alpha": -0.3019425879323756,
    "beta": 0.2391909686832724,
    "sharpe_ratio": -0.9898663267500667,
    "sortino_ratio": -1.3200615913550267,
    "annual_volatility": 0.35678377017824786,
    "annual_return": -0.3168022115658239,
    "daily_winning_ratio": 0.3564356435643564,
    "max_drawdown": 0.659181636726547
  }
}