{
  "benchmark": {
    "alpha": 0.0,
    "beta": 1.0000000000000002,
    "sharpe_ratio": 0.16013606029977673,
    "sortino_ratio": 0.22629258047811562,
    "annual_volatility": 0.6046765244092371,
    "annual_return": -0.04908273199325408,
    "daily_winning_ratio": 0.4905913978494624,
    "max_drawdown": 0.6623182207014542
  },
  "strategy": {
    "alpha": -0.3023835545390685,
    "beta": 0.23363628601021183,
    "sharpe_ratio": -0.9686678507524277,
    "sortino_ratio": -1.2921637368738617,
    "annual_volatility": 0.3481948423545607,
    "annual_return": -0.303734858965516,
    "daily_winning_ratio": 0.3521505376344086,
    "max_drawdown": 0.6623182207014542
  }
}