{
  "benchmark": {
    "alpha": 0.0,
    "beta": 0.9999999999999998,
    "sharpe_ratio": 2.4800984713907686,
    "sortino_ratio": 3.957080234160805,
    "annual_volatility": 0.6425472968649825,
    "annual_return": 3.1482242410403662,
    "daily_winning_ratio": 0.5285714285714286,
    "max_drawdown": 0.20466772151898727
  },
  "strategy": {
    "alpha": 0.19264809702703167,
    "beta": 0.35490591735186106,
    "sharpe_ratio": 1.815180246126957,
    "sortino_ratio": 3.2892756171590953,
    "annual_volatility": 0.437814114441423,
    "annual_return": 1.0904405794863434,
    "daily_winning_ratio": 0.5323741007194245,
    "max_drawdown": 0.20466772151898727
  }
}