{
  "benchmark": {
    "alpha": 0.0,
    "beta": 1.0000000000000002,
    "sharpe_ratio": 0.12061644163357618,
    "sortino_ratio": 0.17024999358489515,
    "annual_volatility": 0.6116945712475397,
    "annual_return": -0.07472677672496719,
    "daily_winning_ratio": 0.4896265560165975,
    "max_drawdown": 0.659181636726547
  },
  "strategy": {
    "alpha": -0.30556329991457576,
    "beta": 0.2358014858390849,
    "sharpe_ratio": -0.9816700514518888,
    "sortino_ratio": -1.3091406598630453,
    "annual_volatility": 0.35306084713671804,
    "annual_return": -0.31137330807885377,
    "daily_winning_ratio": 0.3490304709141274,
    "max_drawdown": 0.659181636726547
  }
}