{
  "benchmark": {
    "alpha": 0.0,
    "beta": 1.0,
    "sharpe_ratio": -0.36427201111714735,
    "sortino_ratio": -0.5005075609106163,
    "annual_volatility": 0.6446114653948748,
    "annual_return": -0.334642642888601,
    "daily_winning_ratio": 0.49287169042769857,
    "max_drawdown": 0.5312232677502139
  },
  "strategy": {
    "alpha": -0.19714322587626254,
    "beta": 0.20303184204300953,
    "sharpe_ratio": -0.8057199390448193,
    "sortino_ratio": -1.1357831527963782,
    "annual_volatility": 0.33161350311984716,
    "annual_return": -0.24835605805146943,
    "daily_winning_ratio": 0.49287169042769857,
    "max_drawdown": 0.5312232677502139
  }
}