{
  "benchmark": {
    "alpha": 0.0,
    "beta": 1.0,
    "sharpe_ratio": 0.2213348126480737,
    "sortino_ratio": 0.3147911708883734,
    "annual_volatility": 0.5798327095639845,
    "annual_return": -0.003906431654501219,
    "daily_winning_ratio": 0.48708920187793425,
    "max_drawdown": 0.6855574565155403
  },
  "strategy": {
    "alpha": -0.2600871960346077,
    "beta": 0.22477435325793188,
    "sharpe_ratio": -0.8270604900197189,
    "sortino_ratio": -1.1105761502576597,
    "annual_volatility": 0.33069038222799785,
    "annual_return": -0.253365530322592,
    "daily_winning_ratio": 0.36427732079905994,
    "max_drawdown": 0.6855574565155403
  }
}