{
  "benchmark": {
    "alpha": 0.0,
    "beta": 1.0000000000000002,
    "sharpe_ratio": 0.041168691469319875,
    "sortino_ratio": 0.057796799331422496,
    "annual_volatility": 0.6355943450294704,
    "annual_return": -0.13095686222398384,
    "daily_winning_ratio": 0.48722044728434505,
    "max_drawdown": 0.614342743085258
  },
  "strategy": {
    "alpha": -0.2343641858350448,
    "beta": 0.23346119997223394,
    "sharpe_ratio": -0.7281411302111223,
    "sortino_ratio": -0.9918460220264786,
    "annual_volatility": 0.3582301549046526,
    "annual_return": -0.2509676453665193,
    "daily_winning_ratio": 0.3738019169329074,
    "max_drawdown": 0.614342743085258
  }
}