{
  "benchmark": {
    "alpha": 0.0,
    "beta": 1.0,
    "sharpe_ratio": 2.39353739169239,
    "sortino_ratio": 3.778816208300494,
    "annual_volatility": 0.6422662589846865,
    "annual_return": 2.922049304133305,
    "daily_winning_ratio": 0.5347222222222222,
    "max_drawdown": 0.20466772151898727
  },
  "strategy": {
    "alpha": 0.12622189579505716,
    "beta": 0.36027807614017443,
    "sharpe_ratio": 1.4853727031025519,
    "sortino_ratio": 2.612593707293917,
    "annual_volatility": 0.4386092884601779,
    "annual_return": 0.8111261579012374,
    "daily_winning_ratio": 0.5314685314685315,
    "max_drawdown": 0.20466772151898727
  }
}