{
  "benchmark": {
    "alpha": 0.0,
    "beta": 1.0,
    "sharpe_ratio": 3.070184006547018,
    "sortino_ratio": 4.95225269925917,
    "annual_volatility": 0.6637241631341604,
    "annual_return": 5.368632348932084,
    "daily_winning_ratio": 0.5614035087719298,
    "max_drawdown": 0.20466772151898727
  },
  "strategy": {
    "alpha": -0.2944201646747374,
    "beta": 0.3005437618037737,
    "sharpe_ratio": 0.8743288309331955,
    "sortino_ratio": 1.4902412960154137,
    "annual_volatility": 0.37316586772742055,
    "annual_return": 0.34301092393906685,
    "daily_winning_ratio": 0.5663716814159292,
    "max_drawdown": 0.20466772151898727
  }
}