{
  "benchmark": {
    "alpha": 0.0,
    "beta": 1.0,
    "sharpe_ratio": 0.4799814348743649,
    "sortino_ratio": 0.6876982109361315,
    "annual_volatility": 0.5652162682881118,
    "annual_return": 0.15885023921701857,
    "daily_winning_ratio": 0.49690721649484537,
    "max_drawdown": 0.6855574565155403
  },
  "strategy": {
    "alpha": -0.08286402296236184,
    "beta": 0.20076705499715247,
    "sharpe_ratio": -0.022865140418075407,
    "sortino_ratio": -0.03267842873414565,
    "annual_volatility": 0.3939042075271048,
    "annual_return": -0.048813397317525764,
    "daily_winning_ratio": 0.4154351395730706,
    "max_drawdown": 0.6855574565155403
  }
}