{
  "benchmark": {
    "alpha": 0.0,
    "beta": 1.0,
    "sharpe_ratio": 0.009418152793465962,
    "sortino_ratio": 0.013238277205159323,
    "annual_volatility": 0.5908067658450473,
    "annual_return": -0.12481755770561331,
    "daily_winning_ratio": 0.4860759493670886,
    "max_drawdown": 0.6798545765611634
  },
  "strategy": {
    "alpha": -0.29454562728762024,
    "beta": 0.2312540478618972,
    "sharpe_ratio": -1.0250640551832075,
    "sortino_ratio": -1.3649511723308785,
    "annual_volatility": 0.3390177962385048,
    "annual_return": -0.30863685609871183,
    "daily_winning_ratio": 0.3523447401774398,
    "max_drawdown": 0.6798545765611634
  }
}