{
  "benchmark": {
    "alpha": 0.0,
    "beta": 0.9999999999999998,
    "sharpe_ratio": 0.13575496830667275,
    "sortino_ratio": 0.19168956878541346,
    "annual_volatility": 0.6089611442733732,
    "annual_return": -0.06490043054868866,
    "daily_winning_ratio": 0.4897400820793434,
    "max_drawdown": 0.6605360707157115
  },
  "strategy": {
    "alpha": -0.3039499578549578,
    "beta": 0.23522683197210004,
    "sharpe_ratio": -0.9761315164063725,
    "sortino_ratio": -1.3017656537504239,
    "annual_volatility": 0.35114619262019514,
    "annual_return": -0.30826305577914903,
    "daily_winning_ratio": 0.3506849315068493,
    "max_drawdown": 0.6605360707157115
  }
}