{
  "benchmark": {
    "alpha": 0.0,
    "beta": 0.9999999999999998,
    "sharpe_ratio": 0.023161767775020062,
    "sortino_ratio": 0.03258972258983701,
    "annual_volatility": 0.5879626752522249,
    "annual_return": -0.1162345996281059,
    "daily_winning_ratio": 0.48451053283767037,
    "max_drawdown": 0.6855574565155403
  },
  "strategy": {
    "alpha": -0.2898906614943867,
    "beta": 0.228500889671202,
    "sharpe_ratio": -1.0114833524117819,
    "sortino_ratio": -1.347581493211794,
    "annual_volatility": 0.33637392336007044,
    "annual_return": -0.30295352489690996,
    "daily_winning_ratio": 0.3535980148883375,
    "max_drawdown": 0.6855574565155403
  }
}