{
  "benchmark": {
    "alpha": 0.0,
    "beta": 1.0,
    "sharpe_ratio": 0.13464243694304137,
    "sortino_ratio": 0.18970544564709757,
    "annual_volatility": 0.6262022839868392,
    "annual_return": -0.07339141243220049,
    "daily_winning_ratio": 0.4908814589665654,
    "max_drawdown": 0.6201169090390647
  },
  "strategy": {
    "alpha": -0.2646928557445578,
    "beta": 0.2392691579945637,
    "sharpe_ratio": -0.7936608314242964,
    "sortino_ratio": -1.0784506831302159,
    "annual_volatility": 0.3618219657739645,
    "annual_return": -0.2713799459349001,
    "daily_winning_ratio": 0.3768996960486322,
    "max_drawdown": 0.6201169090390647
  }
}