{
  "benchmark": {
    "alpha": 0.0,
    "beta": 1.0,
    "sharpe_ratio": -0.44581146218735607,
    "sortino_ratio": -0.6095020734461621,
    "annual_volatility": 0.6643919236972169,
    "annual_return": -0.3824369532791655,
    "daily_winning_ratio": 0.4918032786885246,
    "max_drawdown": 0.4555888223552894
  },
  "strategy": {
    "alpha": -0.14156288161150277,
    "beta": 0.19703245512261414,
    "sharpe_ratio": -0.6287271199944724,
    "sortino_ratio": -0.8998019495722388,
    "annual_volatility": 0.33555045931910243,
    "annual_return": -0.205813881630468,
    "daily_winning_ratio": 0.4918032786885246,
    "max_drawdown": 0.4555888223552894
  }
}