{
  "benchmark": {
    "alpha": 0.0,
    "beta": 1.0,
    "sharpe_ratio": 0.056057166873856784,
    "sortino_ratio": 0.07880797494030418,
    "annual_volatility": 0.6311602975674606,
    "annual_return": -0.12041087524530247,
    "daily_winning_ratio": 0.4867807153965785,
    "max_drawdown": 0.6201169090390647
  },
  "strategy": {
    "alpha": -0.2654693684852518,
    "beta": 0.2403551809370633,
    "sharpe_ratio": -0.8250501697912532,
    "sortino_ratio": -1.1199905842449644,
    "annual_volatility": 0.363479961032122,
    "annual_return": -0.2810377501676282,
    "daily_winning_ratio": 0.374805598755832,
    "max_drawdown": 0.6201169090390647
  }
}