{
  "benchmark": {
    "alpha": 0.0,
    "beta": 1.0,
    "sharpe_ratio": 0.7682969768377004,
    "sortino_ratio": 1.111488697798002,
    "annual_volatility": 0.6272987854252305,
    "annual_return": 0.37963452244504414,
    "daily_winning_ratio": 0.5147058823529411,
    "max_drawdown": 0.20466772151898727
  },
  "strategy": {
    "alpha": 0.1174935804867483,
    "beta": 0.34241191117513,
    "sharpe_ratio": 0.6468999693944743,
    "sortino_ratio": 1.0206775426979575,
    "annual_volatility": 0.42685306239355025,
    "annual_return": 0.2497502400831182,
    "daily_winning_ratio": 0.5147058823529411,
    "max_drawdown": 0.20466772151898727
  }
}