{
  "benchmark": {
    "alpha": 0.0,
    "beta": 1.0,
    "sharpe_ratio": 0.0899745673627803,
    "sortino_ratio": 0.12652988314223446,
    "annual_volatility": 0.6223340188704835,
    "annual_return": -0.09708717319697835,
    "daily_winning_ratio": 0.4896449704142012,
    "max_drawdown": 0.6586113487311092
  },
  "strategy": {
    "alpha": -0.318932962967837,
    "beta": 0.24379140796593976,
    "sharpe_ratio": -1.0058629306445486,
    "sortino_ratio": -1.341388033653823,
    "annual_volatility": 0.3651366086964928,
    "annual_return": -0.32842370790287545,
    "daily_winning_ratio": 0.3718518518518519,
    "max_drawdown": 0.6586113487311092
  }
}