{
  "benchmark": {
    "alpha": 0.0,
    "beta": 0.9999999999999999,
    "sharpe_ratio": 0.3856899774890611,
    "sortino_ratio": 0.5514576313381055,
    "annual_volatility": 0.5730691502105413,
    "annual_return": 0.09713342110892897,
    "daily_winning_ratio": 0.49281767955801103,
    "max_drawdown": 0.6855574565155403
  },
  "strategy": {
    "alpha": -0.21150560335401458,
    "beta": 0.21174568502968005,
    "sharpe_ratio": -0.5751607796094965,
    "sortino_ratio": -0.7788530216039204,
    "annual_volatility": 0.3321963246762547,
    "annual_return": -0.18955638386567863,
    "daily_winning_ratio": 0.38163716814159293,
    "max_drawdown": 0.6855574565155403
  }
}