{
  "benchmark": {
    "alpha": 0.0,
    "beta": 1.0,
    "sharpe_ratio": -0.5073127084837248,
    "sortino_ratio": -0.6883879006536257,
    "annual_volatility": 0.6647667751109106,
    "annual_return": -0.4077862418140188,
    "daily_winning_ratio": 0.492,
    "max_drawdown": 0.614342743085258
  },
  "strategy": {
    "alpha": -0.2099969342019572,
    "beta": 0.2180521014990732,
    "sharpe_ratio": -1.104687284941017,
    "sortino_ratio": -1.4765792931616812,
    "annual_volatility": 0.34415284363129933,
    "annual_return": -0.3320464883363158,
    "daily_winning_ratio": 0.35135135135135137,
    "max_drawdown": 0.614342743085258
  }
}