{
  "benchmark": {
    "alpha": 0.0,
    "beta": 0.9999999999999998,
    "sharpe_ratio": 0.31771088740606374,
    "sortino_ratio": 0.4528460207740549,
    "annual_volatility": 0.5708976025859699,
    "annual_return": 0.05579679214616173,
    "daily_winning_ratio": 0.49307774227902024,
    "max_drawdown": 0.6855574565155403
  },
  "strategy": {
    "alpha": -0.213479467381826,
    "beta": 0.2000913532879407,
    "sharpe_ratio": -0.6002007954882416,
    "sortino_ratio": -0.812758171379975,
    "annual_volatility": 0.34002439614227,
    "annual_return": -0.20214695424523588,
    "daily_winning_ratio": 0.3837953091684435,
    "max_drawdown": 0.6855574565155403
  }
}