{
  "benchmark": {
    "alpha": 0.0,
    "beta": 1.0,
    "sharpe_ratio": -0.5073127084837248,
    "sortino_ratio": -0.6883879006536257,
    "annual_volatility": 0.6647667751109106,
    "annual_return": -0.4077862418140188,
    "daily_winning_ratio": 0.492,
    "max_drawdown": 0.614342743085258
  },
  "strategy": {
    "alpha": -0.2099969342019572,
    "beta": 0.2180521014990732,
    "sharpe_ratio": -1.1070253535418948,
    "sortino_ratio": -1.4796957447492582,
    "annual_volatility": 0.34477009521558327,
    "annual_return": -0.3331832560412954,
    "daily_winning_ratio": 0.3508137432188065,
    "max_drawdown": 0.614342743085258
  }
}