{
  "benchmark": {
    "alpha": 0.0,
    "beta": 1.0,
    "sharpe_ratio": 0.3658910867835902,
    "sortino_ratio": 0.5228646136311317,
    "annual_volatility": 0.571361720451783,
    "annual_return": 0.08514861665162643,
    "daily_winning_ratio": 0.4934640522875817,
    "max_drawdown": 0.6855574565155403
  },
  "strategy": {
    "alpha": -0.2159426451942411,
    "beta": 0.20867721791726115,
    "sharpe_ratio": -0.5848412320924958,
    "sortino_ratio": -0.7918717373657893,
    "annual_volatility": 0.33436431249313814,
    "annual_return": -0.19376744386737743,
    "daily_winning_ratio": 0.38276990185387133,
    "max_drawdown": 0.6855574565155403
  }
}