{
  "benchmark": {
    "alpha": 0.0,
    "beta": 1.0,
    "sharpe_ratio": 0.3651796218012006,
    "sortino_ratio": 0.5216521258000392,
    "annual_volatility": 0.5725225982620055,
    "annual_return": 0.0844347156522578,
    "daily_winning_ratio": 0.49245689655172414,
    "max_drawdown": 0.6855574565155403
  },
  "strategy": {
    "alpha": -0.19139656362080892,
    "beta": 0.20123320261035718,
    "sharpe_ratio": -0.5028377507691363,
    "sortino_ratio": -0.6848750291169774,
    "annual_volatility": 0.33881003620467703,
    "annual_return": -0.17441889594650484,
    "daily_winning_ratio": 0.38403451995685006,
    "max_drawdown": 0.6855574565155403
  }
}