{
  "benchmark": {
    "alpha": 0.0,
    "beta": 1.0,
    "sharpe_ratio": -0.34586560060008464,
    "sortino_ratio": -0.4753273383367773,
    "annual_volatility": 0.6451275749970768,
    "annual_return": -0.3270418173936539,
    "daily_winning_ratio": 0.49387755102040815,
    "max_drawdown": 0.5312232677502139
  },
  "strategy": {
    "alpha": -0.1785952959384749,
    "beta": 0.2021604925488909,
    "sharpe_ratio": -0.7312892579184511,
    "sortino_ratio": -1.0352562449608593,
    "annual_volatility": 0.3306405604543818,
    "annual_return": -0.22875637108427338,
    "daily_winning_ratio": 0.49387755102040815,
    "max_drawdown": 0.5312232677502139
  }
}