{
  "benchmark": {
    "alpha": 0.0,
    "beta": 1.0,
    "sharpe_ratio": 2.8752217303880303,
    "sortino_ratio": 4.609419868857986,
    "annual_volatility": 0.6603094297221203,
    "annual_return": 4.557242238442583,
    "daily_winning_ratio": 0.5566037735849056,
    "max_drawdown": 0.20466772151898727
  },
  "strategy": {
    "alpha": -0.39533587606618736,
    "beta": 0.3011100107822831,
    "sharpe_ratio": 0.13309991567275614,
    "sortino_ratio": 0.2192603314368482,
    "annual_volatility": 0.37370990162994777,
    "annual_return": 0.01854502029329841,
    "daily_winning_ratio": 0.5523809523809524,
    "max_drawdown": 0.20466772151898727
  }
}