{
  "benchmark": {
    "alpha": 0.0,
    "beta": 1.0,
    "sharpe_ratio": -0.29245366784873467,
    "sortino_ratio": -0.4037448015036846,
    "annual_volatility": 0.6717565926913545,
    "annual_return": -0.32078168910096405,
    "daily_winning_ratio": 0.4975,
    "max_drawdown": 0.4117479327060165
  },
  "strategy": {
    "alpha": -0.10995253521259396,
    "beta": 0.19578781375229712,
    "sharpe_ratio": -0.45761963698096986,
    "sortino_ratio": -0.6630425646955854,
    "annual_volatility": 0.33854736459948775,
    "annual_return": -0.1608100240404603,
    "daily_winning_ratio": 0.4975,
    "max_drawdown": 0.4117479327060165
  }
}