{
  "benchmark": {
    "alpha": 0.0,
    "beta": 1.0,
    "sharpe_ratio": 0.03157009842037402,
    "sortino_ratio": 0.04435274862994944,
    "annual_volatility": 0.6206801352482904,
    "annual_return": -0.1284603156501235,
    "daily_winning_ratio": 0.48604992657856094,
    "max_drawdown": 0.659181636726547
  },
  "strategy": {
    "alpha": -0.31181752719698563,
    "beta": 0.2432402692409478,
    "sharpe_ratio": -1.0053579530751195,
    "sortino_ratio": -1.340702323474137,
    "annual_volatility": 0.36379264797700733,
    "annual_return": -0.32705902552224986,
    "daily_winning_ratio": 0.37058823529411766,
    "max_drawdown": 0.659181636726547
  }
}