{
  "benchmark": {
    "alpha": 0.0,
    "beta": 1.0,
    "sharpe_ratio": 0.38265507347771965,
    "sortino_ratio": 0.5471437252529587,
    "annual_volatility": 0.5704719605661108,
    "annual_return": 0.09577559587759854,
    "daily_winning_ratio": 0.4924078091106291,
    "max_drawdown": 0.6855574565155403
  },
  "strategy": {
    "alpha": -0.20747509850519386,
    "beta": 0.20607317288672072,
    "sharpe_ratio": -0.5604838504174793,
    "sortino_ratio": -0.760046472030391,
    "annual_volatility": 0.33421344639128675,
    "annual_return": -0.18705778286627128,
    "daily_winning_ratio": 0.38219326818675353,
    "max_drawdown": 0.6855574565155403
  }
}