{
  "benchmark": {
    "alpha": 0.0,
    "beta": 1.0,
    "sharpe_ratio": 0.039842469067644146,
    "sortino_ratio": 0.05611124852052985,
    "annual_volatility": 0.5788009560753158,
    "annual_return": -0.10304107276088104,
    "daily_winning_ratio": 0.48329355608591884,
    "max_drawdown": 0.6855574565155403
  },
  "strategy": {
    "alpha": -0.28385424895753497,
    "beta": 0.2265108731529054,
    "sharpe_ratio": -0.9960078961032195,
    "sortino_ratio": -1.327603785155646,
    "annual_volatility": 0.3309099501200404,
    "annual_return": -0.2941892135755302,
    "daily_winning_ratio": 0.35842293906810035,
    "max_drawdown": 0.6855574565155403
  }
}