{
  "benchmark": {
    "alpha": 0.0,
    "beta": 1.0000000000000004,
    "sharpe_ratio": -0.42093604524941375,
    "sortino_ratio": -0.5771443377143897,
    "annual_volatility": 0.6519662789282809,
    "annual_return": -0.36358103700958877,
    "daily_winning_ratio": 0.49159663865546216,
    "max_drawdown": 0.5087681779298545
  },
  "strategy": {
    "alpha": -0.19015574557941783,
    "beta": 0.19910548443347686,
    "sharpe_ratio": -0.8146415287104956,
    "sortino_ratio": -1.137504655998404,
    "annual_volatility": 0.3259030225507099,
    "annual_return": -0.2457130051505314,
    "daily_winning_ratio": 0.49159663865546216,
    "max_drawdown": 0.5087681779298545
  }
}