{
  "benchmark": {
    "alpha": 0.0,
    "beta": 1.0,
    "sharpe_ratio": 0.09885988034425063,
    "sortino_ratio": 0.13949199958712577,
    "annual_volatility": 0.5985128918486888,
    "annual_return": -0.08081504164716047,
    "daily_winning_ratio": 0.4881889763779528,
    "max_drawdown": 0.6639577986883376
  },
  "strategy": {
    "alpha": -0.29604809319386494,
    "beta": 0.2326160062928557,
    "sharpe_ratio": -0.9783295760287805,
    "sortino_ratio": -1.3048326775614567,
    "annual_volatility": 0.34435997101606,
    "annual_return": -0.30253270795024445,
    "daily_winning_ratio": 0.35216819973718794,
    "max_drawdown": 0.6639577986883376
  }
}