{
  "benchmark": {
    "alpha": 0.0,
    "beta": 1.0,
    "sharpe_ratio": 0.4799814348743649,
    "sortino_ratio": 0.6876982109361315,
    "annual_volatility": 0.5652162682881118,
    "annual_return": 0.15885023921701857,
    "daily_winning_ratio": 0.49690721649484537,
    "max_drawdown": 0.6855574565155403
  },
  "strategy": {
    "alpha": -0.08286402296236184,
    "beta": 0.2007670549971525,
    "sharpe_ratio": 0.0671059613889127,
    "sortino_ratio": 0.09589651137668265,
    "annual_volatility": 0.37882647940991837,
    "annual_return": -0.009845901604607188,
    "daily_winning_ratio": 0.4060434372049103,
    "max_drawdown": 0.6855574565155403
  }
}