{
  "benchmark": {
    "alpha": 0.0,
    "beta": 1.0,
    "sharpe_ratio": 0.32272474786255284,
    "sortino_ratio": 0.4604000138017637,
    "annual_volatility": 0.5740369860381563,
    "annual_return": 0.05799017434119147,
    "daily_winning_ratio": 0.4904171364148816,
    "max_drawdown": 0.6855574565155403
  },
  "strategy": {
    "alpha": -0.22452571955912182,
    "beta": 0.21503809049663294,
    "sharpe_ratio": -0.6536587380192185,
    "sortino_ratio": -0.8841882596041111,
    "annual_volatility": 0.32964742117071355,
    "annual_return": -0.20843766635615768,
    "daily_winning_ratio": 0.3758465011286682,
    "max_drawdown": 0.6855574565155403
  }
}