{
  "benchmark": {
    "alpha": 0.0,
    "beta": 1.0000000000000004,
    "sharpe_ratio": 2.2205309432398694,
    "sortino_ratio": 3.480457813445865,
    "annual_volatility": 0.6212381744591742,
    "annual_return": 2.3981235256101905,
    "daily_winning_ratio": 0.5394736842105263,
    "max_drawdown": 0.13180379746835447
  },
  "strategy": {
    "alpha": -0.12152321614288786,
    "beta": 0.46591073746015654,
    "sharpe_ratio": 1.2052009908698573,
    "sortino_ratio": 2.0764988145896237,
    "annual_volatility": 0.4257970958209856,
    "annual_return": 0.5867176295831982,
    "daily_winning_ratio": 0.5394736842105263,
    "max_drawdown": 0.13180379746835447
  }
}