{
  "benchmark": {
    "alpha": 0.0,
    "beta": 1.0,
    "sharpe_ratio": 0.2836230293433195,
    "sortino_ratio": 0.3988914686902446,
    "annual_volatility": 0.6409580391638141,
    "annual_return": 0.012674649063941557,
    "daily_winning_ratio": 0.5072463768115942,
    "max_drawdown": 0.20466772151898727
  },
  "strategy": {
    "alpha": 0.23638905061142634,
    "beta": 0.3238705615726677,
    "sharpe_ratio": 0.6398590767931199,
    "sortino_ratio": 1.009543774424327,
    "annual_volatility": 0.42373915796950967,
    "annual_return": 0.24513702015356809,
    "daily_winning_ratio": 0.5072463768115942,
    "max_drawdown": 0.20466772151898727
  }
}