{
  "benchmark": {
    "alpha": 0.0,
    "beta": 0.9999999999999998,
    "sharpe_ratio": 2.4800984713907686,
    "sortino_ratio": 3.957080234160805,
    "annual_volatility": 0.6425472968649825,
    "annual_return": 3.1482242410403662,
    "daily_winning_ratio": 0.5285714285714286,
    "max_drawdown": 0.20466772151898727
  },
  "strategy": {
    "alpha": 0.09346918177374475,
    "beta": 0.3647618318158047,
    "sharpe_ratio": 1.514033092829773,
    "sortino_ratio": 2.6648724627982237,
    "annual_volatility": 0.4429517998092287,
    "annual_return": 0.8426731139559955,
    "daily_winning_ratio": 0.5285714285714286,
    "max_drawdown": 0.20466772151898727
  }
}