{
  "benchmark": {
    "alpha": 0.0,
    "beta": 1.0,
    "sharpe_ratio": -0.5073127084837248,
    "sortino_ratio": -0.6883879006536257,
    "annual_volatility": 0.6647667751109106,
    "annual_return": -0.4077862418140188,
    "daily_winning_ratio": 0.492,
    "max_drawdown": 0.6142001710863987
  },
  "strategy": {
    "alpha": -0.2099969342019572,
    "beta": 0.21805210149907317,
    "sharpe_ratio": -1.1194608978760963,
    "sortino_ratio": -1.4963010704096318,
    "annual_volatility": 0.3495373543550177,
    "annual_return": -0.3406748921524342,
    "daily_winning_ratio": 0.3513011152416357,
    "max_drawdown": 0.6142001710863987
  }
}