{
  "benchmark": {
    "alpha": 0.0,
    "beta": 1.0,
    "sharpe_ratio": -0.5073127084837248,
    "sortino_ratio": -0.6883879006536257,
    "annual_volatility": 0.6647667751109106,
    "annual_return": -0.4077862418140188,
    "daily_winning_ratio": 0.492,
    "max_drawdown": 0.5642999714856003
  },
  "strategy": {
    "alpha": -0.2099969342019572,
    "beta": 0.2180521014990732,
    "sharpe_ratio": -0.8999135461561125,
    "sortino_ratio": -1.2146838645984424,
    "annual_volatility": 0.34939071098403146,
    "annual_return": -0.2878856116413483,
    "daily_winning_ratio": 0.3548387096774194,
    "max_drawdown": 0.5642999714856003
  }
}