{
  "timestamp": 1647129600,
  "pps": 0.9522,
  "pnl_rate": -0.047799999999999954,
  "last_day_pnl_rate": 0.00031515915537354554,
  "last_1m_pnl_rate": -0.11571322436849919,
  "last_3m_pnl_rate": -0.24350520378167942,
  "last_6m_pnl_rate": -0.14200756893133887,
  "last_12m_pnl_rate": -0.047799999999999954,
  "running_days": 256
}