{
  "timestamp": 1689897600,
  "pps": 0.4749,
  "pnl_rate": -0.5251,
  "last_day_pnl_rate": -0.00021052631578945052,
  "last_1m_pnl_rate": -0.006693160426689052,
  "last_3m_pnl_rate": -0.023843782117163412,
  "last_6m_pnl_rate": -0.2583164141808527,
  "last_12m_pnl_rate": -0.44456140350877194,
  "running_days": 750
}