{
  "timestamp": 1717632000,
  "pps": 0.9841,
  "pnl_rate": -0.015900000000000025,
  "last_day_pnl_rate": 0.009540418547394312,
  "last_1m_pnl_rate": 0.1865203761755485,
  "last_3m_pnl_rate": 0.02606610363882809,
  "last_6m_pnl_rate": 0.6473049882825576,
  "last_12m_pnl_rate": 1.0583559924701944,
  "running_days": 1068
}