{
  "timestamp": 1701561600,
  "pps": 0.5614,
  "pnl_rate": -0.4386,
  "last_day_pnl_rate": 0.018689892941389903,
  "last_1m_pnl_rate": 0.10316368638239337,
  "last_3m_pnl_rate": 0.2534047778521991,
  "last_6m_pnl_rate": 0.1742313323572474,
  "last_12m_pnl_rate": -0.08147905759162297,
  "running_days": 885
}