{
  "timestamp": 1710201600,
  "pps": 1.0108,
  "pnl_rate": 0.01079999999999992,
  "last_day_pnl_rate": 0.04637681159420285,
  "last_1m_pnl_rate": 0.5364037087703296,
  "last_3m_pnl_rate": 0.6748964374482185,
  "last_6m_pnl_rate": 1.2915438676037176,
  "last_12m_pnl_rate": 0.8108204944464348,
  "running_days": 982
}