{
  "timestamp": 1711670400,
  "pps": 0.954,
  "pnl_rate": -0.04600000000000004,
  "last_day_pnl_rate": 0.018469093626561312,
  "last_1m_pnl_rate": 0.10531803962460895,
  "last_3m_pnl_rate": 0.5828770532603285,
  "last_6m_pnl_rate": 1.0994718309859153,
  "last_12m_pnl_rate": 0.7057035580189521,
  "running_days": 999
}