{
  "timestamp": 1673827200,
  "pps": 0.6688,
  "pnl_rate": -0.33120000000000005,
  "last_day_pnl_rate": 0.007987942727957756,
  "last_1m_pnl_rate": 0.23531584780199474,
  "last_3m_pnl_rate": -0.0339448216091291,
  "last_6m_pnl_rate": -0.21777777777777782,
  "last_12m_pnl_rate": -0.40934381347699383,
  "running_days": 565
}