{
  "timestamp": 1626134400,
  "pps": 0.9992,
  "pnl_rate": -0.0008000000000000229,
  "last_day_pnl_rate": -0.0010996700989702988,
  "last_1m_pnl_rate": -0.0008000000000000229,
  "last_3m_pnl_rate": -0.0008000000000000229,
  "last_6m_pnl_rate": -0.0008000000000000229,
  "last_12m_pnl_rate": -0.0008000000000000229,
  "running_days": 13
}