{
  "timestamp": 1734912000,
  "pps": 1.1485,
  "pnl_rate": 0.14850000000000008,
  "last_day_pnl_rate": -0.02063613882493391,
  "last_1m_pnl_rate": -0.027436700821407388,
  "last_3m_pnl_rate": 0.4100675260896256,
  "last_6m_pnl_rate": 0.3542035137365878,
  "last_12m_pnl_rate": 0.9760839642119752,
  "running_days": 1268
}