{
  "timestamp": 1632441600,
  "pps": 1.084,
  "pnl_rate": 0.08400000000000007,
  "last_day_pnl_rate": 0.0036107767799277977,
  "last_1m_pnl_rate": -0.10383597883597878,
  "last_3m_pnl_rate": 0.08400000000000007,
  "last_6m_pnl_rate": 0.08400000000000007,
  "last_12m_pnl_rate": 0.08400000000000007,
  "running_days": 86
}