{
  "timestamp": 1691884800,
  "pps": 0.4723,
  "pnl_rate": -0.5277000000000001,
  "last_day_pnl_rate": 0.00021177467174923547,
  "last_1m_pnl_rate": -0.012131353273373828,
  "last_3m_pnl_rate": -0.012131353273373828,
  "last_6m_pnl_rate": -0.2071512506295115,
  "last_12m_pnl_rate": -0.40606136820925554,
  "running_days": 773
}