{
  "timestamp": 1678406400,
  "pps": 0.5575,
  "pnl_rate": -0.4425,
  "last_day_pnl_rate": 0.0,
  "last_1m_pnl_rate": -0.15389285172256797,
  "last_3m_pnl_rate": -0.09009303084707039,
  "last_6m_pnl_rate": -0.26885245901639343,
  "last_12m_pnl_rate": -0.4145752388953061,
  "running_days": 618
}