{
  "timestamp": 1683331200,
  "pps": 0.4794,
  "pnl_rate": -0.5206,
  "last_day_pnl_rate": 0.0002086375964948654,
  "last_1m_pnl_rate": -0.160861193768598,
  "last_3m_pnl_rate": -0.2683150183150183,
  "last_6m_pnl_rate": -0.3387586206896552,
  "last_12m_pnl_rate": -0.460863697705803,
  "running_days": 674
}