{
  "timestamp": 1714867200,
  "pps": 0.8525,
  "pnl_rate": -0.14749999999999996,
  "last_day_pnl_rate": 0.012350077187982516,
  "last_1m_pnl_rate": -0.05873909683118021,
  "last_3m_pnl_rate": 0.44712272958750654,
  "last_6m_pnl_rate": 0.6640640249853603,
  "last_12m_pnl_rate": 0.7830997699226103,
  "running_days": 1036
}