{
  "timestamp": 1702771200,
  "pps": 0.5789,
  "pnl_rate": -0.42110000000000003,
  "last_day_pnl_rate": 0.006257604727967906,
  "last_1m_pnl_rate": 0.09494987705693216,
  "last_3m_pnl_rate": 0.27990271943400397,
  "last_6m_pnl_rate": 0.21083455344070265,
  "last_12m_pnl_rate": 0.06966001478196591,
  "running_days": 899
}