{
  "timestamp": 1644451200,
  "pps": 1.1318,
  "pnl_rate": 0.13179999999999992,
  "last_day_pnl_rate": 0.00044196941571638374,
  "last_1m_pnl_rate": -0.011959842863378478,
  "last_3m_pnl_rate": -0.16834447791902424,
  "last_6m_pnl_rate": -0.0967999361583275,
  "last_12m_pnl_rate": 0.13179999999999992,
  "running_days": 225
}