{
  "timestamp": 1733788800,
  "pps": 1.2056,
  "pnl_rate": 0.2056,
  "last_day_pnl_rate": -0.04801010739102966,
  "last_1m_pnl_rate": 0.19757623919737766,
  "last_3m_pnl_rate": 0.6645036587049564,
  "last_6m_pnl_rate": 0.3249807671172656,
  "last_12m_pnl_rate": 1.0531335149863759,
  "running_days": 1255
}