{
  "timestamp": 1645920000,
  "pps": 0.9555,
  "pnl_rate": -0.044499999999999984,
  "last_day_pnl_rate": 0.0,
  "last_1m_pnl_rate": -0.15621688449311202,
  "last_3m_pnl_rate": -0.24508177293197442,
  "last_6m_pnl_rate": -0.2046778758115532,
  "last_12m_pnl_rate": -0.044499999999999984,
  "running_days": 242
}