{
  "timestamp": 1729123200,
  "pps": 0.8408,
  "pnl_rate": -0.1592,
  "last_day_pnl_rate": 0.005982292414453224,
  "last_1m_pnl_rate": 0.11942484356277461,
  "last_3m_pnl_rate": -0.07796907555653038,
  "last_6m_pnl_rate": -0.028426161312687725,
  "last_12m_pnl_rate": 0.8019717102443206,
  "running_days": 1201
}