{
  "timestamp": 1676246400,
  "pps": 0.5962,
  "pnl_rate": -0.40380000000000005,
  "last_day_pnl_rate": 0.0005034401745258717,
  "last_1m_pnl_rate": -0.10143180105501134,
  "last_3m_pnl_rate": -0.05559955647077463,
  "last_6m_pnl_rate": -0.250251509054326,
  "last_12m_pnl_rate": -0.3936126932465419,
  "running_days": 593
}