{
  "timestamp": 1721174400,
  "pps": 0.892,
  "pnl_rate": -0.10799999999999998,
  "last_day_pnl_rate": -0.001119820828667414,
  "last_1m_pnl_rate": -0.021071115013169443,
  "last_3m_pnl_rate": 0.056872037914691996,
  "last_6m_pnl_rate": 0.44173266526588,
  "last_12m_pnl_rate": 0.8782901663508108,
  "running_days": 1109
}