{
  "timestamp": 1675641600,
  "pps": 0.6486,
  "pnl_rate": -0.35140000000000005,
  "last_day_pnl_rate": -0.01007326007326015,
  "last_1m_pnl_rate": 0.19206028303620643,
  "last_3m_pnl_rate": 0.02093499134267272,
  "last_6m_pnl_rate": -0.21695038029699393,
  "last_12m_pnl_rate": -0.39765973254086184,
  "running_days": 586
}