{
  "timestamp": 1720915200,
  "pps": 0.8156,
  "pnl_rate": -0.1844,
  "last_day_pnl_rate": 0.019245188702824254,
  "last_1m_pnl_rate": -0.09818664307828394,
  "last_3m_pnl_rate": -0.03707201889020069,
  "last_6m_pnl_rate": 0.32704197852261624,
  "last_12m_pnl_rate": 0.7112882920688207,
  "running_days": 1106
}