{
  "timestamp": 1735084800,
  "pps": 1.1986,
  "pnl_rate": 0.1986000000000001,
  "last_day_pnl_rate": 0.034971073309731635,
  "last_1m_pnl_rate": 0.05103472465801476,
  "last_3m_pnl_rate": 0.4606385571533026,
  "last_6m_pnl_rate": 0.41862942360042626,
  "last_12m_pnl_rate": 1.0250042236864338,
  "running_days": 1270
}