{
  "timestamp": 1723766400,
  "pps": 0.7459,
  "pnl_rate": -0.2541,
  "last_day_pnl_rate": -0.026240208877284604,
  "last_1m_pnl_rate": -0.1518080509438253,
  "last_3m_pnl_rate": -0.15257895932742557,
  "last_6m_pnl_rate": 0.02755200440832073,
  "last_12m_pnl_rate": 0.653880266075388,
  "running_days": 1139
}