{
  "timestamp": 1701820800,
  "pps": 0.6035,
  "pnl_rate": -0.39649999999999996,
  "last_day_pnl_rate": 0.031976744186046596,
  "last_1m_pnl_rate": 0.1727555382821611,
  "last_3m_pnl_rate": 0.339622641509434,
  "last_6m_pnl_rate": 0.2622882242208743,
  "last_12m_pnl_rate": -0.015015505141178368,
  "running_days": 888
}