{
  "timestamp": 1681776000,
  "pps": 0.5525,
  "pnl_rate": -0.4475,
  "last_day_pnl_rate": -0.01917273211432635,
  "last_1m_pnl_rate": -0.08738024446646854,
  "last_3m_pnl_rate": -0.13019521410579343,
  "last_6m_pnl_rate": -0.16439806412583186,
  "last_12m_pnl_rate": -0.3786549707602339,
  "running_days": 657
}