{
  "timestamp": 1646352000,
  "pps": 0.9557,
  "pnl_rate": -0.044300000000000006,
  "last_day_pnl_rate": -0.00010462439840969763,
  "last_1m_pnl_rate": -0.15596573346286327,
  "last_3m_pnl_rate": -0.2443267177986874,
  "last_6m_pnl_rate": -0.21146864686468644,
  "last_12m_pnl_rate": -0.044300000000000006,
  "running_days": 247
}