{
  "timestamp": 1637712000,
  "pps": 1.2658,
  "pnl_rate": 0.26580000000000004,
  "last_day_pnl_rate": -7.899518129393237e-05,
  "last_1m_pnl_rate": 0.1338230025080616,
  "last_3m_pnl_rate": 0.0514162305839356,
  "last_6m_pnl_rate": 0.26580000000000004,
  "last_12m_pnl_rate": 0.26580000000000004,
  "running_days": 147
}