{
  "timestamp": 1715040000,
  "pps": 0.8411,
  "pnl_rate": -0.15890000000000004,
  "last_day_pnl_rate": -0.016717325227963632,
  "last_1m_pnl_rate": -0.0972416013738328,
  "last_3m_pnl_rate": 0.36719765929778936,
  "last_6m_pnl_rate": 0.6344733773804898,
  "last_12m_pnl_rate": 0.7592553859025307,
  "running_days": 1038
}