{
  "timestamp": 1638489600,
  "pps": 1.2661,
  "pnl_rate": 0.2661,
  "last_day_pnl_rate": -0.0003947576188219998,
  "last_1m_pnl_rate": -0.037113088447790675,
  "last_3m_pnl_rate": 0.05262720319255064,
  "last_6m_pnl_rate": 0.2661,
  "last_12m_pnl_rate": 0.2661,
  "running_days": 156
}