{
  "timestamp": 1723593600,
  "pps": 0.7858,
  "pnl_rate": -0.21419999999999995,
  "last_day_pnl_rate": 0.011976819059884207,
  "last_1m_pnl_rate": -0.12004479283314665,
  "last_3m_pnl_rate": -0.07465850211964191,
  "last_6m_pnl_rate": 0.09336301655767365,
  "last_12m_pnl_rate": 0.7323633156966491,
  "running_days": 1137
}