{
  "timestamp": 1734825600,
  "pps": 1.1727,
  "pnl_rate": 0.17270000000000008,
  "last_day_pnl_rate": -0.01370899915895709,
  "last_1m_pnl_rate": -0.011130786744244775,
  "last_3m_pnl_rate": 0.4556852035749753,
  "last_6m_pnl_rate": 0.36582809224318663,
  "last_12m_pnl_rate": 0.9725820016820859,
  "running_days": 1267
}