{
  "timestamp": 1659312000,
  "pps": 0.8483,
  "pnl_rate": -0.15169999999999995,
  "last_day_pnl_rate": -0.007604117922320953,
  "last_1m_pnl_rate": -0.009226816164447451,
  "last_3m_pnl_rate": -0.04599640125955908,
  "last_6m_pnl_rate": -0.25081692131060673,
  "last_12m_pnl_rate": -0.23189061934081853,
  "running_days": 397
}