{
  "timestamp": 1629849600,
  "pps": 1.2065,
  "pnl_rate": 0.2064999999999999,
  "last_day_pnl_rate": -0.038185586734693924,
  "last_1m_pnl_rate": 0.18133751101537235,
  "last_3m_pnl_rate": 0.2064999999999999,
  "last_6m_pnl_rate": 0.2064999999999999,
  "last_12m_pnl_rate": 0.2064999999999999,
  "running_days": 56
}