{
  "timestamp": 1637539200,
  "pps": 1.2611,
  "pnl_rate": 0.2611000000000001,
  "last_day_pnl_rate": -0.0007923302432452974,
  "last_1m_pnl_rate": 0.1459336665152204,
  "last_3m_pnl_rate": 0.04525486945710751,
  "last_6m_pnl_rate": 0.2611000000000001,
  "last_12m_pnl_rate": 0.2611000000000001,
  "running_days": 145
}