{
  "timestamp": 1718841600,
  "pps": 0.9019,
  "pnl_rate": -0.09809999999999997,
  "last_day_pnl_rate": 0.0056868867082961565,
  "last_1m_pnl_rate": -0.06905450041288187,
  "last_3m_pnl_rate": 0.03511993572822228,
  "last_6m_pnl_rate": 0.5309794601935157,
  "last_12m_pnl_rate": 0.8872148985143337,
  "running_days": 1082
}