{
  "timestamp": 1672099200,
  "pps": 0.5413,
  "pnl_rate": -0.4587,
  "last_day_pnl_rate": -0.0003693444136657026,
  "last_1m_pnl_rate": -0.1392908252504373,
  "last_3m_pnl_rate": -0.2394267247435717,
  "last_6m_pnl_rate": -0.367787900023359,
  "last_12m_pnl_rate": -0.5743492962176614,
  "running_days": 545
}