{
  "timestamp": 1678147200,
  "pps": 0.5578,
  "pnl_rate": -0.44220000000000004,
  "last_day_pnl_rate": -0.000537538075613829,
  "last_1m_pnl_rate": -0.13999383287079864,
  "last_3m_pnl_rate": -0.08736910994764399,
  "last_6m_pnl_rate": -0.26960848500720186,
  "last_12m_pnl_rate": -0.41419869775257306,
  "running_days": 615
}