{
  "timestamp": 1666051200,
  "pps": 0.6919,
  "pnl_rate": -0.30810000000000004,
  "last_day_pnl_rate": 0.001157574880624963,
  "last_1m_pnl_rate": -0.021496252298119068,
  "last_3m_pnl_rate": -0.19076023391812869,
  "last_6m_pnl_rate": -0.22188484030589298,
  "last_12m_pnl_rate": -0.37128577919127675,
  "running_days": 475
}