{
  "timestamp": 1638403200,
  "pps": 1.2666,
  "pnl_rate": 0.26659999999999995,
  "last_day_pnl_rate": 0.0023741690408356215,
  "last_1m_pnl_rate": -0.02389025893958087,
  "last_3m_pnl_rate": 0.0492047713717693,
  "last_6m_pnl_rate": 0.26659999999999995,
  "last_12m_pnl_rate": 0.26659999999999995,
  "running_days": 155
}