{
  "timestamp": 1681603200,
  "pps": 0.5545,
  "pnl_rate": -0.4455,
  "last_day_pnl_rate": 0.0018066847335140035,
  "last_1m_pnl_rate": -0.08978988837820087,
  "last_3m_pnl_rate": -0.1721409375933114,
  "last_6m_pnl_rate": -0.1990466560739564,
  "last_12m_pnl_rate": -0.3764057579847054,
  "running_days": 655
}