{
  "timestamp": 1694736000,
  "pps": 0.4507,
  "pnl_rate": -0.5493,
  "last_day_pnl_rate": 0.005353557885344665,
  "last_1m_pnl_rate": -0.03655408294142797,
  "last_3m_pnl_rate": -0.057310186153524435,
  "last_6m_pnl_rate": -0.24252100840336133,
  "last_12m_pnl_rate": -0.3634180790960452,
  "running_days": 806
}