{
  "timestamp": 1726185600,
  "pps": 0.7333,
  "pnl_rate": -0.26670000000000005,
  "last_day_pnl_rate": 0.012425790418334802,
  "last_1m_pnl_rate": -0.04268929503916457,
  "last_3m_pnl_rate": -0.19735113835376536,
  "last_6m_pnl_rate": -0.22005956179536276,
  "last_12m_pnl_rate": 0.6252216312056736,
  "running_days": 1167
}