{
  "timestamp": 1665619200,
  "pps": 0.6892,
  "pnl_rate": -0.31079999999999997,
  "last_day_pnl_rate": -0.0010146398028698695,
  "last_1m_pnl_rate": -0.022272662789048003,
  "last_3m_pnl_rate": -0.19420086519349927,
  "last_6m_pnl_rate": -0.22492127755285646,
  "last_12m_pnl_rate": -0.33673371186603784,
  "running_days": 470
}