{
  "timestamp": 1725926400,
  "pps": 0.7233,
  "pnl_rate": -0.27669999999999995,
  "last_day_pnl_rate": 0.035949584646233185,
  "last_1m_pnl_rate": -0.04287415641127429,
  "last_3m_pnl_rate": -0.22342709899076654,
  "last_6m_pnl_rate": -0.2691724765080327,
  "last_12m_pnl_rate": 0.6134285076957396,
  "running_days": 1164
}