{
  "timestamp": 1639958400,
  "pps": 1.2575,
  "pnl_rate": 0.25750000000000006,
  "last_day_pnl_rate": -0.000635778431216651,
  "last_1m_pnl_rate": -0.00364471911892872,
  "last_3m_pnl_rate": 0.17655314371257494,
  "last_6m_pnl_rate": 0.25750000000000006,
  "last_12m_pnl_rate": 0.25750000000000006,
  "running_days": 173
}