{
  "timestamp": 1663027200,
  "pps": 0.7655,
  "pnl_rate": -0.23450000000000004,
  "last_day_pnl_rate": 0.0039344262295082,
  "last_1m_pnl_rate": -0.06680482750213344,
  "last_3m_pnl_rate": -0.10593319317916375,
  "last_6m_pnl_rate": -0.19632545931758535,
  "last_12m_pnl_rate": -0.31394515146083524,
  "running_days": 440
}