{
  "timestamp": 1727222400,
  "pps": 0.8145,
  "pnl_rate": -0.1855,
  "last_day_pnl_rate": 0.01104766633565047,
  "last_1m_pnl_rate": 0.01293371471210044,
  "last_3m_pnl_rate": -0.055761650823093006,
  "last_6m_pnl_rate": -0.13452343002868988,
  "last_12m_pnl_rate": 0.7924735915492956,
  "running_days": 1179
}