{
  "timestamp": 1711238400,
  "pps": 0.8724,
  "pnl_rate": -0.12760000000000005,
  "last_day_pnl_rate": 0.0012624813497073223,
  "last_1m_pnl_rate": 0.2169061235876691,
  "last_3m_pnl_rate": 0.4472461844724618,
  "last_6m_pnl_rate": 0.9425517702070807,
  "last_12m_pnl_rate": 0.5879140880961048,
  "running_days": 994
}