{
  "timestamp": 1664668800,
  "pps": 0.7103,
  "pnl_rate": -0.28969999999999996,
  "last_day_pnl_rate": -0.0015462468372223642,
  "last_1m_pnl_rate": -0.06992274453319366,
  "last_3m_pnl_rate": -0.1702102803738317,
  "last_6m_pnl_rate": -0.267354306343476,
  "last_12m_pnl_rate": -0.3115913936809459,
  "running_days": 459
}