{
  "timestamp": 1661558400,
  "pps": 0.7638,
  "pnl_rate": -0.23619999999999997,
  "last_day_pnl_rate": -0.002872062663185352,
  "last_1m_pnl_rate": -0.10656217101415366,
  "last_3m_pnl_rate": -0.10760602874167538,
  "last_6m_pnl_rate": -0.2007115948095437,
  "last_12m_pnl_rate": -0.36249061013271006,
  "running_days": 423
}