{
  "timestamp": 1636848000,
  "pps": 1.3684,
  "pnl_rate": 0.36840000000000006,
  "last_day_pnl_rate": 0.00551105885810865,
  "last_1m_pnl_rate": 0.30822179732313576,
  "last_3m_pnl_rate": 0.10194878402319217,
  "last_6m_pnl_rate": 0.36840000000000006,
  "last_12m_pnl_rate": 0.36840000000000006,
  "running_days": 137
}