{
  "timestamp": 1696550400,
  "pps": 0.454,
  "pnl_rate": -0.546,
  "last_day_pnl_rate": -0.008083897749617612,
  "last_1m_pnl_rate": 0.014071923162832315,
  "last_3m_pnl_rate": -0.04481380180938352,
  "last_6m_pnl_rate": -0.18315940985966167,
  "last_12m_pnl_rate": -0.3427909669947886,
  "running_days": 827
}