{
  "timestamp": 1719273600,
  "pps": 0.8414,
  "pnl_rate": -0.15859999999999996,
  "last_day_pnl_rate": -0.03674871207784776,
  "last_1m_pnl_rate": -0.12116147900564027,
  "last_3m_pnl_rate": -0.10174015159602855,
  "last_6m_pnl_rate": 0.41530698065601346,
  "last_12m_pnl_rate": 0.7669046619067619,
  "running_days": 1087
}