{
  "timestamp": 1722556800,
  "pps": 0.8734,
  "pnl_rate": -0.12660000000000005,
  "last_day_pnl_rate": 0.004485336400229906,
  "last_1m_pnl_rate": 0.044611888530080135,
  "last_3m_pnl_rate": 0.024516129032257968,
  "last_6m_pnl_rate": 0.48765116675183107,
  "last_12m_pnl_rate": 0.8567176870748299,
  "running_days": 1125
}