{
  "timestamp": 1686873600,
  "pps": 0.4781,
  "pnl_rate": -0.5219,
  "last_day_pnl_rate": 0.0,
  "last_1m_pnl_rate": 0.0,
  "last_3m_pnl_rate": -0.21520026263952716,
  "last_6m_pnl_rate": -0.1169190986331732,
  "last_12m_pnl_rate": -0.4415372035977105,
  "running_days": 715
}