{
  "timestamp": 1698710400,
  "pps": 0.5063,
  "pnl_rate": -0.4937,
  "last_day_pnl_rate": 0.0005928853754940058,
  "last_1m_pnl_rate": 0.09281243254910422,
  "last_3m_pnl_rate": 0.07517519643236353,
  "last_6m_pnl_rate": 0.05633215105361979,
  "last_12m_pnl_rate": -0.32735485585226526,
  "running_days": 852
}