{
  "timestamp": 1670803200,
  "pps": 0.611,
  "pnl_rate": -0.389,
  "last_day_pnl_rate": -0.002774604210869977,
  "last_1m_pnl_rate": -0.029696680959186993,
  "last_3m_pnl_rate": -0.13321038445169525,
  "last_6m_pnl_rate": -0.28638168652184065,
  "last_12m_pnl_rate": -0.5144242231582293,
  "running_days": 530
}