{
  "timestamp": 1673308800,
  "pps": 0.5767,
  "pnl_rate": -0.4233,
  "last_day_pnl_rate": 0.029270033910405086,
  "last_1m_pnl_rate": -0.056137479541734855,
  "last_3m_pnl_rate": -0.1632327336041788,
  "last_6m_pnl_rate": -0.326048848895641,
  "last_12m_pnl_rate": -0.49663960897268045,
  "running_days": 559
}