{
  "timestamp": 1689292800,
  "pps": 0.4837,
  "pnl_rate": -0.5163,
  "last_day_pnl_rate": 0.01660361496427074,
  "last_1m_pnl_rate": 0.011713030746705697,
  "last_3m_pnl_rate": -0.12610659439927727,
  "last_6m_pnl_rate": -0.2709871891484551,
  "last_12m_pnl_rate": -0.434401309635173,
  "running_days": 743
}