{
  "timestamp": 1722816000,
  "pps": 0.7627,
  "pnl_rate": -0.23729999999999996,
  "last_day_pnl_rate": -0.05172199428074098,
  "last_1m_pnl_rate": -0.04339646306283703,
  "last_3m_pnl_rate": -0.08041958041958039,
  "last_6m_pnl_rate": 0.23975942782834864,
  "last_12m_pnl_rate": 0.6097509497678346,
  "running_days": 1128
}