{
  "timestamp": 1640736000,
  "pps": 1.1277,
  "pnl_rate": 0.12769999999999992,
  "last_day_pnl_rate": -0.0871782418649831,
  "last_1m_pnl_rate": -0.10903057596586878,
  "last_3m_pnl_rate": 0.058773824054079424,
  "last_6m_pnl_rate": 0.12769999999999992,
  "last_12m_pnl_rate": 0.12769999999999992,
  "running_days": 182
}