{
  "timestamp": 1644278400,
  "pps": 1.1324,
  "pnl_rate": 0.13240000000000007,
  "last_day_pnl_rate": 0.0,
  "last_1m_pnl_rate": -0.01143605412483622,
  "last_3m_pnl_rate": -0.15404153593306436,
  "last_6m_pnl_rate": -0.00035310734463272944,
  "last_12m_pnl_rate": 0.13240000000000007,
  "running_days": 223
}