{
  "timestamp": 1677283200,
  "pps": 0.5655,
  "pnl_rate": -0.4345,
  "last_day_pnl_rate": -0.05418966382338181,
  "last_1m_pnl_rate": -0.12501934086337613,
  "last_3m_pnl_rate": -0.10081093973604709,
  "last_6m_pnl_rate": -0.25952599188162895,
  "last_12m_pnl_rate": -0.4083490269930948,
  "running_days": 605
}