{
  "timestamp": 1724371200,
  "pps": 0.7768,
  "pnl_rate": -0.22319999999999995,
  "last_day_pnl_rate": -0.010319785959994898,
  "last_1m_pnl_rate": -0.12255732520049693,
  "last_3m_pnl_rate": -0.1888053467000835,
  "last_6m_pnl_rate": 0.04591355863740409,
  "last_12m_pnl_rate": 0.728142380422692,
  "running_days": 1146
}