{
  "timestamp": 1728604800,
  "pps": 0.7552,
  "pnl_rate": -0.24480000000000002,
  "last_day_pnl_rate": -0.0018503832936823522,
  "last_1m_pnl_rate": 0.0426618804362832,
  "last_3m_pnl_rate": -0.07405590975968614,
  "last_6m_pnl_rate": -0.13374627208075252,
  "last_12m_pnl_rate": 0.6857142857142856,
  "running_days": 1195
}