{
  "timestamp": 1727395200,
  "pps": 0.8206,
  "pnl_rate": -0.1794,
  "last_day_pnl_rate": 0.02844968041107901,
  "last_1m_pnl_rate": 0.08501917228612987,
  "last_3m_pnl_rate": -0.03436102612379384,
  "last_6m_pnl_rate": -0.15034168564920272,
  "last_12m_pnl_rate": 0.8031201933640958,
  "running_days": 1181
}