{
  "timestamp": 1675814400,
  "pps": 0.6753,
  "pnl_rate": -0.3247,
  "last_day_pnl_rate": 0.050069973565541916,
  "last_1m_pnl_rate": 0.17097277614010756,
  "last_3m_pnl_rate": 0.07224515719275958,
  "last_6m_pnl_rate": -0.18323657474600868,
  "last_12m_pnl_rate": -0.3637048902289644,
  "running_days": 588
}