{
  "timestamp": 1649376000,
  "pps": 0.9205,
  "pnl_rate": -0.07950000000000002,
  "last_day_pnl_rate": 0.018815716657443294,
  "last_1m_pnl_rate": -0.03359580052493441,
  "last_3m_pnl_rate": -0.19599965062450872,
  "last_6m_pnl_rate": -0.10256410256410263,
  "last_12m_pnl_rate": -0.07950000000000002,
  "running_days": 282
}