{
  "timestamp": 1678924800,
  "pps": 0.5528,
  "pnl_rate": -0.44720000000000004,
  "last_day_pnl_rate": -0.009673951988534702,
  "last_1m_pnl_rate": -0.07450192533065476,
  "last_3m_pnl_rate": 0.017298490982701444,
  "last_6m_pnl_rate": -0.2190987427602769,
  "last_12m_pnl_rate": -0.41920571548644675,
  "running_days": 624
}