{
  "timestamp": 1625443200,
  "pps": 1.001,
  "pnl_rate": 0.0009999999999998899,
  "last_day_pnl_rate": 0.0003997601439136078,
  "last_1m_pnl_rate": 0.0009999999999998899,
  "last_3m_pnl_rate": 0.0009999999999998899,
  "last_6m_pnl_rate": 0.0009999999999998899,
  "last_12m_pnl_rate": 0.0009999999999998899,
  "running_days": 5
}