{
  "timestamp": 1660867200,
  "pps": 0.7722,
  "pnl_rate": -0.2278,
  "last_day_pnl_rate": -0.028923541247484936,
  "last_1m_pnl_rate": -0.09684210526315788,
  "last_3m_pnl_rate": -0.0981079187105816,
  "last_6m_pnl_rate": -0.19937791601866253,
  "last_12m_pnl_rate": -0.35996684624948194,
  "running_days": 415
}