{
  "timestamp": 1722124800,
  "pps": 0.8999,
  "pnl_rate": -0.10009999999999997,
  "last_day_pnl_rate": -0.0031018056940289285,
  "last_1m_pnl_rate": 0.0650964611196592,
  "last_3m_pnl_rate": 0.04493729679516961,
  "last_6m_pnl_rate": 0.5488812392426852,
  "last_12m_pnl_rate": 0.907376006782535,
  "running_days": 1120
}