{
  "timestamp": 1637193600,
  "pps": 1.2649,
  "pnl_rate": 0.2648999999999999,
  "last_day_pnl_rate": 0.0005537098560353765,
  "last_1m_pnl_rate": 0.20466666666666652,
  "last_3m_pnl_rate": 0.010868696555582062,
  "last_6m_pnl_rate": 0.2648999999999999,
  "last_12m_pnl_rate": 0.2648999999999999,
  "running_days": 141
}