{
  "timestamp": 1712620800,
  "pps": 0.9736,
  "pnl_rate": -0.02639999999999998,
  "last_day_pnl_rate": 0.04497155736825163,
  "last_1m_pnl_rate": 0.007867494824016616,
  "last_3m_pnl_rate": 0.6418212478920743,
  "last_6m_pnl_rate": 1.148278905560459,
  "last_12m_pnl_rate": 0.8170959313176557,
  "running_days": 1010
}