{
  "timestamp": 1667347200,
  "pps": 0.7056,
  "pnl_rate": -0.2944,
  "last_day_pnl_rate": -0.012594458438287165,
  "last_1m_pnl_rate": -0.005496828752642726,
  "last_3m_pnl_rate": -0.1449345613184683,
  "last_6m_pnl_rate": -0.20647773279352225,
  "last_12m_pnl_rate": -0.4809856564913571,
  "running_days": 490
}