{
  "timestamp": 1696636800,
  "pps": 0.4584,
  "pnl_rate": -0.5416000000000001,
  "last_day_pnl_rate": 0.009691629955947047,
  "last_1m_pnl_rate": 0.017536071032186375,
  "last_3m_pnl_rate": -0.034744156664560995,
  "last_6m_pnl_rate": -0.17211486364457287,
  "last_12m_pnl_rate": -0.3355558776634295,
  "running_days": 828
}