{
  "timestamp": 1698796800,
  "pps": 0.5076,
  "pnl_rate": -0.49239999999999995,
  "last_day_pnl_rate": 0.002567647639739441,
  "last_1m_pnl_rate": 0.10999343975508434,
  "last_3m_pnl_rate": 0.07839388145315497,
  "last_6m_pnl_rate": 0.05882352941176483,
  "last_12m_pnl_rate": -0.3236508994003996,
  "running_days": 853
}