{
  "timestamp": 1690329600,
  "pps": 0.4718,
  "pnl_rate": -0.5282,
  "last_day_pnl_rate": 0.0008485362749257775,
  "last_1m_pnl_rate": -0.01131601005867564,
  "last_3m_pnl_rate": -0.017288064986461214,
  "last_6m_pnl_rate": -0.26999845273092987,
  "last_12m_pnl_rate": -0.4480580252690688,
  "running_days": 755
}