{
  "timestamp": 1679270400,
  "pps": 0.6054,
  "pnl_rate": -0.39459999999999995,
  "last_day_pnl_rate": 0.017478991596638783,
  "last_1m_pnl_rate": -0.010299166257969547,
  "last_3m_pnl_rate": 0.1186252771618626,
  "last_6m_pnl_rate": -0.1446736366205142,
  "last_12m_pnl_rate": -0.3684539954099728,
  "running_days": 628
}