{
  "timestamp": 1711756800,
  "pps": 0.9411,
  "pnl_rate": -0.05889999999999995,
  "last_day_pnl_rate": -0.01352201257861626,
  "last_1m_pnl_rate": 0.11018048838032327,
  "last_3m_pnl_rate": 0.5899645210339586,
  "last_6m_pnl_rate": 1.070171579410471,
  "last_12m_pnl_rate": 0.6972046889089271,
  "running_days": 1000
}