{
  "timestamp": 1648425600,
  "pps": 1.0058,
  "pnl_rate": 0.005800000000000027,
  "last_day_pnl_rate": 0.03883495145631076,
  "last_1m_pnl_rate": 0.05264259549973837,
  "last_3m_pnl_rate": -0.10809612485590131,
  "last_6m_pnl_rate": -0.06697588126159558,
  "last_12m_pnl_rate": 0.005800000000000027,
  "running_days": 271
}