{
  "timestamp": 1635120000,
  "pps": 1.0858,
  "pnl_rate": 0.0858000000000001,
  "last_day_pnl_rate": -0.01335756474329844,
  "last_1m_pnl_rate": 0.007796547243363826,
  "last_3m_pnl_rate": 0.03795048274543549,
  "last_6m_pnl_rate": 0.0858000000000001,
  "last_12m_pnl_rate": 0.0858000000000001,
  "running_days": 117
}