{
  "timestamp": 1735516800,
  "pps": 1.1422,
  "pnl_rate": 0.1422000000000001,
  "last_day_pnl_rate": -0.015684246811444324,
  "last_1m_pnl_rate": -0.04586083033998826,
  "last_3m_pnl_rate": 0.4932670937377436,
  "last_6m_pnl_rate": 0.3661045329506042,
  "last_12m_pnl_rate": 0.8593521080905098,
  "running_days": 1275
}