{
  "timestamp": 1724112000,
  "pps": 0.7695,
  "pnl_rate": -0.23050000000000004,
  "last_day_pnl_rate": 0.014769879994725028,
  "last_1m_pnl_rate": -0.1711546747091771,
  "last_3m_pnl_rate": -0.19491525423728817,
  "last_6m_pnl_rate": 0.059625447535114305,
  "last_12m_pnl_rate": 0.6990505630381981,
  "running_days": 1143
}