{
  "timestamp": 1710979200,
  "pps": 0.9237,
  "pnl_rate": -0.07630000000000003,
  "last_day_pnl_rate": 0.10003572704537331,
  "last_1m_pnl_rate": 0.25010150223304906,
  "last_3m_pnl_rate": 0.6081128133704734,
  "last_6m_pnl_rate": 1.0386228205694106,
  "last_12m_pnl_rate": 0.6191060473269061,
  "running_days": 991
}