{
  "timestamp": 1680998400,
  "pps": 0.5558,
  "pnl_rate": -0.44420000000000004,
  "last_day_pnl_rate": -0.009269162210338846,
  "last_1m_pnl_rate": -0.003049327354260152,
  "last_3m_pnl_rate": -0.036240679729495455,
  "last_6m_pnl_rate": -0.19437599652123497,
  "last_12m_pnl_rate": -0.37487346755145656,
  "running_days": 648
}