{
  "timestamp": 1675900800,
  "pps": 0.6589,
  "pnl_rate": -0.34109999999999996,
  "last_day_pnl_rate": -0.02428550273952313,
  "last_1m_pnl_rate": 0.13193609345473303,
  "last_3m_pnl_rate": 0.0460390538180664,
  "last_6m_pnl_rate": -0.20268635043562436,
  "last_12m_pnl_rate": -0.38183694530443757,
  "running_days": 589
}