{
  "timestamp": 1699747200,
  "pps": 0.5374,
  "pnl_rate": -0.4626,
  "last_day_pnl_rate": -0.004446091144868392,
  "last_1m_pnl_rate": 0.19982138870283536,
  "last_3m_pnl_rate": 0.13831815293370042,
  "last_6m_pnl_rate": 0.12403262915708002,
  "last_12m_pnl_rate": -0.15062430851904543,
  "running_days": 864
}