{
  "timestamp": 1727654400,
  "pps": 0.8269,
  "pnl_rate": -0.17310000000000003,
  "last_day_pnl_rate": -0.0046942705825710335,
  "last_1m_pnl_rate": 0.09610286320254509,
  "last_3m_pnl_rate": -0.04282903113786322,
  "last_6m_pnl_rate": -0.06922557406573615,
  "last_12m_pnl_rate": 0.8113910186199341,
  "running_days": 1184
}