{
  "timestamp": 1670630400,
  "pps": 0.6126,
  "pnl_rate": -0.38739999999999997,
  "last_day_pnl_rate": 0.00016326530612243098,
  "last_1m_pnl_rate": -0.027310257224515706,
  "last_3m_pnl_rate": -0.19659016393442613,
  "last_6m_pnl_rate": -0.2845129642606867,
  "last_12m_pnl_rate": -0.5133847009293827,
  "running_days": 528
}