{
  "timestamp": 1629763200,
  "pps": 1.2544,
  "pnl_rate": 0.25439999999999996,
  "last_day_pnl_rate": 0.0041626641050271146,
  "last_1m_pnl_rate": 0.25214613695348365,
  "last_3m_pnl_rate": 0.25439999999999996,
  "last_6m_pnl_rate": 0.25439999999999996,
  "last_12m_pnl_rate": 0.25439999999999996,
  "running_days": 55
}