{
  "timestamp": 1731283200,
  "pps": 1.0067,
  "pnl_rate": 0.006699999999999928,
  "last_day_pnl_rate": 0.03976451146457342,
  "last_1m_pnl_rate": 0.27575719173742225,
  "last_3m_pnl_rate": 0.2811147874777295,
  "last_6m_pnl_rate": 0.16287397481806618,
  "last_12m_pnl_rate": 0.9270673813169984,
  "running_days": 1226
}