{
  "timestamp": 1631059200,
  "pps": 1.111,
  "pnl_rate": 0.11099999999999999,
  "last_day_pnl_rate": -0.08829804693911039,
  "last_1m_pnl_rate": -0.07532251352476074,
  "last_3m_pnl_rate": 0.11099999999999999,
  "last_6m_pnl_rate": 0.11099999999999999,
  "last_12m_pnl_rate": 0.11099999999999999,
  "running_days": 70
}