{
  "timestamp": 1662508800,
  "pps": 0.7637,
  "pnl_rate": -0.23629999999999995,
  "last_day_pnl_rate": 0.0,
  "last_1m_pnl_rate": -0.09385382059800658,
  "last_3m_pnl_rate": -0.10761860247721425,
  "last_6m_pnl_rate": -0.19770984347095275,
  "last_12m_pnl_rate": -0.31036662452591646,
  "running_days": 434
}