{
  "timestamp": 1713398400,
  "pps": 0.8173,
  "pnl_rate": -0.18269999999999997,
  "last_day_pnl_rate": -0.03654367558646708,
  "last_1m_pnl_rate": -0.026676193878766196,
  "last_3m_pnl_rate": 0.3209956360109908,
  "last_6m_pnl_rate": 0.7903614457831325,
  "last_12m_pnl_rate": 0.6799588900308325,
  "running_days": 1019
}