{
  "timestamp": 1658275200,
  "pps": 0.855,
  "pnl_rate": -0.14500000000000002,
  "last_day_pnl_rate": -0.0002338634237604981,
  "last_1m_pnl_rate": -0.00128489662422613,
  "last_3m_pnl_rate": -0.03846153846153847,
  "last_6m_pnl_rate": -0.2448997615472932,
  "last_12m_pnl_rate": -0.14653623477740071,
  "running_days": 385
}