{
  "timestamp": 1729382400,
  "pps": 0.851,
  "pnl_rate": -0.14900000000000002,
  "last_day_pnl_rate": 0.00011752262310493476,
  "last_1m_pnl_rate": 0.06815614409438937,
  "last_3m_pnl_rate": -0.06892778993435454,
  "last_6m_pnl_rate": -0.03754806604840535,
  "last_12m_pnl_rate": 0.7171105730427765,
  "running_days": 1204
}