{
  "timestamp": 1670198400,
  "pps": 0.6264,
  "pnl_rate": -0.37360000000000004,
  "last_day_pnl_rate": 0.0,
  "last_1m_pnl_rate": -0.1653564290473018,
  "last_3m_pnl_rate": -0.17978263716118906,
  "last_6m_pnl_rate": -0.2679677457052706,
  "last_12m_pnl_rate": -0.503684335631091,
  "running_days": 523
}