{
  "timestamp": 1712361600,
  "pps": 0.9057,
  "pnl_rate": -0.09430000000000005,
  "last_day_pnl_rate": -0.007560815253122965,
  "last_1m_pnl_rate": -0.042600422832980975,
  "last_3m_pnl_rate": 0.5107589658048372,
  "last_6m_pnl_rate": 0.9757853403141361,
  "last_12m_pnl_rate": 0.629543001079525,
  "running_days": 1007
}