{
  "timestamp": 1649289600,
  "pps": 0.9035,
  "pnl_rate": -0.09650000000000003,
  "last_day_pnl_rate": -0.0680763280041259,
  "last_1m_pnl_rate": -0.050646212041609774,
  "last_3m_pnl_rate": -0.21263616557734205,
  "last_6m_pnl_rate": -0.12510893773603174,
  "last_12m_pnl_rate": -0.09650000000000003,
  "running_days": 281
}