{
  "timestamp": 1669248000,
  "pps": 0.6302,
  "pnl_rate": -0.3698,
  "last_day_pnl_rate": 0.0012710517953606975,
  "last_1m_pnl_rate": -0.052473312283867146,
  "last_3m_pnl_rate": -0.17491489918826925,
  "last_6m_pnl_rate": -0.26378504672897196,
  "last_12m_pnl_rate": -0.5020937030891996,
  "running_days": 512
}