{
  "timestamp": 1662336000,
  "pps": 0.7303,
  "pnl_rate": -0.26970000000000005,
  "last_day_pnl_rate": 0.0,
  "last_1m_pnl_rate": -0.11585956416464893,
  "last_3m_pnl_rate": -0.14644693782141197,
  "last_6m_pnl_rate": -0.2332808398950132,
  "last_12m_pnl_rate": -0.33451795152177877,
  "running_days": 432
}