{
  "timestamp": 1631318400,
  "pps": 1.0974,
  "pnl_rate": 0.09739999999999993,
  "last_day_pnl_rate": -0.010905813429472735,
  "last_1m_pnl_rate": -0.03125000000000008,
  "last_3m_pnl_rate": 0.09739999999999993,
  "last_6m_pnl_rate": 0.09739999999999993,
  "last_12m_pnl_rate": 0.09739999999999993,
  "running_days": 73
}