{
  "timestamp": 1682812800,
  "pps": 0.4798,
  "pnl_rate": -0.5202,
  "last_day_pnl_rate": -0.0004166666666666208,
  "last_1m_pnl_rate": -0.09964346031150316,
  "last_3m_pnl_rate": -0.26230012300122996,
  "last_6m_pnl_rate": -0.32857542681220264,
  "last_12m_pnl_rate": -0.46041385515069727,
  "running_days": 668
}