{
  "timestamp": 1698883200,
  "pps": 0.5143,
  "pnl_rate": -0.4857,
  "last_day_pnl_rate": 0.013199369582348163,
  "last_1m_pnl_rate": 0.12661555312157713,
  "last_3m_pnl_rate": 0.09355730384860723,
  "last_6m_pnl_rate": 0.0739193986218417,
  "last_12m_pnl_rate": -0.2906206896551724,
  "running_days": 854
}