{
  "timestamp": 1643932800,
  "pps": 1.1323,
  "pnl_rate": 0.13230000000000008,
  "last_day_pnl_rate": 0.0,
  "last_1m_pnl_rate": -0.05143670939096917,
  "last_3m_pnl_rate": -0.1429112103550071,
  "last_6m_pnl_rate": -0.03527306807531727,
  "last_12m_pnl_rate": 0.13230000000000008,
  "running_days": 219
}