{
  "timestamp": 1721692800,
  "pps": 0.914,
  "pnl_rate": -0.08599999999999997,
  "last_day_pnl_rate": -0.01551055579491595,
  "last_1m_pnl_rate": 0.046365197481396656,
  "last_3m_pnl_rate": 0.06501980890235386,
  "last_6m_pnl_rate": 0.6263345195729536,
  "last_12m_pnl_rate": 0.9331641285956007,
  "running_days": 1115
}