{
  "timestamp": 1717027200,
  "pps": 0.9445,
  "pnl_rate": -0.055499999999999994,
  "last_day_pnl_rate": -0.014194760463417123,
  "last_1m_pnl_rate": 0.15974950884086442,
  "last_3m_pnl_rate": 0.0891374538745388,
  "last_6m_pnl_rate": 0.7448734527988177,
  "last_12m_pnl_rate": 0.9755281321899183,
  "running_days": 1061
}