{
  "timestamp": 1634428800,
  "pps": 1.0421,
  "pnl_rate": 0.042100000000000026,
  "last_day_pnl_rate": -0.0037284894837476238,
  "last_1m_pnl_rate": -0.0604093409070417,
  "last_3m_pnl_rate": 0.04450235541746015,
  "last_6m_pnl_rate": 0.042100000000000026,
  "last_12m_pnl_rate": 0.042100000000000026,
  "running_days": 109
}