{
  "timestamp": 1665532800,
  "pps": 0.6899,
  "pnl_rate": -0.31010000000000004,
  "last_day_pnl_rate": -0.001302837290098454,
  "last_1m_pnl_rate": -0.09875898105813194,
  "last_3m_pnl_rate": -0.19375949515016952,
  "last_6m_pnl_rate": -0.22413405308142154,
  "last_12m_pnl_rate": -0.33898629874485015,
  "running_days": 469
}