{
  "timestamp": 1714435200,
  "pps": 0.8612,
  "pnl_rate": -0.13880000000000003,
  "last_day_pnl_rate": 0.0029113776639105005,
  "last_1m_pnl_rate": -0.10830399668668464,
  "last_3m_pnl_rate": 0.4855959979299637,
  "last_6m_pnl_rate": 0.7009678056488249,
  "last_12m_pnl_rate": 0.7964121818940342,
  "running_days": 1031
}