{
  "timestamp": 1692835200,
  "pps": 0.4529,
  "pnl_rate": -0.5470999999999999,
  "last_day_pnl_rate": 0.008461367178802106,
  "last_1m_pnl_rate": -0.04005934718100884,
  "last_3m_pnl_rate": -0.05270863836017569,
  "last_6m_pnl_rate": -0.19911582670203357,
  "last_12m_pnl_rate": -0.4069660861594867,
  "running_days": 784
}