{
  "timestamp": 1669593600,
  "pps": 0.6289,
  "pnl_rate": -0.3711,
  "last_day_pnl_rate": -0.00031791448100457475,
  "last_1m_pnl_rate": -0.13398512806389418,
  "last_3m_pnl_rate": -0.17650910043210688,
  "last_6m_pnl_rate": -0.26513204019630754,
  "last_12m_pnl_rate": -0.5029244388239014,
  "running_days": 516
}