{
  "timestamp": 1637798400,
  "pps": 1.2869,
  "pnl_rate": 0.28689999999999993,
  "last_day_pnl_rate": 0.016669300047400772,
  "last_1m_pnl_rate": 0.1815093646713184,
  "last_3m_pnl_rate": 0.06584396223289705,
  "last_6m_pnl_rate": 0.28689999999999993,
  "last_12m_pnl_rate": 0.28689999999999993,
  "running_days": 148
}