{
  "timestamp": 1640649600,
  "pps": 1.2354,
  "pnl_rate": 0.23540000000000005,
  "last_day_pnl_rate": -0.024863840871418314,
  "last_1m_pnl_rate": -0.02632408575031516,
  "last_3m_pnl_rate": 0.1460111317254174,
  "last_6m_pnl_rate": 0.23540000000000005,
  "last_12m_pnl_rate": 0.23540000000000005,
  "running_days": 181
}