{
  "timestamp": 1717372800,
  "pps": 0.9466,
  "pnl_rate": -0.0534,
  "last_day_pnl_rate": -0.0033691303432301332,
  "last_1m_pnl_rate": 0.1103812316715542,
  "last_3m_pnl_rate": 0.06359550561797751,
  "last_6m_pnl_rate": 0.669488536155203,
  "last_12m_pnl_rate": 0.9799205187199329,
  "running_days": 1065
}