{
  "timestamp": 1671494400,
  "pps": 0.5412,
  "pnl_rate": -0.4588,
  "last_day_pnl_rate": 0.0,
  "last_1m_pnl_rate": -0.14231378763866875,
  "last_3m_pnl_rate": -0.2353772252048601,
  "last_6m_pnl_rate": -0.3676092544987146,
  "last_12m_pnl_rate": -0.5723429474516002,
  "running_days": 538
}