{
  "timestamp": 1627171200,
  "pps": 0.9982,
  "pnl_rate": -0.0018000000000000238,
  "last_day_pnl_rate": 0.0005011526510974691,
  "last_1m_pnl_rate": -0.0018000000000000238,
  "last_3m_pnl_rate": -0.0018000000000000238,
  "last_6m_pnl_rate": -0.0018000000000000238,
  "last_12m_pnl_rate": -0.0018000000000000238,
  "running_days": 25
}