{
  "timestamp": 1664064000,
  "pps": 0.7108,
  "pnl_rate": -0.2892,
  "last_day_pnl_rate": -0.0002812939521799972,
  "last_1m_pnl_rate": -0.06938989264205295,
  "last_3m_pnl_rate": -0.1695291506017058,
  "last_6m_pnl_rate": -0.302247963090213,
  "last_12m_pnl_rate": -0.33264482208243357,
  "running_days": 452
}