{
  "timestamp": 1726963200,
  "pps": 0.8027,
  "pnl_rate": -0.19730000000000003,
  "last_day_pnl_rate": 0.007531065645788886,
  "last_1m_pnl_rate": -0.023835583120515702,
  "last_3m_pnl_rate": -0.04599477062039466,
  "last_6m_pnl_rate": -0.1543404972608513,
  "last_12m_pnl_rate": 0.7933422698838248,
  "running_days": 1176
}