{
  "timestamp": 1696118400,
  "pps": 0.4551,
  "pnl_rate": -0.5448999999999999,
  "last_day_pnl_rate": 0.0010998680158381003,
  "last_1m_pnl_rate": 0.01652892561983475,
  "last_3m_pnl_rate": -0.051677432798499665,
  "last_6m_pnl_rate": -0.18615879828326184,
  "last_12m_pnl_rate": -0.3580194667795175,
  "running_days": 822
}