{
  "timestamp": 1666137600,
  "pps": 0.6923,
  "pnl_rate": -0.3077,
  "last_day_pnl_rate": 0.0005781182251771456,
  "last_1m_pnl_rate": -0.022175141242937763,
  "last_3m_pnl_rate": -0.19029239766081865,
  "last_6m_pnl_rate": -0.22143499775078718,
  "last_12m_pnl_rate": -0.36240559955792967,
  "running_days": 476
}