{
  "timestamp": 1668124800,
  "pps": 0.6298,
  "pnl_rate": -0.3702,
  "last_day_pnl_rate": -0.0003174603174602825,
  "last_1m_pnl_rate": -0.08618688334300639,
  "last_3m_pnl_rate": -0.23789932236205227,
  "last_6m_pnl_rate": -0.2642523364485981,
  "last_12m_pnl_rate": -0.5018193323841165,
  "running_days": 499
}