{
  "timestamp": 1674864000,
  "pps": 0.6482,
  "pnl_rate": -0.3518,
  "last_day_pnl_rate": 0.002939811233173469,
  "last_1m_pnl_rate": 0.19815157116451007,
  "last_3m_pnl_rate": -0.08973458783878663,
  "last_6m_pnl_rate": -0.23803926178441284,
  "last_12m_pnl_rate": -0.42753687185374906,
  "running_days": 577
}