{
  "timestamp": 1676332800,
  "pps": 0.5957,
  "pnl_rate": -0.4043,
  "last_day_pnl_rate": -0.0008386447500837722,
  "last_1m_pnl_rate": -0.10930023923444969,
  "last_3m_pnl_rate": -0.058479532163742735,
  "last_6m_pnl_rate": -0.22856772856772856,
  "last_12m_pnl_rate": -0.39331907526224663,
  "running_days": 594
}