{
  "timestamp": 1648512000,
  "pps": 0.9939,
  "pnl_rate": -0.006099999999999994,
  "last_day_pnl_rate": -0.011831378007556195,
  "last_1m_pnl_rate": 0.04018838304552589,
  "last_3m_pnl_rate": -0.11036519871106334,
  "last_6m_pnl_rate": -0.06684818326917655,
  "last_12m_pnl_rate": -0.006099999999999994,
  "running_days": 272
}