{
  "timestamp": 1693008000,
  "pps": 0.45,
  "pnl_rate": -0.55,
  "last_day_pnl_rate": -0.0019960079840319624,
  "last_1m_pnl_rate": -0.04661016949152535,
  "last_3m_pnl_rate": -0.05877431499686261,
  "last_6m_pnl_rate": -0.2011361619030712,
  "last_12m_pnl_rate": -0.41076338876522195,
  "running_days": 786
}