{
  "timestamp": 1661817600,
  "pps": 0.7637,
  "pnl_rate": -0.23629999999999995,
  "last_day_pnl_rate": 0.0,
  "last_1m_pnl_rate": -0.09972886950371332,
  "last_3m_pnl_rate": -0.10761860247721425,
  "last_6m_pnl_rate": -0.20089986397405038,
  "last_12m_pnl_rate": -0.36506484868639844,
  "running_days": 426
}