{
  "timestamp": 1677024000,
  "pps": 0.611,
  "pnl_rate": -0.389,
  "last_day_pnl_rate": -0.031235135563659505,
  "last_1m_pnl_rate": -0.05109489051094897,
  "last_3m_pnl_rate": -0.030312648785907007,
  "last_6m_pnl_rate": -0.20005236973029594,
  "last_12m_pnl_rate": -0.36054421768707484,
  "running_days": 602
}