{
  "timestamp": 1648252800,
  "pps": 0.9586,
  "pnl_rate": -0.04139999999999999,
  "last_day_pnl_rate": -0.006323209287861505,
  "last_1m_pnl_rate": 0.029203349796006015,
  "last_3m_pnl_rate": -0.24334990922724756,
  "last_6m_pnl_rate": -0.1099350046425255,
  "last_12m_pnl_rate": -0.04139999999999999,
  "running_days": 269
}