{
  "timestamp": 1641340800,
  "pps": 1.279,
  "pnl_rate": 0.2789999999999999,
  "last_day_pnl_rate": -0.014182210574996294,
  "last_1m_pnl_rate": 0.011147126255039925,
  "last_3m_pnl_rate": 0.23958131420817974,
  "last_6m_pnl_rate": 0.2789999999999999,
  "last_12m_pnl_rate": 0.2789999999999999,
  "running_days": 189
}