{
  "timestamp": 1637280000,
  "pps": 1.2544,
  "pnl_rate": 0.25439999999999996,
  "last_day_pnl_rate": -0.008301051466519056,
  "last_1m_pnl_rate": 0.14494341000365102,
  "last_3m_pnl_rate": 0.00585358030631053,
  "last_6m_pnl_rate": 0.25439999999999996,
  "last_12m_pnl_rate": 0.25439999999999996,
  "running_days": 142
}