{
  "timestamp": 1719100800,
  "pps": 0.8897,
  "pnl_rate": -0.11029999999999995,
  "last_day_pnl_rate": -0.001010554682236583,
  "last_1m_pnl_rate": -0.06278310333930262,
  "last_3m_pnl_rate": -0.06209150326797381,
  "last_6m_pnl_rate": 0.48580494321977297,
  "last_12m_pnl_rate": 0.8644174350377201,
  "running_days": 1085
}