{
  "timestamp": 1694822400,
  "pps": 0.4518,
  "pnl_rate": -0.5482,
  "last_day_pnl_rate": 0.0024406478810738625,
  "last_1m_pnl_rate": -0.003968253968254021,
  "last_3m_pnl_rate": -0.055009412256850125,
  "last_6m_pnl_rate": -0.2537165510406344,
  "last_12m_pnl_rate": -0.3621346886912326,
  "running_days": 807
}