{
  "timestamp": 1668988800,
  "pps": 0.631,
  "pnl_rate": -0.369,
  "last_day_pnl_rate": -0.006455676271453303,
  "last_1m_pnl_rate": -0.044952323293476544,
  "last_3m_pnl_rate": -0.17806434805262478,
  "last_6m_pnl_rate": -0.2628504672897196,
  "last_12m_pnl_rate": -0.5029539188656952,
  "running_days": 509
}