{
  "timestamp": 1675296000,
  "pps": 0.6523,
  "pnl_rate": -0.3477,
  "last_day_pnl_rate": 0.010065035614741329,
  "last_1m_pnl_rate": 0.2052845528455284,
  "last_3m_pnl_rate": -0.13338647535538734,
  "last_6m_pnl_rate": -0.21029055690072637,
  "last_12m_pnl_rate": -0.42396679618509364,
  "running_days": 582
}