{
  "timestamp": 1711152000,
  "pps": 0.8713,
  "pnl_rate": -0.12870000000000004,
  "last_day_pnl_rate": -0.03242642976124376,
  "last_1m_pnl_rate": 0.19980721564307355,
  "last_3m_pnl_rate": 0.46634129922584994,
  "last_6m_pnl_rate": 0.9401024270763749,
  "last_12m_pnl_rate": 0.590543994158452,
  "running_days": 993
}