{
  "timestamp": 1699228800,
  "pps": 0.5136,
  "pnl_rate": -0.48640000000000005,
  "last_day_pnl_rate": 0.0025375756392738004,
  "last_1m_pnl_rate": 0.12164227997379334,
  "last_3m_pnl_rate": 0.08400168847615017,
  "last_6m_pnl_rate": 0.07425224848358067,
  "last_12m_pnl_rate": -0.18450301683074005,
  "running_days": 858
}