{
  "timestamp": 1634515200,
  "pps": 1.0437,
  "pnl_rate": 0.04370000000000007,
  "last_day_pnl_rate": 0.0015353612897035273,
  "last_1m_pnl_rate": -0.06461731493099107,
  "last_3m_pnl_rate": 0.045791583166332736,
  "last_6m_pnl_rate": 0.04370000000000007,
  "last_12m_pnl_rate": 0.04370000000000007,
  "running_days": 110
}