{
  "timestamp": 1666742400,
  "pps": 0.6651,
  "pnl_rate": -0.3349,
  "last_day_pnl_rate": 0.0063549704947798175,
  "last_1m_pnl_rate": -0.06442537628358412,
  "last_3m_pnl_rate": -0.2220142706749327,
  "last_6m_pnl_rate": -0.25202429149797567,
  "last_12m_pnl_rate": -0.46999760937126456,
  "running_days": 483
}