{
  "timestamp": 1709164800,
  "pps": 0.8631,
  "pnl_rate": -0.13690000000000002,
  "last_day_pnl_rate": 0.07605036778456545,
  "last_1m_pnl_rate": 0.48554216867469885,
  "last_3m_pnl_rate": 0.5912610619469026,
  "last_6m_pnl_rate": 0.8853211009174312,
  "last_12m_pnl_rate": 0.5453894359892569,
  "running_days": 970
}