{
  "timestamp": 1676160000,
  "pps": 0.5959,
  "pnl_rate": -0.4041,
  "last_day_pnl_rate": 0.00302979296414749,
  "last_1m_pnl_rate": -0.05337569499602854,
  "last_3m_pnl_rate": -0.05756761031156095,
  "last_6m_pnl_rate": -0.2672159370388589,
  "last_12m_pnl_rate": -0.407889507154213,
  "running_days": 592
}