{
  "timestamp": 1680739200,
  "pps": 0.5713,
  "pnl_rate": -0.42869999999999997,
  "last_day_pnl_rate": 0.0,
  "last_1m_pnl_rate": 0.024753363228699615,
  "last_3m_pnl_rate": 0.05231165960582055,
  "last_6m_pnl_rate": -0.17549429932169136,
  "last_12m_pnl_rate": -0.35678901148389996,
  "running_days": 645
}