{
  "timestamp": 1680220800,
  "pps": 0.5329,
  "pnl_rate": -0.46709999999999996,
  "last_day_pnl_rate": -0.010950259836673916,
  "last_1m_pnl_rate": -0.04975035663338075,
  "last_3m_pnl_rate": -0.014972273567467644,
  "last_6m_pnl_rate": -0.24911934620262077,
  "last_12m_pnl_rate": -0.45033522434244455,
  "running_days": 639
}