{
  "timestamp": 1675382400,
  "pps": 0.6519,
  "pnl_rate": -0.34809999999999997,
  "last_day_pnl_rate": -0.0006132147784760938,
  "last_1m_pnl_rate": 0.20276752767527673,
  "last_3m_pnl_rate": -0.1313790806129246,
  "last_6m_pnl_rate": -0.21334620489923972,
  "last_12m_pnl_rate": -0.42376027578891534,
  "running_days": 583
}