{
  "timestamp": 1675123200,
  "pps": 0.6399,
  "pnl_rate": -0.3601,
  "last_day_pnl_rate": -0.01614391143911432,
  "last_1m_pnl_rate": 0.1828096118299445,
  "last_3m_pnl_rate": -0.06049038320364119,
  "last_6m_pnl_rate": -0.22455162384876395,
  "last_12m_pnl_rate": -0.434916990462734,
  "running_days": 580
}