{
  "timestamp": 1709683200,
  "pps": 0.89,
  "pnl_rate": -0.10999999999999999,
  "last_day_pnl_rate": -0.05026144488315017,
  "last_1m_pnl_rate": 0.5107791546426754,
  "last_3m_pnl_rate": 0.5218878248974009,
  "last_6m_pnl_rate": 0.9870506809555704,
  "last_12m_pnl_rate": 0.5964125560538117,
  "running_days": 976
}