{
  "timestamp": 1689465600,
  "pps": 0.4778,
  "pnl_rate": -0.5222,
  "last_day_pnl_rate": -0.0006274837900021385,
  "last_1m_pnl_rate": -0.0006274837900021385,
  "last_3m_pnl_rate": -0.1517841292384165,
  "last_6m_pnl_rate": -0.28665273215885334,
  "last_12m_pnl_rate": -0.4411695906432748,
  "running_days": 745
}