{
  "timestamp": 1698278400,
  "pps": 0.5052,
  "pnl_rate": -0.4948,
  "last_day_pnl_rate": 0.007578779417630686,
  "last_1m_pnl_rate": 0.12893854748603345,
  "last_3m_pnl_rate": 0.06852791878172586,
  "last_6m_pnl_rate": 0.05293872446852851,
  "last_12m_pnl_rate": -0.2905490801853672,
  "running_days": 847
}