{
  "timestamp": 1725235200,
  "pps": 0.7313,
  "pnl_rate": -0.26870000000000005,
  "last_day_pnl_rate": -0.030620360551431615,
  "last_1m_pnl_rate": -0.09076215342533889,
  "last_3m_pnl_rate": -0.24979482970865824,
  "last_6m_pnl_rate": -0.21769362430466413,
  "last_12m_pnl_rate": 0.6327305202054028,
  "running_days": 1156
}