{
  "timestamp": 1681257600,
  "pps": 0.5358,
  "pnl_rate": -0.46419999999999995,
  "last_day_pnl_rate": -0.0033482142857141238,
  "last_1m_pnl_rate": -0.039784946236559135,
  "last_3m_pnl_rate": -0.10446264415844893,
  "last_6m_pnl_rate": -0.22246408358728775,
  "last_12m_pnl_rate": -0.39743589743589736,
  "running_days": 651
}