{
  "timestamp": 1670371200,
  "pps": 0.6243,
  "pnl_rate": -0.37570000000000003,
  "last_day_pnl_rate": -0.0025563189007829458,
  "last_1m_pnl_rate": -0.15805799055967643,
  "last_3m_pnl_rate": -0.182532408013618,
  "last_6m_pnl_rate": -0.27067757009345794,
  "last_12m_pnl_rate": -0.5053874187925844,
  "running_days": 525
}