{
  "timestamp": 1724025600,
  "pps": 0.7583,
  "pnl_rate": -0.24170000000000003,
  "last_day_pnl_rate": -0.01275875537039452,
  "last_1m_pnl_rate": -0.1735149863760218,
  "last_3m_pnl_rate": -0.21727910817506196,
  "last_6m_pnl_rate": 0.03762999452654621,
  "last_12m_pnl_rate": 0.6884880872856824,
  "running_days": 1142
}