{
  "timestamp": 1673568000,
  "pps": 0.5983,
  "pnl_rate": -0.40169999999999995,
  "last_day_pnl_rate": 0.020815560484559122,
  "last_1m_pnl_rate": 0.01872978035075772,
  "last_3m_pnl_rate": -0.1321438932404989,
  "last_6m_pnl_rate": -0.30056114098667286,
  "last_12m_pnl_rate": -0.4722589750374878,
  "running_days": 562
}