{
  "timestamp": 1660953600,
  "pps": 0.7669,
  "pnl_rate": -0.23309999999999997,
  "last_day_pnl_rate": -0.006863506863506826,
  "last_1m_pnl_rate": -0.10304093567251457,
  "last_3m_pnl_rate": -0.10408878504672893,
  "last_6m_pnl_rate": -0.20247504159733776,
  "last_12m_pnl_rate": -0.36598875661375657,
  "running_days": 416
}