{
  "timestamp": 1670457600,
  "pps": 0.6112,
  "pnl_rate": -0.38880000000000003,
  "last_day_pnl_rate": -0.02098350152170431,
  "last_1m_pnl_rate": -0.037934833936722825,
  "last_3m_pnl_rate": -0.19968574047400822,
  "last_6m_pnl_rate": -0.2860647120663474,
  "last_12m_pnl_rate": -0.5144196393103996,
  "running_days": 526
}