{
  "timestamp": 1663804800,
  "pps": 0.7078,
  "pnl_rate": -0.2922,
  "last_day_pnl_rate": -0.0007059155724976082,
  "last_1m_pnl_rate": -0.07802527028787294,
  "last_3m_pnl_rate": -0.17284094893070004,
  "last_6m_pnl_rate": -0.2689526957240239,
  "last_12m_pnl_rate": -0.3428040854224698,
  "running_days": 449
}