{
  "timestamp": 1660435200,
  "pps": 0.8264,
  "pnl_rate": -0.17359999999999998,
  "last_day_pnl_rate": -0.00048379293662307205,
  "last_1m_pnl_rate": -0.033789313691102454,
  "last_3m_pnl_rate": -0.03480495211399199,
  "last_6m_pnl_rate": -0.24824888565450737,
  "last_12m_pnl_rate": -0.3362782105854952,
  "running_days": 410
}