{
  "timestamp": 1681430400,
  "pps": 0.5435,
  "pnl_rate": -0.4565,
  "last_day_pnl_rate": 0.01248137108792833,
  "last_1m_pnl_rate": -0.016823444283646845,
  "last_3m_pnl_rate": -0.1808590806330068,
  "last_6m_pnl_rate": -0.21357256547532927,
  "last_12m_pnl_rate": -0.3887764282501125,
  "running_days": 653
}