{
  "timestamp": 1645056000,
  "pps": 1.0903,
  "pnl_rate": 0.09030000000000005,
  "last_day_pnl_rate": -0.008187028108796414,
  "last_1m_pnl_rate": -0.03828173238070026,
  "last_3m_pnl_rate": -0.136053882725832,
  "last_6m_pnl_rate": -0.12573169753828886,
  "last_12m_pnl_rate": 0.09030000000000005,
  "running_days": 232
}