{
  "timestamp": 1627344000,
  "pps": 1.0213,
  "pnl_rate": 0.021300000000000097,
  "last_day_pnl_rate": 0.019464963066480406,
  "last_1m_pnl_rate": 0.021300000000000097,
  "last_3m_pnl_rate": 0.021300000000000097,
  "last_6m_pnl_rate": 0.021300000000000097,
  "last_12m_pnl_rate": 0.021300000000000097,
  "running_days": 27
}