{
  "timestamp": 1633737600,
  "pps": 1.0308,
  "pnl_rate": 0.03079999999999994,
  "last_day_pnl_rate": -0.000969180073657794,
  "last_1m_pnl_rate": -0.07093285263632267,
  "last_3m_pnl_rate": 0.03049085274417672,
  "last_6m_pnl_rate": 0.03079999999999994,
  "last_12m_pnl_rate": 0.03079999999999994,
  "running_days": 101
}