{
  "timestamp": 1672185600,
  "pps": 0.5414,
  "pnl_rate": -0.4586,
  "last_day_pnl_rate": 0.0001847404396822261,
  "last_1m_pnl_rate": -0.13885796087163996,
  "last_3m_pnl_rate": -0.23864435381802837,
  "last_6m_pnl_rate": -0.3676711048820369,
  "last_12m_pnl_rate": -0.569326227030467,
  "running_days": 546
}