{
  "timestamp": 1721865600,
  "pps": 0.8853,
  "pnl_rate": -0.11470000000000002,
  "last_day_pnl_rate": -0.020143884892086326,
  "last_1m_pnl_rate": 0.031097134870719714,
  "last_3m_pnl_rate": 0.038231499941362684,
  "last_6m_pnl_rate": 0.5817402179739146,
  "last_12m_pnl_rate": 0.8724619289340101,
  "running_days": 1117
}