{
  "timestamp": 1716940800,
  "pps": 0.9581,
  "pnl_rate": -0.04190000000000005,
  "last_day_pnl_rate": -0.013996089327981945,
  "last_1m_pnl_rate": 0.11251741755689734,
  "last_3m_pnl_rate": 0.13023475286068179,
  "last_6m_pnl_rate": 0.7664085545722713,
  "last_12m_pnl_rate": 1.0039740640033463,
  "running_days": 1060
}