{
  "timestamp": 1644105600,
  "pps": 1.1324,
  "pnl_rate": 0.13240000000000007,
  "last_day_pnl_rate": 0.0,
  "last_1m_pnl_rate": -0.013159041394335418,
  "last_3m_pnl_rate": -0.19275734245794124,
  "last_6m_pnl_rate": -0.03911752227407724,
  "last_12m_pnl_rate": 0.13240000000000007,
  "running_days": 221
}