{
  "timestamp": 1710633600,
  "pps": 0.9013,
  "pnl_rate": -0.09870000000000001,
  "last_day_pnl_rate": -0.05987274434129551,
  "last_1m_pnl_rate": 0.25406984833727564,
  "last_3m_pnl_rate": 0.5666608725882147,
  "last_6m_pnl_rate": 0.9975620567375887,
  "last_12m_pnl_rate": 0.48876775685497176,
  "running_days": 987
}