{
  "timestamp": 1626393600,
  "pps": 0.998,
  "pnl_rate": -0.0020000000000000018,
  "last_day_pnl_rate": -0.0009009910901992311,
  "last_1m_pnl_rate": -0.0020000000000000018,
  "last_3m_pnl_rate": -0.0020000000000000018,
  "last_6m_pnl_rate": -0.0020000000000000018,
  "last_12m_pnl_rate": -0.0020000000000000018,
  "running_days": 16
}