{
  "timestamp": 1691020800,
  "pps": 0.4709,
  "pnl_rate": -0.5291,
  "last_day_pnl_rate": -0.006540084388185637,
  "last_1m_pnl_rate": -0.016088591725867196,
  "last_3m_pnl_rate": -0.017730496453900724,
  "last_6m_pnl_rate": -0.28391119221411193,
  "last_12m_pnl_rate": -0.4317605888741402,
  "running_days": 763
}