{
  "timestamp": 1625356800,
  "pps": 1.0006,
  "pnl_rate": 0.0005999999999999339,
  "last_day_pnl_rate": 0.0005999999999999339,
  "last_1m_pnl_rate": 0.0005999999999999339,
  "last_3m_pnl_rate": 0.0005999999999999339,
  "last_6m_pnl_rate": 0.0005999999999999339,
  "last_12m_pnl_rate": 0.0005999999999999339,
  "running_days": 4
}