{
  "timestamp": 1735344000,
  "pps": 1.1449,
  "pnl_rate": 0.14490000000000003,
  "last_day_pnl_rate": -0.01182461591576044,
  "last_1m_pnl_rate": -0.029087516960651285,
  "last_3m_pnl_rate": 0.3845688716894426,
  "last_6m_pnl_rate": 0.3122063037249283,
  "last_12m_pnl_rate": 0.9614528010964537,
  "running_days": 1273
}