{
  "timestamp": 1635033600,
  "pps": 1.1005,
  "pnl_rate": 0.10050000000000003,
  "last_day_pnl_rate": 0.025724671451207073,
  "last_1m_pnl_rate": 0.021156165908879955,
  "last_3m_pnl_rate": 0.07754822285322621,
  "last_6m_pnl_rate": 0.10050000000000003,
  "last_12m_pnl_rate": 0.10050000000000003,
  "running_days": 116
}