{
  "timestamp": 1693526400,
  "pps": 0.4491,
  "pnl_rate": -0.5509,
  "last_day_pnl_rate": -0.019003931847968513,
  "last_1m_pnl_rate": -0.04629433000637075,
  "last_3m_pnl_rate": -0.060656766366868904,
  "last_6m_pnl_rate": -0.19386106623586435,
  "last_12m_pnl_rate": -0.41194186198769156,
  "running_days": 792
}