{
  "timestamp": 1679011200,
  "pps": 0.5553,
  "pnl_rate": -0.4447,
  "last_day_pnl_rate": 0.004522431259044967,
  "last_1m_pnl_rate": -0.07742149858780524,
  "last_3m_pnl_rate": 0.02567417805688959,
  "last_6m_pnl_rate": -0.21467967755621545,
  "last_12m_pnl_rate": -0.41792452830188676,
  "running_days": 625
}