{
  "timestamp": 1626739200,
  "pps": 0.9977,
  "pnl_rate": -0.0022999999999999687,
  "last_day_pnl_rate": 0.0003007820332866232,
  "last_1m_pnl_rate": -0.0022999999999999687,
  "last_3m_pnl_rate": -0.0022999999999999687,
  "last_6m_pnl_rate": -0.0022999999999999687,
  "last_12m_pnl_rate": -0.0022999999999999687,
  "running_days": 20
}