{
  "timestamp": 1677456000,
  "pps": 0.5633,
  "pnl_rate": -0.4367,
  "last_day_pnl_rate": -0.004066478076379011,
  "last_1m_pnl_rate": -0.12585350713842328,
  "last_3m_pnl_rate": -0.10288262462175504,
  "last_6m_pnl_rate": -0.26240670420322115,
  "last_12m_pnl_rate": -0.40842260029405586,
  "running_days": 607
}