{
  "timestamp": 1682899200,
  "pps": 0.4795,
  "pnl_rate": -0.5205,
  "last_day_pnl_rate": -0.000625260525218888,
  "last_1m_pnl_rate": -0.1426783479349187,
  "last_3m_pnl_rate": -0.2506641662759807,
  "last_6m_pnl_rate": -0.32043650793650796,
  "last_12m_pnl_rate": -0.46075123706702653,
  "running_days": 669
}