{
  "timestamp": 1667692800,
  "pps": 0.7505,
  "pnl_rate": -0.24950000000000006,
  "last_day_pnl_rate": -0.002922811212966774,
  "last_1m_pnl_rate": 0.07784001148930046,
  "last_3m_pnl_rate": -0.10951589938300908,
  "last_6m_pnl_rate": -0.15598290598290604,
  "last_12m_pnl_rate": -0.4529484656316058,
  "running_days": 494
}