{
  "timestamp": 1673740800,
  "pps": 0.6635,
  "pnl_rate": -0.3365,
  "last_day_pnl_rate": 0.05401111993645756,
  "last_1m_pnl_rate": 0.22101582627898414,
  "last_3m_pnl_rate": -0.041046393987570436,
  "last_6m_pnl_rate": -0.22397660818713452,
  "last_12m_pnl_rate": -0.41407629812787006,
  "running_days": 564
}