{
  "timestamp": 1630713600,
  "pps": 1.2072,
  "pnl_rate": 0.20720000000000005,
  "last_day_pnl_rate": 0.009955659667029215,
  "last_1m_pnl_rate": 0.12120367790470889,
  "last_3m_pnl_rate": 0.20720000000000005,
  "last_6m_pnl_rate": 0.20720000000000005,
  "last_12m_pnl_rate": 0.20720000000000005,
  "running_days": 66
}