{
  "timestamp": 1721952000,
  "pps": 0.8749,
  "pnl_rate": -0.1251,
  "last_day_pnl_rate": -0.011747430249632854,
  "last_1m_pnl_rate": 0.03160004716424956,
  "last_3m_pnl_rate": 0.016026013238880542,
  "last_6m_pnl_rate": 0.5704541374977562,
  "last_12m_pnl_rate": 0.8489010989010989,
  "running_days": 1118
}