{
  "timestamp": 1728172800,
  "pps": 0.7733,
  "pnl_rate": -0.2267,
  "last_day_pnl_rate": -0.00025856496444728893,
  "last_1m_pnl_rate": 0.1310516308322364,
  "last_3m_pnl_rate": -0.007699217246246639,
  "last_6m_pnl_rate": -0.17241010273972604,
  "last_12m_pnl_rate": 0.7063106796116505,
  "running_days": 1190
}