{
  "timestamp": 1650412800,
  "pps": 0.8892,
  "pnl_rate": -0.11080000000000001,
  "last_day_pnl_rate": 0.0,
  "last_1m_pnl_rate": -0.06577011977306156,
  "last_3m_pnl_rate": -0.214765100671141,
  "last_6m_pnl_rate": -0.1712181936806785,
  "last_12m_pnl_rate": -0.11080000000000001,
  "running_days": 294
}