{
  "timestamp": 1639699200,
  "pps": 1.2586,
  "pnl_rate": 0.25859999999999994,
  "last_day_pnl_rate": -0.00023830328064180394,
  "last_1m_pnl_rate": -0.004980630879911434,
  "last_3m_pnl_rate": 0.1279799247176914,
  "last_6m_pnl_rate": 0.25859999999999994,
  "last_12m_pnl_rate": 0.25859999999999994,
  "running_days": 170
}