{
  "timestamp": 1725062400,
  "pps": 0.7569,
  "pnl_rate": -0.24309999999999998,
  "last_day_pnl_rate": -0.00276679841897232,
  "last_1m_pnl_rate": -0.13338676436913205,
  "last_3m_pnl_rate": -0.2004014367208958,
  "last_6m_pnl_rate": -0.19229537936186109,
  "last_12m_pnl_rate": 0.6864973262032087,
  "running_days": 1154
}