{
  "timestamp": 1731110400,
  "pps": 0.9521,
  "pnl_rate": -0.047900000000000054,
  "last_day_pnl_rate": 0.012441514249255565,
  "last_1m_pnl_rate": 0.2607256355932203,
  "last_3m_pnl_rate": 0.25989149133253925,
  "last_6m_pnl_rate": 0.1484921592279855,
  "last_12m_pnl_rate": 0.7749813571961223,
  "running_days": 1224
}