{
  "timestamp": 1679702400,
  "pps": 0.5504,
  "pnl_rate": -0.4496,
  "last_day_pnl_rate": -0.03523225241016653,
  "last_1m_pnl_rate": -0.07944472319785915,
  "last_3m_pnl_rate": 0.016435826408125614,
  "last_6m_pnl_rate": -0.22577015051343366,
  "last_12m_pnl_rate": -0.46049794158008234,
  "running_days": 633
}