{
  "timestamp": 1626566400,
  "pps": 0.9975,
  "pnl_rate": -0.0024999999999999467,
  "last_day_pnl_rate": 0.00010026067776228195,
  "last_1m_pnl_rate": -0.0024999999999999467,
  "last_3m_pnl_rate": -0.0024999999999999467,
  "last_6m_pnl_rate": -0.0024999999999999467,
  "last_12m_pnl_rate": -0.0024999999999999467,
  "running_days": 18
}