{
  "timestamp": 1729555200,
  "pps": 0.8436,
  "pnl_rate": -0.15639999999999998,
  "last_day_pnl_rate": -0.025528474067228843,
  "last_1m_pnl_rate": 0.05173918464031914,
  "last_3m_pnl_rate": -0.04710267705862415,
  "last_6m_pnl_rate": -0.02066403529138616,
  "last_12m_pnl_rate": 0.6698337292161521,
  "running_days": 1206
}