{
  "timestamp": 1694044800,
  "pps": 0.4477,
  "pnl_rate": -0.5523,
  "last_day_pnl_rate": -0.00044652824291143887,
  "last_1m_pnl_rate": -0.05508653440270159,
  "last_3m_pnl_rate": -0.06358502405354537,
  "last_6m_pnl_rate": -0.19695067264573993,
  "last_12m_pnl_rate": -0.41285245901639345,
  "running_days": 798
}