{
  "timestamp": 1661385600,
  "pps": 0.7671,
  "pnl_rate": -0.2329,
  "last_day_pnl_rate": -0.0007815552950371824,
  "last_1m_pnl_rate": -0.10280701754385962,
  "last_3m_pnl_rate": -0.10406447091800977,
  "last_6m_pnl_rate": -0.19717425431711147,
  "last_12m_pnl_rate": -0.3627679016447915,
  "running_days": 421
}