{
  "timestamp": 1710720000,
  "pps": 0.9402,
  "pnl_rate": -0.059799999999999964,
  "last_day_pnl_rate": 0.04315988017308338,
  "last_1m_pnl_rate": 0.31883854678075474,
  "last_3m_pnl_rate": 0.6241147002936606,
  "last_6m_pnl_rate": 1.0870144284128747,
  "last_12m_pnl_rate": 0.6291803846820311,
  "running_days": 988
}