{
  "timestamp": 1686787200,
  "pps": 0.4781,
  "pnl_rate": -0.5219,
  "last_day_pnl_rate": 0.0,
  "last_1m_pnl_rate": 0.0,
  "last_3m_pnl_rate": -0.139023951017468,
  "last_6m_pnl_rate": -0.12016930437983064,
  "last_12m_pnl_rate": -0.44160242933893945,
  "running_days": 714
}