{
  "timestamp": 1686355200,
  "pps": 0.4781,
  "pnl_rate": -0.5219,
  "last_day_pnl_rate": 0.0,
  "last_1m_pnl_rate": 0.0,
  "last_3m_pnl_rate": -0.14242152466367708,
  "last_6m_pnl_rate": -0.2175122749590834,
  "last_12m_pnl_rate": -0.44147196261682237,
  "running_days": 709
}