{
  "timestamp": 1733356800,
  "pps": 1.2287,
  "pnl_rate": 0.2286999999999999,
  "last_day_pnl_rate": 0.03749050071772355,
  "last_1m_pnl_rate": 0.4630864491545605,
  "last_3m_pnl_rate": 0.7971332455755448,
  "last_6m_pnl_rate": 0.29119377889869685,
  "last_12m_pnl_rate": 1.0195595003287308,
  "running_days": 1250
}