{
  "timestamp": 1724284800,
  "pps": 0.7849,
  "pnl_rate": -0.21509999999999996,
  "last_day_pnl_rate": 0.032899065666535096,
  "last_1m_pnl_rate": -0.13126729385722183,
  "last_3m_pnl_rate": -0.17318023807015695,
  "last_6m_pnl_rate": 0.07417544820035586,
  "last_12m_pnl_rate": 0.7442222222222222,
  "running_days": 1145
}