{
  "timestamp": 1626998400,
  "pps": 0.9968,
  "pnl_rate": -0.0031999999999999806,
  "last_day_pnl_rate": -0.00020060180541622665,
  "last_1m_pnl_rate": -0.0031999999999999806,
  "last_3m_pnl_rate": -0.0031999999999999806,
  "last_6m_pnl_rate": -0.0031999999999999806,
  "last_12m_pnl_rate": -0.0031999999999999806,
  "running_days": 23
}