{
  "timestamp": 1649808000,
  "pps": 0.8897,
  "pnl_rate": -0.11029999999999995,
  "last_day_pnl_rate": 0.0016888088268408657,
  "last_1m_pnl_rate": -0.0657355875249396,
  "last_3m_pnl_rate": -0.22330859886512433,
  "last_6m_pnl_rate": -0.1494263862332696,
  "last_12m_pnl_rate": -0.11029999999999995,
  "running_days": 287
}