{
  "timestamp": 1659484800,
  "pps": 0.827,
  "pnl_rate": -0.17300000000000004,
  "last_day_pnl_rate": -0.027859409897731342,
  "last_1m_pnl_rate": -0.03387850467289723,
  "last_3m_pnl_rate": -0.06995051731893841,
  "last_6m_pnl_rate": -0.2696926880960792,
  "last_12m_pnl_rate": -0.29539064496890177,
  "running_days": 399
}