{
  "timestamp": 1643241600,
  "pps": 1.1324,
  "pnl_rate": 0.13240000000000007,
  "last_day_pnl_rate": 0.0,
  "last_1m_pnl_rate": 0.0041677751174959195,
  "last_3m_pnl_rate": -0.015389966089905076,
  "last_6m_pnl_rate": 0.05046382189239332,
  "last_12m_pnl_rate": 0.13240000000000007,
  "running_days": 211
}