{
  "timestamp": 1703894400,
  "pps": 0.5833,
  "pnl_rate": -0.41669999999999996,
  "last_day_pnl_rate": -0.014529481331305865,
  "last_1m_pnl_rate": 0.07659653008490236,
  "last_3m_pnl_rate": 0.259011439671919,
  "last_6m_pnl_rate": 0.21546155449051896,
  "last_12m_pnl_rate": 0.07779009608277905,
  "running_days": 912
}