{
  "timestamp": 1679529600,
  "pps": 0.5551,
  "pnl_rate": -0.44489999999999996,
  "last_day_pnl_rate": -0.04507139170824015,
  "last_1m_pnl_rate": -0.09148936170212758,
  "last_3m_pnl_rate": 0.026062846580406654,
  "last_6m_pnl_rate": -0.21904895891952722,
  "last_12m_pnl_rate": -0.4414931079585471,
  "running_days": 631
}