{
  "timestamp": 1703203200,
  "pps": 0.5942,
  "pnl_rate": -0.40580000000000005,
  "last_day_pnl_rate": 0.00865727380750296,
  "last_1m_pnl_rate": 0.09975939292985368,
  "last_3m_pnl_rate": 0.323090625695836,
  "last_6m_pnl_rate": 0.24361657597321043,
  "last_12m_pnl_rate": 0.09772769259190826,
  "running_days": 904
}