{
  "timestamp": 1718496000,
  "pps": 0.9136,
  "pnl_rate": -0.08640000000000003,
  "last_day_pnl_rate": 0.010172490048651023,
  "last_1m_pnl_rate": 0.040072859744990905,
  "last_3m_pnl_rate": -0.008895638967237997,
  "last_6m_pnl_rate": 0.5781654862670582,
  "last_12m_pnl_rate": 0.9108973018197029,
  "running_days": 1078
}