{
  "timestamp": 1687478400,
  "pps": 0.4781,
  "pnl_rate": -0.5219,
  "last_day_pnl_rate": 0.0,
  "last_1m_pnl_rate": 0.0,
  "last_3m_pnl_rate": -0.13135901162790692,
  "last_6m_pnl_rate": -0.11675595787917971,
  "last_12m_pnl_rate": -0.4414067063909335,
  "running_days": 722
}