{
  "timestamp": 1692489600,
  "pps": 0.451,
  "pnl_rate": -0.5489999999999999,
  "last_day_pnl_rate": 0.001332149200710456,
  "last_1m_pnl_rate": -0.05072616291307095,
  "last_3m_pnl_rate": -0.0566827023635223,
  "last_6m_pnl_rate": -0.2849215157761218,
  "last_12m_pnl_rate": -0.4120714378829357,
  "running_days": 780
}