{
  "timestamp": 1630627200,
  "pps": 1.1953,
  "pnl_rate": 0.19530000000000003,
  "last_day_pnl_rate": -0.0023370336365911974,
  "last_1m_pnl_rate": 0.1260480452190296,
  "last_3m_pnl_rate": 0.19530000000000003,
  "last_6m_pnl_rate": 0.19530000000000003,
  "last_12m_pnl_rate": 0.19530000000000003,
  "running_days": 65
}