{
  "timestamp": 1661904000,
  "pps": 0.7637,
  "pnl_rate": -0.23629999999999995,
  "last_day_pnl_rate": 0.0,
  "last_1m_pnl_rate": -0.1022687198777477,
  "last_3m_pnl_rate": -0.10751431576487083,
  "last_6m_pnl_rate": -0.1979626128964503,
  "last_12m_pnl_rate": -0.3698844884488448,
  "running_days": 427
}