{
  "timestamp": 1734566400,
  "pps": 1.224,
  "pnl_rate": 0.22399999999999998,
  "last_day_pnl_rate": -0.05947441217150755,
  "last_1m_pnl_rate": 0.1056910569105691,
  "last_3m_pnl_rate": 0.5363373917409314,
  "last_6m_pnl_rate": 0.375744633022367,
  "last_12m_pnl_rate": 1.0305242203052423,
  "running_days": 1264
}