{
  "timestamp": 1638921600,
  "pps": 1.2649,
  "pnl_rate": 0.2648999999999999,
  "last_day_pnl_rate": 0.0,
  "last_1m_pnl_rate": -0.09830339321357294,
  "last_3m_pnl_rate": 0.14006309148264984,
  "last_6m_pnl_rate": 0.2648999999999999,
  "last_12m_pnl_rate": 0.2648999999999999,
  "running_days": 161
}