{
  "timestamp": 1699056000,
  "pps": 0.5089,
  "pnl_rate": -0.4911,
  "last_day_pnl_rate": 0.0003931590328287359,
  "last_1m_pnl_rate": 0.12092511013215859,
  "last_3m_pnl_rate": 0.08230540195661423,
  "last_6m_pnl_rate": 0.0644216691068814,
  "last_12m_pnl_rate": -0.19896112073036354,
  "running_days": 856
}