{
  "timestamp": 1659571200,
  "pps": 0.8252,
  "pnl_rate": -0.17479999999999996,
  "last_day_pnl_rate": -0.0021765417170494716,
  "last_1m_pnl_rate": -0.035981308411214885,
  "last_3m_pnl_rate": -0.07197480881691402,
  "last_6m_pnl_rate": -0.27128223242670435,
  "last_12m_pnl_rate": -0.31319184352892215,
  "running_days": 400
}