{
  "timestamp": 1722038400,
  "pps": 0.9027,
  "pnl_rate": -0.09730000000000005,
  "last_day_pnl_rate": 0.031775060006857855,
  "last_1m_pnl_rate": 0.04648736378390901,
  "last_3m_pnl_rate": 0.05124024688482581,
  "last_6m_pnl_rate": 0.5620349541443156,
  "last_12m_pnl_rate": 0.911689961880559,
  "running_days": 1119
}