{
  "timestamp": 1716163200,
  "pps": 0.87,
  "pnl_rate": -0.13,
  "last_day_pnl_rate": -0.011588275391956358,
  "last_1m_pnl_rate": 0.005315461058470128,
  "last_3m_pnl_rate": 0.17742590336987413,
  "last_6m_pnl_rate": 0.6201117318435753,
  "last_12m_pnl_rate": 0.8197029910060656,
  "running_days": 1051
}