{
  "timestamp": 1661472000,
  "pps": 0.766,
  "pnl_rate": -0.23399999999999999,
  "last_day_pnl_rate": -0.001433972102724534,
  "last_1m_pnl_rate": -0.10377910377910378,
  "last_3m_pnl_rate": -0.10514018691588782,
  "last_6m_pnl_rate": -0.19832548403976974,
  "last_12m_pnl_rate": -0.36241052105876476,
  "running_days": 422
}