{
  "timestamp": 1671580800,
  "pps": 0.5412,
  "pnl_rate": -0.4588,
  "last_day_pnl_rate": 0.0,
  "last_1m_pnl_rate": -0.14108871607681317,
  "last_3m_pnl_rate": -0.237961137707688,
  "last_6m_pnl_rate": -0.36753535117447705,
  "last_12m_pnl_rate": -0.5728155339805825,
  "running_days": 539
}