{
  "timestamp": 1727136000,
  "pps": 0.8056,
  "pnl_rate": -0.19440000000000002,
  "last_day_pnl_rate": 0.004363545692556973,
  "last_1m_pnl_rate": -0.021142162818955007,
  "last_3m_pnl_rate": -0.050112015092559824,
  "last_6m_pnl_rate": -0.15555555555555553,
  "last_12m_pnl_rate": 0.7966101694915253,
  "running_days": 1178
}