{
  "timestamp": 1626480000,
  "pps": 0.9974,
  "pnl_rate": -0.0026000000000000467,
  "last_day_pnl_rate": -0.0006012024048096643,
  "last_1m_pnl_rate": -0.0026000000000000467,
  "last_3m_pnl_rate": -0.0026000000000000467,
  "last_6m_pnl_rate": -0.0026000000000000467,
  "last_12m_pnl_rate": -0.0026000000000000467,
  "running_days": 17
}