{
  "timestamp": 1714780800,
  "pps": 0.8421,
  "pnl_rate": -0.15790000000000004,
  "last_day_pnl_rate": 0.05605718585402553,
  "last_1m_pnl_rate": -0.0772518080210388,
  "last_3m_pnl_rate": 0.4343382728666326,
  "last_6m_pnl_rate": 0.65474552957359,
  "last_12m_pnl_rate": 0.7584046773856754,
  "running_days": 1035
}