{
  "timestamp": 1672272000,
  "pps": 0.5413,
  "pnl_rate": -0.4587,
  "last_day_pnl_rate": -0.00018470631695601957,
  "last_1m_pnl_rate": -0.13792005096352924,
  "last_3m_pnl_rate": -0.23910598819229692,
  "last_6m_pnl_rate": -0.367787900023359,
  "last_12m_pnl_rate": -0.5827809465084014,
  "running_days": 547
}