{
  "timestamp": 1643760000,
  "pps": 1.1324,
  "pnl_rate": 0.13240000000000007,
  "last_day_pnl_rate": 0.0,
  "last_1m_pnl_rate": -0.12717743178665025,
  "last_3m_pnl_rate": -0.13046149120786296,
  "last_6m_pnl_rate": 0.02535313292285406,
  "last_12m_pnl_rate": 0.13240000000000007,
  "running_days": 217
}