{
  "timestamp": 1694995200,
  "pps": 0.4505,
  "pnl_rate": -0.5495,
  "last_day_pnl_rate": -0.0015514184397162642,
  "last_1m_pnl_rate": -0.0011086474501108656,
  "last_3m_pnl_rate": -0.057728508680192456,
  "last_6m_pnl_rate": -0.22501290211594704,
  "last_12m_pnl_rate": -0.36567164179104483,
  "running_days": 809
}