{
  "timestamp": 1716854400,
  "pps": 0.9717,
  "pnl_rate": -0.028299999999999992,
  "last_day_pnl_rate": 0.01493628577397115,
  "last_1m_pnl_rate": 0.1315942704087574,
  "last_3m_pnl_rate": 0.1258255126868266,
  "last_6m_pnl_rate": 0.8094972067039106,
  "last_12m_pnl_rate": 1.0324199958167746,
  "running_days": 1059
}