{
  "timestamp": 1730764800,
  "pps": 0.8238,
  "pnl_rate": -0.17620000000000002,
  "last_day_pnl_rate": -0.016358208955223934,
  "last_1m_pnl_rate": 0.052914110429447846,
  "last_3m_pnl_rate": 0.16917399943230196,
  "last_6m_pnl_rate": -0.01694510739856801,
  "last_12m_pnl_rate": 0.5906545665186328,
  "running_days": 1220
}