{
  "timestamp": 1723852800,
  "pps": 0.7606,
  "pnl_rate": -0.23939999999999995,
  "last_day_pnl_rate": 0.01970773562139703,
  "last_1m_pnl_rate": -0.13666288308740063,
  "last_3m_pnl_rate": -0.12574712643678154,
  "last_6m_pnl_rate": 0.04449327107937393,
  "last_12m_pnl_rate": 0.6823711568237116,
  "running_days": 1140
}