{
  "timestamp": 1691625600,
  "pps": 0.4731,
  "pnl_rate": -0.5268999999999999,
  "last_day_pnl_rate": -0.0014774166314900346,
  "last_1m_pnl_rate": -0.0075519194461925575,
  "last_3m_pnl_rate": -0.010458063166701536,
  "last_6m_pnl_rate": -0.20366941592324517,
  "last_12m_pnl_rate": -0.42325978300621725,
  "running_days": 770
}