{
  "timestamp": 1671321600,
  "pps": 0.5414,
  "pnl_rate": -0.4586,
  "last_day_pnl_rate": -0.003680529996319473,
  "last_1m_pnl_rate": -0.14632608010091452,
  "last_3m_pnl_rate": -0.2353107344632768,
  "last_6m_pnl_rate": -0.3675972433126971,
  "last_12m_pnl_rate": -0.5718465796757611,
  "running_days": 536
}