{
  "timestamp": 1684972800,
  "pps": 0.4781,
  "pnl_rate": -0.5219,
  "last_day_pnl_rate": 0.0,
  "last_1m_pnl_rate": -0.0033354179695642906,
  "last_3m_pnl_rate": -0.20036795450744266,
  "last_6m_pnl_rate": -0.23966284987277353,
  "last_12m_pnl_rate": -0.4414067063909335,
  "running_days": 693
}