{
  "timestamp": 1724630400,
  "pps": 0.823,
  "pnl_rate": -0.17700000000000005,
  "last_day_pnl_rate": -0.0008498239650358552,
  "last_1m_pnl_rate": -0.08545393932659193,
  "last_3m_pnl_rate": -0.14100824548585744,
  "last_6m_pnl_rate": -0.04646043332174722,
  "last_12m_pnl_rate": 0.7860243055555555,
  "running_days": 1149
}