{
  "timestamp": 1727740800,
  "pps": 0.8015,
  "pnl_rate": -0.1985,
  "last_day_pnl_rate": -0.03071713629217557,
  "last_1m_pnl_rate": 0.0959934363462328,
  "last_3m_pnl_rate": -0.04138260973567751,
  "last_6m_pnl_rate": -0.1217400832785448,
  "last_12m_pnl_rate": 0.7511470395455538,
  "running_days": 1185
}