{
  "timestamp": 1702166400,
  "pps": 0.6018,
  "pnl_rate": -0.3982,
  "last_day_pnl_rate": -0.010848126232741699,
  "last_1m_pnl_rate": 0.11485735457576891,
  "last_3m_pnl_rate": 0.3643164815234641,
  "last_6m_pnl_rate": 0.2587324827441957,
  "last_12m_pnl_rate": 0.02468925591690781,
  "running_days": 892
}