{
  "timestamp": 1726358400,
  "pps": 0.7551,
  "pnl_rate": -0.2449,
  "last_day_pnl_rate": -0.0085346638655463,
  "last_1m_pnl_rate": -0.007231133315803392,
  "last_3m_pnl_rate": -0.17131255487269537,
  "last_6m_pnl_rate": -0.10075026795284031,
  "last_12m_pnl_rate": 0.6694671678089764,
  "running_days": 1169
}