{
  "timestamp": 1642464000,
  "pps": 1.1338,
  "pnl_rate": 0.13379999999999992,
  "last_day_pnl_rate": -0.01081835630779985,
  "last_1m_pnl_rate": -0.09836978131212734,
  "last_3m_pnl_rate": 0.03486673968601681,
  "last_6m_pnl_rate": 0.13743980738362752,
  "last_12m_pnl_rate": 0.13379999999999992,
  "running_days": 202
}