{
  "timestamp": 1661644800,
  "pps": 0.7637,
  "pnl_rate": -0.23629999999999995,
  "last_day_pnl_rate": -0.000130924325739708,
  "last_1m_pnl_rate": -0.10741000467508179,
  "last_3m_pnl_rate": -0.10741000467508179,
  "last_6m_pnl_rate": -0.20081624110506482,
  "last_12m_pnl_rate": -0.3610809001924203,
  "running_days": 424
}