{
  "timestamp": 1646092800,
  "pps": 0.9556,
  "pnl_rate": -0.044399999999999995,
  "last_day_pnl_rate": 0.00010465724751437885,
  "last_1m_pnl_rate": -0.15612857647474396,
  "last_3m_pnl_rate": -0.24553923890731089,
  "last_6m_pnl_rate": -0.20053543043587385,
  "last_12m_pnl_rate": -0.044399999999999995,
  "running_days": 244
}