{
  "timestamp": 1664582400,
  "pps": 0.7114,
  "pnl_rate": -0.28859999999999997,
  "last_day_pnl_rate": 0.0004218815918999831,
  "last_1m_pnl_rate": -0.06848238837239755,
  "last_3m_pnl_rate": -0.16902231047774785,
  "last_6m_pnl_rate": -0.28271828997781806,
  "last_12m_pnl_rate": -0.3111261741067105,
  "running_days": 458
}