{
  "timestamp": 1694131200,
  "pps": 0.4505,
  "pnl_rate": -0.5495,
  "last_day_pnl_rate": 0.006254188072369946,
  "last_1m_pnl_rate": -0.047770027478334406,
  "last_3m_pnl_rate": -0.057728508680192456,
  "last_6m_pnl_rate": -0.1919282511210762,
  "last_12m_pnl_rate": -0.41149575440888303,
  "running_days": 799
}