{
  "timestamp": 1709596800,
  "pps": 0.9371,
  "pnl_rate": -0.06289999999999996,
  "last_day_pnl_rate": 0.06694751223955377,
  "last_1m_pnl_rate": 0.5961505706012606,
  "last_3m_pnl_rate": 0.6527336860670196,
  "last_6m_pnl_rate": 1.0922080821611968,
  "last_12m_pnl_rate": 0.6808968609865472,
  "running_days": 975
}