{
  "timestamp": 1663632000,
  "pps": 0.708,
  "pnl_rate": -0.29200000000000004,
  "last_day_pnl_rate": 0.0012728044123886464,
  "last_1m_pnl_rate": -0.07523510971786833,
  "last_3m_pnl_rate": -0.17299380913444692,
  "last_6m_pnl_rate": -0.2660930859334509,
  "last_12m_pnl_rate": -0.3428624466307778,
  "running_days": 447
}