{
  "timestamp": 1679788800,
  "pps": 0.5478,
  "pnl_rate": -0.45220000000000005,
  "last_day_pnl_rate": -0.00472383720930241,
  "last_1m_pnl_rate": -0.0312997347480107,
  "last_3m_pnl_rate": 0.012008128579345927,
  "last_6m_pnl_rate": -0.23029366306027826,
  "last_12m_pnl_rate": -0.44672255327744675,
  "running_days": 634
}