{
  "timestamp": 1713657600,
  "pps": 0.8654,
  "pnl_rate": -0.13460000000000005,
  "last_day_pnl_rate": 0.022448015122873234,
  "last_1m_pnl_rate": -0.006771490875702992,
  "last_3m_pnl_rate": 0.4498240911375439,
  "last_6m_pnl_rate": 0.8432374866879659,
  "last_12m_pnl_rate": 0.8017905475744325,
  "running_days": 1022
}