{
  "timestamp": 1670976000,
  "pps": 0.5908,
  "pnl_rate": -0.4092,
  "last_day_pnl_rate": -0.010882303699983359,
  "last_1m_pnl_rate": -0.06563340186620273,
  "last_3m_pnl_rate": -0.16777010846598112,
  "last_6m_pnl_rate": -0.3099743050689091,
  "last_12m_pnl_rate": -0.5301789264413519,
  "running_days": 532
}