{
  "timestamp": 1713484800,
  "pps": 0.844,
  "pnl_rate": -0.15600000000000003,
  "last_day_pnl_rate": 0.03266854276275535,
  "last_1m_pnl_rate": -0.08628342535455234,
  "last_3m_pnl_rate": 0.38292642962477474,
  "last_6m_pnl_rate": 0.83837943803093,
  "last_12m_pnl_rate": 0.7348406988694758,
  "running_days": 1020
}