{
  "timestamp": 1647475200,
  "pps": 0.9525,
  "pnl_rate": -0.04749999999999999,
  "last_day_pnl_rate": 0.00021001785151735585,
  "last_1m_pnl_rate": -0.13353952515236964,
  "last_3m_pnl_rate": -0.24302630533259156,
  "last_6m_pnl_rate": -0.14635239290195368,
  "last_12m_pnl_rate": -0.04749999999999999,
  "running_days": 260
}