{
  "timestamp": 1683504000,
  "pps": 0.4789,
  "pnl_rate": -0.5211,
  "last_day_pnl_rate": 0.0,
  "last_1m_pnl_rate": -0.1463458110516935,
  "last_3m_pnl_rate": -0.25532576582180067,
  "last_6m_pnl_rate": -0.24618290571383597,
  "last_12m_pnl_rate": -0.4415160349854228,
  "running_days": 676
}