{
  "timestamp": 1630195200,
  "pps": 1.2072,
  "pnl_rate": 0.20720000000000005,
  "last_day_pnl_rate": -0.00016564518800727014,
  "last_1m_pnl_rate": 0.11027315368343615,
  "last_3m_pnl_rate": 0.20720000000000005,
  "last_6m_pnl_rate": 0.20720000000000005,
  "last_12m_pnl_rate": 0.20720000000000005,
  "running_days": 60
}