{
  "timestamp": 1729987200,
  "pps": 0.8246,
  "pnl_rate": -0.1754,
  "last_day_pnl_rate": 0.008931848770341335,
  "last_1m_pnl_rate": -0.008536731994709626,
  "last_3m_pnl_rate": -0.08009817045961622,
  "last_6m_pnl_rate": 0.01252455795677798,
  "last_12m_pnl_rate": 0.6286786490223188,
  "running_days": 1211
}