{
  "timestamp": 1667001600,
  "pps": 0.6783,
  "pnl_rate": -0.3217,
  "last_day_pnl_rate": 0.0314781021897811,
  "last_1m_pnl_rate": -0.04612572071438608,
  "last_3m_pnl_rate": -0.20040080160320645,
  "last_6m_pnl_rate": -0.23717948717948714,
  "last_12m_pnl_rate": -0.4841432808578599,
  "running_days": 486
}