{
  "timestamp": 1696982400,
  "pps": 0.4515,
  "pnl_rate": -0.5485,
  "last_day_pnl_rate": -0.003751103265666327,
  "last_1m_pnl_rate": 0.023577420086148312,
  "last_3m_pnl_rate": -0.06657018813314039,
  "last_6m_pnl_rate": -0.1692732290708371,
  "last_12m_pnl_rate": -0.34508268059181896,
  "running_days": 832
}