{
  "timestamp": 1649894400,
  "pps": 0.8898,
  "pnl_rate": -0.11019999999999996,
  "last_day_pnl_rate": 0.0001123974373384163,
  "last_1m_pnl_rate": -0.06563057859918092,
  "last_3m_pnl_rate": -0.22369569010643872,
  "last_6m_pnl_rate": -0.1461472027636503,
  "last_12m_pnl_rate": -0.11019999999999996,
  "running_days": 288
}