{
  "timestamp": 1646438400,
  "pps": 0.9522,
  "pnl_rate": -0.047799999999999954,
  "last_day_pnl_rate": -0.003662237103693573,
  "last_1m_pnl_rate": -0.15905678707056436,
  "last_3m_pnl_rate": -0.24685596772917814,
  "last_6m_pnl_rate": -0.2186115214180206,
  "last_12m_pnl_rate": -0.047799999999999954,
  "running_days": 248
}