{
  "timestamp": 1713225600,
  "pps": 0.847,
  "pnl_rate": -0.15300000000000002,
  "last_day_pnl_rate": -0.028446891488873645,
  "last_1m_pnl_rate": -0.09912784513933212,
  "last_3m_pnl_rate": 0.42090253313202486,
  "last_6m_pnl_rate": 0.8433079434167572,
  "last_12m_pnl_rate": 0.4988497611042292,
  "running_days": 1017
}