{
  "timestamp": 1718064000,
  "pps": 0.9525,
  "pnl_rate": -0.04749999999999999,
  "last_day_pnl_rate": -0.004598181628174271,
  "last_1m_pnl_rate": 0.1700036850509765,
  "last_3m_pnl_rate": -0.06092871931381245,
  "last_6m_pnl_rate": 0.672813487881981,
  "last_12m_pnl_rate": 0.9922610332566408,
  "running_days": 1073
}