{
  "timestamp": 1677542400,
  "pps": 0.5611,
  "pnl_rate": -0.43889999999999996,
  "last_day_pnl_rate": -0.0039055565418071713,
  "last_1m_pnl_rate": -0.13730012300122993,
  "last_3m_pnl_rate": -0.10638636725593242,
  "last_6m_pnl_rate": -0.2652874165248134,
  "last_12m_pnl_rate": -0.4107330392774627,
  "running_days": 608
}