{
  "timestamp": 1697673600,
  "pps": 0.4565,
  "pnl_rate": -0.5435,
  "last_day_pnl_rate": -0.001312623058411703,
  "last_1m_pnl_rate": 0.004179498460184806,
  "last_3m_pnl_rate": -0.039149652704693755,
  "last_6m_pnl_rate": -0.061664953751284626,
  "last_12m_pnl_rate": -0.3097973994557,
  "running_days": 840
}