{
  "timestamp": 1626912000,
  "pps": 0.997,
  "pnl_rate": -0.0030000000000000027,
  "last_day_pnl_rate": -0.0010020040080160328,
  "last_1m_pnl_rate": -0.0030000000000000027,
  "last_3m_pnl_rate": -0.0030000000000000027,
  "last_6m_pnl_rate": -0.0030000000000000027,
  "last_12m_pnl_rate": -0.0030000000000000027,
  "running_days": 22
}