{
  "timestamp": 1704153600,
  "pps": 0.6071,
  "pnl_rate": -0.3929,
  "last_day_pnl_rate": 0.04008908685968816,
  "last_1m_pnl_rate": 0.07072310405643743,
  "last_3m_pnl_rate": 0.326414682106183,
  "last_6m_pnl_rate": 0.2816128351277179,
  "last_12m_pnl_rate": 0.1182538220666788,
  "running_days": 915
}