{
  "timestamp": 1686009600,
  "pps": 0.4781,
  "pnl_rate": -0.5219,
  "last_day_pnl_rate": 0.0,
  "last_1m_pnl_rate": -0.0016704948841093493,
  "last_3m_pnl_rate": -0.14242152466367708,
  "last_6m_pnl_rate": -0.21776832460732976,
  "last_12m_pnl_rate": -0.44147196261682237,
  "running_days": 705
}