{
  "timestamp": 1647561600,
  "pps": 0.9525,
  "pnl_rate": -0.04749999999999999,
  "last_day_pnl_rate": 0.0,
  "last_1m_pnl_rate": -0.1263872328716867,
  "last_3m_pnl_rate": -0.24302630533259156,
  "last_6m_pnl_rate": -0.13282957028404954,
  "last_12m_pnl_rate": -0.04749999999999999,
  "running_days": 261
}