{
  "timestamp": 1635379200,
  "pps": 1.0388,
  "pnl_rate": 0.038799999999999946,
  "last_day_pnl_rate": -0.04627249357326478,
  "last_1m_pnl_rate": -0.03903792784458836,
  "last_3m_pnl_rate": -0.04460590453416719,
  "last_6m_pnl_rate": 0.038799999999999946,
  "last_12m_pnl_rate": 0.038799999999999946,
  "running_days": 120
}