{
  "timestamp": 1726704000,
  "pps": 0.7673,
  "pnl_rate": -0.23270000000000002,
  "last_day_pnl_rate": 0.021568366395952592,
  "last_1m_pnl_rate": 0.00973812343729433,
  "last_3m_pnl_rate": -0.1384459914664271,
  "last_6m_pnl_rate": -0.12047226043099493,
  "last_12m_pnl_rate": 0.7085281674460031,
  "running_days": 1173
}