{
  "timestamp": 1648339200,
  "pps": 0.9682,
  "pnl_rate": -0.03180000000000005,
  "last_day_pnl_rate": 0.01001460463175458,
  "last_1m_pnl_rate": 0.013291470434327508,
  "last_3m_pnl_rate": -0.21628622308564036,
  "last_6m_pnl_rate": -0.10434782608695653,
  "last_12m_pnl_rate": -0.03180000000000005,
  "running_days": 270
}