{
  "timestamp": 1699401600,
  "pps": 0.5161,
  "pnl_rate": -0.4839,
  "last_day_pnl_rate": 0.0029148853478430958,
  "last_1m_pnl_rate": 0.1387908208296558,
  "last_3m_pnl_rate": 0.09227513227513234,
  "last_6m_pnl_rate": 0.07948128006693156,
  "last_12m_pnl_rate": -0.18040336668254728,
  "running_days": 860
}