{
  "timestamp": 1731369600,
  "pps": 1.0979,
  "pnl_rate": 0.0979000000000001,
  "last_day_pnl_rate": 0.09059302672096968,
  "last_1m_pnl_rate": 0.3975305498981672,
  "last_3m_pnl_rate": 0.4332898172323761,
  "last_6m_pnl_rate": 0.2928638718794161,
  "last_12m_pnl_rate": 1.022660280029477,
  "running_days": 1227
}