{
  "timestamp": 1648598400,
  "pps": 1.0187,
  "pnl_rate": 0.01869999999999994,
  "last_day_pnl_rate": 0.024952208471677163,
  "last_1m_pnl_rate": 0.06603181247383835,
  "last_3m_pnl_rate": -0.12158316806070538,
  "last_6m_pnl_rate": -0.01726799151070811,
  "last_12m_pnl_rate": 0.01869999999999994,
  "running_days": 273
}