{
  "timestamp": 1715299200,
  "pps": 0.838,
  "pnl_rate": -0.16200000000000003,
  "last_day_pnl_rate": 0.027716458180034282,
  "last_1m_pnl_rate": -0.11919276855160821,
  "last_3m_pnl_rate": 0.2844880441446965,
  "last_6m_pnl_rate": 0.558200074377092,
  "last_12m_pnl_rate": 0.7527713867391758,
  "running_days": 1041
}