{
  "timestamp": 1730419200,
  "pps": 0.8566,
  "pnl_rate": -0.14339999999999997,
  "last_day_pnl_rate": -0.03492564218116259,
  "last_1m_pnl_rate": 0.13291892606798048,
  "last_3m_pnl_rate": 0.06502548800198932,
  "last_6m_pnl_rate": 0.001402852466682229,
  "last_12m_pnl_rate": 0.6720671481553778,
  "running_days": 1216
}