{
  "timestamp": 1704931200,
  "pps": 0.6502,
  "pnl_rate": -0.3498,
  "last_day_pnl_rate": 0.042655548428479725,
  "last_1m_pnl_rate": 0.14170324846356452,
  "last_3m_pnl_rate": 0.45166331770484475,
  "last_6m_pnl_rate": 0.3608204269568857,
  "last_12m_pnl_rate": -0.027811004784688922,
  "running_days": 924
}