{
  "timestamp": 1646956800,
  "pps": 0.9522,
  "pnl_rate": -0.047799999999999954,
  "last_day_pnl_rate": -0.00031496062992122513,
  "last_1m_pnl_rate": -0.15868528008482052,
  "last_3m_pnl_rate": -0.2456029155442877,
  "last_6m_pnl_rate": -0.14014809463608444,
  "last_12m_pnl_rate": -0.047799999999999954,
  "running_days": 254
}