{
  "timestamp": 1638576000,
  "pps": 1.2652,
  "pnl_rate": 0.2652000000000001,
  "last_day_pnl_rate": -0.0007108443250927264,
  "last_1m_pnl_rate": -0.028488059586884672,
  "last_3m_pnl_rate": 0.043894389438944005,
  "last_6m_pnl_rate": 0.2652000000000001,
  "last_12m_pnl_rate": 0.2652000000000001,
  "running_days": 157
}