{
  "timestamp": 1712016000,
  "pps": 0.9388,
  "pnl_rate": -0.06120000000000003,
  "last_day_pnl_rate": -0.027956098571132765,
  "last_1m_pnl_rate": 0.06888306956620745,
  "last_3m_pnl_rate": 0.6083604591399692,
  "last_6m_pnl_rate": 1.0529193089875355,
  "last_12m_pnl_rate": 0.6432697356905303,
  "running_days": 1003
}