{
  "timestamp": 1631836800,
  "pps": 1.1152,
  "pnl_rate": 0.11519999999999997,
  "last_day_pnl_rate": -0.001879531012261694,
  "last_1m_pnl_rate": -0.08970696269692278,
  "last_3m_pnl_rate": 0.11519999999999997,
  "last_6m_pnl_rate": 0.11519999999999997,
  "last_12m_pnl_rate": 0.11519999999999997,
  "running_days": 79
}