{
  "timestamp": 1698624000,
  "pps": 0.506,
  "pnl_rate": -0.494,
  "last_day_pnl_rate": 0.007968127490039847,
  "last_1m_pnl_rate": 0.11184355086794111,
  "last_3m_pnl_rate": 0.06751054852320681,
  "last_6m_pnl_rate": 0.055486024196912835,
  "last_12m_pnl_rate": -0.2846034214618974,
  "running_days": 851
}