{
  "timestamp": 1700611200,
  "pps": 0.5204,
  "pnl_rate": -0.4796,
  "last_day_pnl_rate": -0.03271375464684026,
  "last_1m_pnl_rate": 0.05004035512510087,
  "last_3m_pnl_rate": 0.15413617210024383,
  "last_6m_pnl_rate": 0.0884752143902948,
  "last_12m_pnl_rate": -0.17278652042600542,
  "running_days": 874
}