{
  "timestamp": 1701475200,
  "pps": 0.5511,
  "pnl_rate": -0.44889999999999997,
  "last_day_pnl_rate": 0.01716500553709872,
  "last_1m_pnl_rate": 0.08334971495970118,
  "last_3m_pnl_rate": 0.22794117647058837,
  "last_6m_pnl_rate": 0.1526877222338423,
  "last_12m_pnl_rate": -0.11725132148005755,
  "running_days": 884
}