{
  "timestamp": 1639008000,
  "pps": 1.266,
  "pnl_rate": 0.266,
  "last_day_pnl_rate": 0.0008696339631592228,
  "last_1m_pnl_rate": -0.09661766804623945,
  "last_3m_pnl_rate": 0.15363586659376718,
  "last_6m_pnl_rate": 0.266,
  "last_12m_pnl_rate": 0.266,
  "running_days": 162
}