{
  "timestamp": 1687564800,
  "pps": 0.4779,
  "pnl_rate": -0.5221,
  "last_day_pnl_rate": -0.0004183225266681311,
  "last_1m_pnl_rate": -0.0004183225266681311,
  "last_3m_pnl_rate": -0.12760131434830224,
  "last_6m_pnl_rate": -0.11745152354570636,
  "last_12m_pnl_rate": -0.44177082116575167,
  "running_days": 723
}