{
  "timestamp": 1732147200,
  "pps": 1.1216,
  "pnl_rate": 0.12159999999999993,
  "last_day_pnl_rate": 0.013188798554652164,
  "last_1m_pnl_rate": 0.33492025708164724,
  "last_3m_pnl_rate": 0.36397908305971044,
  "last_6m_pnl_rate": 0.17126148705096064,
  "last_12m_pnl_rate": 1.0636614535418583,
  "running_days": 1236
}