{
  "timestamp": 1714694400,
  "pps": 0.7974,
  "pnl_rate": -0.2026,
  "last_day_pnl_rate": 0.009239336792811002,
  "last_1m_pnl_rate": -0.10243133723547948,
  "last_3m_pnl_rate": 0.3469594594594595,
  "last_6m_pnl_rate": 0.5675250638883427,
  "last_12m_pnl_rate": 0.6650657757360618,
  "running_days": 1034
}