{
  "timestamp": 1672790400,
  "pps": 0.5412,
  "pnl_rate": -0.4588,
  "last_day_pnl_rate": 0.0,
  "last_1m_pnl_rate": -0.13532513181019332,
  "last_3m_pnl_rate": -0.22230205489294433,
  "last_6m_pnl_rate": -0.36746143057503505,
  "last_12m_pnl_rate": -0.5275425578350065,
  "running_days": 553
}