{
  "timestamp": 1700179200,
  "pps": 0.5256,
  "pnl_rate": -0.47440000000000004,
  "last_day_pnl_rate": -0.031687546057479726,
  "last_1m_pnl_rate": 0.15136911281489582,
  "last_3m_pnl_rate": 0.1654101995565409,
  "last_6m_pnl_rate": 0.09935160008366435,
  "last_12m_pnl_rate": -0.1658466910014284,
  "running_days": 869
}