{
  "timestamp": 1716595200,
  "pps": 0.9493,
  "pnl_rate": -0.05069999999999997,
  "last_day_pnl_rate": 0.0013713080168777205,
  "last_1m_pnl_rate": 0.10204318551195725,
  "last_3m_pnl_rate": 0.2781742291638616,
  "last_6m_pnl_rate": 0.7466421343146276,
  "last_12m_pnl_rate": 0.9855678728299518,
  "running_days": 1056
}