{
  "timestamp": 1715385600,
  "pps": 0.8062,
  "pnl_rate": -0.19379999999999997,
  "last_day_pnl_rate": -0.03794749403341282,
  "last_1m_pnl_rate": -0.14407049580634881,
  "last_3m_pnl_rate": 0.22541419668642648,
  "last_6m_pnl_rate": 0.49351611708040033,
  "last_12m_pnl_rate": 0.6862581049989541,
  "running_days": 1042
}