{
  "timestamp": 1642204800,
  "pps": 1.1462,
  "pnl_rate": 0.1462000000000001,
  "last_day_pnl_rate": 0.0006110868616326015,
  "last_1m_pnl_rate": -0.08930557762593345,
  "last_3m_pnl_rate": 0.09820829740346845,
  "last_6m_pnl_rate": 0.14884233737596478,
  "last_12m_pnl_rate": 0.1462000000000001,
  "running_days": 199
}