{
  "timestamp": 1734480000,
  "pps": 1.3014,
  "pnl_rate": 0.3013999999999999,
  "last_day_pnl_rate": -0.005881903597891713,
  "last_1m_pnl_rate": 0.18395196506550213,
  "last_3m_pnl_rate": 0.6561466021888519,
  "last_6m_pnl_rate": 0.46126207051426,
  "last_12m_pnl_rate": 1.1901716593739482,
  "running_days": 1263
}