{
  "timestamp": 1668038400,
  "pps": 0.63,
  "pnl_rate": -0.37,
  "last_day_pnl_rate": -0.008342515347080075,
  "last_1m_pnl_rate": -0.0868241774170169,
  "last_3m_pnl_rate": -0.23802612481857763,
  "last_6m_pnl_rate": -0.2641906096706377,
  "last_12m_pnl_rate": -0.524241051200725,
  "running_days": 498
}