{
  "timestamp": 1629072000,
  "pps": 1.2531,
  "pnl_rate": 0.2531000000000001,
  "last_day_pnl_rate": 0.0,
  "last_1m_pnl_rate": 0.25624060150375944,
  "last_3m_pnl_rate": 0.2531000000000001,
  "last_6m_pnl_rate": 0.2531000000000001,
  "last_12m_pnl_rate": 0.2531000000000001,
  "running_days": 47
}