{
  "timestamp": 1666224000,
  "pps": 0.6666,
  "pnl_rate": -0.33340000000000003,
  "last_day_pnl_rate": -0.03712263469594115,
  "last_1m_pnl_rate": -0.05887335874629404,
  "last_3m_pnl_rate": -0.22035087719298246,
  "last_6m_pnl_rate": -0.2503373819163293,
  "last_12m_pnl_rate": -0.40290218559656044,
  "running_days": 477
}