{
  "timestamp": 1634342400,
  "pps": 1.046,
  "pnl_rate": 0.04600000000000004,
  "last_day_pnl_rate": 0.004417130785481022,
  "last_1m_pnl_rate": -0.062051649928263924,
  "last_3m_pnl_rate": 0.048726689392420384,
  "last_6m_pnl_rate": 0.04600000000000004,
  "last_12m_pnl_rate": 0.04600000000000004,
  "running_days": 108
}