{
  "timestamp": 1628121600,
  "pps": 1.0615,
  "pnl_rate": 0.06150000000000011,
  "last_day_pnl_rate": 0.028485611859316046,
  "last_1m_pnl_rate": 0.06107556977209132,
  "last_3m_pnl_rate": 0.06150000000000011,
  "last_6m_pnl_rate": 0.06150000000000011,
  "last_12m_pnl_rate": 0.06150000000000011,
  "running_days": 36
}