{
  "timestamp": 1702252800,
  "pps": 0.6035,
  "pnl_rate": -0.39649999999999996,
  "last_day_pnl_rate": 0.0028248587570622046,
  "last_1m_pnl_rate": 0.12299962783773734,
  "last_3m_pnl_rate": 0.3531390134529149,
  "last_6m_pnl_rate": 0.2622882242208743,
  "last_12m_pnl_rate": 0.05139372822299666,
  "running_days": 893
}