{
  "timestamp": 1637366400,
  "pps": 1.262,
  "pnl_rate": 0.262,
  "last_day_pnl_rate": 0.006058673469387796,
  "last_1m_pnl_rate": 0.17537487193815768,
  "last_3m_pnl_rate": 0.01024655779699001,
  "last_6m_pnl_rate": 0.262,
  "last_12m_pnl_rate": 0.262,
  "running_days": 143
}