{
  "timestamp": 1678060800,
  "pps": 0.5581,
  "pnl_rate": -0.44189999999999996,
  "last_day_pnl_rate": 0.0017950098725543005,
  "last_1m_pnl_rate": -0.14819902319902314,
  "last_3m_pnl_rate": -0.10603876341502472,
  "last_6m_pnl_rate": -0.2692156605997119,
  "last_12m_pnl_rate": -0.4136989179535665,
  "running_days": 614
}