{
  "timestamp": 1701993600,
  "pps": 0.6016,
  "pnl_rate": -0.3984,
  "last_day_pnl_rate": 0.007030465349849316,
  "last_1m_pnl_rate": 0.16161421123769065,
  "last_3m_pnl_rate": 0.3416592328278323,
  "last_6m_pnl_rate": 0.2583141602175277,
  "last_12m_pnl_rate": 0.007199062447681182,
  "running_days": 890
}