{
  "timestamp": 1671235200,
  "pps": 0.5434,
  "pnl_rate": -0.4566,
  "last_day_pnl_rate": -0.05331010452961666,
  "last_1m_pnl_rate": -0.14059781749169695,
  "last_3m_pnl_rate": -0.23150898034224293,
  "last_6m_pnl_rate": -0.36526106763228594,
  "last_12m_pnl_rate": -0.5687986033962863,
  "running_days": 535
}