{
  "timestamp": 1703030400,
  "pps": 0.5744,
  "pnl_rate": -0.4256,
  "last_day_pnl_rate": -0.012209802235597584,
  "last_1m_pnl_rate": 0.06765799256505574,
  "last_3m_pnl_rate": 0.2807134894091416,
  "last_6m_pnl_rate": 0.2019250889307387,
  "last_12m_pnl_rate": 0.06114908553482361,
  "running_days": 902
}