{
  "timestamp": 1660521600,
  "pps": 0.8203,
  "pnl_rate": -0.17969999999999997,
  "last_day_pnl_rate": -0.007381413359148105,
  "last_1m_pnl_rate": -0.04080916744621133,
  "last_3m_pnl_rate": -0.041817544679359824,
  "last_6m_pnl_rate": -0.2476382646977896,
  "last_12m_pnl_rate": -0.3444417805482299,
  "running_days": 411
}