{
  "timestamp": 1718582400,
  "pps": 0.9229,
  "pnl_rate": -0.07709999999999995,
  "last_day_pnl_rate": 0.010179509632224262,
  "last_1m_pnl_rate": 0.048511701885935093,
  "last_3m_pnl_rate": 0.09908300583541747,
  "last_6m_pnl_rate": 0.6253962662909477,
  "last_12m_pnl_rate": 0.9303492993097678,
  "running_days": 1079
}