{
  "timestamp": 1635292800,
  "pps": 1.0892,
  "pnl_rate": 0.08919999999999995,
  "last_day_pnl_rate": -0.024364027230383476,
  "last_1m_pnl_rate": 0.011327762302692656,
  "last_3m_pnl_rate": 0.03231921144915176,
  "last_6m_pnl_rate": 0.08919999999999995,
  "last_12m_pnl_rate": 0.08919999999999995,
  "running_days": 119
}