{
  "timestamp": 1634083200,
  "pps": 1.0053,
  "pnl_rate": 0.005300000000000082,
  "last_day_pnl_rate": -0.0003977329223426031,
  "last_1m_pnl_rate": -0.08683804160232529,
  "last_3m_pnl_rate": 0.007314629258517119,
  "last_6m_pnl_rate": 0.005300000000000082,
  "last_12m_pnl_rate": 0.005300000000000082,
  "running_days": 105
}