{
  "timestamp": 1728518400,
  "pps": 0.7566,
  "pnl_rate": -0.24339999999999995,
  "last_day_pnl_rate": -0.0257532835436517,
  "last_1m_pnl_rate": 0.034595925064952966,
  "last_3m_pnl_rate": -0.05448637840539861,
  "last_6m_pnl_rate": -0.10238462451061803,
  "last_12m_pnl_rate": 0.6892163429336906,
  "running_days": 1194
}