{
  "timestamp": 1726099200,
  "pps": 0.7243,
  "pnl_rate": -0.27569999999999995,
  "last_day_pnl_rate": -0.009571995077259532,
  "last_1m_pnl_rate": -0.0782641893611606,
  "last_3m_pnl_rate": -0.19913754975674472,
  "last_6m_pnl_rate": -0.19638300232996775,
  "last_12m_pnl_rate": 0.6031429836210714,
  "running_days": 1166
}