{
  "timestamp": 1677974400,
  "pps": 0.5571,
  "pnl_rate": -0.44289999999999996,
  "last_day_pnl_rate": -0.0023280802292263035,
  "last_1m_pnl_rate": -0.15282846715328458,
  "last_3m_pnl_rate": -0.10992171273366348,
  "last_6m_pnl_rate": -0.2705250752913448,
  "last_12m_pnl_rate": -0.4149338374291115,
  "running_days": 613
}