{
  "timestamp": 1636588800,
  "pps": 1.3386,
  "pnl_rate": 0.3386,
  "last_day_pnl_rate": -0.04481233052661622,
  "last_1m_pnl_rate": 0.33154282303789906,
  "last_3m_pnl_rate": 0.059018987341772154,
  "last_6m_pnl_rate": 0.3386,
  "last_12m_pnl_rate": 0.3386,
  "running_days": 134
}