{
  "timestamp": 1643068800,
  "pps": 1.1324,
  "pnl_rate": 0.13240000000000007,
  "last_day_pnl_rate": 0.0,
  "last_1m_pnl_rate": -0.10616465387954839,
  "last_3m_pnl_rate": 0.09010396611474791,
  "last_6m_pnl_rate": 0.07326319780115643,
  "last_12m_pnl_rate": 0.13240000000000007,
  "running_days": 209
}