{
  "timestamp": 1724803200,
  "pps": 0.7534,
  "pnl_rate": -0.24660000000000004,
  "last_day_pnl_rate": -0.06305185922148995,
  "last_1m_pnl_rate": -0.1595269968763945,
  "last_3m_pnl_rate": -0.20602803245863632,
  "last_6m_pnl_rate": -0.1312269372693727,
  "last_12m_pnl_rate": 0.6775773769761745,
  "running_days": 1151
}