{
  "timestamp": 1636416000,
  "pps": 1.4028,
  "pnl_rate": 0.40280000000000005,
  "last_day_pnl_rate": 0.031849944832659155,
  "last_1m_pnl_rate": 0.36765136004679727,
  "last_3m_pnl_rate": 0.1923501912452188,
  "last_6m_pnl_rate": 0.40280000000000005,
  "last_12m_pnl_rate": 0.40280000000000005,
  "running_days": 132
}