{
  "timestamp": 1670544000,
  "pps": 0.6125,
  "pnl_rate": -0.38749999999999996,
  "last_day_pnl_rate": 0.0021269633507854696,
  "last_1m_pnl_rate": -0.027777777777777714,
  "last_3m_pnl_rate": -0.1979835013748854,
  "last_6m_pnl_rate": -0.28454619787408003,
  "last_12m_pnl_rate": -0.5133868276793516,
  "running_days": 527
}