{
  "timestamp": 1695945600,
  "pps": 0.4544,
  "pnl_rate": -0.5456,
  "last_day_pnl_rate": 0.013380909901873338,
  "last_1m_pnl_rate": -0.007426823940585318,
  "last_3m_pnl_rate": -0.0503657262277951,
  "last_6m_pnl_rate": -0.18052299368800714,
  "last_12m_pnl_rate": -0.3595489781536293,
  "running_days": 820
}