{
  "timestamp": 1658966400,
  "pps": 0.8547,
  "pnl_rate": -0.14529999999999998,
  "last_day_pnl_rate": -0.0003508771929824175,
  "last_1m_pnl_rate": -0.0016353229762877664,
  "last_3m_pnl_rate": -0.03879892037786772,
  "last_6m_pnl_rate": -0.24523136700812437,
  "last_12m_pnl_rate": -0.18304339514433188,
  "running_days": 393
}