{
  "timestamp": 1627862400,
  "pps": 1.0553,
  "pnl_rate": 0.055299999999999905,
  "last_day_pnl_rate": -0.021057513914656923,
  "last_1m_pnl_rate": 0.05466719968019186,
  "last_3m_pnl_rate": 0.055299999999999905,
  "last_6m_pnl_rate": 0.055299999999999905,
  "last_12m_pnl_rate": 0.055299999999999905,
  "running_days": 33
}