{
  "timestamp": 1698364800,
  "pps": 0.5038,
  "pnl_rate": -0.4962,
  "last_day_pnl_rate": -0.002771179730799598,
  "last_1m_pnl_rate": 0.12355040142729706,
  "last_3m_pnl_rate": 0.06466610312764162,
  "last_6m_pnl_rate": 0.050677789363920846,
  "last_12m_pnl_rate": -0.29499020431010353,
  "running_days": 848
}