{
  "timestamp": 1651795200,
  "pps": 0.8892,
  "pnl_rate": -0.11080000000000001,
  "last_day_pnl_rate": 0.0,
  "last_1m_pnl_rate": -0.015827338129496382,
  "last_3m_pnl_rate": -0.214765100671141,
  "last_6m_pnl_rate": -0.34593600588451634,
  "last_12m_pnl_rate": -0.11080000000000001,
  "running_days": 310
}