{
  "timestamp": 1631404800,
  "pps": 1.1003,
  "pnl_rate": 0.10030000000000006,
  "last_day_pnl_rate": 0.002642609804993735,
  "last_1m_pnl_rate": -0.12950949367088604,
  "last_3m_pnl_rate": 0.10030000000000006,
  "last_6m_pnl_rate": 0.10030000000000006,
  "last_12m_pnl_rate": 0.10030000000000006,
  "running_days": 74
}