{
  "timestamp": 1687392000,
  "pps": 0.4781,
  "pnl_rate": -0.5219,
  "last_day_pnl_rate": 0.0,
  "last_1m_pnl_rate": 0.0,
  "last_3m_pnl_rate": -0.16196319018404903,
  "last_6m_pnl_rate": -0.11626617375231055,
  "last_12m_pnl_rate": -0.4412108461898083,
  "running_days": 721
}