{
  "timestamp": 1665360000,
  "pps": 0.695,
  "pnl_rate": -0.30500000000000005,
  "last_day_pnl_rate": 0.0030307403665752503,
  "last_1m_pnl_rate": -0.08995678931517623,
  "last_3m_pnl_rate": -0.18798925108073378,
  "last_6m_pnl_rate": -0.2189256012587099,
  "last_12m_pnl_rate": -0.33556405353728497,
  "running_days": 467
}