{
  "timestamp": 1660348800,
  "pps": 0.8268,
  "pnl_rate": -0.17320000000000002,
  "last_day_pnl_rate": 0.009154155986817956,
  "last_1m_pnl_rate": -0.033773518756573605,
  "last_3m_pnl_rate": -0.03411214953271029,
  "last_6m_pnl_rate": -0.2243174781874473,
  "last_12m_pnl_rate": -0.3251163170353441,
  "running_days": 409
}