{
  "timestamp": 1692921600,
  "pps": 0.4509,
  "pnl_rate": -0.5490999999999999,
  "last_day_pnl_rate": -0.004415985868845223,
  "last_1m_pnl_rate": -0.046319796954314665,
  "last_3m_pnl_rate": -0.05689186362685631,
  "last_6m_pnl_rate": -0.20279349363507773,
  "last_12m_pnl_rate": -0.4095849155427524,
  "running_days": 785
}