{
  "timestamp": 1634601600,
  "pps": 1.0391,
  "pnl_rate": 0.03909999999999991,
  "last_day_pnl_rate": -0.004407396761521663,
  "last_1m_pnl_rate": -0.05398761835396953,
  "last_3m_pnl_rate": 0.04222668004012028,
  "last_6m_pnl_rate": 0.03909999999999991,
  "last_12m_pnl_rate": 0.03909999999999991,
  "running_days": 111
}