{
  "timestamp": 1665187200,
  "pps": 0.6963,
  "pnl_rate": -0.30369999999999997,
  "last_day_pnl_rate": 0.0005747952291996939,
  "last_1m_pnl_rate": -0.08825455021605344,
  "last_3m_pnl_rate": -0.18618513323983168,
  "last_6m_pnl_rate": -0.21605494258049984,
  "last_12m_pnl_rate": -0.32828477715608717,
  "running_days": 465
}