{
  "timestamp": 1682467200,
  "pps": 0.4797,
  "pnl_rate": -0.5203,
  "last_day_pnl_rate": -0.0012492192379762429,
  "last_1m_pnl_rate": -0.12686567164179102,
  "last_3m_pnl_rate": -0.2518714909544604,
  "last_6m_pnl_rate": -0.2705291970802919,
  "last_12m_pnl_rate": -0.4605263157894737,
  "running_days": 664
}