{
  "timestamp": 1691280000,
  "pps": 0.4704,
  "pnl_rate": -0.5296000000000001,
  "last_day_pnl_rate": 0.00021263023601953858,
  "last_1m_pnl_rate": -0.010933557611438263,
  "last_3m_pnl_rate": -0.016105417276720435,
  "last_6m_pnl_rate": -0.2685429948686052,
  "last_12m_pnl_rate": -0.4320898225280696,
  "running_days": 766
}