{
  "timestamp": 1723161600,
  "pps": 0.7939,
  "pnl_rate": -0.20609999999999995,
  "last_day_pnl_rate": 0.12673857507805852,
  "last_1m_pnl_rate": -0.002262159105190289,
  "last_3m_pnl_rate": -0.015867112929217705,
  "last_6m_pnl_rate": 0.20671834625323,
  "last_12m_pnl_rate": 0.6809231420707179,
  "running_days": 1132
}