{
  "timestamp": 1702684800,
  "pps": 0.5753,
  "pnl_rate": -0.42469999999999997,
  "last_day_pnl_rate": -0.030502190765082583,
  "last_1m_pnl_rate": 0.09455859969558615,
  "last_3m_pnl_rate": 0.2770255271920089,
  "last_6m_pnl_rate": 0.20330474796067768,
  "last_12m_pnl_rate": 0.06300813008130085,
  "running_days": 898
}