{
  "timestamp": 1666569600,
  "pps": 0.6614,
  "pnl_rate": -0.3386,
  "last_day_pnl_rate": 0.001059482367186369,
  "last_1m_pnl_rate": -0.0694991558806978,
  "last_3m_pnl_rate": -0.2264327485380117,
  "last_6m_pnl_rate": -0.2561853351327036,
  "last_12m_pnl_rate": -0.42491957221111204,
  "running_days": 481
}