{
  "timestamp": 1680048000,
  "pps": 0.5346,
  "pnl_rate": -0.46540000000000004,
  "last_day_pnl_rate": -0.0024258257137527127,
  "last_1m_pnl_rate": -0.04722865799322772,
  "last_3m_pnl_rate": -0.011829944547135068,
  "last_6m_pnl_rate": -0.24852403710992418,
  "last_12m_pnl_rate": -0.4694323144104804,
  "running_days": 637
}