{
  "timestamp": 1643328000,
  "pps": 1.1324,
  "pnl_rate": 0.13240000000000007,
  "last_day_pnl_rate": 0.0,
  "last_1m_pnl_rate": 0.01360544217687084,
  "last_3m_pnl_rate": -0.11184313725490184,
  "last_6m_pnl_rate": 0.07305979342367117,
  "last_12m_pnl_rate": 0.13240000000000007,
  "running_days": 212
}