{
  "timestamp": 1659657600,
  "pps": 0.8252,
  "pnl_rate": -0.17479999999999996,
  "last_day_pnl_rate": 0.0,
  "last_1m_pnl_rate": -0.03586867624722508,
  "last_3m_pnl_rate": -0.07197480881691402,
  "last_6m_pnl_rate": -0.27128223242670435,
  "last_12m_pnl_rate": -0.2997878659312686,
  "running_days": 401
}