{
  "timestamp": 1683072000,
  "pps": 0.4794,
  "pnl_rate": -0.5206,
  "last_day_pnl_rate": 0.0002086375964948654,
  "last_1m_pnl_rate": -0.1100798217932058,
  "last_3m_pnl_rate": -0.2650620879963207,
  "last_6m_pnl_rate": -0.3222112257882087,
  "last_12m_pnl_rate": -0.460863697705803,
  "running_days": 671
}