{
  "timestamp": 1702339200,
  "pps": 0.5694,
  "pnl_rate": -0.4306,
  "last_day_pnl_rate": -0.05650372825186416,
  "last_1m_pnl_rate": 0.061521252796420636,
  "last_3m_pnl_rate": 0.2701316082980148,
  "last_6m_pnl_rate": 0.19096423342396984,
  "last_12m_pnl_rate": 0.04784688995215315,
  "running_days": 894
}