{
  "timestamp": 1701907200,
  "pps": 0.5974,
  "pnl_rate": -0.40259999999999996,
  "last_day_pnl_rate": -0.010107705053852518,
  "last_1m_pnl_rate": 0.1575276109281148,
  "last_3m_pnl_rate": 0.3319955406911929,
  "last_6m_pnl_rate": 0.24952938715749845,
  "last_12m_pnl_rate": -0.02225859247135834,
  "running_days": 889
}