{
  "timestamp": 1681084800,
  "pps": 0.5537,
  "pnl_rate": -0.44630000000000003,
  "last_day_pnl_rate": -0.00377833753148613,
  "last_1m_pnl_rate": -0.006816143497757893,
  "last_3m_pnl_rate": -0.04878886789211473,
  "last_6m_pnl_rate": -0.19660475914103318,
  "last_12m_pnl_rate": -0.3773054430949168,
  "running_days": 649
}