{
  "timestamp": 1720828800,
  "pps": 0.8002,
  "pnl_rate": -0.19979999999999998,
  "last_day_pnl_rate": 0.010353535353535333,
  "last_1m_pnl_rate": -0.12056269919771405,
  "last_3m_pnl_rate": -0.08212892865336086,
  "last_6m_pnl_rate": 0.3109436435124508,
  "last_12m_pnl_rate": 0.676513723025351,
  "running_days": 1105
}