{
  "timestamp": 1669766400,
  "pps": 0.6279,
  "pnl_rate": -0.3721,
  "last_day_pnl_rate": -0.0012724669953873436,
  "last_1m_pnl_rate": -0.12132661628883291,
  "last_3m_pnl_rate": -0.17781851512373972,
  "last_6m_pnl_rate": -0.2663862600771118,
  "last_12m_pnl_rate": -0.5033615439373567,
  "running_days": 518
}