{
  "timestamp": 1643414400,
  "pps": 1.1324,
  "pnl_rate": 0.13240000000000007,
  "last_day_pnl_rate": 0.0,
  "last_1m_pnl_rate": -0.0235405708372854,
  "last_3m_pnl_rate": -0.09761734002709367,
  "last_6m_pnl_rate": 0.08239342381953742,
  "last_12m_pnl_rate": 0.13240000000000007,
  "running_days": 213
}