{
  "timestamp": 1692748800,
  "pps": 0.4491,
  "pnl_rate": -0.5509,
  "last_day_pnl_rate": -0.004212860310421314,
  "last_1m_pnl_rate": -0.047305897327110706,
  "last_3m_pnl_rate": -0.060656766366868904,
  "last_6m_pnl_rate": -0.2488710486703462,
  "last_12m_pnl_rate": -0.41194186198769156,
  "running_days": 783
}