{
  "timestamp": 1709942400,
  "pps": 0.9591,
  "pnl_rate": -0.04090000000000005,
  "last_day_pnl_rate": 0.013847780126849896,
  "last_1m_pnl_rate": 0.5392392874337987,
  "last_3m_pnl_rate": 0.5942486702127658,
  "last_6m_pnl_rate": 1.1384615384615384,
  "last_12m_pnl_rate": 0.7203587443946188,
  "running_days": 979
}