{
  "timestamp": 1710374400,
  "pps": 1.0143,
  "pnl_rate": 0.01429999999999998,
  "last_day_pnl_rate": 0.016740176423416134,
  "last_1m_pnl_rate": 0.4865894767697493,
  "last_3m_pnl_rate": 0.7810359964881475,
  "last_6m_pnl_rate": 1.2625474012937767,
  "last_12m_pnl_rate": 0.8265802269043759,
  "running_days": 984
}