{
  "timestamp": 1690761600,
  "pps": 0.4722,
  "pnl_rate": -0.5278,
  "last_day_pnl_rate": -0.0021132713440405767,
  "last_1m_pnl_rate": -0.013166144200626902,
  "last_3m_pnl_rate": -0.015018773466833509,
  "last_6m_pnl_rate": -0.2688138742644782,
  "last_12m_pnl_rate": -0.42777508482792054,
  "running_days": 760
}