{
  "timestamp": 1710288000,
  "pps": 0.9976,
  "pnl_rate": -0.0023999999999999577,
  "last_day_pnl_rate": -0.013058963197467233,
  "last_1m_pnl_rate": 0.4540154496429092,
  "last_3m_pnl_rate": 0.752019669827889,
  "last_6m_pnl_rate": 1.2367713004484306,
  "last_12m_pnl_rate": 0.8046309696092622,
  "running_days": 983
}