{
  "timestamp": 1685318400,
  "pps": 0.4781,
  "pnl_rate": -0.5219,
  "last_day_pnl_rate": 0.0,
  "last_1m_pnl_rate": -0.0035431429762400567,
  "last_3m_pnl_rate": -0.1479237212618072,
  "last_6m_pnl_rate": -0.2385730211817168,
  "last_12m_pnl_rate": -0.44127614818277433,
  "running_days": 697
}