{
  "timestamp": 1667260800,
  "pps": 0.7146,
  "pnl_rate": -0.2854,
  "last_day_pnl_rate": 0.003510742873192049,
  "last_1m_pnl_rate": 0.006904325771452748,
  "last_3m_pnl_rate": -0.13402811439650997,
  "last_6m_pnl_rate": -0.1963562753036437,
  "last_12m_pnl_rate": -0.45908712436605853,
  "running_days": 489
}