{
  "timestamp": 1696723200,
  "pps": 0.4579,
  "pnl_rate": -0.5421,
  "last_day_pnl_rate": -0.0010907504363001756,
  "last_1m_pnl_rate": 0.020958751393533922,
  "last_3m_pnl_rate": -0.03842923141537177,
  "last_6m_pnl_rate": -0.14825148809523808,
  "last_12m_pnl_rate": -0.3356065002901916,
  "running_days": 829
}