{
  "timestamp": 1685750400,
  "pps": 0.4781,
  "pnl_rate": -0.5219,
  "last_day_pnl_rate": 0.0,
  "last_1m_pnl_rate": -0.0025036511579386166,
  "last_3m_pnl_rate": -0.14180577993178964,
  "last_6m_pnl_rate": -0.23674968071519786,
  "last_12m_pnl_rate": -0.4412108461898083,
  "running_days": 702
}