{
  "timestamp": 1735257600,
  "pps": 1.1586,
  "pnl_rate": 0.15860000000000007,
  "last_day_pnl_rate": -0.03946277565909457,
  "last_1m_pnl_rate": -0.02450113665066928,
  "last_3m_pnl_rate": 0.3945594607607127,
  "last_6m_pnl_rate": 0.3298898071625346,
  "last_12m_pnl_rate": 0.986284930567461,
  "running_days": 1272
}