{
  "timestamp": 1630281600,
  "pps": 1.2071,
  "pnl_rate": 0.20710000000000006,
  "last_day_pnl_rate": -8.283631544068008e-05,
  "last_1m_pnl_rate": 0.11975881261595546,
  "last_3m_pnl_rate": 0.20710000000000006,
  "last_6m_pnl_rate": 0.20710000000000006,
  "last_12m_pnl_rate": 0.20710000000000006,
  "running_days": 61
}