{
  "timestamp": 1639094400,
  "pps": 1.2632,
  "pnl_rate": 0.2632000000000001,
  "last_day_pnl_rate": -0.0022116903633490627,
  "last_1m_pnl_rate": -0.05632750634991776,
  "last_3m_pnl_rate": 0.14805053167318008,
  "last_6m_pnl_rate": 0.2632000000000001,
  "last_12m_pnl_rate": 0.2632000000000001,
  "running_days": 163
}