{
  "timestamp": 1693353600,
  "pps": 0.4608,
  "pnl_rate": -0.5392,
  "last_day_pnl_rate": 0.023317788141239196,
  "last_1m_pnl_rate": -0.02331496396778298,
  "last_3m_pnl_rate": -0.03618489855678736,
  "last_6m_pnl_rate": -0.17493285586392124,
  "last_12m_pnl_rate": -0.39662171009558733,
  "running_days": 790
}