{
  "benchmark": {
    "alpha": 0.0,
    "beta": 1.0,
    "sharpe_ratio": 0.663289102031198,
    "sortino_ratio": 0.9987802377246892,
    "annual_volatility": 0.9476885506921132,
    "annual_return": 0.24724004640756858,
    "daily_winning_ratio": 0.5,
    "max_drawdown": 0.1241978886358931
  },
  "strategy": {
    "alpha": 0.4489917677717792,
    "beta": 0.2024091787414905,
    "sharpe_ratio": 1.6356482912994184,
    "sortino_ratio": 2.800681531848385,
    "annual_volatility": 0.30464321116346077,
    "annual_return": 0.6306657754385459,
    "daily_winning_ratio": 0.5,
    "max_drawdown": 0.1241978886358931
  }
}