{
  "benchmark": {
    "alpha": 0.0,
    "beta": 1.0,
    "sharpe_ratio": 0.8893666261415688,
    "sortino_ratio": 1.350001827508436,
    "annual_volatility": 0.947500581600618,
    "annual_return": 0.5449352956094016,
    "daily_winning_ratio": 0.5027624309392266,
    "max_drawdown": 0.1369626716345823
  },
  "strategy": {
    "alpha": 0.3783417664183848,
    "beta": 0.19799714541018507,
    "sharpe_ratio": 1.608578064514614,
    "sortino_ratio": 2.7508277250467494,
    "annual_volatility": 0.3032924423088687,
    "annual_return": 0.6144207529128476,
    "daily_winning_ratio": 0.5027624309392266,
    "max_drawdown": 0.1369626716345823
  }
}