{
  "benchmark": {
    "alpha": 0.0,
    "beta": 1.0,
    "sharpe_ratio": 0.8207601597346292,
    "sortino_ratio": 1.2436902633157556,
    "annual_volatility": 0.9509945052645292,
    "annual_return": 0.44730893393248716,
    "daily_winning_ratio": 0.5027932960893855,
    "max_drawdown": 0.1350307044780239
  },
  "strategy": {
    "alpha": 0.37128346282171676,
    "beta": 0.19755082400298954,
    "sharpe_ratio": 1.5441414529085289,
    "sortino_ratio": 2.636296522593051,
    "annual_volatility": 0.3044279063071952,
    "annual_return": 0.585464734243696,
    "daily_winning_ratio": 0.5027932960893855,
    "max_drawdown": 0.1350307044780239
  }
}