{
  "timestamp": 1624060800,
  "pps": 1.3544,
  "pnl_rate": 0.35440000000000005,
  "last_day_pnl_rate": -0.03339994290608047,
  "last_1m_pnl_rate": 0.011803376662184398,
  "last_3m_pnl_rate": 0.014607835792943346,
  "last_6m_pnl_rate": 0.35440000000000005,
  "last_12m_pnl_rate": 0.35440000000000005,
  "running_days": 170
}