{
  "timestamp": 1624924800,
  "pps": 1.2508,
  "pnl_rate": 0.2507999999999999,
  "last_day_pnl_rate": -0.0022335673261009376,
  "last_1m_pnl_rate": -0.09897709263794856,
  "last_3m_pnl_rate": -0.0688602694855952,
  "last_6m_pnl_rate": 0.2507999999999999,
  "last_12m_pnl_rate": 0.2507999999999999,
  "running_days": 180
}