{
  "timestamp": 1623974400,
  "pps": 1.4012,
  "pnl_rate": 0.4012,
  "last_day_pnl_rate": -0.0036973833902162207,
  "last_1m_pnl_rate": 0.02757406864183051,
  "last_3m_pnl_rate": 0.047547846889952235,
  "last_6m_pnl_rate": 0.4012,
  "last_12m_pnl_rate": 0.4012,
  "running_days": 169
}