{
  "timestamp": 1624492800,
  "pps": 1.3087,
  "pnl_rate": 0.3087,
  "last_day_pnl_rate": 0.016308146307369657,
  "last_1m_pnl_rate": -0.03566428413528848,
  "last_3m_pnl_rate": -0.01259996982043152,
  "last_6m_pnl_rate": 0.3087,
  "last_12m_pnl_rate": 0.3087,
  "running_days": 175
}