{
  "timestamp": 1623888000,
  "pps": 1.4064,
  "pnl_rate": 0.4064000000000001,
  "last_day_pnl_rate": -0.024823186797947466,
  "last_1m_pnl_rate": 0.06127376999698171,
  "last_3m_pnl_rate": 0.05151401869158893,
  "last_6m_pnl_rate": 0.4064000000000001,
  "last_12m_pnl_rate": 0.4064000000000001,
  "running_days": 168
}