{
  "timestamp": 1625011200,
  "pps": 1.2681,
  "pnl_rate": 0.2681,
  "last_day_pnl_rate": 0.013831148065238323,
  "last_1m_pnl_rate": -0.08651491139605251,
  "last_3m_pnl_rate": -0.055700349988830125,
  "last_6m_pnl_rate": 0.26519006285543256,
  "last_12m_pnl_rate": 0.2681,
  "running_days": 181
}