{
  "benchmark": {
    "alpha": 0.0,
    "beta": 1.0,
    "sharpe_ratio": 1.5603433754724412,
    "sortino_ratio": 2.5071373487271127,
    "annual_volatility": 0.8834487857833969,
    "annual_return": 1.8032526866654868,
    "daily_winning_ratio": 0.5107913669064749,
    "max_drawdown": 0.4336567952134345
  },
  "strategy": {
    "alpha": -0.41727669563143865,
    "beta": 0.9759726054754333,
    "sharpe_ratio": 0.8198217191565358,
    "sortino_ratio": 1.3598157953346894,
    "annual_volatility": 0.9827973353907391,
    "annual_return": 0.4635904891742073,
    "daily_winning_ratio": 0.5107913669064749,
    "max_drawdown": 0.4336567952134345
  }
}