{
  "benchmark": {
    "alpha": 0.0,
    "beta": 1.0000000000000002,
    "sharpe_ratio": 0.7843446536690325,
    "sortino_ratio": 1.1925433071705256,
    "annual_volatility": 0.9325272193567277,
    "annual_return": 0.4026711610445739,
    "daily_winning_ratio": 0.5031446540880503,
    "max_drawdown": 0.4336567952134345
  },
  "strategy": {
    "alpha": 0.19518352193069433,
    "beta": 0.7428606810549684,
    "sharpe_ratio": 0.780586170405113,
    "sortino_ratio": 1.2909057447004988,
    "annual_volatility": 0.924546867323025,
    "annual_return": 0.4182214075289101,
    "daily_winning_ratio": 0.5031446540880503,
    "max_drawdown": 0.4336567952134345
  }
}