{
  "benchmark": {
    "alpha": 0.0,
    "beta": 1.0,
    "sharpe_ratio": 3.234953330538493,
    "sortino_ratio": 5.653217818410787,
    "annual_volatility": 0.8973728656050831,
    "annual_return": 11.66996219687138,
    "daily_winning_ratio": 0.55,
    "max_drawdown": 0.1942196286677207
  },
  "strategy": {
    "alpha": -0.4700003205955351,
    "beta": 1.0664215856131236,
    "sharpe_ratio": 2.3217961247363204,
    "sortino_ratio": 4.358832114843382,
    "annual_volatility": 1.0601496967959643,
    "annual_return": 6.1396512278169615,
    "daily_winning_ratio": 0.55,
    "max_drawdown": 0.1806393224208429
  }
}