{
  "benchmark": {
    "alpha": 0.0,
    "beta": 1.0,
    "sharpe_ratio": 2.7701809022713877,
    "sortino_ratio": 4.842408132935088,
    "annual_volatility": 0.8753595115118628,
    "annual_return": 7.0266513876219125,
    "daily_winning_ratio": 0.5206611570247934,
    "max_drawdown": 0.3643722660767258
  },
  "strategy": {
    "alpha": -0.6617638050826041,
    "beta": 1.0152302305706304,
    "sharpe_ratio": 1.3764851725118046,
    "sortino_ratio": 2.4397168113280374,
    "annual_volatility": 1.002141801877748,
    "annual_return": 1.561504033576007,
    "daily_winning_ratio": 0.5206611570247934,
    "max_drawdown": 0.3643722660767258
  }
}