{
  "benchmark": {
    "alpha": 0.0,
    "beta": 1.0,
    "sharpe_ratio": 2.8619926567087464,
    "sortino_ratio": 4.941812039218021,
    "annual_volatility": 0.8774078566344002,
    "annual_return": 7.72825607721898,
    "daily_winning_ratio": 0.5363636363636364,
    "max_drawdown": 0.3087636381919654
  },
  "strategy": {
    "alpha": -0.6790957902348764,
    "beta": 1.0620614119263805,
    "sharpe_ratio": 1.4718251036142753,
    "sortino_ratio": 2.6147642177491712,
    "annual_volatility": 1.0409760472036753,
    "annual_return": 1.8754371095491793,
    "daily_winning_ratio": 0.5363636363636364,
    "max_drawdown": 0.3087636381919654
  }
}