{
  "benchmark": {
    "alpha": 0.0,
    "beta": 0.9999999999999998,
    "sharpe_ratio": 2.698072804030861,
    "sortino_ratio": 4.7102936681583625,
    "annual_volatility": 0.8660827209076067,
    "annual_return": 6.410478951944403,
    "daily_winning_ratio": 0.5241935483870968,
    "max_drawdown": 0.3643722660767258
  },
  "strategy": {
    "alpha": -0.6385339295239081,
    "beta": 1.0129711074045993,
    "sharpe_ratio": 1.3645241859604176,
    "sortino_ratio": 2.4183411804762787,
    "annual_volatility": 0.9900114584093233,
    "annual_return": 1.517927183129507,
    "daily_winning_ratio": 0.5241935483870968,
    "max_drawdown": 0.3643722660767258
  }
}