{
  "benchmark": {
    "alpha": 0.0,
    "beta": 1.0,
    "sharpe_ratio": 2.423759553603049,
    "sortino_ratio": 4.159801578940877,
    "annual_volatility": 0.8723465171252086,
    "annual_return": 4.906360466097019,
    "daily_winning_ratio": 0.52,
    "max_drawdown": 0.3643722660767258
  },
  "strategy": {
    "alpha": -0.6175393077912622,
    "beta": 1.0083200917341342,
    "sharpe_ratio": 1.1820752895990776,
    "sortino_ratio": 2.074541728240304,
    "annual_volatility": 0.9915483395825518,
    "annual_return": 1.102924326099338,
    "daily_winning_ratio": 0.52,
    "max_drawdown": 0.3643722660767258
  }
}