{
  "benchmark": {
    "alpha": 0.0,
    "beta": 0.9999999999999997,
    "sharpe_ratio": 4.049495191073764,
    "sortino_ratio": 7.255311808591148,
    "annual_volatility": 0.9883439379203455,
    "annual_return": 33.7744311361533,
    "daily_winning_ratio": 0.5633802816901409,
    "max_drawdown": 0.1942196286677207
  },
  "strategy": {
    "alpha": -0.5314020341600189,
    "beta": 1.0775616748606576,
    "sharpe_ratio": 3.0291573938742116,
    "sortino_ratio": 5.982146874366106,
    "annual_volatility": 1.1737571362903116,
    "annual_return": 17.931606916102307,
    "daily_winning_ratio": 0.5633802816901409,
    "max_drawdown": 0.1806393224208429
  }
}