{
  "benchmark": {
    "alpha": 0.0,
    "beta": 0.9999999999999998,
    "sharpe_ratio": 3.4543012818047174,
    "sortino_ratio": 6.083904753488798,
    "annual_volatility": 0.8832461773274466,
    "annual_return": 13.851945900087225,
    "daily_winning_ratio": 0.5523809523809524,
    "max_drawdown": 0.1942196286677207
  },
  "strategy": {
    "alpha": -0.5941467744604905,
    "beta": 1.0461331178172866,
    "sharpe_ratio": 2.2124484645383755,
    "sortino_ratio": 4.150749734280337,
    "annual_volatility": 1.0355494535284058,
    "annual_return": 5.172759441552542,
    "daily_winning_ratio": 0.5523809523809524,
    "max_drawdown": 0.1806393224208429
  }
}