{
  "benchmark": {
    "alpha": 0.0,
    "beta": 1.0000000000000002,
    "sharpe_ratio": 2.6532325385363293,
    "sortino_ratio": 4.601445547689574,
    "annual_volatility": 0.8780002837261424,
    "annual_return": 6.281556053931042,
    "daily_winning_ratio": 0.5238095238095238,
    "max_drawdown": 0.3643722660767258
  },
  "strategy": {
    "alpha": -0.6254602214893852,
    "beta": 1.005726730442855,
    "sharpe_ratio": 1.370547408231447,
    "sortino_ratio": 2.420560141862075,
    "annual_volatility": 0.9938673063478445,
    "annual_return": 1.5357756988614657,
    "daily_winning_ratio": 0.5238095238095238,
    "max_drawdown": 0.3643722660767258
  }
}