{
  "benchmark": {
    "alpha": 0.0,
    "beta": 1.0,
    "sharpe_ratio": 1.071842725993909,
    "sortino_ratio": 1.6681987273600825,
    "annual_volatility": 0.9424173950930423,
    "annual_return": 0.8376779620771309,
    "daily_winning_ratio": 0.5,
    "max_drawdown": 0.4336567952134345
  },
  "strategy": {
    "alpha": 0.07977385701532458,
    "beta": 0.7196021326340946,
    "sharpe_ratio": 0.887001990634678,
    "sortino_ratio": 1.4711038991610572,
    "annual_volatility": 0.906025619545782,
    "annual_return": 0.5637890823905702,
    "daily_winning_ratio": 0.5,
    "max_drawdown": 0.4336567952134345
  }
}