{
  "benchmark": {
    "alpha": 0.0,
    "beta": 1.0000000000000004,
    "sharpe_ratio": 3.661140507464243,
    "sortino_ratio": 6.4934209817317035,
    "annual_volatility": 0.9556666788247193,
    "annual_return": 20.749849089014017,
    "daily_winning_ratio": 0.5555555555555556,
    "max_drawdown": 0.1942196286677207
  },
  "strategy": {
    "alpha": -0.560191670002153,
    "beta": 1.1102120843939378,
    "sharpe_ratio": 2.631618098384118,
    "sortino_ratio": 4.990242148424666,
    "annual_volatility": 1.1642839301934165,
    "annual_return": 10.68368324547804,
    "daily_winning_ratio": 0.5555555555555556,
    "max_drawdown": 0.1806393224208429
  }
}