{
  "benchmark": {
    "alpha": 0.0,
    "beta": 1.0,
    "sharpe_ratio": 2.694517235430809,
    "sortino_ratio": 4.615401661305554,
    "annual_volatility": 0.8752010416722165,
    "annual_return": 6.510331979047512,
    "daily_winning_ratio": 0.5357142857142857,
    "max_drawdown": 0.32616018904922317
  },
  "strategy": {
    "alpha": -0.6580352076319742,
    "beta": 1.0579816156810862,
    "sharpe_ratio": 1.3763259465679138,
    "sortino_ratio": 2.435632371944669,
    "annual_volatility": 1.0342807047690907,
    "annual_return": 1.5967891456797818,
    "daily_winning_ratio": 0.5357142857142857,
    "max_drawdown": 0.32616018904922317
  }
}