{
  "benchmark": {
    "alpha": 0.0,
    "beta": 1.0,
    "sharpe_ratio": 2.579850272886224,
    "sortino_ratio": 4.470718520253989,
    "annual_volatility": 0.8755075525316048,
    "annual_return": 5.8005345915514335,
    "daily_winning_ratio": 0.5196850393700787,
    "max_drawdown": 0.3643722660767258
  },
  "strategy": {
    "alpha": -0.6207230395345678,
    "beta": 1.0053508364371946,
    "sharpe_ratio": 1.3150030359103575,
    "sortino_ratio": 2.320786529642268,
    "annual_volatility": 0.990539195093171,
    "annual_return": 1.3969341681807808,
    "daily_winning_ratio": 0.5196850393700787,
    "max_drawdown": 0.3643722660767258
  }
}