{
  "benchmark": {
    "alpha": 0.0,
    "beta": 1.0,
    "sharpe_ratio": 4.256247347986125,
    "sortino_ratio": 7.693932345531105,
    "annual_volatility": 0.9841650195992879,
    "annual_return": 40.98591637156654,
    "daily_winning_ratio": 0.5616438356164384,
    "max_drawdown": 0.1942196286677207
  },
  "strategy": {
    "alpha": -0.4782935249014736,
    "beta": 1.088218116671528,
    "sharpe_ratio": 3.3155176528321513,
    "sortino_ratio": 6.655239884717374,
    "annual_volatility": 1.178793788436218,
    "annual_return": 25.695372597314616,
    "daily_winning_ratio": 0.5616438356164384,
    "max_drawdown": 0.1806393224208429
  }
}