{
  "benchmark": {
    "alpha": 0.0,
    "beta": 0.9999999999999998,
    "sharpe_ratio": 1.0697608130190486,
    "sortino_ratio": 1.6466709494224803,
    "annual_volatility": 0.9382454609558251,
    "annual_return": 0.8317991181416731,
    "daily_winning_ratio": 0.506578947368421,
    "max_drawdown": 0.4336567952134345
  },
  "strategy": {
    "alpha": 0.09077841253751484,
    "beta": 0.7561686195528322,
    "sharpe_ratio": 0.8962409298572593,
    "sortino_ratio": 1.485391553607036,
    "annual_volatility": 0.9437942404406995,
    "annual_return": 0.5783027903752285,
    "daily_winning_ratio": 0.506578947368421,
    "max_drawdown": 0.4336567952134345
  }
}