{
  "benchmark": {
    "alpha": 0.0,
    "beta": 0.9999999999999998,
    "sharpe_ratio": 3.2089951798906373,
    "sortino_ratio": 5.6291163403124145,
    "annual_volatility": 0.8752120893736208,
    "annual_return": 10.754447572464136,
    "daily_winning_ratio": 0.5462962962962963,
    "max_drawdown": 0.1942196286677207
  },
  "strategy": {
    "alpha": -0.6267334141756206,
    "beta": 1.0498160729496988,
    "sharpe_ratio": 1.9099195314204127,
    "sortino_ratio": 3.5391823698511122,
    "annual_volatility": 1.0284878833129907,
    "annual_return": 3.4877727710143036,
    "daily_winning_ratio": 0.5462962962962963,
    "max_drawdown": 0.1806393224208429
  }
}