{
  "benchmark": {
    "alpha": 0.0,
    "beta": 1.0,
    "sharpe_ratio": 1.1731809418208998,
    "sortino_ratio": 1.8200972934529243,
    "annual_volatility": 0.9384089387508826,
    "annual_return": 1.0188736561223006,
    "daily_winning_ratio": 0.5067567567567568,
    "max_drawdown": 0.4336567952134345
  },
  "strategy": {
    "alpha": -0.06470980844543206,
    "beta": 0.7785561585567212,
    "sharpe_ratio": 0.8270556252101169,
    "sortino_ratio": 1.370045268172174,
    "annual_volatility": 0.9554840462177917,
    "annual_return": 0.47751996353949,
    "daily_winning_ratio": 0.5067567567567568,
    "max_drawdown": 0.4336567952134345
  }
}