{
  "benchmark": {
    "alpha": 0.0,
    "beta": 1.0,
    "sharpe_ratio": 0.8208421367614385,
    "sortino_ratio": 1.2442204327155653,
    "annual_volatility": 0.9443198318034992,
    "annual_return": 0.44841866931600327,
    "daily_winning_ratio": 0.5,
    "max_drawdown": 0.4468801850268992
  },
  "strategy": {
    "alpha": 0.006357044711747806,
    "beta": 0.6853804220150432,
    "sharpe_ratio": 0.6125696673920351,
    "sortino_ratio": 1.0037786752352622,
    "annual_volatility": 0.8776161802792924,
    "annual_return": 0.22768906950588086,
    "daily_winning_ratio": 0.510989010989011,
    "max_drawdown": 0.4468801850268992
  }
}