{
  "benchmark": {
    "alpha": 0.0,
    "beta": 1.0,
    "sharpe_ratio": 0.9460975194116544,
    "sortino_ratio": 1.4478060257693155,
    "annual_volatility": 0.9302950157519899,
    "annual_return": 0.6307853742733422,
    "daily_winning_ratio": 0.5063291139240507,
    "max_drawdown": 0.4336567952134345
  },
  "strategy": {
    "alpha": 0.12913852917569613,
    "beta": 0.7468785562116559,
    "sharpe_ratio": 0.8404317944563057,
    "sortino_ratio": 1.3913969358620093,
    "annual_volatility": 0.9267143508461034,
    "annual_return": 0.4986584741771376,
    "daily_winning_ratio": 0.5063291139240507,
    "max_drawdown": 0.4336567952134345
  }
}