{
  "benchmark": {
    "alpha": 0.0,
    "beta": 0.9999999999999998,
    "sharpe_ratio": 1.127562847307125,
    "sortino_ratio": 1.7339842091862696,
    "annual_volatility": 0.9269757865410528,
    "annual_return": 0.9288304236665359,
    "daily_winning_ratio": 0.5104895104895105,
    "max_drawdown": 0.4336567952134345
  },
  "strategy": {
    "alpha": -0.03704681549636346,
    "beta": 0.8404180909624263,
    "sharpe_ratio": 0.8661647432633038,
    "sortino_ratio": 1.4370188554644923,
    "annual_volatility": 0.9705730678259765,
    "annual_return": 0.5326609036403296,
    "daily_winning_ratio": 0.5104895104895105,
    "max_drawdown": 0.4336567952134345
  }
}