{
  "benchmark": {
    "alpha": 0.0,
    "beta": 0.9999999999999997,
    "sharpe_ratio": 3.337242542422868,
    "sortino_ratio": 5.837187465557619,
    "annual_volatility": 0.9542608036645864,
    "annual_return": 14.94099050806967,
    "daily_winning_ratio": 0.5542168674698795,
    "max_drawdown": 0.1942196286677207
  },
  "strategy": {
    "alpha": -0.5212443359092479,
    "beta": 1.1054100186617417,
    "sharpe_ratio": 2.4072923162427267,
    "sortino_ratio": 4.521768188253001,
    "annual_volatility": 1.1566797403610432,
    "annual_return": 7.920246869746608,
    "daily_winning_ratio": 0.5542168674698795,
    "max_drawdown": 0.1806393224208429
  }
}