{
  "benchmark": {
    "alpha": 0.0,
    "beta": 1.0,
    "sharpe_ratio": 2.91735760989161,
    "sortino_ratio": 5.037894013596007,
    "annual_volatility": 0.8808665297985546,
    "annual_return": 8.225069245047624,
    "daily_winning_ratio": 0.5412844036697247,
    "max_drawdown": 0.30267987329679713
  },
  "strategy": {
    "alpha": -0.6854093136407113,
    "beta": 1.0624915278344786,
    "sharpe_ratio": 1.5071537396468218,
    "sortino_ratio": 2.677939602245908,
    "annual_volatility": 1.045507719538267,
    "annual_return": 1.9898938602133414,
    "daily_winning_ratio": 0.5412844036697247,
    "max_drawdown": 0.30267987329679713
  }
}