{
  "benchmark": {
    "alpha": 0.0,
    "beta": 1.0,
    "sharpe_ratio": 3.4305128207233975,
    "sortino_ratio": 6.032219934240331,
    "annual_volatility": 0.9389802785278327,
    "annual_return": 15.756126730258515,
    "daily_winning_ratio": 0.550561797752809,
    "max_drawdown": 0.1942196286677207
  },
  "strategy": {
    "alpha": -0.5439913558147671,
    "beta": 1.088758345913249,
    "sharpe_ratio": 2.4240161494997388,
    "sortino_ratio": 4.551418831989923,
    "annual_volatility": 1.1232150359273985,
    "annual_return": 7.685646915213619,
    "daily_winning_ratio": 0.550561797752809,
    "max_drawdown": 0.1806393224208429
  }
}