{
  "benchmark": {
    "alpha": 0.0,
    "beta": 1.0,
    "sharpe_ratio": 1.8446391113724803,
    "sortino_ratio": 2.9944598022436772,
    "annual_volatility": 0.8856843646801659,
    "annual_return": 2.6090794203870753,
    "daily_winning_ratio": 0.5220588235294118,
    "max_drawdown": 0.4336567952134345
  },
  "strategy": {
    "alpha": -0.5698968698638129,
    "beta": 0.9944990292991249,
    "sharpe_ratio": 0.7870832952548408,
    "sortino_ratio": 1.3055073272185345,
    "annual_volatility": 0.9935732097831266,
    "annual_return": 0.4150713626178739,
    "daily_winning_ratio": 0.5220588235294118,
    "max_drawdown": 0.4336567952134345
  }
}