{
  "benchmark": {
    "alpha": 0.0,
    "beta": 0.9999999999999998,
    "sharpe_ratio": 1.206250918668484,
    "sortino_ratio": 1.8717488943928153,
    "annual_volatility": 0.9466768080627874,
    "annual_return": 1.0871983076049747,
    "daily_winning_ratio": 0.5103448275862069,
    "max_drawdown": 0.4336567952134345
  },
  "strategy": {
    "alpha": -0.08770836879744814,
    "beta": 0.7817939946847652,
    "sharpe_ratio": 0.8298139724507666,
    "sortino_ratio": 1.3747981464772463,
    "annual_volatility": 0.965240205372022,
    "annual_return": 0.48023734915490857,
    "daily_winning_ratio": 0.5103448275862069,
    "max_drawdown": 0.4336567952134345
  }
}