{
  "benchmark": {
    "alpha": 0.0,
    "beta": 1.0,
    "sharpe_ratio": 3.2964513761828917,
    "sortino_ratio": 5.77522330655311,
    "annual_volatility": 0.9051013786816444,
    "annual_return": 12.63686339605508,
    "daily_winning_ratio": 0.5463917525773195,
    "max_drawdown": 0.1942196286677207
  },
  "strategy": {
    "alpha": -0.4939160988437351,
    "beta": 1.0789857955700721,
    "sharpe_ratio": 2.358939970518821,
    "sortino_ratio": 4.428442073907949,
    "annual_volatility": 1.076275238134924,
    "annual_return": 6.588828663338807,
    "daily_winning_ratio": 0.5463917525773195,
    "max_drawdown": 0.1806393224208429
  }
}