{
  "benchmark": {
    "alpha": 0.0,
    "beta": 1.0000000000000002,
    "sharpe_ratio": 3.32811613674828,
    "sortino_ratio": 5.8213587534858,
    "annual_volatility": 0.8893465804817948,
    "annual_return": 12.497560645070381,
    "daily_winning_ratio": 0.5588235294117647,
    "max_drawdown": 0.1942196286677207
  },
  "strategy": {
    "alpha": -0.5149667947153596,
    "beta": 1.063927159742464,
    "sharpe_ratio": 2.3114057779929627,
    "sortino_ratio": 4.339234267295739,
    "annual_volatility": 1.0496824847171453,
    "annual_return": 5.964865517185163,
    "daily_winning_ratio": 0.5588235294117647,
    "max_drawdown": 0.1806393224208429
  }
}