{
  "benchmark": {
    "alpha": 0.0,
    "beta": 1.0,
    "sharpe_ratio": 1.3647269291404434,
    "sortino_ratio": 2.126145573325059,
    "annual_volatility": 0.923589999228102,
    "annual_return": 1.3991840819687105,
    "daily_winning_ratio": 0.5106382978723404,
    "max_drawdown": 0.4336567952134345
  },
  "strategy": {
    "alpha": -0.2401136968811296,
    "beta": 0.8624449112386979,
    "sharpe_ratio": 0.8315594465119921,
    "sortino_ratio": 1.37926114100362,
    "annual_volatility": 0.9771807550204699,
    "annual_return": 0.4812649891747851,
    "daily_winning_ratio": 0.5106382978723404,
    "max_drawdown": 0.4336567952134345
  }
}