{
  "benchmark": {
    "alpha": 0.0,
    "beta": 1.0,
    "sharpe_ratio": 0.6630750751316512,
    "sortino_ratio": 0.9984453470847011,
    "annual_volatility": 0.9463927562848965,
    "annual_return": 0.24737128352482074,
    "daily_winning_ratio": 0.5,
    "max_drawdown": 0.4468801850268992
  },
  "strategy": {
    "alpha": 0.12723467582651882,
    "beta": 0.6981234312730403,
    "sharpe_ratio": 0.6286420875517571,
    "sortino_ratio": 1.0301799383932262,
    "annual_volatility": 0.8874367755768411,
    "annual_return": 0.24251152953896038,
    "daily_winning_ratio": 0.5,
    "max_drawdown": 0.4468801850268992
  }
}