{
  "timestamp": 1623283200,
  "pps": 1.2148,
  "pnl_rate": 0.2148000000000001,
  "last_day_pnl_rate": 0.0454388984509468,
  "last_1m_pnl_rate": -0.10505377928392504,
  "last_3m_pnl_rate": -0.30328056893782973,
  "last_6m_pnl_rate": 0.2148000000000001,
  "last_12m_pnl_rate": 0.2148000000000001,
  "running_days": 161
}