{
  "timestamp": 1622505600,
  "pps": 1.2093,
  "pnl_rate": 0.20930000000000004,
  "last_day_pnl_rate": 0.011120401337792718,
  "last_1m_pnl_rate": -0.10989253643456498,
  "last_3m_pnl_rate": -0.25567797131778175,
  "last_6m_pnl_rate": 0.20930000000000004,
  "last_12m_pnl_rate": 0.20930000000000004,
  "running_days": 152
}