{
  "timestamp": 1621987200,
  "pps": 1.174,
  "pnl_rate": 0.17399999999999993,
  "last_day_pnl_rate": 0.004620913914085101,
  "last_1m_pnl_rate": -0.11934588552996776,
  "last_3m_pnl_rate": -0.24661490085349425,
  "last_6m_pnl_rate": 0.17399999999999993,
  "last_12m_pnl_rate": 0.17399999999999993,
  "running_days": 146
}