{
  "timestamp": 1623628800,
  "pps": 1.2414,
  "pnl_rate": 0.24140000000000006,
  "last_day_pnl_rate": 0.04547751389590706,
  "last_1m_pnl_rate": 0.09076531060539511,
  "last_3m_pnl_rate": -0.2749255300508147,
  "last_6m_pnl_rate": 0.24140000000000006,
  "last_12m_pnl_rate": 0.24140000000000006,
  "running_days": 165
}