{
  "timestamp": 1623715200,
  "pps": 1.2654,
  "pnl_rate": 0.2654000000000001,
  "last_day_pnl_rate": 0.01933301111648141,
  "last_1m_pnl_rate": 0.10961066292528937,
  "last_3m_pnl_rate": -0.30396039603960395,
  "last_6m_pnl_rate": 0.2654000000000001,
  "last_12m_pnl_rate": 0.2654000000000001,
  "running_days": 166
}