{
  "timestamp": 1616544000,
  "pps": 1.6448,
  "pnl_rate": 0.6448,
  "last_day_pnl_rate": 0.004028812110853338,
  "last_1m_pnl_rate": -0.11369759672378482,
  "last_3m_pnl_rate": 0.6448,
  "last_6m_pnl_rate": 0.6448,
  "last_12m_pnl_rate": 0.6448,
  "running_days": 83
}