{
  "timestamp": 1618099200,
  "pps": 1.7171,
  "pnl_rate": 0.7171000000000001,
  "last_day_pnl_rate": 0.0021009629413481458,
  "last_1m_pnl_rate": -0.015198440009176398,
  "last_3m_pnl_rate": 0.4337842351369406,
  "last_6m_pnl_rate": 0.7171000000000001,
  "last_12m_pnl_rate": 0.7171000000000001,
  "running_days": 101
}