{
  "timestamp": 1615852800,
  "pps": 1.6448,
  "pnl_rate": 0.6448,
  "last_day_pnl_rate": -0.09452243325075693,
  "last_1m_pnl_rate": 0.024925224327018967,
  "last_3m_pnl_rate": 0.6448,
  "last_6m_pnl_rate": 0.6448,
  "last_12m_pnl_rate": 0.6448,
  "running_days": 75
}