{
  "timestamp": 1622332800,
  "pps": 1.1865,
  "pnl_rate": 0.1865000000000001,
  "last_day_pnl_rate": -0.011826434579828425,
  "last_1m_pnl_rate": -0.1313419723259388,
  "last_3m_pnl_rate": -0.2629519194931046,
  "last_6m_pnl_rate": 0.1865000000000001,
  "last_12m_pnl_rate": 0.1865000000000001,
  "running_days": 150
}