{
  "timestamp": 1621468800,
  "pps": 1.187,
  "pnl_rate": 0.18700000000000006,
  "last_day_pnl_rate": 0.026727791713519723,
  "last_1m_pnl_rate": -0.14665708123652046,
  "last_3m_pnl_rate": -0.3856107660455486,
  "last_6m_pnl_rate": 0.18700000000000006,
  "last_12m_pnl_rate": 0.18700000000000006,
  "running_days": 140
}