{
  "timestamp": 1622160000,
  "pps": 1.1715,
  "pnl_rate": 0.17149999999999999,
  "last_day_pnl_rate": 0.005406797116374848,
  "last_1m_pnl_rate": -0.12763422443964553,
  "last_3m_pnl_rate": -0.2344638306214468,
  "last_6m_pnl_rate": 0.17149999999999999,
  "last_12m_pnl_rate": 0.17149999999999999,
  "running_days": 148
}