{
  "timestamp": 1624060800,
  "pps": 1.1825,
  "pnl_rate": 0.1825000000000001,
  "last_day_pnl_rate": -0.03382629299779384,
  "last_1m_pnl_rate": 0.015980754360340382,
  "last_3m_pnl_rate": -0.3146913937988988,
  "last_6m_pnl_rate": 0.1825000000000001,
  "last_12m_pnl_rate": 0.1825000000000001,
  "running_days": 170
}