{
  "timestamp": 1624752000,
  "pps": 1.1117,
  "pnl_rate": 0.11169999999999991,
  "last_day_pnl_rate": -0.0008987148377820723,
  "last_1m_pnl_rate": -0.0741234280003333,
  "last_3m_pnl_rate": -0.3437426210153483,
  "last_6m_pnl_rate": 0.11169999999999991,
  "last_12m_pnl_rate": 0.11169999999999991,
  "running_days": 178
}