{
  "timestamp": 1618790400,
  "pps": 1.3869,
  "pnl_rate": 0.3869,
  "last_day_pnl_rate": -0.11056243186045013,
  "last_1m_pnl_rate": -0.2159534173780315,
  "last_3m_pnl_rate": 0.14838122050178026,
  "last_6m_pnl_rate": 0.3869,
  "last_12m_pnl_rate": 0.3869,
  "running_days": 109
}