{
  "timestamp": 1624838400,
  "pps": 1.1095,
  "pnl_rate": 0.10949999999999993,
  "last_day_pnl_rate": -0.0019789511558873617,
  "last_1m_pnl_rate": -0.06489675516224204,
  "last_3m_pnl_rate": -0.3517003622764988,
  "last_6m_pnl_rate": 0.10949999999999993,
  "last_12m_pnl_rate": 0.10949999999999993,
  "running_days": 179
}