{
  "timestamp": 1619222400,
  "pps": 1.2942,
  "pnl_rate": 0.2942,
  "last_day_pnl_rate": -0.007286952519751525,
  "last_1m_pnl_rate": -0.17896339529277422,
  "last_3m_pnl_rate": 0.15368158316990563,
  "last_6m_pnl_rate": 0.2942,
  "last_12m_pnl_rate": 0.2942,
  "running_days": 114
}