{
  "timestamp": 1622678400,
  "pps": 1.2116,
  "pnl_rate": 0.2116,
  "last_day_pnl_rate": 0.005644090305444818,
  "last_1m_pnl_rate": -0.06070238002945967,
  "last_3m_pnl_rate": -0.238657785597587,
  "last_6m_pnl_rate": 0.2116,
  "last_12m_pnl_rate": 0.2116,
  "running_days": 154
}