{
  "timestamp": 1616112000,
  "pps": 1.7427,
  "pnl_rate": 0.7426999999999999,
  "last_day_pnl_rate": -0.0414191419141915,
  "last_1m_pnl_rate": -0.03226343847179034,
  "last_3m_pnl_rate": 0.7426999999999999,
  "last_6m_pnl_rate": 0.7426999999999999,
  "last_12m_pnl_rate": 0.7426999999999999,
  "running_days": 78
}