{
  "timestamp": 1616889600,
  "pps": 1.6663,
  "pnl_rate": 0.6662999999999999,
  "last_day_pnl_rate": 0.00920598388952812,
  "last_1m_pnl_rate": 0.08582040922716012,
  "last_3m_pnl_rate": 0.6662999999999999,
  "last_6m_pnl_rate": 0.6662999999999999,
  "last_12m_pnl_rate": 0.6662999999999999,
  "running_days": 87
}