{
  "timestamp": 1624320000,
  "pps": 1.1001,
  "pnl_rate": 0.10010000000000008,
  "last_day_pnl_rate": -0.06660444595282539,
  "last_1m_pnl_rate": -0.08447070572569901,
  "last_3m_pnl_rate": -0.31114589855979957,
  "last_6m_pnl_rate": 0.10010000000000008,
  "last_12m_pnl_rate": 0.10010000000000008,
  "running_days": 173
}