{
  "timestamp": 1623974400,
  "pps": 1.2239,
  "pnl_rate": 0.2239,
  "last_day_pnl_rate": -0.003744403744403694,
  "last_1m_pnl_rate": 0.031086773378264473,
  "last_3m_pnl_rate": -0.30810107976708684,
  "last_6m_pnl_rate": 0.2239,
  "last_12m_pnl_rate": 0.2239,
  "running_days": 169
}