{
  "timestamp": 1620259200,
  "pps": 1.3788,
  "pnl_rate": 0.3788,
  "last_day_pnl_rate": 0.06892007132335838,
  "last_1m_pnl_rate": -0.1953781512605042,
  "last_3m_pnl_rate": 0.208307773201297,
  "last_6m_pnl_rate": 0.3788,
  "last_12m_pnl_rate": 0.3788,
  "running_days": 126
}