{
  "timestamp": 1617494400,
  "pps": 1.701,
  "pnl_rate": 0.7010000000000001,
  "last_day_pnl_rate": -0.009376273950264984,
  "last_1m_pnl_rate": 0.06887017720246333,
  "last_3m_pnl_rate": 0.5436972502041927,
  "last_6m_pnl_rate": 0.7010000000000001,
  "last_12m_pnl_rate": 0.7010000000000001,
  "running_days": 94
}