{
  "timestamp": 1615507200,
  "pps": 1.7719,
  "pnl_rate": 0.7719,
  "last_day_pnl_rate": 0.05013927576601672,
  "last_1m_pnl_rate": 0.24896031578205396,
  "last_3m_pnl_rate": 0.7719,
  "last_6m_pnl_rate": 0.7719,
  "last_12m_pnl_rate": 0.7719,
  "running_days": 71
}