{
  "timestamp": 1616457600,
  "pps": 1.6382,
  "pnl_rate": 0.6382000000000001,
  "last_day_pnl_rate": -0.05059403071573453,
  "last_1m_pnl_rate": -0.17632862386243642,
  "last_3m_pnl_rate": 0.6382000000000001,
  "last_6m_pnl_rate": 0.6382000000000001,
  "last_12m_pnl_rate": 0.6382000000000001,
  "running_days": 82
}