{
  "timestamp": 1616284800,
  "pps": 1.7689,
  "pnl_rate": 0.7688999999999999,
  "last_day_pnl_rate": 0.0016988504445324716,
  "last_1m_pnl_rate": -0.08442028985507248,
  "last_3m_pnl_rate": 0.7688999999999999,
  "last_6m_pnl_rate": 0.7688999999999999,
  "last_12m_pnl_rate": 0.7688999999999999,
  "running_days": 80
}