{
  "timestamp": 1624665600,
  "pps": 1.1127,
  "pnl_rate": 0.11270000000000002,
  "last_day_pnl_rate": -0.0035819826273842605,
  "last_1m_pnl_rate": -0.050192061459667064,
  "last_3m_pnl_rate": -0.33050541516245485,
  "last_6m_pnl_rate": 0.11270000000000002,
  "last_12m_pnl_rate": 0.11270000000000002,
  "running_days": 177
}