{
  "timestamp": 1621296000,
  "pps": 1.1518,
  "pnl_rate": 0.15179999999999993,
  "last_day_pnl_rate": 0.009996492458786263,
  "last_1m_pnl_rate": -0.16951474511500475,
  "last_3m_pnl_rate": -0.36039537983118614,
  "last_6m_pnl_rate": 0.15179999999999993,
  "last_12m_pnl_rate": 0.15179999999999993,
  "running_days": 138
}