{
  "timestamp": 1617840000,
  "pps": 1.7064,
  "pnl_rate": 0.7063999999999999,
  "last_day_pnl_rate": -0.004201680672268963,
  "last_1m_pnl_rate": 0.018685451614828895,
  "last_3m_pnl_rate": 0.1750447596749759,
  "last_6m_pnl_rate": 0.7063999999999999,
  "last_12m_pnl_rate": 0.7063999999999999,
  "running_days": 98
}