{
  "timestamp": 1621555200,
  "pps": 1.1639,
  "pnl_rate": 0.16389999999999993,
  "last_day_pnl_rate": -0.019460825610783588,
  "last_1m_pnl_rate": -0.13154753021937032,
  "last_3m_pnl_rate": -0.39738013875944916,
  "last_6m_pnl_rate": 0.16389999999999993,
  "last_12m_pnl_rate": 0.16389999999999993,
  "running_days": 141
}