{
  "timestamp": 1622419200,
  "pps": 1.196,
  "pnl_rate": 0.19599999999999995,
  "last_day_pnl_rate": 0.008006742520016723,
  "last_1m_pnl_rate": -0.12438685116040703,
  "last_3m_pnl_rate": -0.24514011613228986,
  "last_6m_pnl_rate": 0.19599999999999995,
  "last_12m_pnl_rate": 0.19599999999999995,
  "running_days": 151
}