{
  "timestamp": 1624406400,
  "pps": 1.1182,
  "pnl_rate": 0.11820000000000008,
  "last_day_pnl_rate": 0.01645304972275248,
  "last_1m_pnl_rate": -0.04312852986479548,
  "last_3m_pnl_rate": -0.29061726828649365,
  "last_6m_pnl_rate": 0.11820000000000008,
  "last_12m_pnl_rate": 0.11820000000000008,
  "running_days": 174
}