{
  "timestamp": 1618617600,
  "pps": 1.6191,
  "pnl_rate": 0.6191,
  "last_day_pnl_rate": -0.04607317504271493,
  "last_1m_pnl_rate": -0.07092442761232566,
  "last_3m_pnl_rate": 0.34420921544209226,
  "last_6m_pnl_rate": 0.6191,
  "last_12m_pnl_rate": 0.6191,
  "running_days": 107
}