{
  "timestamp": 1619049600,
  "pps": 1.3402,
  "pnl_rate": 0.34020000000000006,
  "last_day_pnl_rate": -0.03652048885693742,
  "last_1m_pnl_rate": -0.1851896887159533,
  "last_3m_pnl_rate": 0.17861225925600216,
  "last_6m_pnl_rate": 0.34020000000000006,
  "last_12m_pnl_rate": 0.34020000000000006,
  "running_days": 112
}