{
  "timestamp": 1621728000,
  "pps": 1.1821,
  "pnl_rate": 0.18209999999999993,
  "last_day_pnl_rate": -0.0012673200405542893,
  "last_1m_pnl_rate": -0.08661721526811937,
  "last_3m_pnl_rate": -0.3630240327621511,
  "last_6m_pnl_rate": 0.18209999999999993,
  "last_12m_pnl_rate": 0.18209999999999993,
  "running_days": 143
}