{
  "timestamp": 1616025600,
  "pps": 1.818,
  "pnl_rate": 0.8180000000000001,
  "last_day_pnl_rate": 0.0618538636761872,
  "last_1m_pnl_rate": 0.11629620532973106,
  "last_3m_pnl_rate": 0.8180000000000001,
  "last_6m_pnl_rate": 0.8180000000000001,
  "last_12m_pnl_rate": 0.8180000000000001,
  "running_days": 77
}