{
  "timestamp": 1622764800,
  "pps": 1.2279,
  "pnl_rate": 0.2279,
  "last_day_pnl_rate": 0.013453284912512365,
  "last_1m_pnl_rate": -0.1094429939077459,
  "last_3m_pnl_rate": -0.22977041776439597,
  "last_6m_pnl_rate": 0.2279,
  "last_12m_pnl_rate": 0.2279,
  "running_days": 155
}