{
  "timestamp": 1621641600,
  "pps": 1.1836,
  "pnl_rate": 0.18359999999999999,
  "last_day_pnl_rate": 0.016925852736489434,
  "last_1m_pnl_rate": -0.09212242080233189,
  "last_3m_pnl_rate": -0.4048971793453668,
  "last_6m_pnl_rate": 0.18359999999999999,
  "last_12m_pnl_rate": 0.18359999999999999,
  "running_days": 142
}