{
  "timestamp": 1620777600,
  "pps": 1.3574,
  "pnl_rate": 0.35739999999999994,
  "last_day_pnl_rate": 0.01723621103117499,
  "last_1m_pnl_rate": -0.21351179094964948,
  "last_3m_pnl_rate": -0.13957910750507097,
  "last_6m_pnl_rate": 0.35739999999999994,
  "last_12m_pnl_rate": 0.35739999999999994,
  "running_days": 132
}