{
  "timestamp": 1615420800,
  "pps": 1.6873,
  "pnl_rate": 0.6873,
  "last_day_pnl_rate": 0.007283147274789558,
  "last_1m_pnl_rate": 0.12232273513369692,
  "last_3m_pnl_rate": 0.6873,
  "last_6m_pnl_rate": 0.6873,
  "last_12m_pnl_rate": 0.6873,
  "running_days": 70
}