{
  "timestamp": 1615593600,
  "pps": 1.7436,
  "pnl_rate": 0.7436,
  "last_day_pnl_rate": -0.015971555956882436,
  "last_1m_pnl_rate": 0.10522312373225162,
  "last_3m_pnl_rate": 0.7436,
  "last_6m_pnl_rate": 0.7436,
  "last_12m_pnl_rate": 0.7436,
  "running_days": 72
}