{
  "timestamp": 1621382400,
  "pps": 1.1561,
  "pnl_rate": 0.1560999999999999,
  "last_day_pnl_rate": 0.0037332870289980644,
  "last_1m_pnl_rate": -0.1590776840267676,
  "last_3m_pnl_rate": -0.3512709724482353,
  "last_6m_pnl_rate": 0.1560999999999999,
  "last_12m_pnl_rate": 0.1560999999999999,
  "running_days": 139
}