{
  "timestamp": 1618272000,
  "pps": 1.7259,
  "pnl_rate": 0.7259,
  "last_day_pnl_rate": 0.0033718969827335778,
  "last_1m_pnl_rate": -0.04987613542526838,
  "last_3m_pnl_rate": 0.32863741339491925,
  "last_6m_pnl_rate": 0.7259,
  "last_12m_pnl_rate": 0.7259,
  "running_days": 103
}