{
  "timestamp": 1616972400,
  "pps": 1.662,
  "pnl_rate": 0.6619999999999999,
  "last_day_pnl_rate": -0.0025805677248994605,
  "last_1m_pnl_rate": 0.0860615565575377,
  "last_3m_pnl_rate": 0.6619999999999999,
  "last_6m_pnl_rate": 0.6619999999999999,
  "last_12m_pnl_rate": 0.6619999999999999,
  "running_days": 88
}