{
  "timestamp": 1615939200,
  "pps": 1.7121,
  "pnl_rate": 0.7121,
  "last_day_pnl_rate": 0.040916828793774264,
  "last_1m_pnl_rate": 0.09560376271837204,
  "last_3m_pnl_rate": 0.7121,
  "last_6m_pnl_rate": 0.7121,
  "last_12m_pnl_rate": 0.7121,
  "running_days": 76
}