{
  "timestamp": 1619740800,
  "pps": 1.3309,
  "pnl_rate": 0.33089999999999997,
  "last_day_pnl_rate": -0.00893588502494602,
  "last_1m_pnl_rate": -0.22260514018691588,
  "last_3m_pnl_rate": 0.16776344652101435,
  "last_6m_pnl_rate": 0.33089999999999997,
  "last_12m_pnl_rate": 0.33089999999999997,
  "running_days": 120
}