{
  "syj": [
    44725.9852,
    7571.985199999999,
    0.0,
    44725.9852,
    37154.0
  ],
  "cl": [
    20099.8486,
    3402.8486,
    1020.8545799999999,
    19078.994020000002,
    16697.0
  ],
  "zb": [
    19213.8518,
    3252.8518,
    975.8555399999999,
    18237.99626,
    15961.0
  ],
  "zy": [
    10051.73,
    1701.7299999999998,
    510.5189999999999,
    9541.211,
    8350.0
  ],
  "lbc": [
    42862.5028,
    7256.502799999999,
    0.0,
    42862.5028,
    35606.0
  ],
  "lz": [
    33693.1582,
    5704.1582,
    0.0,
    33693.1582,
    27989.0
  ],
  "house": [
    82091.9372,
    13897.937199999998,
    0.0,
    82091.9372,
    68194.0
  ],
  "lhx": [
    6703.9622,
    1134.9622,
    340.48866,
    6363.47354,
    5569.0
  ],
  "sey": [
    8113.612,
    1373.6119999999999,
    412.08359999999993,
    7701.5284,
    6740.0
  ],
  "miao": [
    39513.5312,
    6689.531199999999,
    2006.8593599999997,
    37506.671839999995,
    32824.0
  ],
  "hmk": [
    2540.018,
    430.018,
    129.00539999999998,
    2411.0126,
    2110.0
  ],
  "wzm": [
    21685.2532,
    1735.2510999999977,
    520.5753299999993,
    21164.67787,
    18014.0
  ]
}