{
  "syj": [
    30296.0875,
    -16258.295800000002,
    0.0,
    30296.0875,
    49463.0
  ],
  "cl": [
    16606.7125,
    -10027.151500000002,
    0.0,
    16606.7125,
    27113.0
  ],
  "zb": [
    9776.112500000001,
    -6184.887499999999,
    0.0,
    9776.112500000001,
    15961.0
  ],
  "zy": [
    5114.375,
    -3235.6249999999995,
    0.0,
    5114.375,
    8350.0
  ],
  "lbc": [
    21808.675000000003,
    -13797.324999999999,
    0.0,
    21808.675000000003,
    35606.0
  ],
  "lz": [
    17143.2625,
    -10845.7375,
    0.0,
    17143.2625,
    27989.0
  ],
  "house": [
    41768.825000000004,
    -26425.174999999996,
    0.0,
    41768.825000000004,
    68194.0
  ],
  "lhx": [
    0.0,
    0.0,
    0.0,
    0.0,
    0.0
  ],
  "sey": [
    0.0,
    0.0,
    0.0,
    0.0,
    0.0
  ],
  "miao": [
    59.4125,
    -37.5875,
    0.0,
    59.4125,
    97.0
  ],
  "hmk": [
    1292.375,
    -817.6249999999999,
    0.0,
    1292.375,
    2110.0
  ],
  "wzm": [
    15875.3875,
    -14068.115600000003,
    0.0,
    15875.3875,
    25919.0
  ],
  "lly": [
    4849.1625,
    -5142.0914999999995,
    0.0,
    4849.1625,
    7917.0
  ]
}