{
  "syj": [
    35337.1694,
    -1816.830600000002,
    0.0,
    35337.1694,
    37154.0
  ],
  "cl": [
    15880.516699999998,
    -816.4833000000009,
    0.0,
    15880.516699999998,
    16697.0
  ],
  "zb": [
    15180.507099999999,
    -780.4929000000009,
    0.0,
    15180.507099999999,
    15961.0
  ],
  "zy": [
    7941.6849999999995,
    -408.31500000000045,
    0.0,
    7941.6849999999995,
    8350.0
  ],
  "lbc": [
    33864.8666,
    -1741.133400000002,
    0.0,
    33864.8666,
    35606.0
  ],
  "lz": [
    26620.3379,
    -1368.6621000000016,
    0.0,
    26620.3379,
    27989.0
  ],
  "house": [
    64859.3134,
    -3334.6866000000036,
    0.0,
    64859.3134,
    68194.0
  ],
  "lhx": [
    5296.675899999999,
    -272.3241000000003,
    0.0,
    5296.675899999999,
    5569.0
  ],
  "sey": [
    6410.414,
    -329.58600000000035,
    0.0,
    6410.414,
    6740.0
  ],
  "miao": [
    31218.9064,
    -1605.0936000000017,
    0.0,
    31218.9064,
    32824.0
  ],
  "hmk": [
    2006.821,
    -103.17900000000012,
    0.0,
    2006.821,
    2110.0
  ],
  "wzm": [
    24651.5609,
    -5291.942200000006,
    0.0,
    24651.5609,
    25919.0
  ],
  "lly": [
    7529.8587,
    -2461.3953000000006,
    0.0,
    7529.8587,
    7917.0
  ]
}