{
  "syj": [
    32081.7018,
    -14472.681500000006,
    0.0,
    32081.7018,
    49463.0
  ],
  "cl": [
    17585.4918,
    -9048.372200000003,
    0.0,
    17585.4918,
    27113.0
  ],
  "zb": [
    10352.3046,
    -5608.6954000000005,
    0.0,
    10352.3046,
    15961.0
  ],
  "zy": [
    5415.8099999999995,
    -2934.1900000000005,
    0.0,
    5415.8099999999995,
    8350.0
  ],
  "lbc": [
    23094.0516,
    -12511.948400000001,
    0.0,
    23094.0516,
    35606.0
  ],
  "lz": [
    18153.665399999998,
    -9835.334600000002,
    0.0,
    18153.665399999998,
    27989.0
  ],
  "house": [
    44230.628399999994,
    -23963.371600000002,
    0.0,
    44230.628399999994,
    68194.0
  ],
  "lhx": [
    0.0,
    0.0,
    0.0,
    0.0,
    0.0
  ],
  "sey": [
    0.0,
    0.0,
    0.0,
    0.0,
    0.0
  ],
  "miao": [
    62.914199999999994,
    -34.085800000000006,
    0.0,
    62.914199999999994,
    97.0
  ],
  "hmk": [
    1368.5459999999998,
    -741.4540000000001,
    0.0,
    1368.5459999999998,
    2110.0
  ],
  "wzm": [
    16811.0634,
    -13132.439700000006,
    0.0,
    16811.0634,
    25919.0
  ],
  "lly": [
    5134.9662,
    -4856.2878,
    0.0,
    5134.9662,
    7917.0
  ]
}