{
  "syj": [
    35366.8926,
    -1787.1074000000012,
    0.0,
    35366.8926,
    37154.0
  ],
  "cl": [
    15893.8743,
    -803.1257000000005,
    0.0,
    15893.8743,
    16697.0
  ],
  "zb": [
    15193.275899999999,
    -767.7241000000005,
    0.0,
    15193.275899999999,
    15961.0
  ],
  "zy": [
    7948.365,
    -401.6350000000003,
    0.0,
    7948.365,
    8350.0
  ],
  "lbc": [
    33893.3514,
    -1712.6486000000011,
    0.0,
    33893.3514,
    35606.0
  ],
  "lz": [
    26642.7291,
    -1346.270900000001,
    0.0,
    26642.7291,
    27989.0
  ],
  "house": [
    64913.868599999994,
    -3280.131400000002,
    0.0,
    64913.868599999994,
    68194.0
  ],
  "lhx": [
    5301.1311,
    -267.86890000000017,
    0.0,
    5301.1311,
    5569.0
  ],
  "sey": [
    6415.806,
    -324.1940000000002,
    0.0,
    6415.806,
    6740.0
  ],
  "miao": [
    31245.1656,
    -1578.834400000001,
    0.0,
    31245.1656,
    32824.0
  ],
  "hmk": [
    2008.509,
    -101.49100000000007,
    0.0,
    2008.509,
    2110.0
  ],
  "wzm": [
    24672.2961,
    -5271.207000000005,
    0.0,
    24672.2961,
    25919.0
  ],
  "lly": [
    7536.1923,
    -2455.0617,
    0.0,
    7536.1923,
    7917.0
  ]
}