{
  "syj": [
    23257.5026,
    -23296.8807,
    0.0,
    23257.5026,
    49463.0
  ],
  "cl": [
    12748.5326,
    -13885.331400000001,
    0.0,
    12748.5326,
    27113.0
  ],
  "zb": [
    7504.8622000000005,
    -8456.1378,
    0.0,
    7504.8622000000005,
    15961.0
  ],
  "zy": [
    3926.17,
    -4423.830000000001,
    0.0,
    3926.17,
    8350.0
  ],
  "lbc": [
    16741.9412,
    -18864.058800000003,
    0.0,
    16741.9412,
    35606.0
  ],
  "lz": [
    13160.4278,
    -14828.5722,
    0.0,
    13160.4278,
    27989.0
  ],
  "house": [
    32064.8188,
    -36129.181200000006,
    0.0,
    32064.8188,
    68194.0
  ],
  "lhx": [
    0.0,
    0.0,
    0.0,
    0.0,
    0.0
  ],
  "sey": [
    0.0,
    0.0,
    0.0,
    0.0,
    0.0
  ],
  "miao": [
    45.6094,
    -51.390600000000006,
    0.0,
    45.6094,
    97.0
  ],
  "hmk": [
    992.1220000000001,
    -1117.8780000000002,
    0.0,
    992.1220000000001,
    2110.0
  ],
  "wzm": [
    12187.113800000001,
    -17756.389300000006,
    0.0,
    12187.113800000001,
    25919.0
  ],
  "lly": [
    3722.5734,
    -6268.680600000001,
    0.0,
    3722.5734,
    7917.0
  ]
}