{
  "syj": [
    38576.1937,
    -7978.1896000000015,
    0.0,
    38576.1937,
    49463.0
  ],
  "cl": [
    21145.4287,
    -5488.435300000002,
    0.0,
    21145.4287,
    27113.0
  ],
  "zb": [
    12447.983900000001,
    -3513.0160999999994,
    0.0,
    12447.983900000001,
    15961.0
  ],
  "zy": [
    6512.165,
    -1837.8349999999996,
    0.0,
    6512.165,
    8350.0
  ],
  "lbc": [
    27769.1194,
    -7836.880599999999,
    0.0,
    27769.1194,
    35606.0
  ],
  "lz": [
    21828.6211,
    -6160.378899999999,
    0.0,
    21828.6211,
    27989.0
  ],
  "house": [
    53184.5006,
    -15009.499399999997,
    0.0,
    53184.5006,
    68194.0
  ],
  "lhx": [
    0.0,
    0.0,
    0.0,
    0.0,
    0.0
  ],
  "sey": [
    0.0,
    0.0,
    0.0,
    0.0,
    0.0
  ],
  "miao": [
    75.6503,
    -21.349699999999995,
    0.0,
    75.6503,
    97.0
  ],
  "hmk": [
    1645.5890000000002,
    -464.41099999999994,
    0.0,
    1645.5890000000002,
    2110.0
  ],
  "wzm": [
    20214.2281,
    -9729.275000000003,
    0.0,
    20214.2281,
    25919.0
  ],
  "lly": [
    6174.4683,
    -3816.7857,
    0.0,
    6174.4683,
    7917.0
  ]
}