{
  "syj": [
    43448.2992,
    -3106.084100000005,
    0.0,
    43448.2992,
    49463.0
  ],
  "cl": [
    23816.0592,
    -2817.8048000000035,
    0.0,
    23816.0592,
    27113.0
  ],
  "zb": [
    14020.142399999999,
    -1940.8576000000007,
    0.0,
    14020.142399999999,
    15961.0
  ],
  "zy": [
    7334.639999999999,
    -1015.3600000000004,
    0.0,
    7334.639999999999,
    8350.0
  ],
  "lbc": [
    31276.3104,
    -4329.6896000000015,
    0.0,
    31276.3104,
    35606.0
  ],
  "lz": [
    24585.5376,
    -3403.4624000000013,
    0.0,
    24585.5376,
    27989.0
  ],
  "house": [
    59901.609599999996,
    -8292.390400000002,
    0.0,
    59901.609599999996,
    68194.0
  ],
  "lhx": [
    0.0,
    0.0,
    0.0,
    0.0,
    0.0
  ],
  "sey": [
    0.0,
    0.0,
    0.0,
    0.0,
    0.0
  ],
  "miao": [
    85.20479999999999,
    -11.795200000000005,
    0.0,
    85.20479999999999,
    97.0
  ],
  "hmk": [
    1853.424,
    -256.5760000000001,
    0.0,
    1853.424,
    2110.0
  ],
  "wzm": [
    22767.2496,
    -7176.253500000005,
    0.0,
    22767.2496,
    25919.0
  ],
  "lly": [
    6954.292799999999,
    -3036.9612,
    0.0,
    6954.292799999999,
    7917.0
  ]
}