{
  "syj": [
    36786.1754,
    -367.8246000000007,
    0.0,
    36786.1754,
    37154.0
  ],
  "cl": [
    26844.581299999998,
    210.71729999999687,
    63.215189999999055,
    26781.36611,
    27113.0
  ],
  "zb": [
    15802.9861,
    -158.01390000000032,
    0.0,
    15802.9861,
    15961.0
  ],
  "zy": [
    8267.335,
    -82.66500000000016,
    0.0,
    8267.335,
    8350.0
  ],
  "lbc": [
    35253.5006,
    -352.4994000000007,
    0.0,
    35253.5006,
    35606.0
  ],
  "lz": [
    27711.9089,
    -277.09110000000055,
    0.0,
    27711.9089,
    27989.0
  ],
  "house": [
    67518.8794,
    -675.1206000000013,
    0.0,
    67518.8794,
    68194.0
  ],
  "lhx": [
    5513.8669,
    -55.13310000000011,
    0.0,
    5513.8669,
    5569.0
  ],
  "sey": [
    6673.273999999999,
    -66.72600000000014,
    0.0,
    6673.273999999999,
    6740.0
  ],
  "miao": [
    32499.0424,
    -324.95760000000064,
    0.0,
    32499.0424,
    32824.0
  ],
  "hmk": [
    2089.111,
    -20.889000000000042,
    0.0,
    2089.111,
    2110.0
  ],
  "wzm": [
    25662.4019,
    -4281.101200000005,
    0.0,
    25662.4019,
    25919.0
  ],
  "lly": [
    7838.6217,
    -2152.6323,
    0.0,
    7838.6217,
    7917.0
  ]
}