{
  "syj": [
    26141.195499999998,
    -20413.187800000003,
    0.0,
    26141.195499999998,
    49463.0
  ],
  "cl": [
    14329.2205,
    -12304.643500000004,
    0.0,
    14329.2205,
    27113.0
  ],
  "zb": [
    8435.3885,
    -7525.611500000001,
    0.0,
    8435.3885,
    15961.0
  ],
  "zy": [
    4412.974999999999,
    -3937.025,
    0.0,
    4412.974999999999,
    8350.0
  ],
  "lbc": [
    18817.771,
    -16788.229,
    0.0,
    18817.771,
    35606.0
  ],
  "lz": [
    14792.1865,
    -13196.8135,
    0.0,
    14792.1865,
    27989.0
  ],
  "house": [
    36040.528999999995,
    -32153.471,
    0.0,
    36040.528999999995,
    68194.0
  ],
  "lhx": [
    0.0,
    0.0,
    0.0,
    0.0,
    0.0
  ],
  "sey": [
    0.0,
    0.0,
    0.0,
    0.0,
    0.0
  ],
  "miao": [
    51.2645,
    -45.7355,
    0.0,
    51.2645,
    97.0
  ],
  "hmk": [
    1115.135,
    -994.865,
    0.0,
    1115.135,
    2110.0
  ],
  "wzm": [
    13698.191499999999,
    -16245.311600000005,
    0.0,
    13698.191499999999,
    25919.0
  ],
  "lly": [
    4184.1345,
    -5807.119500000001,
    0.0,
    4184.1345,
    7917.0
  ]
}