{
  "syj": [
    35860.674999999996,
    -10693.708300000004,
    0.0,
    35860.674999999996,
    49463.0
  ],
  "cl": [
    19656.925,
    -6976.939000000003,
    0.0,
    19656.925,
    27113.0
  ],
  "zb": [
    11571.725,
    -4389.275000000001,
    0.0,
    11571.725,
    15961.0
  ],
  "zy": [
    6053.75,
    -2296.25,
    0.0,
    6053.75,
    8350.0
  ],
  "lbc": [
    25814.35,
    -9791.650000000001,
    0.0,
    25814.35,
    35606.0
  ],
  "lz": [
    20292.024999999998,
    -7696.975,
    0.0,
    20292.024999999998,
    27989.0
  ],
  "house": [
    49440.65,
    -18753.350000000002,
    0.0,
    49440.65,
    68194.0
  ],
  "lhx": [
    0.0,
    0.0,
    0.0,
    0.0,
    0.0
  ],
  "sey": [
    0.0,
    0.0,
    0.0,
    0.0,
    0.0
  ],
  "miao": [
    70.325,
    -26.675,
    0.0,
    70.325,
    97.0
  ],
  "hmk": [
    1529.75,
    -580.25,
    0.0,
    1529.75,
    2110.0
  ],
  "wzm": [
    18791.274999999998,
    -11152.228100000006,
    0.0,
    18791.274999999998,
    25919.0
  ],
  "lly": [
    5739.825,
    -4251.429,
    0.0,
    5739.825,
    7917.0
  ]
}