{
  "syj": [
    36271.217899999996,
    -10283.165400000005,
    0.0,
    36271.217899999996,
    49463.0
  ],
  "cl": [
    19881.9629,
    -6751.901100000004,
    0.0,
    19881.9629,
    27113.0
  ],
  "zb": [
    11704.201299999999,
    -4256.798700000001,
    0.0,
    11704.201299999999,
    15961.0
  ],
  "zy": [
    6123.054999999999,
    -2226.9450000000006,
    0.0,
    6123.054999999999,
    8350.0
  ],
  "lbc": [
    26109.8798,
    -9496.120200000001,
    0.0,
    26109.8798,
    35606.0
  ],
  "lz": [
    20524.3337,
    -7464.666300000002,
    0.0,
    20524.3337,
    27989.0
  ],
  "house": [
    50006.6602,
    -18187.3398,
    0.0,
    50006.6602,
    68194.0
  ],
  "lhx": [
    0.0,
    0.0,
    0.0,
    0.0,
    0.0
  ],
  "sey": [
    0.0,
    0.0,
    0.0,
    0.0,
    0.0
  ],
  "miao": [
    71.1301,
    -25.869900000000005,
    0.0,
    71.1301,
    97.0
  ],
  "hmk": [
    1547.263,
    -562.7370000000001,
    0.0,
    1547.263,
    2110.0
  ],
  "wzm": [
    19006.4027,
    -10937.100400000005,
    0.0,
    19006.4027,
    25919.0
  ],
  "lly": [
    5805.536099999999,
    -4185.717900000001,
    0.0,
    5805.536099999999,
    7917.0
  ]
}