{
  "syj": [
    35842.4638,
    -1311.5362,
    0.0,
    35842.4638,
    37154.0
  ],
  "cl": [
    26155.9111,
    -477.95290000000256,
    0.0,
    26155.9111,
    27113.0
  ],
  "zb": [
    15397.5767,
    -563.4232999999999,
    0.0,
    15397.5767,
    15961.0
  ],
  "zy": [
    8055.245,
    -294.755,
    0.0,
    8055.245,
    8350.0
  ],
  "lbc": [
    34349.1082,
    -1256.8917999999999,
    0.0,
    34349.1082,
    35606.0
  ],
  "lz": [
    27000.9883,
    -988.0116999999999,
    0.0,
    27000.9883,
    27989.0
  ],
  "house": [
    65786.7518,
    -2407.2482,
    0.0,
    65786.7518,
    68194.0
  ],
  "lhx": [
    5372.4143,
    -196.5857,
    0.0,
    5372.4143,
    5569.0
  ],
  "sey": [
    6502.078,
    -237.922,
    0.0,
    6502.078,
    6740.0
  ],
  "miao": [
    31665.3128,
    -1158.6871999999998,
    0.0,
    31665.3128,
    32824.0
  ],
  "hmk": [
    2035.517,
    -74.48299999999999,
    0.0,
    2035.517,
    2110.0
  ],
  "wzm": [
    25004.0593,
    -4939.443800000005,
    0.0,
    25004.0593,
    25919.0
  ],
  "lly": [
    7637.5299,
    -2353.7241,
    0.0,
    7637.5299,
    7917.0
  ]
}