{
  "syj": [
    48216.5324,
    1662.149099999997,
    0.0,
    48216.5324,
    49463.0
  ],
  "cl": [
    26429.7524,
    -204.1116000000026,
    0.0,
    26429.7524,
    27113.0
  ],
  "zb": [
    15558.7828,
    -402.2172,
    0.0,
    15558.7828,
    15961.0
  ],
  "zy": [
    8139.58,
    -210.42,
    0.0,
    8139.58,
    8350.0
  ],
  "lbc": [
    34708.7288,
    -897.2712,
    0.0,
    34708.7288,
    35606.0
  ],
  "lz": [
    27283.6772,
    -705.3228,
    0.0,
    27283.6772,
    27989.0
  ],
  "house": [
    66475.5112,
    -1718.4888,
    0.0,
    66475.5112,
    68194.0
  ],
  "lhx": [
    0.0,
    0.0,
    0.0,
    0.0,
    0.0
  ],
  "sey": [
    0.0,
    0.0,
    0.0,
    0.0,
    0.0
  ],
  "miao": [
    94.5556,
    -2.4444,
    0.0,
    94.5556,
    97.0
  ],
  "hmk": [
    2056.828,
    -53.172,
    0.0,
    2056.828,
    2110.0
  ],
  "wzm": [
    25265.8412,
    -4677.661900000005,
    0.0,
    25265.8412,
    25919.0
  ],
  "lly": [
    7717.4916,
    -2273.7624,
    0.0,
    7717.4916,
    7917.0
  ]
}