{
  "syj": [
    23554.280600000002,
    -23000.102700000003,
    0.0,
    23554.280600000002,
    49463.0
  ],
  "cl": [
    12911.2106,
    -13722.653400000001,
    0.0,
    12911.2106,
    27113.0
  ],
  "zb": [
    7600.6282,
    -8360.3718,
    0.0,
    7600.6282,
    15961.0
  ],
  "zy": [
    3976.27,
    -4373.7300000000005,
    0.0,
    3976.27,
    8350.0
  ],
  "lbc": [
    16955.5772,
    -18650.4228,
    0.0,
    16955.5772,
    35606.0
  ],
  "lz": [
    13328.3618,
    -14660.638200000001,
    0.0,
    13328.3618,
    27989.0
  ],
  "house": [
    32473.9828,
    -35720.0172,
    0.0,
    32473.9828,
    68194.0
  ],
  "lhx": [
    0.0,
    0.0,
    0.0,
    0.0,
    0.0
  ],
  "sey": [
    0.0,
    0.0,
    0.0,
    0.0,
    0.0
  ],
  "miao": [
    46.1914,
    -50.808600000000006,
    0.0,
    46.1914,
    97.0
  ],
  "hmk": [
    1004.782,
    -1105.218,
    0.0,
    1004.782,
    2110.0
  ],
  "wzm": [
    12342.6278,
    -17600.875300000007,
    0.0,
    12342.6278,
    25919.0
  ],
  "lly": [
    3770.0754,
    -6221.1786,
    0.0,
    3770.0754,
    7917.0
  ]
}