{
  "syj": [
    41346.121699999996,
    -5208.261600000004,
    0.0,
    41346.121699999996,
    49463.0
  ],
  "cl": [
    22663.756699999998,
    -3970.1073000000033,
    0.0,
    22663.756699999998,
    27113.0
  ],
  "zb": [
    13341.7999,
    -2619.2001000000005,
    0.0,
    13341.7999,
    15961.0
  ],
  "zy": [
    6979.764999999999,
    -1370.2350000000001,
    0.0,
    6979.764999999999,
    8350.0
  ],
  "lbc": [
    29763.055399999997,
    -5842.944600000001,
    0.0,
    29763.055399999997,
    35606.0
  ],
  "lz": [
    23396.0051,
    -4592.994900000001,
    0.0,
    23396.0051,
    27989.0
  ],
  "house": [
    57003.3646,
    -11190.635400000001,
    0.0,
    57003.3646,
    68194.0
  ],
  "lhx": [
    0.0,
    0.0,
    0.0,
    0.0,
    0.0
  ],
  "sey": [
    0.0,
    0.0,
    0.0,
    0.0,
    0.0
  ],
  "miao": [
    81.0823,
    -15.917700000000002,
    0.0,
    81.0823,
    97.0
  ],
  "hmk": [
    1763.749,
    -346.25100000000003,
    0.0,
    1763.749,
    2110.0
  ],
  "wzm": [
    21665.6921,
    -8277.811000000005,
    0.0,
    21665.6921,
    25919.0
  ],
  "lly": [
    6617.820299999999,
    -3373.4337,
    0.0,
    6617.820299999999,
    7917.0
  ]
}