{
  "syj": [
    30726.358,
    -6427.642000000002,
    0.0,
    30726.358,
    37154.0
  ],
  "cl": [
    22422.450999999997,
    -4211.413000000004,
    0.0,
    22422.450999999997,
    27113.0
  ],
  "zb": [
    13199.747,
    -2761.2530000000006,
    0.0,
    13199.747,
    15961.0
  ],
  "zy": [
    6905.45,
    -1444.5500000000004,
    0.0,
    6905.45,
    8350.0
  ],
  "lbc": [
    29446.162,
    -6159.838000000002,
    0.0,
    29446.162,
    35606.0
  ],
  "lz": [
    23146.903,
    -4842.097000000002,
    0.0,
    23146.903,
    27989.0
  ],
  "house": [
    56396.437999999995,
    -11797.562000000004,
    0.0,
    56396.437999999995,
    68194.0
  ],
  "lhx": [
    4605.563,
    -963.4370000000002,
    0.0,
    4605.563,
    5569.0
  ],
  "sey": [
    5573.98,
    -1166.0200000000002,
    0.0,
    5573.98,
    6740.0
  ],
  "miao": [
    80.219,
    -16.781000000000006,
    0.0,
    80.219,
    97.0
  ],
  "hmk": [
    1744.9699999999998,
    -365.0300000000001,
    0.0,
    1744.9699999999998,
    2110.0
  ],
  "wzm": [
    21435.013,
    -8508.490100000006,
    0.0,
    21435.013,
    25919.0
  ],
  "lly": [
    6547.3589999999995,
    -3443.8950000000004,
    0.0,
    6547.3589999999995,
    7917.0
  ]
}