{
  "syj": [
    40267.8283,
    -6286.555000000001,
    0.0,
    40267.8283,
    49463.0
  ],
  "cl": [
    22072.693300000003,
    -4561.1707000000015,
    0.0,
    22072.693300000003,
    27113.0
  ],
  "zb": [
    12993.850100000001,
    -2967.1498999999994,
    0.0,
    12993.850100000001,
    15961.0
  ],
  "zy": [
    6797.735000000001,
    -1552.2649999999996,
    0.0,
    6797.735000000001,
    8350.0
  ],
  "lbc": [
    28986.8446,
    -6619.155399999999,
    0.0,
    28986.8446,
    35606.0
  ],
  "lz": [
    22785.8449,
    -5203.155099999999,
    0.0,
    22785.8449,
    27989.0
  ],
  "house": [
    55516.735400000005,
    -12677.264599999997,
    0.0,
    55516.735400000005,
    68194.0
  ],
  "lhx": [
    0.0,
    0.0,
    0.0,
    0.0,
    0.0
  ],
  "sey": [
    0.0,
    0.0,
    0.0,
    0.0,
    0.0
  ],
  "miao": [
    78.96770000000001,
    -18.032299999999996,
    0.0,
    78.96770000000001,
    97.0
  ],
  "hmk": [
    1717.7510000000002,
    -392.2489999999999,
    0.0,
    1717.7510000000002,
    2110.0
  ],
  "wzm": [
    21100.657900000002,
    -8842.845200000003,
    0.0,
    21100.657900000002,
    25919.0
  ],
  "lly": [
    6445.229700000001,
    -3546.0242999999996,
    0.0,
    6445.229700000001,
    7917.0
  ]
}