{
  "syj": [
    31547.5014,
    -15006.881900000002,
    0.0,
    31547.5014,
    49463.0
  ],
  "cl": [
    17292.6714,
    -9341.192600000002,
    0.0,
    17292.6714,
    27113.0
  ],
  "zb": [
    10179.9258,
    -5781.074199999999,
    0.0,
    10179.9258,
    15961.0
  ],
  "zy": [
    5325.63,
    -3024.37,
    0.0,
    5325.63,
    8350.0
  ],
  "lbc": [
    22709.506800000003,
    -12896.493199999999,
    0.0,
    22709.506800000003,
    35606.0
  ],
  "lz": [
    17851.3842,
    -10137.6158,
    0.0,
    17851.3842,
    27989.0
  ],
  "house": [
    43494.133200000004,
    -24699.866799999996,
    0.0,
    43494.133200000004,
    68194.0
  ],
  "lhx": [
    0.0,
    0.0,
    0.0,
    0.0,
    0.0
  ],
  "sey": [
    0.0,
    0.0,
    0.0,
    0.0,
    0.0
  ],
  "miao": [
    61.866600000000005,
    -35.133399999999995,
    0.0,
    61.866600000000005,
    97.0
  ],
  "hmk": [
    1345.758,
    -764.242,
    0.0,
    1345.758,
    2110.0
  ],
  "wzm": [
    16531.1382,
    -13412.364900000004,
    0.0,
    16531.1382,
    25919.0
  ],
  "lly": [
    5049.4626,
    -4941.7914,
    0.0,
    5049.4626,
    7917.0
  ]
}