{
  "syj": [
    30192.215200000002,
    -16362.1681,
    0.0,
    30192.215200000002,
    49463.0
  ],
  "cl": [
    16549.7752,
    -10084.088800000001,
    0.0,
    16549.7752,
    27113.0
  ],
  "zb": [
    9742.5944,
    -6218.405599999999,
    0.0,
    9742.5944,
    15961.0
  ],
  "zy": [
    5096.84,
    -3253.1599999999994,
    0.0,
    5096.84,
    8350.0
  ],
  "lbc": [
    21733.902400000003,
    -13872.097599999997,
    0.0,
    21733.902400000003,
    35606.0
  ],
  "lz": [
    17084.4856,
    -10904.514399999998,
    0.0,
    17084.4856,
    27989.0
  ],
  "house": [
    41625.617600000005,
    -26568.382399999995,
    0.0,
    41625.617600000005,
    68194.0
  ],
  "lhx": [
    0.0,
    0.0,
    0.0,
    0.0,
    0.0
  ],
  "sey": [
    0.0,
    0.0,
    0.0,
    0.0,
    0.0
  ],
  "miao": [
    59.208800000000004,
    -37.791199999999996,
    0.0,
    59.208800000000004,
    97.0
  ],
  "hmk": [
    1287.9440000000002,
    -822.0559999999999,
    0.0,
    1287.9440000000002,
    2110.0
  ],
  "wzm": [
    15820.957600000002,
    -14122.545500000004,
    0.0,
    15820.957600000002,
    25919.0
  ],
  "lly": [
    4832.536800000001,
    -5158.7172,
    0.0,
    4832.536800000001,
    7917.0
  ]
}