{
  "syj": [
    26591.3088,
    -19963.074500000006,
    0.0,
    26591.3088,
    49463.0
  ],
  "cl": [
    14575.948799999998,
    -12057.915200000003,
    0.0,
    14575.948799999998,
    27113.0
  ],
  "zb": [
    8580.6336,
    -7380.366400000001,
    0.0,
    8580.6336,
    15961.0
  ],
  "zy": [
    4488.96,
    -3861.0400000000004,
    0.0,
    4488.96,
    8350.0
  ],
  "lbc": [
    19141.7856,
    -16464.2144,
    0.0,
    19141.7856,
    35606.0
  ],
  "lz": [
    15046.8864,
    -12942.1136,
    0.0,
    15046.8864,
    27989.0
  ],
  "house": [
    36661.094399999994,
    -31532.905600000002,
    0.0,
    36661.094399999994,
    68194.0
  ],
  "lhx": [
    0.0,
    0.0,
    0.0,
    0.0,
    0.0
  ],
  "sey": [
    0.0,
    0.0,
    0.0,
    0.0,
    0.0
  ],
  "miao": [
    52.1472,
    -44.8528,
    0.0,
    52.1472,
    97.0
  ],
  "hmk": [
    1134.336,
    -975.6640000000001,
    0.0,
    1134.336,
    2110.0
  ],
  "wzm": [
    13934.054399999999,
    -16009.448700000004,
    0.0,
    13934.054399999999,
    25919.0
  ],
  "lly": [
    4256.1792,
    -5735.0748,
    0.0,
    4256.1792,
    7917.0
  ]
}