{
  "syj": [
    44410.1762,
    7256.176200000001,
    0.0,
    44410.1762,
    37154.0
  ],
  "cl": [
    19957.9241,
    3260.9241000000006,
    978.2772300000001,
    18979.64687,
    16697.0
  ],
  "zb": [
    19078.1833,
    3117.1833000000006,
    935.1549900000001,
    18143.02831,
    15961.0
  ],
  "zy": [
    9980.755000000001,
    1630.7550000000003,
    489.2265000000001,
    9491.5285,
    8350.0
  ],
  "lbc": [
    42559.851800000004,
    6953.851800000001,
    0.0,
    42559.851800000004,
    35606.0
  ],
  "lz": [
    33455.2517,
    5466.251700000001,
    0.0,
    33455.2517,
    27989.0
  ],
  "house": [
    81512.2882,
    13318.288200000003,
    0.0,
    81512.2882,
    68194.0
  ],
  "lhx": [
    6656.6257000000005,
    1087.6257,
    326.28771,
    6330.337990000001,
    5569.0
  ],
  "sey": [
    8056.322,
    1316.3220000000001,
    394.89660000000003,
    7661.4254,
    6740.0
  ],
  "miao": [
    39234.527200000004,
    6410.527200000001,
    1923.1581600000004,
    37311.369040000005,
    32824.0
  ],
  "hmk": [
    2522.083,
    412.0830000000001,
    123.62490000000003,
    2398.4581,
    2110.0
  ],
  "wzm": [
    21532.1342,
    1582.1320999999987,
    474.63962999999956,
    21057.494570000003,
    18014.0
  ]
}