{
  "syj": [
    46706.2934,
    9552.293400000004,
    0.0,
    46706.2934,
    37154.0
  ],
  "cl": [
    20989.798700000003,
    4292.798700000002,
    1287.8396100000007,
    19701.959090000004,
    16697.0
  ],
  "zb": [
    20064.5731,
    4103.573100000001,
    1231.0719300000003,
    18833.50117,
    15961.0
  ],
  "zy": [
    10496.785000000002,
    2146.7850000000008,
    644.0355000000002,
    9852.749500000002,
    8350.0
  ],
  "lbc": [
    44760.3026,
    9154.302600000005,
    0.0,
    44760.3026,
    35606.0
  ],
  "lz": [
    35184.971900000004,
    7195.971900000003,
    0.0,
    35184.971900000004,
    27989.0
  ],
  "house": [
    85726.6774,
    17532.677400000008,
    0.0,
    85726.6774,
    68194.0
  ],
  "lhx": [
    7000.789900000001,
    1431.7899000000007,
    429.53697000000017,
    6571.252930000001,
    5569.0
  ],
  "sey": [
    8472.854000000001,
    1732.8540000000007,
    519.8562000000002,
    7952.997800000001,
    6740.0
  ],
  "miao": [
    41263.0504,
    8439.050400000004,
    2531.715120000001,
    38731.33528,
    32824.0
  ],
  "hmk": [
    2652.481,
    542.4810000000002,
    162.74430000000007,
    2489.7367000000004,
    2110.0
  ],
  "wzm": [
    32582.774900000004,
    2639.271799999998,
    791.7815399999994,
    31790.993360000004,
    25919.0
  ],
  "lly": [
    9952.460700000001,
    -38.79329999999924,
    0.0,
    9952.460700000001,
    7917.0
  ]
}