{
  "syj": [
    45495.073,
    8341.072999999997,
    0.0,
    45495.073,
    37154.0
  ],
  "cl": [
    20445.476499999997,
    3748.476499999999,
    1124.5429499999996,
    19320.933549999998,
    16697.0
  ],
  "zb": [
    19544.244499999997,
    3583.244499999999,
    1074.9733499999995,
    18469.271149999997,
    15961.0
  ],
  "zy": [
    10224.574999999999,
    1874.5749999999994,
    562.3724999999998,
    9662.2025,
    8350.0
  ],
  "lbc": [
    43599.547,
    7993.546999999997,
    0.0,
    43599.547,
    35606.0
  ],
  "lz": [
    34272.5305,
    6283.530499999998,
    0.0,
    34272.5305,
    27989.0
  ],
  "house": [
    83503.553,
    15309.552999999994,
    0.0,
    83503.553,
    68194.0
  ],
  "lhx": [
    6819.2405,
    1250.2404999999997,
    375.0721499999999,
    6444.16835,
    5569.0
  ],
  "sey": [
    8253.13,
    1513.1299999999994,
    453.9389999999998,
    7799.191,
    6740.0
  ],
  "miao": [
    40192.988,
    7368.987999999998,
    2210.6963999999994,
    37982.2916,
    32824.0
  ],
  "hmk": [
    2583.6949999999997,
    473.6949999999998,
    142.10849999999994,
    2441.5865,
    2110.0
  ],
  "wzm": [
    12256.020499999999,
    2273.0438999999997,
    681.9131699999999,
    11574.107329999999,
    10009.0
  ]
}