{
  "syj": [
    25043.116899999997,
    -21511.266400000004,
    0.0,
    25043.116899999997,
    49463.0
  ],
  "cl": [
    13727.311899999999,
    -12906.552100000003,
    0.0,
    13727.311899999999,
    27113.0
  ],
  "zb": [
    8081.0543,
    -7879.9457,
    0.0,
    8081.0543,
    15961.0
  ],
  "zy": [
    4227.605,
    -4122.395,
    0.0,
    4227.605,
    8350.0
  ],
  "lbc": [
    18027.3178,
    -17578.6822,
    0.0,
    18027.3178,
    35606.0
  ],
  "lz": [
    14170.830699999999,
    -13818.169300000001,
    0.0,
    14170.830699999999,
    27989.0
  ],
  "house": [
    34526.6222,
    -33667.3778,
    0.0,
    34526.6222,
    68194.0
  ],
  "lhx": [
    0.0,
    0.0,
    0.0,
    0.0,
    0.0
  ],
  "sey": [
    0.0,
    0.0,
    0.0,
    0.0,
    0.0
  ],
  "miao": [
    49.1111,
    -47.8889,
    0.0,
    49.1111,
    97.0
  ],
  "hmk": [
    1068.293,
    -1041.707,
    0.0,
    1068.293,
    2110.0
  ],
  "wzm": [
    13122.7897,
    -16820.713400000004,
    0.0,
    13122.7897,
    25919.0
  ],
  "lly": [
    4008.3770999999997,
    -5982.8769,
    0.0,
    4008.3770999999997,
    7917.0
  ]
}