{
  "syj": [
    45139.9338,
    -1414.4495000000047,
    0.0,
    45139.9338,
    49463.0
  ],
  "cl": [
    24743.3238,
    -1890.5402000000036,
    0.0,
    24743.3238,
    27113.0
  ],
  "zb": [
    14566.0086,
    -1394.9914000000006,
    0.0,
    14566.0086,
    15961.0
  ],
  "zy": [
    7620.21,
    -729.7900000000003,
    0.0,
    7620.21,
    8350.0
  ],
  "lbc": [
    32494.0356,
    -3111.964400000001,
    0.0,
    32494.0356,
    35606.0
  ],
  "lz": [
    25542.7614,
    -2446.238600000001,
    0.0,
    25542.7614,
    27989.0
  ],
  "house": [
    62233.844399999994,
    -5960.155600000002,
    0.0,
    62233.844399999994,
    68194.0
  ],
  "lhx": [
    0.0,
    0.0,
    0.0,
    0.0,
    0.0
  ],
  "sey": [
    0.0,
    0.0,
    0.0,
    0.0,
    0.0
  ],
  "miao": [
    88.5222,
    -8.477800000000004,
    0.0,
    88.5222,
    97.0
  ],
  "hmk": [
    1925.586,
    -184.41400000000007,
    0.0,
    1925.586,
    2110.0
  ],
  "wzm": [
    23653.6794,
    -6289.823700000005,
    0.0,
    23653.6794,
    25919.0
  ],
  "lly": [
    7225.0542,
    -2766.1998000000003,
    0.0,
    7225.0542,
    7917.0
  ]
}