{
  "syj": [
    26531.9532,
    -20022.430100000005,
    0.0,
    26531.9532,
    49463.0
  ],
  "cl": [
    14543.413199999999,
    -12090.450800000002,
    0.0,
    14543.413199999999,
    27113.0
  ],
  "zb": [
    8561.4804,
    -7399.5196000000005,
    0.0,
    8561.4804,
    15961.0
  ],
  "zy": [
    4478.94,
    -3871.06,
    0.0,
    4478.94,
    8350.0
  ],
  "lbc": [
    19099.058399999998,
    -16506.941600000002,
    0.0,
    19099.058399999998,
    35606.0
  ],
  "lz": [
    15013.2996,
    -12975.7004,
    0.0,
    15013.2996,
    27989.0
  ],
  "house": [
    36579.2616,
    -31614.738400000002,
    0.0,
    36579.2616,
    68194.0
  ],
  "lhx": [
    0.0,
    0.0,
    0.0,
    0.0,
    0.0
  ],
  "sey": [
    0.0,
    0.0,
    0.0,
    0.0,
    0.0
  ],
  "miao": [
    52.0308,
    -44.9692,
    0.0,
    52.0308,
    97.0
  ],
  "hmk": [
    1131.804,
    -978.196,
    0.0,
    1131.804,
    2110.0
  ],
  "wzm": [
    13902.9516,
    -16040.551500000005,
    0.0,
    13902.9516,
    25919.0
  ],
  "lly": [
    4246.6788,
    -5744.5752,
    0.0,
    4246.6788,
    7917.0
  ]
}