{
  "syj": [
    22411.6853,
    -24142.698000000004,
    0.0,
    22411.6853,
    49463.0
  ],
  "cl": [
    12284.9003,
    -14348.963700000004,
    0.0,
    12284.9003,
    27113.0
  ],
  "zb": [
    7231.9291,
    -8729.070899999999,
    0.0,
    7231.9291,
    15961.0
  ],
  "zy": [
    3783.385,
    -4566.615,
    0.0,
    3783.385,
    8350.0
  ],
  "lbc": [
    16133.0786,
    -19472.9214,
    0.0,
    16133.0786,
    35606.0
  ],
  "lz": [
    12681.8159,
    -15307.184099999999,
    0.0,
    12681.8159,
    27989.0
  ],
  "house": [
    30898.7014,
    -37295.298599999995,
    0.0,
    30898.7014,
    68194.0
  ],
  "lhx": [
    0.0,
    0.0,
    0.0,
    0.0,
    0.0
  ],
  "sey": [
    0.0,
    0.0,
    0.0,
    0.0,
    0.0
  ],
  "miao": [
    43.9507,
    -53.049299999999995,
    0.0,
    43.9507,
    97.0
  ],
  "hmk": [
    956.041,
    -1153.9589999999998,
    0.0,
    956.041,
    2110.0
  ],
  "wzm": [
    11743.8989,
    -18199.6042,
    0.0,
    11743.8989,
    25919.0
  ],
  "lly": [
    3587.1927,
    -6404.061299999999,
    0.0,
    3587.1927,
    7917.0
  ]
}