{
  "syj": [
    36122.8289,
    -10431.554400000006,
    0.0,
    36122.8289,
    49463.0
  ],
  "cl": [
    19800.6239,
    -6833.240100000004,
    0.0,
    19800.6239,
    27113.0
  ],
  "zb": [
    11656.318299999999,
    -4304.681700000001,
    0.0,
    11656.318299999999,
    15961.0
  ],
  "zy": [
    6098.004999999999,
    -2251.9950000000003,
    0.0,
    6098.004999999999,
    8350.0
  ],
  "lbc": [
    26003.0618,
    -9602.938200000002,
    0.0,
    26003.0618,
    35606.0
  ],
  "lz": [
    20440.3667,
    -7548.633300000001,
    0.0,
    20440.3667,
    27989.0
  ],
  "house": [
    49802.078199999996,
    -18391.921800000004,
    0.0,
    49802.078199999996,
    68194.0
  ],
  "lhx": [
    4067.0406999999996,
    -1501.9593000000002,
    0.0,
    4067.0406999999996,
    5569.0
  ],
  "sey": [
    4922.222,
    -1817.7780000000002,
    0.0,
    4922.222,
    6740.0
  ],
  "miao": [
    70.8391,
    -26.160900000000005,
    0.0,
    70.8391,
    97.0
  ],
  "hmk": [
    1540.933,
    -569.0670000000001,
    0.0,
    1540.933,
    2110.0
  ],
  "wzm": [
    18928.645699999997,
    -11014.857400000006,
    0.0,
    18928.645699999997,
    25919.0
  ],
  "lly": [
    5781.785099999999,
    -4209.468900000001,
    0.0,
    5781.785099999999,
    7917.0
  ]
}