{
  "syj": [
    41207.5014,
    4053.501399999999,
    0.0,
    41207.5014,
    37154.0
  ],
  "cl": [
    18518.6427,
    1821.6426999999996,
    546.4928099999998,
    17972.14989,
    16697.0
  ],
  "zb": [
    17702.3451,
    1741.3450999999995,
    522.4035299999998,
    17179.94157,
    15961.0
  ],
  "zy": [
    9260.985,
    910.9849999999998,
    273.29549999999995,
    8987.6895,
    8350.0
  ],
  "lbc": [
    39490.6146,
    3884.614599999999,
    0.0,
    39490.6146,
    35606.0
  ],
  "lz": [
    31042.5999,
    3053.5998999999993,
    0.0,
    31042.5999,
    27989.0
  ],
  "house": [
    75633.9654,
    7439.965399999998,
    0.0,
    75633.9654,
    68194.0
  ],
  "lhx": [
    6176.5779,
    607.5778999999999,
    182.27336999999997,
    5994.30453,
    5569.0
  ],
  "sey": [
    7475.334,
    735.3339999999998,
    220.60019999999994,
    7254.7338,
    6740.0
  ],
  "miao": [
    36405.0984,
    3581.098399999999,
    1074.3295199999995,
    35330.76888,
    32824.0
  ],
  "hmk": [
    2340.201,
    230.20099999999994,
    69.06029999999998,
    2271.1407,
    2110.0
  ],
  "wzm": [
    19979.3274,
    29.325299999997668,
    8.7975899999993,
    19970.52981,
    18014.0
  ]
}