{
  "syj": [
    22619.4299,
    -23934.953400000002,
    0.0,
    22619.4299,
    49463.0
  ],
  "cl": [
    12398.7749,
    -14235.089100000005,
    0.0,
    12398.7749,
    27113.0
  ],
  "zb": [
    7298.9653,
    -8662.0347,
    0.0,
    7298.9653,
    15961.0
  ],
  "zy": [
    3818.455,
    -4531.545,
    0.0,
    3818.455,
    8350.0
  ],
  "lbc": [
    16282.6238,
    -19323.3762,
    0.0,
    16282.6238,
    35606.0
  ],
  "lz": [
    12799.3697,
    -15189.630299999999,
    0.0,
    12799.3697,
    27989.0
  ],
  "house": [
    31185.1162,
    -37008.883799999996,
    0.0,
    31185.1162,
    68194.0
  ],
  "lhx": [
    0.0,
    0.0,
    0.0,
    0.0,
    0.0
  ],
  "sey": [
    0.0,
    0.0,
    0.0,
    0.0,
    0.0
  ],
  "miao": [
    44.3581,
    -52.64189999999999,
    0.0,
    44.3581,
    97.0
  ],
  "hmk": [
    964.903,
    -1145.097,
    0.0,
    964.903,
    2110.0
  ],
  "wzm": [
    11852.7587,
    -18090.744400000003,
    0.0,
    11852.7587,
    25919.0
  ],
  "lly": [
    3620.4440999999997,
    -6370.8099,
    0.0,
    3620.4440999999997,
    7917.0
  ]
}