{
  "syj": [
    34605.2356,
    -2548.7643999999996,
    0.0,
    34605.2356,
    37154.0
  ],
  "cl": [
    15551.5858,
    -1145.4142,
    0.0,
    15551.5858,
    16697.0
  ],
  "zb": [
    14866.0754,
    -1094.9245999999998,
    0.0,
    14866.0754,
    15961.0
  ],
  "zy": [
    7777.19,
    -572.81,
    0.0,
    7777.19,
    8350.0
  ],
  "lbc": [
    33163.4284,
    -2442.5715999999998,
    0.0,
    33163.4284,
    35606.0
  ],
  "lz": [
    26068.9546,
    -1920.0453999999997,
    0.0,
    26068.9546,
    27989.0
  ],
  "house": [
    63515.8916,
    -4678.108399999999,
    0.0,
    63515.8916,
    68194.0
  ],
  "lhx": [
    5186.9666,
    -382.0334,
    0.0,
    5186.9666,
    5569.0
  ],
  "sey": [
    6277.636,
    -462.364,
    0.0,
    6277.636,
    6740.0
  ],
  "miao": [
    30572.2736,
    -2251.7264,
    0.0,
    30572.2736,
    32824.0
  ],
  "hmk": [
    1965.254,
    -144.74599999999998,
    0.0,
    1965.254,
    2110.0
  ],
  "wzm": [
    24140.9566,
    -5802.546500000004,
    0.0,
    24140.9566,
    25919.0
  ],
  "lly": [
    7373.8938,
    -2617.3602,
    0.0,
    7373.8938,
    7917.0
  ]
}