{
  "syj": [
    26442.9198,
    -20111.463500000005,
    0.0,
    26442.9198,
    49463.0
  ],
  "cl": [
    14494.609799999998,
    -12139.254200000003,
    0.0,
    14494.609799999998,
    27113.0
  ],
  "zb": [
    8532.7506,
    -7428.249400000001,
    0.0,
    8532.7506,
    15961.0
  ],
  "zy": [
    4463.91,
    -3886.09,
    0.0,
    4463.91,
    8350.0
  ],
  "lbc": [
    19034.9676,
    -16571.0324,
    0.0,
    19034.9676,
    35606.0
  ],
  "lz": [
    14962.919399999999,
    -13026.080600000001,
    0.0,
    14962.919399999999,
    27989.0
  ],
  "house": [
    36456.5124,
    -31737.487600000004,
    0.0,
    36456.5124,
    68194.0
  ],
  "lhx": [
    0.0,
    0.0,
    0.0,
    0.0,
    0.0
  ],
  "sey": [
    0.0,
    0.0,
    0.0,
    0.0,
    0.0
  ],
  "miao": [
    51.856199999999994,
    -45.143800000000006,
    0.0,
    51.856199999999994,
    97.0
  ],
  "hmk": [
    1128.0059999999999,
    -981.994,
    0.0,
    1128.0059999999999,
    2110.0
  ],
  "wzm": [
    13856.2974,
    -16087.205700000006,
    0.0,
    13856.2974,
    25919.0
  ],
  "lly": [
    4232.428199999999,
    -5758.8258000000005,
    0.0,
    4232.428199999999,
    7917.0
  ]
}