{
  "syj": [
    35359.4618,
    -1794.5382000000004,
    0.0,
    35359.4618,
    37154.0
  ],
  "cl": [
    15890.5349,
    -806.4651000000001,
    0.0,
    15890.5349,
    16697.0
  ],
  "zb": [
    15190.0837,
    -770.9163000000002,
    0.0,
    15190.0837,
    15961.0
  ],
  "zy": [
    7946.695,
    -403.30500000000006,
    0.0,
    7946.695,
    8350.0
  ],
  "lbc": [
    33886.2302,
    -1719.7698000000003,
    0.0,
    33886.2302,
    35606.0
  ],
  "lz": [
    26637.1313,
    -1351.8687000000002,
    0.0,
    26637.1313,
    27989.0
  ],
  "house": [
    64900.2298,
    -3293.770200000001,
    0.0,
    64900.2298,
    68194.0
  ],
  "lhx": [
    5300.0172999999995,
    -268.9827000000001,
    0.0,
    5300.0172999999995,
    5569.0
  ],
  "sey": [
    6414.458,
    -325.5420000000001,
    0.0,
    6414.458,
    6740.0
  ],
  "miao": [
    31238.6008,
    -1585.3992000000003,
    0.0,
    31238.6008,
    32824.0
  ],
  "hmk": [
    2008.087,
    -101.91300000000003,
    0.0,
    2008.087,
    2110.0
  ],
  "wzm": [
    24667.1123,
    -5276.390800000005,
    0.0,
    24667.1123,
    25919.0
  ],
  "lly": [
    7534.6089,
    -2456.6451,
    0.0,
    7534.6089,
    7917.0
  ]
}