{
  "syj": [
    23509.7639,
    -23044.619400000003,
    0.0,
    23509.7639,
    49463.0
  ],
  "cl": [
    12886.8089,
    -13747.055100000003,
    0.0,
    12886.8089,
    27113.0
  ],
  "zb": [
    7586.2633,
    -8374.7367,
    0.0,
    7586.2633,
    15961.0
  ],
  "zy": [
    3968.755,
    -4381.245,
    0.0,
    3968.755,
    8350.0
  ],
  "lbc": [
    16923.5318,
    -18682.4682,
    0.0,
    16923.5318,
    35606.0
  ],
  "lz": [
    13303.1717,
    -14685.8283,
    0.0,
    13303.1717,
    27989.0
  ],
  "house": [
    32412.6082,
    -35781.3918,
    0.0,
    32412.6082,
    68194.0
  ],
  "lhx": [
    0.0,
    0.0,
    0.0,
    0.0,
    0.0
  ],
  "sey": [
    0.0,
    0.0,
    0.0,
    0.0,
    0.0
  ],
  "miao": [
    46.1041,
    -50.8959,
    0.0,
    46.1041,
    97.0
  ],
  "hmk": [
    1002.883,
    -1107.117,
    0.0,
    1002.883,
    2110.0
  ],
  "wzm": [
    12319.3007,
    -17624.202400000002,
    0.0,
    12319.3007,
    25919.0
  ],
  "lly": [
    3762.9501,
    -6228.3039,
    0.0,
    3762.9501,
    7917.0
  ]
}