{
  "syj": [
    34084.9533,
    -12469.43,
    0.0,
    34084.9533,
    49463.0
  ],
  "cl": [
    18683.568300000003,
    -7950.2957000000015,
    0.0,
    18683.568300000003,
    27113.0
  ],
  "zb": [
    10998.725100000001,
    -4962.274899999999,
    0.0,
    10998.725100000001,
    15961.0
  ],
  "zy": [
    5753.985000000001,
    -2596.0149999999994,
    0.0,
    5753.985000000001,
    8350.0
  ],
  "lbc": [
    24536.0946,
    -11069.905399999998,
    0.0,
    24536.0946,
    35606.0
  ],
  "lz": [
    19287.2199,
    -8701.780099999998,
    0.0,
    19287.2199,
    27989.0
  ],
  "house": [
    46992.485400000005,
    -21201.5146,
    0.0,
    46992.485400000005,
    68194.0
  ],
  "lhx": [
    0.0,
    0.0,
    0.0,
    0.0,
    0.0
  ],
  "sey": [
    0.0,
    0.0,
    0.0,
    0.0,
    0.0
  ],
  "miao": [
    66.84270000000001,
    -30.157299999999996,
    0.0,
    66.84270000000001,
    97.0
  ],
  "hmk": [
    1454.0010000000002,
    -655.9989999999999,
    0.0,
    1454.0010000000002,
    2110.0
  ],
  "wzm": [
    17860.782900000002,
    -12082.720200000003,
    0.0,
    17860.782900000002,
    25919.0
  ],
  "lly": [
    5455.604700000001,
    -4535.6493,
    0.0,
    5455.604700000001,
    7917.0
  ]
}