{
  "syj": [
    27377.7705,
    -19176.612800000003,
    0.0,
    27377.7705,
    49463.0
  ],
  "cl": [
    15007.0455,
    -11626.818500000003,
    0.0,
    15007.0455,
    27113.0
  ],
  "zb": [
    8834.4135,
    -7126.5865,
    0.0,
    8834.4135,
    15961.0
  ],
  "zy": [
    4621.725,
    -3728.275,
    0.0,
    4621.725,
    8350.0
  ],
  "lbc": [
    19707.921,
    -15898.079,
    0.0,
    19707.921,
    35606.0
  ],
  "lz": [
    15491.9115,
    -12497.0885,
    0.0,
    15491.9115,
    27989.0
  ],
  "house": [
    37745.379,
    -30448.621,
    0.0,
    37745.379,
    68194.0
  ],
  "lhx": [
    0.0,
    0.0,
    0.0,
    0.0,
    0.0
  ],
  "sey": [
    0.0,
    0.0,
    0.0,
    0.0,
    0.0
  ],
  "miao": [
    53.6895,
    -43.3105,
    0.0,
    53.6895,
    97.0
  ],
  "hmk": [
    1167.885,
    -942.115,
    0.0,
    1167.885,
    2110.0
  ],
  "wzm": [
    14346.1665,
    -15597.336600000004,
    0.0,
    14346.1665,
    25919.0
  ],
  "lly": [
    4382.0595,
    -5609.1945000000005,
    0.0,
    4382.0595,
    7917.0
  ]
}