{
  "syj": [
    47390.5003,
    836.1169999999945,
    0.0,
    47390.5003,
    49463.0
  ],
  "cl": [
    25976.9653,
    -656.8987000000039,
    0.0,
    25976.9653,
    27113.0
  ],
  "zb": [
    15292.2341,
    -668.7659000000008,
    0.0,
    15292.2341,
    15961.0
  ],
  "zy": [
    8000.134999999999,
    -349.8650000000004,
    0.0,
    8000.134999999999,
    8350.0
  ],
  "lbc": [
    34114.1086,
    -1491.8914000000018,
    0.0,
    34114.1086,
    35606.0
  ],
  "lz": [
    26816.260899999997,
    -1172.7391000000014,
    0.0,
    26816.260899999997,
    27989.0
  ],
  "house": [
    65336.6714,
    -2857.3286000000035,
    0.0,
    65336.6714,
    68194.0
  ],
  "lhx": [
    0.0,
    0.0,
    0.0,
    0.0,
    0.0
  ],
  "sey": [
    0.0,
    0.0,
    0.0,
    0.0,
    0.0
  ],
  "miao": [
    92.9357,
    -4.064300000000005,
    0.0,
    92.9357,
    97.0
  ],
  "hmk": [
    2021.591,
    -88.4090000000001,
    0.0,
    2021.591,
    2110.0
  ],
  "wzm": [
    24832.993899999998,
    -5110.509200000006,
    0.0,
    24832.993899999998,
    25919.0
  ],
  "lly": [
    7585.2777,
    -2405.9763000000003,
    0.0,
    7585.2777,
    7917.0
  ]
}