{
  "syj": [
    28584.667699999998,
    -17969.715600000003,
    0.0,
    28584.667699999998,
    49463.0
  ],
  "cl": [
    15668.6027,
    -10965.261300000004,
    0.0,
    15668.6027,
    27113.0
  ],
  "zb": [
    9223.8619,
    -6737.1381,
    0.0,
    9223.8619,
    15961.0
  ],
  "zy": [
    4825.465,
    -3524.5350000000003,
    0.0,
    4825.465,
    8350.0
  ],
  "lbc": [
    20576.7074,
    -15029.2926,
    0.0,
    20576.7074,
    35606.0
  ],
  "lz": [
    16174.843099999998,
    -11814.156900000002,
    0.0,
    16174.843099999998,
    27989.0
  ],
  "house": [
    39409.3126,
    -28784.687400000003,
    0.0,
    39409.3126,
    68194.0
  ],
  "lhx": [
    0.0,
    0.0,
    0.0,
    0.0,
    0.0
  ],
  "sey": [
    0.0,
    0.0,
    0.0,
    0.0,
    0.0
  ],
  "miao": [
    56.0563,
    -40.9437,
    0.0,
    56.0563,
    97.0
  ],
  "hmk": [
    1219.369,
    -890.6310000000001,
    0.0,
    1219.369,
    2110.0
  ],
  "wzm": [
    14978.5901,
    -14964.913000000006,
    0.0,
    14978.5901,
    25919.0
  ],
  "lly": [
    4575.2343,
    -5416.019700000001,
    0.0,
    4575.2343,
    7917.0
  ]
}