{
  "syj": [
    62639.9432,
    16085.559899999995,
    0.0,
    62639.9432,
    49463.0
  ],
  "cl": [
    34335.9032,
    7702.0391999999965,
    2310.611759999999,
    32025.29144,
    27113.0
  ],
  "zb": [
    20213.0104,
    4252.010399999999,
    1275.6031199999998,
    18937.40728,
    15961.0
  ],
  "zy": [
    10574.44,
    2224.4399999999996,
    667.3319999999999,
    9907.108,
    8350.0
  ],
  "lbc": [
    45091.4384,
    9485.4384,
    0.0,
    45091.4384,
    35606.0
  ],
  "lz": [
    35445.2696,
    7456.269599999999,
    0.0,
    35445.2696,
    27989.0
  ],
  "house": [
    86360.8816,
    18166.881599999997,
    0.0,
    86360.8816,
    68194.0
  ],
  "lhx": [
    0.0,
    0.0,
    0.0,
    0.0,
    0.0
  ],
  "sey": [
    0.0,
    0.0,
    0.0,
    0.0,
    0.0
  ],
  "miao": [
    122.8408,
    25.840799999999998,
    7.752239999999999,
    115.08856,
    97.0
  ],
  "hmk": [
    2672.104,
    562.1039999999999,
    168.63119999999998,
    2503.4728,
    2110.0
  ],
  "wzm": [
    32823.821599999996,
    2880.318499999995,
    864.0955499999984,
    31959.726049999997,
    25919.0
  ],
  "lly": [
    10026.0888,
    34.83479999999968,
    10.450439999999904,
    10015.638359999999,
    7917.0
  ]
}