{
  "syj": [
    30718.9272,
    -6435.072800000001,
    0.0,
    30718.9272,
    37154.0
  ],
  "cl": [
    22417.0284,
    -4216.835600000003,
    0.0,
    22417.0284,
    27113.0
  ],
  "zb": [
    13196.5548,
    -2764.4452,
    0.0,
    13196.5548,
    15961.0
  ],
  "zy": [
    6903.78,
    -1446.2200000000003,
    0.0,
    6903.78,
    8350.0
  ],
  "lbc": [
    29439.0408,
    -6166.959200000001,
    0.0,
    29439.0408,
    35606.0
  ],
  "lz": [
    23141.3052,
    -4847.6948,
    0.0,
    23141.3052,
    27989.0
  ],
  "house": [
    56382.7992,
    -11811.2008,
    0.0,
    56382.7992,
    68194.0
  ],
  "lhx": [
    4604.4492,
    -964.5508000000001,
    0.0,
    4604.4492,
    5569.0
  ],
  "sey": [
    5572.632,
    -1167.3680000000002,
    0.0,
    5572.632,
    6740.0
  ],
  "miao": [
    80.1996,
    -16.800400000000003,
    0.0,
    80.1996,
    97.0
  ],
  "hmk": [
    1744.548,
    -365.45200000000006,
    0.0,
    1744.548,
    2110.0
  ],
  "wzm": [
    21429.8292,
    -8513.673900000005,
    0.0,
    21429.8292,
    25919.0
  ],
  "lly": [
    6545.7756,
    -3445.4784000000004,
    0.0,
    6545.7756,
    7917.0
  ]
}