{
  "syj": [
    22436.4168,
    -24117.966500000002,
    0.0,
    22436.4168,
    49463.0
  ],
  "cl": [
    12298.4568,
    -14335.407200000003,
    0.0,
    12298.4568,
    27113.0
  ],
  "zb": [
    7239.9096,
    -8721.0904,
    0.0,
    7239.9096,
    15961.0
  ],
  "zy": [
    3787.56,
    -4562.44,
    0.0,
    3787.56,
    8350.0
  ],
  "lbc": [
    16150.8816,
    -19455.1184,
    0.0,
    16150.8816,
    35606.0
  ],
  "lz": [
    12695.8104,
    -15293.1896,
    0.0,
    12695.8104,
    27989.0
  ],
  "house": [
    30932.7984,
    -37261.2016,
    0.0,
    30932.7984,
    68194.0
  ],
  "lhx": [
    0.0,
    0.0,
    0.0,
    0.0,
    0.0
  ],
  "sey": [
    0.0,
    0.0,
    0.0,
    0.0,
    0.0
  ],
  "miao": [
    43.9992,
    -53.0008,
    0.0,
    43.9992,
    97.0
  ],
  "hmk": [
    957.096,
    -1152.904,
    0.0,
    957.096,
    2110.0
  ],
  "wzm": [
    11756.858400000001,
    -18186.644700000004,
    0.0,
    11756.858400000001,
    25919.0
  ],
  "lly": [
    3591.1512000000002,
    -6400.1028,
    0.0,
    3591.1512000000002,
    7917.0
  ]
}