{
  "syj": [
    46765.739799999996,
    9611.739799999998,
    0.0,
    46765.739799999996,
    37154.0
  ],
  "cl": [
    21016.513899999998,
    4319.513899999999,
    1295.8541699999996,
    19720.65973,
    16697.0
  ],
  "zb": [
    20090.110699999997,
    4129.110699999999,
    1238.7332099999996,
    18851.37749,
    15961.0
  ],
  "zy": [
    10510.144999999999,
    2160.1449999999995,
    648.0434999999999,
    9862.101499999999,
    8350.0
  ],
  "lbc": [
    44817.2722,
    9211.272199999998,
    0.0,
    44817.2722,
    35606.0
  ],
  "lz": [
    35229.7543,
    7240.754299999998,
    0.0,
    35229.7543,
    27989.0
  ],
  "house": [
    85835.78779999999,
    17641.787799999995,
    0.0,
    85835.78779999999,
    68194.0
  ],
  "lhx": [
    7009.7002999999995,
    1440.7002999999995,
    432.21008999999987,
    6577.49021,
    5569.0
  ],
  "sey": [
    8483.637999999999,
    1743.6379999999995,
    523.0913999999998,
    7960.5466,
    6740.0
  ],
  "miao": [
    41315.5688,
    8491.568799999997,
    2547.470639999999,
    38768.09816,
    32824.0
  ],
  "hmk": [
    2655.857,
    545.8569999999999,
    163.75709999999995,
    2492.0999,
    2110.0
  ],
  "wzm": [
    32624.2453,
    2680.7421999999938,
    804.2226599999981,
    31820.02264,
    25919.0
  ],
  "lly": [
    9965.1279,
    -26.126100000000637,
    0.0,
    9965.1279,
    7917.0
  ]
}