{
  "syj": [
    34851.6298,
    -11702.753500000003,
    0.0,
    34851.6298,
    49463.0
  ],
  "cl": [
    19103.8198,
    -7530.044200000002,
    0.0,
    19103.8198,
    27113.0
  ],
  "zb": [
    11246.1206,
    -4714.8794,
    0.0,
    11246.1206,
    15961.0
  ],
  "zy": [
    5883.41,
    -2466.59,
    0.0,
    5883.41,
    8350.0
  ],
  "lbc": [
    25087.9876,
    -10518.0124,
    0.0,
    25087.9876,
    35606.0
  ],
  "lz": [
    19721.0494,
    -8267.9506,
    0.0,
    19721.0494,
    27989.0
  ],
  "house": [
    48049.4924,
    -20144.5076,
    0.0,
    48049.4924,
    68194.0
  ],
  "lhx": [
    0.0,
    0.0,
    0.0,
    0.0,
    0.0
  ],
  "sey": [
    0.0,
    0.0,
    0.0,
    0.0,
    0.0
  ],
  "miao": [
    68.3462,
    -28.6538,
    0.0,
    68.3462,
    97.0
  ],
  "hmk": [
    1486.706,
    -623.294,
    0.0,
    1486.706,
    2110.0
  ],
  "wzm": [
    18262.5274,
    -11680.975700000005,
    0.0,
    18262.5274,
    25919.0
  ],
  "lly": [
    5578.3182,
    -4412.9358,
    0.0,
    5578.3182,
    7917.0
  ]
}