{
  "syj": [
    58534.5142,
    11980.130899999996,
    0.0,
    58534.5142,
    49463.0
  ],
  "cl": [
    32085.5242,
    5451.6601999999975,
    1635.4980599999992,
    30450.02614,
    27113.0
  ],
  "zb": [
    18888.2474,
    2927.2474,
    878.17422,
    18010.07318,
    15961.0
  ],
  "zy": [
    9881.39,
    1531.39,
    459.41700000000003,
    9421.973,
    8350.0
  ],
  "lbc": [
    42136.140400000004,
    6530.1404,
    0.0,
    42136.140400000004,
    35606.0
  ],
  "lz": [
    33122.1826,
    5133.1826,
    0.0,
    33122.1826,
    27989.0
  ],
  "house": [
    80700.7796,
    12506.7796,
    0.0,
    80700.7796,
    68194.0
  ],
  "lhx": [
    0.0,
    0.0,
    0.0,
    0.0,
    0.0
  ],
  "sey": [
    0.0,
    0.0,
    0.0,
    0.0,
    0.0
  ],
  "miao": [
    114.7898,
    17.7898,
    5.336939999999999,
    109.45286,
    97.0
  ],
  "hmk": [
    2496.974,
    386.974,
    116.09219999999999,
    2380.8818,
    2110.0
  ],
  "wzm": [
    30672.5446,
    729.0414999999957,
    218.7124499999987,
    30453.832150000002,
    25919.0
  ],
  "lly": [
    9368.9778,
    -622.2762,
    0.0,
    9368.9778,
    7917.0
  ]
}