{
  "syj": [
    22307.813000000002,
    -24246.570300000003,
    0.0,
    22307.813000000002,
    49463.0
  ],
  "cl": [
    12227.963,
    -14405.901000000003,
    0.0,
    12227.963,
    27113.0
  ],
  "zb": [
    7198.411,
    -8762.588999999998,
    0.0,
    7198.411,
    15961.0
  ],
  "zy": [
    3765.85,
    -4584.15,
    0.0,
    3765.85,
    8350.0
  ],
  "lbc": [
    16058.306,
    -19547.693999999996,
    0.0,
    16058.306,
    35606.0
  ],
  "lz": [
    12623.039,
    -15365.960999999998,
    0.0,
    12623.039,
    27989.0
  ],
  "house": [
    30755.494000000002,
    -37438.505999999994,
    0.0,
    30755.494000000002,
    68194.0
  ],
  "lhx": [
    0.0,
    0.0,
    0.0,
    0.0,
    0.0
  ],
  "sey": [
    0.0,
    0.0,
    0.0,
    0.0,
    0.0
  ],
  "miao": [
    43.747,
    -53.25299999999999,
    0.0,
    43.747,
    97.0
  ],
  "hmk": [
    951.61,
    -1158.3899999999999,
    0.0,
    951.61,
    2110.0
  ],
  "wzm": [
    11689.469000000001,
    -18254.034100000004,
    0.0,
    11689.469000000001,
    25919.0
  ],
  "lly": [
    3570.567,
    -6420.687,
    0.0,
    3570.567,
    7917.0
  ]
}