{
  "syj": [
    22100.0684,
    -24454.314900000005,
    0.0,
    22100.0684,
    49463.0
  ],
  "cl": [
    12114.088399999999,
    -14519.775600000003,
    0.0,
    12114.088399999999,
    27113.0
  ],
  "zb": [
    7131.3748,
    -8829.6252,
    0.0,
    7131.3748,
    15961.0
  ],
  "zy": [
    3730.7799999999997,
    -4619.22,
    0.0,
    3730.7799999999997,
    8350.0
  ],
  "lbc": [
    15908.7608,
    -19697.2392,
    0.0,
    15908.7608,
    35606.0
  ],
  "lz": [
    12505.4852,
    -15483.5148,
    0.0,
    12505.4852,
    27989.0
  ],
  "house": [
    30469.079199999996,
    -37724.9208,
    0.0,
    30469.079199999996,
    68194.0
  ],
  "lhx": [
    0.0,
    0.0,
    0.0,
    0.0,
    0.0
  ],
  "sey": [
    0.0,
    0.0,
    0.0,
    0.0,
    0.0
  ],
  "miao": [
    43.3396,
    -53.6604,
    0.0,
    43.3396,
    97.0
  ],
  "hmk": [
    942.7479999999999,
    -1167.252,
    0.0,
    942.7479999999999,
    2110.0
  ],
  "wzm": [
    11580.609199999999,
    -18362.893900000006,
    0.0,
    11580.609199999999,
    25919.0
  ],
  "lly": [
    3537.3156,
    -6453.9384,
    0.0,
    3537.3156,
    7917.0
  ]
}