{
  "syj": [
    38610.8178,
    -7943.565500000005,
    0.0,
    38610.8178,
    49463.0
  ],
  "cl": [
    21164.407799999997,
    -5469.456200000003,
    0.0,
    21164.407799999997,
    27113.0
  ],
  "zb": [
    12459.1566,
    -3501.8434000000007,
    0.0,
    12459.1566,
    15961.0
  ],
  "zy": [
    6518.009999999999,
    -1831.9900000000002,
    0.0,
    6518.009999999999,
    8350.0
  ],
  "lbc": [
    27794.043599999997,
    -7811.956400000002,
    0.0,
    27794.043599999997,
    35606.0
  ],
  "lz": [
    21848.2134,
    -6140.786600000001,
    0.0,
    21848.2134,
    27989.0
  ],
  "house": [
    53232.236399999994,
    -14961.763600000002,
    0.0,
    53232.236399999994,
    68194.0
  ],
  "lhx": [
    0.0,
    0.0,
    0.0,
    0.0,
    0.0
  ],
  "sey": [
    0.0,
    0.0,
    0.0,
    0.0,
    0.0
  ],
  "miao": [
    75.7182,
    -21.281800000000004,
    0.0,
    75.7182,
    97.0
  ],
  "hmk": [
    1647.0659999999998,
    -462.9340000000001,
    0.0,
    1647.0659999999998,
    2110.0
  ],
  "wzm": [
    20232.3714,
    -9711.131700000005,
    0.0,
    20232.3714,
    25919.0
  ],
  "lly": [
    6180.0102,
    -3811.2438,
    0.0,
    6180.0102,
    7917.0
  ]
}