{
  "syj": [
    46137.8372,
    8983.8372,
    0.0,
    46137.8372,
    37154.0
  ],
  "cl": [
    20734.334600000002,
    4037.3346,
    1211.20038,
    19523.134220000004,
    16697.0
  ],
  "zb": [
    19820.3698,
    3859.3698000000004,
    1157.81094,
    18662.55886,
    15961.0
  ],
  "zy": [
    10369.03,
    2019.0300000000002,
    605.7090000000001,
    9763.321,
    8350.0
  ],
  "lbc": [
    44215.5308,
    8609.5308,
    0.0,
    44215.5308,
    35606.0
  ],
  "lz": [
    34756.7402,
    6767.7402,
    0.0,
    34756.7402,
    27989.0
  ],
  "house": [
    84683.3092,
    16489.3092,
    0.0,
    84683.3092,
    68194.0
  ],
  "lhx": [
    6915.5842,
    1346.5842,
    403.97526,
    6511.60894,
    5569.0
  ],
  "sey": [
    8369.732,
    1629.7320000000002,
    488.91960000000006,
    7880.8124,
    6740.0
  ],
  "miao": [
    40760.8432,
    7936.8432,
    2381.05296,
    38379.79024,
    32824.0
  ],
  "hmk": [
    2620.198,
    510.19800000000004,
    153.0594,
    2467.1385999999998,
    2110.0
  ],
  "wzm": [
    12429.1762,
    2446.199600000001,
    733.8598800000002,
    11695.31632,
    10009.0
  ]
}