{
  "syj": [
    23499.871300000003,
    -23054.512000000002,
    0.0,
    23499.871300000003,
    49463.0
  ],
  "cl": [
    12881.3863,
    -13752.477700000003,
    0.0,
    12881.3863,
    27113.0
  ],
  "zb": [
    7583.0711,
    -8377.928899999999,
    0.0,
    7583.0711,
    15961.0
  ],
  "zy": [
    3967.085,
    -4382.914999999999,
    0.0,
    3967.085,
    8350.0
  ],
  "lbc": [
    16916.4106,
    -18689.589399999997,
    0.0,
    16916.4106,
    35606.0
  ],
  "lz": [
    13297.573900000001,
    -14691.426099999997,
    0.0,
    13297.573900000001,
    27989.0
  ],
  "house": [
    32398.9694,
    -35795.0306,
    0.0,
    32398.9694,
    68194.0
  ],
  "lhx": [
    0.0,
    0.0,
    0.0,
    0.0,
    0.0
  ],
  "sey": [
    0.0,
    0.0,
    0.0,
    0.0,
    0.0
  ],
  "miao": [
    46.084700000000005,
    -50.915299999999995,
    0.0,
    46.084700000000005,
    97.0
  ],
  "hmk": [
    1002.461,
    -1107.5389999999998,
    0.0,
    1002.461,
    2110.0
  ],
  "wzm": [
    12314.1169,
    -17629.3862,
    0.0,
    12314.1169,
    25919.0
  ],
  "lly": [
    3761.3667,
    -6229.887299999999,
    0.0,
    3761.3667,
    7917.0
  ]
}