{
  "syj": [
    29044.673600000002,
    -17509.7097,
    0.0,
    29044.673600000002,
    49463.0
  ],
  "cl": [
    15920.753600000002,
    -10713.110400000001,
    0.0,
    15920.753600000002,
    27113.0
  ],
  "zb": [
    9372.299200000001,
    -6588.700799999999,
    0.0,
    9372.299200000001,
    15961.0
  ],
  "zy": [
    4903.120000000001,
    -3446.8799999999997,
    0.0,
    4903.120000000001,
    8350.0
  ],
  "lbc": [
    20907.843200000003,
    -14698.156799999999,
    0.0,
    20907.843200000003,
    35606.0
  ],
  "lz": [
    16435.1408,
    -11553.859199999999,
    0.0,
    16435.1408,
    27989.0
  ],
  "house": [
    40043.516800000005,
    -28150.483199999995,
    0.0,
    40043.516800000005,
    68194.0
  ],
  "lhx": [
    0.0,
    0.0,
    0.0,
    0.0,
    0.0
  ],
  "sey": [
    0.0,
    0.0,
    0.0,
    0.0,
    0.0
  ],
  "miao": [
    56.958400000000005,
    -40.041599999999995,
    0.0,
    56.958400000000005,
    97.0
  ],
  "hmk": [
    1238.9920000000002,
    -871.0079999999999,
    0.0,
    1238.9920000000002,
    2110.0
  ],
  "wzm": [
    15219.636800000002,
    -14723.866300000003,
    0.0,
    15219.636800000002,
    25919.0
  ],
  "lly": [
    4648.862400000001,
    -5342.3916,
    0.0,
    4648.862400000001,
    7917.0
  ]
}