{
  "syj": [
    32690.096700000002,
    -13864.286600000001,
    0.0,
    32690.096700000002,
    49463.0
  ],
  "cl": [
    17918.9817,
    -8714.882300000001,
    0.0,
    17918.9817,
    27113.0
  ],
  "zb": [
    10548.6249,
    -5412.375099999999,
    0.0,
    10548.6249,
    15961.0
  ],
  "zy": [
    5518.515,
    -2831.4849999999997,
    0.0,
    5518.515,
    8350.0
  ],
  "lbc": [
    23532.005400000002,
    -12073.994599999998,
    0.0,
    23532.005400000002,
    35606.0
  ],
  "lz": [
    18497.9301,
    -9491.069899999999,
    0.0,
    18497.9301,
    27989.0
  ],
  "house": [
    45069.414600000004,
    -23124.585399999996,
    0.0,
    45069.414600000004,
    68194.0
  ],
  "lhx": [
    0.0,
    0.0,
    0.0,
    0.0,
    0.0
  ],
  "sey": [
    0.0,
    0.0,
    0.0,
    0.0,
    0.0
  ],
  "miao": [
    64.10730000000001,
    -32.8927,
    0.0,
    64.10730000000001,
    97.0
  ],
  "hmk": [
    1394.499,
    -715.5009999999999,
    0.0,
    1394.499,
    2110.0
  ],
  "wzm": [
    17129.8671,
    -12813.636000000004,
    0.0,
    17129.8671,
    25919.0
  ],
  "lly": [
    5232.3453,
    -4758.9087,
    0.0,
    5232.3453,
    7917.0
  ]
}