{
  "syj": [
    26828.7312,
    -19725.652100000003,
    0.0,
    26828.7312,
    49463.0
  ],
  "cl": [
    14706.091199999999,
    -11927.772800000002,
    0.0,
    14706.091199999999,
    27113.0
  ],
  "zb": [
    8657.2464,
    -7303.7536,
    0.0,
    8657.2464,
    15961.0
  ],
  "zy": [
    4529.04,
    -3820.96,
    0.0,
    4529.04,
    8350.0
  ],
  "lbc": [
    19312.6944,
    -16293.3056,
    0.0,
    19312.6944,
    35606.0
  ],
  "lz": [
    15181.2336,
    -12807.7664,
    0.0,
    15181.2336,
    27989.0
  ],
  "house": [
    36988.4256,
    -31205.5744,
    0.0,
    36988.4256,
    68194.0
  ],
  "lhx": [
    0.0,
    0.0,
    0.0,
    0.0,
    0.0
  ],
  "sey": [
    0.0,
    0.0,
    0.0,
    0.0,
    0.0
  ],
  "miao": [
    52.6128,
    -44.3872,
    0.0,
    52.6128,
    97.0
  ],
  "hmk": [
    1144.464,
    -965.5360000000001,
    0.0,
    1144.464,
    2110.0
  ],
  "wzm": [
    14058.4656,
    -15885.037500000004,
    0.0,
    14058.4656,
    25919.0
  ],
  "lly": [
    4294.1808,
    -5697.0732,
    0.0,
    4294.1808,
    7917.0
  ]
}