{
  "syj": [
    29544.860800000002,
    -7609.1392,
    0.0,
    29544.860800000002,
    37154.0
  ],
  "cl": [
    21560.2576,
    -5073.606400000002,
    0.0,
    21560.2576,
    27113.0
  ],
  "zb": [
    12692.1872,
    -3268.8127999999997,
    0.0,
    12692.1872,
    15961.0
  ],
  "zy": [
    6639.92,
    -1710.08,
    0.0,
    6639.92,
    8350.0
  ],
  "lbc": [
    28313.891200000002,
    -7292.108799999999,
    0.0,
    28313.891200000002,
    35606.0
  ],
  "lz": [
    22256.8528,
    -5732.147199999999,
    0.0,
    22256.8528,
    27989.0
  ],
  "house": [
    54227.868800000004,
    -13966.131199999998,
    0.0,
    54227.868800000004,
    68194.0
  ],
  "lhx": [
    4428.4688,
    -1140.5312,
    0.0,
    4428.4688,
    5569.0
  ],
  "sey": [
    5359.648,
    -1380.3519999999999,
    0.0,
    5359.648,
    6740.0
  ],
  "miao": [
    77.1344,
    -19.865599999999997,
    0.0,
    77.1344,
    97.0
  ],
  "hmk": [
    1677.872,
    -432.128,
    0.0,
    1677.872,
    2110.0
  ],
  "wzm": [
    20610.788800000002,
    -9332.714300000003,
    0.0,
    20610.788800000002,
    25919.0
  ],
  "lly": [
    6295.5984,
    -3695.6556,
    0.0,
    6295.5984,
    7917.0
  ]
}