{
  "syj": [
    31943.205400000003,
    -14611.1779,
    0.0,
    31943.205400000003,
    49463.0
  ],
  "cl": [
    17509.5754,
    -9124.288600000002,
    0.0,
    17509.5754,
    27113.0
  ],
  "zb": [
    10307.613800000001,
    -5653.386199999999,
    0.0,
    10307.613800000001,
    15961.0
  ],
  "zy": [
    5392.43,
    -2957.5699999999997,
    0.0,
    5392.43,
    8350.0
  ],
  "lbc": [
    22994.3548,
    -12611.645199999999,
    0.0,
    22994.3548,
    35606.0
  ],
  "lz": [
    18075.2962,
    -9913.7038,
    0.0,
    18075.2962,
    27989.0
  ],
  "house": [
    44039.6852,
    -24154.314799999996,
    0.0,
    44039.6852,
    68194.0
  ],
  "lhx": [
    0.0,
    0.0,
    0.0,
    0.0,
    0.0
  ],
  "sey": [
    0.0,
    0.0,
    0.0,
    0.0,
    0.0
  ],
  "miao": [
    62.6426,
    -34.3574,
    0.0,
    62.6426,
    97.0
  ],
  "hmk": [
    1362.6380000000001,
    -747.362,
    0.0,
    1362.6380000000001,
    2110.0
  ],
  "wzm": [
    16738.4902,
    -13205.012900000003,
    0.0,
    16738.4902,
    25919.0
  ],
  "lly": [
    5112.7986,
    -4878.4554,
    0.0,
    5112.7986,
    7917.0
  ]
}