{
  "syj": [
    38358.5565,
    -8195.826800000004,
    0.0,
    38358.5565,
    49463.0
  ],
  "cl": [
    21026.1315,
    -5607.732500000004,
    0.0,
    21026.1315,
    27113.0
  ],
  "zb": [
    12377.7555,
    -3583.2445000000007,
    0.0,
    12377.7555,
    15961.0
  ],
  "zy": [
    6475.424999999999,
    -1874.5750000000003,
    0.0,
    6475.424999999999,
    8350.0
  ],
  "lbc": [
    27612.452999999998,
    -7993.547000000001,
    0.0,
    27612.452999999998,
    35606.0
  ],
  "lz": [
    21705.4695,
    -6283.530500000001,
    0.0,
    21705.4695,
    27989.0
  ],
  "house": [
    52884.447,
    -15309.553000000002,
    0.0,
    52884.447,
    68194.0
  ],
  "lhx": [
    0.0,
    0.0,
    0.0,
    0.0,
    0.0
  ],
  "sey": [
    0.0,
    0.0,
    0.0,
    0.0,
    0.0
  ],
  "miao": [
    75.2235,
    -21.776500000000002,
    0.0,
    75.2235,
    97.0
  ],
  "hmk": [
    1636.3049999999998,
    -473.69500000000005,
    0.0,
    1636.3049999999998,
    2110.0
  ],
  "wzm": [
    20100.1845,
    -9843.318600000006,
    0.0,
    20100.1845,
    25919.0
  ],
  "lly": [
    6139.6335,
    -3851.6205000000004,
    0.0,
    6139.6335,
    7917.0
  ]
}