{
  "syj": [
    26551.738400000002,
    -20002.6449,
    0.0,
    26551.738400000002,
    49463.0
  ],
  "cl": [
    14554.2584,
    -12079.6056,
    0.0,
    14554.2584,
    27113.0
  ],
  "zb": [
    8567.864800000001,
    -7393.135199999999,
    0.0,
    8567.864800000001,
    15961.0
  ],
  "zy": [
    4482.280000000001,
    -3867.7199999999993,
    0.0,
    4482.280000000001,
    8350.0
  ],
  "lbc": [
    19113.3008,
    -16492.6992,
    0.0,
    19113.3008,
    35606.0
  ],
  "lz": [
    15024.495200000001,
    -12964.504799999999,
    0.0,
    15024.495200000001,
    27989.0
  ],
  "house": [
    36606.53920000001,
    -31587.460799999997,
    0.0,
    36606.53920000001,
    68194.0
  ],
  "lhx": [
    0.0,
    0.0,
    0.0,
    0.0,
    0.0
  ],
  "sey": [
    0.0,
    0.0,
    0.0,
    0.0,
    0.0
  ],
  "miao": [
    52.06960000000001,
    -44.93039999999999,
    0.0,
    52.06960000000001,
    97.0
  ],
  "hmk": [
    1132.6480000000001,
    -977.3519999999999,
    0.0,
    1132.6480000000001,
    2110.0
  ],
  "wzm": [
    13913.319200000002,
    -16030.183900000004,
    0.0,
    13913.319200000002,
    25919.0
  ],
  "lly": [
    4249.845600000001,
    -5741.408399999999,
    0.0,
    4249.845600000001,
    7917.0
  ]
}