{
  "syj": [
    23351.4823,
    -23202.901,
    0.0,
    23351.4823,
    49463.0
  ],
  "cl": [
    12800.0473,
    -13833.816700000001,
    0.0,
    12800.0473,
    27113.0
  ],
  "zb": [
    7535.1881,
    -8425.8119,
    0.0,
    7535.1881,
    15961.0
  ],
  "zy": [
    3942.0350000000003,
    -4407.965,
    0.0,
    3942.0350000000003,
    8350.0
  ],
  "lbc": [
    16809.5926,
    -18796.4074,
    0.0,
    16809.5926,
    35606.0
  ],
  "lz": [
    13213.6069,
    -14775.393100000001,
    0.0,
    13213.6069,
    27989.0
  ],
  "house": [
    32194.3874,
    -35999.6126,
    0.0,
    32194.3874,
    68194.0
  ],
  "lhx": [
    0.0,
    0.0,
    0.0,
    0.0,
    0.0
  ],
  "sey": [
    0.0,
    0.0,
    0.0,
    0.0,
    0.0
  ],
  "miao": [
    45.7937,
    -51.206300000000006,
    0.0,
    45.7937,
    97.0
  ],
  "hmk": [
    996.1310000000001,
    -1113.8690000000001,
    0.0,
    996.1310000000001,
    2110.0
  ],
  "wzm": [
    12236.359900000001,
    -17707.143200000006,
    0.0,
    12236.359900000001,
    25919.0
  ],
  "lly": [
    3737.6157000000003,
    -6253.6383000000005,
    0.0,
    3737.6157000000003,
    7917.0
  ]
}