{
  "syj": [
    46973.8022,
    9819.8022,
    0.0,
    46973.8022,
    37154.0
  ],
  "cl": [
    21110.0171,
    4413.0171,
    1323.9051299999999,
    19786.11197,
    16697.0
  ],
  "zb": [
    20179.492299999998,
    4218.4923,
    1265.5476899999999,
    18913.94461,
    15961.0
  ],
  "zy": [
    10556.905,
    2206.9049999999997,
    662.0714999999999,
    9894.8335,
    8350.0
  ],
  "lbc": [
    45016.6658,
    9410.665799999999,
    0.0,
    45016.6658,
    35606.0
  ],
  "lz": [
    35386.4927,
    7397.4927,
    0.0,
    35386.4927,
    27989.0
  ],
  "house": [
    86217.6742,
    18023.674199999998,
    0.0,
    86217.6742,
    68194.0
  ],
  "lhx": [
    7040.8867,
    1471.8866999999998,
    441.56600999999995,
    6599.3206900000005,
    5569.0
  ],
  "sey": [
    8521.382,
    1781.3819999999998,
    534.4146,
    7986.9673999999995,
    6740.0
  ],
  "miao": [
    41499.3832,
    8675.3832,
    2602.61496,
    38896.76824,
    32824.0
  ],
  "hmk": [
    2667.673,
    557.673,
    167.3019,
    2500.3711,
    2110.0
  ],
  "wzm": [
    32769.3917,
    2825.888599999995,
    847.7665799999985,
    31921.62512,
    25919.0
  ],
  "lly": [
    10009.463099999999,
    18.20909999999975,
    5.462729999999925,
    10004.00037,
    7917.0
  ]
}