{
  "syj": [
    31423.8439,
    -15130.539400000005,
    0.0,
    31423.8439,
    49463.0
  ],
  "cl": [
    17224.888899999998,
    -9408.975100000003,
    0.0,
    17224.888899999998,
    27113.0
  ],
  "zb": [
    10140.023299999999,
    -5820.9767,
    0.0,
    10140.023299999999,
    15961.0
  ],
  "zy": [
    5304.755,
    -3045.2450000000003,
    0.0,
    5304.755,
    8350.0
  ],
  "lbc": [
    22620.4918,
    -12985.5082,
    0.0,
    22620.4918,
    35606.0
  ],
  "lz": [
    17781.4117,
    -10207.588300000001,
    0.0,
    17781.4117,
    27989.0
  ],
  "house": [
    43323.648199999996,
    -24870.3518,
    0.0,
    43323.648199999996,
    68194.0
  ],
  "lhx": [
    0.0,
    0.0,
    0.0,
    0.0,
    0.0
  ],
  "sey": [
    0.0,
    0.0,
    0.0,
    0.0,
    0.0
  ],
  "miao": [
    61.6241,
    -35.3759,
    0.0,
    61.6241,
    97.0
  ],
  "hmk": [
    1340.483,
    -769.517,
    0.0,
    1340.483,
    2110.0
  ],
  "wzm": [
    16466.3407,
    -13477.162400000005,
    0.0,
    16466.3407,
    25919.0
  ],
  "lly": [
    5029.670099999999,
    -4961.5839000000005,
    0.0,
    5029.670099999999,
    7917.0
  ]
}