{
  "syj": [
    28445.1024,
    -8708.897600000002,
    0.0,
    28445.1024,
    37154.0
  ],
  "cl": [
    20757.712799999998,
    -5876.151200000004,
    0.0,
    20757.712799999998,
    27113.0
  ],
  "zb": [
    12219.7416,
    -3741.2584000000006,
    0.0,
    12219.7416,
    15961.0
  ],
  "zy": [
    6392.759999999999,
    -1957.2400000000005,
    0.0,
    6392.759999999999,
    8350.0
  ],
  "lbc": [
    27259.953599999997,
    -8346.046400000001,
    0.0,
    27259.953599999997,
    35606.0
  ],
  "lz": [
    21428.378399999998,
    -6560.621600000001,
    0.0,
    21428.378399999998,
    27989.0
  ],
  "house": [
    52209.3264,
    -15984.673600000004,
    0.0,
    52209.3264,
    68194.0
  ],
  "lhx": [
    4263.6264,
    -1305.3736000000004,
    0.0,
    4263.6264,
    5569.0
  ],
  "sey": [
    5160.143999999999,
    -1579.8560000000004,
    0.0,
    5160.143999999999,
    6740.0
  ],
  "miao": [
    74.2632,
    -22.736800000000006,
    0.0,
    74.2632,
    97.0
  ],
  "hmk": [
    1615.416,
    -494.5840000000001,
    0.0,
    1615.416,
    2110.0
  ],
  "wzm": [
    19843.5864,
    -10099.916700000005,
    0.0,
    19843.5864,
    25919.0
  ],
  "lly": [
    6061.2552,
    -3929.9988000000003,
    0.0,
    6061.2552,
    7917.0
  ]
}