{
  "syj": [
    43087.4938,
    5933.493799999998,
    0.0,
    43087.4938,
    37154.0
  ],
  "cl": [
    19363.510899999997,
    2666.5108999999993,
    799.9532699999997,
    18563.55763,
    16697.0
  ],
  "zb": [
    18509.9717,
    2548.971699999999,
    764.6915099999998,
    17745.280189999998,
    15961.0
  ],
  "zy": [
    9683.494999999999,
    1333.4949999999997,
    400.0484999999999,
    9283.446499999998,
    8350.0
  ],
  "lbc": [
    41292.2782,
    5686.278199999998,
    0.0,
    41292.2782,
    35606.0
  ],
  "lz": [
    32458.8433,
    4469.843299999999,
    0.0,
    32458.8433,
    27989.0
  ],
  "house": [
    79084.5818,
    10890.581799999996,
    0.0,
    79084.5818,
    68194.0
  ],
  "lhx": [
    6458.369299999999,
    889.3692999999997,
    266.8107899999999,
    6191.55851,
    5569.0
  ],
  "sey": [
    7816.378,
    1076.3779999999997,
    322.9133999999999,
    7493.464599999999,
    6740.0
  ],
  "miao": [
    38065.9928,
    5241.992799999998,
    1572.5978399999995,
    36493.39496,
    32824.0
  ],
  "hmk": [
    2446.967,
    336.9669999999999,
    101.09009999999998,
    2345.8769,
    2110.0
  ],
  "wzm": [
    30058.2643,
    114.76119999999435,
    34.4283599999983,
    30023.83594,
    25919.0
  ],
  "lly": [
    9181.3449,
    -809.9091000000004,
    0.0,
    9181.3449,
    7917.0
  ]
}