{
  "syj": [
    27684.4411,
    -18869.942200000005,
    0.0,
    27684.4411,
    49463.0
  ],
  "cl": [
    15175.1461,
    -11458.717900000003,
    0.0,
    15175.1461,
    27113.0
  ],
  "zb": [
    8933.3717,
    -7027.6283,
    0.0,
    8933.3717,
    15961.0
  ],
  "zy": [
    4673.495,
    -3676.505,
    0.0,
    4673.495,
    8350.0
  ],
  "lbc": [
    19928.6782,
    -15677.321800000002,
    0.0,
    19928.6782,
    35606.0
  ],
  "lz": [
    15665.443299999999,
    -12323.556700000001,
    0.0,
    15665.443299999999,
    27989.0
  ],
  "house": [
    38168.1818,
    -30025.8182,
    0.0,
    38168.1818,
    68194.0
  ],
  "lhx": [
    0.0,
    0.0,
    0.0,
    0.0,
    0.0
  ],
  "sey": [
    0.0,
    0.0,
    0.0,
    0.0,
    0.0
  ],
  "miao": [
    54.2909,
    -42.7091,
    0.0,
    54.2909,
    97.0
  ],
  "hmk": [
    1180.9669999999999,
    -929.033,
    0.0,
    1180.9669999999999,
    2110.0
  ],
  "wzm": [
    14506.8643,
    -15436.638800000004,
    0.0,
    14506.8643,
    25919.0
  ],
  "lly": [
    4431.1449,
    -5560.109100000001,
    0.0,
    4431.1449,
    7917.0
  ]
}