{
  "syj": [
    30879.7509,
    -15674.632400000004,
    0.0,
    30879.7509,
    49463.0
  ],
  "cl": [
    16926.6459,
    -9707.218100000004,
    0.0,
    16926.6459,
    27113.0
  ],
  "zb": [
    9964.452299999999,
    -5996.547700000001,
    0.0,
    9964.452299999999,
    15961.0
  ],
  "zy": [
    5212.905,
    -3137.0950000000003,
    0.0,
    5212.905,
    8350.0
  ],
  "lbc": [
    22228.8258,
    -13377.174200000001,
    0.0,
    22228.8258,
    35606.0
  ],
  "lz": [
    17473.5327,
    -10515.4673,
    0.0,
    17473.5327,
    27989.0
  ],
  "house": [
    42573.5142,
    -25620.485800000002,
    0.0,
    42573.5142,
    68194.0
  ],
  "lhx": [
    0.0,
    0.0,
    0.0,
    0.0,
    0.0
  ],
  "sey": [
    0.0,
    0.0,
    0.0,
    0.0,
    0.0
  ],
  "miao": [
    60.5571,
    -36.4429,
    0.0,
    60.5571,
    97.0
  ],
  "hmk": [
    1317.273,
    -792.7270000000001,
    0.0,
    1317.273,
    2110.0
  ],
  "wzm": [
    16181.231699999998,
    -13762.271400000005,
    0.0,
    16181.231699999998,
    25919.0
  ],
  "lly": [
    4942.5831,
    -5048.6709,
    0.0,
    4942.5831,
    7917.0
  ]
}