{
  "syj": [
    47331.1447,
    776.7613999999955,
    0.0,
    47331.1447,
    49463.0
  ],
  "cl": [
    25944.4297,
    -689.4343000000033,
    0.0,
    25944.4297,
    27113.0
  ],
  "zb": [
    15273.080899999999,
    -687.9191000000004,
    0.0,
    15273.080899999999,
    15961.0
  ],
  "zy": [
    7990.115,
    -359.8850000000002,
    0.0,
    7990.115,
    8350.0
  ],
  "lbc": [
    34071.3814,
    -1534.618600000001,
    0.0,
    34071.3814,
    35606.0
  ],
  "lz": [
    26782.6741,
    -1206.3259000000007,
    0.0,
    26782.6741,
    27989.0
  ],
  "house": [
    65254.838599999995,
    -2939.161400000002,
    0.0,
    65254.838599999995,
    68194.0
  ],
  "lhx": [
    0.0,
    0.0,
    0.0,
    0.0,
    0.0
  ],
  "sey": [
    0.0,
    0.0,
    0.0,
    0.0,
    0.0
  ],
  "miao": [
    92.8193,
    -4.1807000000000025,
    0.0,
    92.8193,
    97.0
  ],
  "hmk": [
    2019.059,
    -90.94100000000006,
    0.0,
    2019.059,
    2110.0
  ],
  "wzm": [
    24801.8911,
    -5141.6120000000055,
    0.0,
    24801.8911,
    25919.0
  ],
  "lly": [
    7575.7773,
    -2415.4767,
    0.0,
    7575.7773,
    7917.0
  ]
}