{
  "syj": [
    25839.4712,
    -20714.912100000005,
    0.0,
    25839.4712,
    49463.0
  ],
  "cl": [
    14163.831199999999,
    -12470.032800000003,
    0.0,
    14163.831199999999,
    27113.0
  ],
  "zb": [
    8338.026399999999,
    -7622.9736,
    0.0,
    8338.026399999999,
    15961.0
  ],
  "zy": [
    4362.04,
    -3987.96,
    0.0,
    4362.04,
    8350.0
  ],
  "lbc": [
    18600.574399999998,
    -17005.425600000002,
    0.0,
    18600.574399999998,
    35606.0
  ],
  "lz": [
    14621.453599999999,
    -13367.546400000001,
    0.0,
    14621.453599999999,
    27989.0
  ],
  "house": [
    35624.5456,
    -32569.454400000002,
    0.0,
    35624.5456,
    68194.0
  ],
  "lhx": [
    0.0,
    0.0,
    0.0,
    0.0,
    0.0
  ],
  "sey": [
    0.0,
    0.0,
    0.0,
    0.0,
    0.0
  ],
  "miao": [
    50.672799999999995,
    -46.327200000000005,
    0.0,
    50.672799999999995,
    97.0
  ],
  "hmk": [
    1102.264,
    -1007.7360000000001,
    0.0,
    1102.264,
    2110.0
  ],
  "wzm": [
    13540.085599999999,
    -16403.417500000007,
    0.0,
    13540.085599999999,
    25919.0
  ],
  "lly": [
    4135.8408,
    -5855.4132,
    0.0,
    4135.8408,
    7917.0
  ]
}