{
  "syj": [
    31413.9513,
    -15140.432000000003,
    0.0,
    31413.9513,
    49463.0
  ],
  "cl": [
    17219.4663,
    -9414.397700000003,
    0.0,
    17219.4663,
    27113.0
  ],
  "zb": [
    10136.8311,
    -5824.1689,
    0.0,
    10136.8311,
    15961.0
  ],
  "zy": [
    5303.085,
    -3046.915,
    0.0,
    5303.085,
    8350.0
  ],
  "lbc": [
    22613.3706,
    -12992.6294,
    0.0,
    22613.3706,
    35606.0
  ],
  "lz": [
    17775.8139,
    -10213.1861,
    0.0,
    17775.8139,
    27989.0
  ],
  "house": [
    43310.0094,
    -24883.9906,
    0.0,
    43310.0094,
    68194.0
  ],
  "lhx": [
    0.0,
    0.0,
    0.0,
    0.0,
    0.0
  ],
  "sey": [
    0.0,
    0.0,
    0.0,
    0.0,
    0.0
  ],
  "miao": [
    61.6047,
    -35.3953,
    0.0,
    61.6047,
    97.0
  ],
  "hmk": [
    1340.061,
    -769.939,
    0.0,
    1340.061,
    2110.0
  ],
  "wzm": [
    16461.156899999998,
    -13482.346200000004,
    0.0,
    16461.156899999998,
    25919.0
  ],
  "lly": [
    5028.0867,
    -4963.1673,
    0.0,
    5028.0867,
    7917.0
  ]
}