{
  "syj": [
    47371.35,
    10217.349999999997,
    0.0,
    47371.35,
    37154.0
  ],
  "cl": [
    21288.675,
    4591.674999999998,
    1377.5024999999994,
    19911.1725,
    16697.0
  ],
  "zb": [
    20350.274999999998,
    4389.274999999999,
    1316.7824999999996,
    19033.492499999997,
    15961.0
  ],
  "zy": [
    10646.25,
    2296.249999999999,
    688.8749999999997,
    9957.375,
    8350.0
  ],
  "lbc": [
    45397.649999999994,
    9791.649999999996,
    0.0,
    45397.649999999994,
    35606.0
  ],
  "lz": [
    35685.975,
    7696.974999999998,
    0.0,
    35685.975,
    27989.0
  ],
  "house": [
    86947.34999999999,
    18753.349999999995,
    0.0,
    86947.34999999999,
    68194.0
  ],
  "lhx": [
    7100.474999999999,
    1531.4749999999995,
    459.4424999999998,
    6641.032499999999,
    5569.0
  ],
  "sey": [
    8593.5,
    1853.4999999999993,
    556.0499999999997,
    8037.450000000001,
    6740.0
  ],
  "miao": [
    41850.6,
    9026.599999999997,
    2707.979999999999,
    39142.62,
    32824.0
  ],
  "hmk": [
    2690.25,
    580.2499999999998,
    174.07499999999993,
    2516.175,
    2110.0
  ],
  "wzm": [
    22967.85,
    3017.8478999999966,
    905.354369999999,
    22062.49563,
    18014.0
  ]
}