{
  "syj": [
    36266.2716,
    -10288.111700000005,
    0.0,
    36266.2716,
    49463.0
  ],
  "cl": [
    19879.2516,
    -6754.612400000004,
    0.0,
    19879.2516,
    27113.0
  ],
  "zb": [
    11702.6052,
    -4258.394800000001,
    0.0,
    11702.6052,
    15961.0
  ],
  "zy": [
    6122.219999999999,
    -2227.78,
    0.0,
    6122.219999999999,
    8350.0
  ],
  "lbc": [
    26106.319199999998,
    -9499.680800000002,
    0.0,
    26106.319199999998,
    35606.0
  ],
  "lz": [
    20521.534799999998,
    -7467.4652000000015,
    0.0,
    20521.534799999998,
    27989.0
  ],
  "house": [
    49999.8408,
    -18194.159200000002,
    0.0,
    49999.8408,
    68194.0
  ],
  "lhx": [
    0.0,
    0.0,
    0.0,
    0.0,
    0.0
  ],
  "sey": [
    0.0,
    0.0,
    0.0,
    0.0,
    0.0
  ],
  "miao": [
    71.12039999999999,
    -25.879600000000003,
    0.0,
    71.12039999999999,
    97.0
  ],
  "hmk": [
    1547.052,
    -562.9480000000001,
    0.0,
    1547.052,
    2110.0
  ],
  "wzm": [
    19003.8108,
    -10939.692300000006,
    0.0,
    19003.8108,
    25919.0
  ],
  "lly": [
    5804.7444,
    -4186.5096,
    0.0,
    5804.7444,
    7917.0
  ]
}