{
  "syj": [
    28411.5472,
    -18142.8361,
    0.0,
    28411.5472,
    49463.0
  ],
  "cl": [
    15573.7072,
    -11060.156800000002,
    0.0,
    15573.7072,
    27113.0
  ],
  "zb": [
    9167.9984,
    -6793.0016,
    0.0,
    9167.9984,
    15961.0
  ],
  "zy": [
    4796.24,
    -3553.7599999999998,
    0.0,
    4796.24,
    8350.0
  ],
  "lbc": [
    20452.0864,
    -15153.9136,
    0.0,
    20452.0864,
    35606.0
  ],
  "lz": [
    16076.8816,
    -11912.1184,
    0.0,
    16076.8816,
    27989.0
  ],
  "house": [
    39170.6336,
    -29023.3664,
    0.0,
    39170.6336,
    68194.0
  ],
  "lhx": [
    0.0,
    0.0,
    0.0,
    0.0,
    0.0
  ],
  "sey": [
    0.0,
    0.0,
    0.0,
    0.0,
    0.0
  ],
  "miao": [
    55.7168,
    -41.2832,
    0.0,
    55.7168,
    97.0
  ],
  "hmk": [
    1211.9840000000002,
    -898.016,
    0.0,
    1211.9840000000002,
    2110.0
  ],
  "wzm": [
    14887.8736,
    -15055.629500000005,
    0.0,
    14887.8736,
    25919.0
  ],
  "lly": [
    4547.5248,
    -5443.7292,
    0.0,
    4547.5248,
    7917.0
  ]
}