{
  "syj": [
    29049.6199,
    -17504.7634,
    0.0,
    29049.6199,
    49463.0
  ],
  "cl": [
    15923.4649,
    -10710.3991,
    0.0,
    15923.4649,
    27113.0
  ],
  "zb": [
    9373.8953,
    -6587.104699999999,
    0.0,
    9373.8953,
    15961.0
  ],
  "zy": [
    4903.955,
    -3446.0449999999996,
    0.0,
    4903.955,
    8350.0
  ],
  "lbc": [
    20911.4038,
    -14694.596199999998,
    0.0,
    20911.4038,
    35606.0
  ],
  "lz": [
    16437.939700000003,
    -11551.0603,
    0.0,
    16437.939700000003,
    27989.0
  ],
  "house": [
    40050.336200000005,
    -28143.6638,
    0.0,
    40050.336200000005,
    68194.0
  ],
  "lhx": [
    0.0,
    0.0,
    0.0,
    0.0,
    0.0
  ],
  "sey": [
    0.0,
    0.0,
    0.0,
    0.0,
    0.0
  ],
  "miao": [
    56.96810000000001,
    -40.03189999999999,
    0.0,
    56.96810000000001,
    97.0
  ],
  "hmk": [
    1239.2030000000002,
    -870.7969999999999,
    0.0,
    1239.2030000000002,
    2110.0
  ],
  "wzm": [
    15222.228700000001,
    -14721.274400000004,
    0.0,
    15222.228700000001,
    25919.0
  ],
  "lly": [
    4649.654100000001,
    -5341.5999,
    0.0,
    4649.654100000001,
    7917.0
  ]
}