{
  "syj": [
    37113.1306,
    -40.86939999999962,
    0.0,
    37113.1306,
    37154.0
  ],
  "cl": [
    16678.6333,
    -18.36669999999983,
    0.0,
    16678.6333,
    16697.0
  ],
  "zb": [
    15943.4429,
    -17.55709999999984,
    0.0,
    15943.4429,
    15961.0
  ],
  "zy": [
    8340.815,
    -9.184999999999915,
    0.0,
    8340.815,
    8350.0
  ],
  "lbc": [
    35566.8334,
    -39.16659999999964,
    0.0,
    35566.8334,
    35606.0
  ],
  "lz": [
    27958.2121,
    -30.787899999999716,
    0.0,
    27958.2121,
    27989.0
  ],
  "house": [
    68118.9866,
    -75.01339999999931,
    0.0,
    68118.9866,
    68194.0
  ],
  "lhx": [
    5562.8741,
    -6.125899999999944,
    0.0,
    5562.8741,
    5569.0
  ],
  "sey": [
    6732.586,
    -7.413999999999932,
    0.0,
    6732.586,
    6740.0
  ],
  "miao": [
    32787.8936,
    -36.10639999999967,
    0.0,
    32787.8936,
    32824.0
  ],
  "hmk": [
    2107.679,
    -2.3209999999999784,
    0.0,
    2107.679,
    2110.0
  ]
}