{
  "syj": [
    38595.5752,
    1441.575199999998,
    0.0,
    38595.5752,
    37154.0
  ],
  "cl": [
    17344.8436,
    647.8435999999991,
    194.35307999999972,
    17150.49052,
    16697.0
  ],
  "zb": [
    16580.286799999998,
    619.2867999999992,
    185.78603999999976,
    16394.50076,
    15961.0
  ],
  "zy": [
    8673.98,
    323.97999999999956,
    97.19399999999986,
    8576.786,
    8350.0
  ],
  "lbc": [
    36987.5128,
    1381.5127999999982,
    0.0,
    36987.5128,
    35606.0
  ],
  "lz": [
    29074.973199999997,
    1085.9731999999985,
    0.0,
    29074.973199999997,
    27989.0
  ],
  "house": [
    70839.92719999999,
    2645.9271999999964,
    0.0,
    70839.92719999999,
    68194.0
  ],
  "lhx": [
    5785.0772,
    216.0771999999997,
    64.8231599999999,
    5720.25404,
    5569.0
  ],
  "sey": [
    7001.512,
    261.51199999999966,
    78.4535999999999,
    6923.0584,
    6740.0
  ],
  "miao": [
    34097.5712,
    1273.5711999999983,
    382.07135999999946,
    33715.49984,
    32824.0
  ],
  "hmk": [
    2191.868,
    81.86799999999988,
    24.560399999999962,
    2167.3076,
    2110.0
  ],
  "wzm": [
    18712.943199999998,
    -1237.058900000003,
    0.0,
    18712.943199999998,
    18014.0
  ]
}