{
  "syj": [
    40014.858,
    2860.8579999999984,
    0.0,
    40014.858,
    37154.0
  ],
  "cl": [
    17982.668999999998,
    1285.6689999999992,
    385.70069999999976,
    17596.968299999997,
    16697.0
  ],
  "zb": [
    17189.997,
    1228.9969999999994,
    368.6990999999998,
    16821.297899999998,
    15961.0
  ],
  "zy": [
    8992.949999999999,
    642.9499999999996,
    192.88499999999988,
    8800.064999999999,
    8350.0
  ],
  "lbc": [
    38347.662,
    2741.6619999999984,
    0.0,
    38347.662,
    35606.0
  ],
  "lz": [
    30144.153,
    2155.152999999999,
    0.0,
    30144.153,
    27989.0
  ],
  "house": [
    73444.938,
    5250.937999999997,
    0.0,
    73444.938,
    68194.0
  ],
  "lhx": [
    5997.813,
    428.81299999999976,
    128.64389999999992,
    5869.1691,
    5569.0
  ],
  "sey": [
    7258.98,
    518.9799999999997,
    155.6939999999999,
    7103.286,
    6740.0
  ],
  "miao": [
    35351.448,
    2527.4479999999985,
    758.2343999999995,
    34593.213599999995,
    32824.0
  ],
  "hmk": [
    2272.47,
    162.4699999999999,
    48.74099999999997,
    2223.729,
    2110.0
  ],
  "wzm": [
    19401.077999999998,
    -548.9241000000027,
    0.0,
    19401.077999999998,
    18014.0
  ]
}