{
  "syj": [
    45275.8644,
    8121.864399999997,
    0.0,
    45275.8644,
    37154.0
  ],
  "cl": [
    20346.9642,
    3649.9641999999985,
    1094.9892599999996,
    19251.97494,
    16697.0
  ],
  "zb": [
    19450.0746,
    3489.0745999999986,
    1046.7223799999995,
    18403.35222,
    15961.0
  ],
  "zy": [
    10175.31,
    1825.3099999999993,
    547.5929999999997,
    9627.717,
    8350.0
  ],
  "lbc": [
    43389.4716,
    7783.471599999996,
    0.0,
    43389.4716,
    35606.0
  ],
  "lz": [
    34107.395399999994,
    6118.395399999998,
    0.0,
    34107.395399999994,
    27989.0
  ],
  "house": [
    83101.20839999999,
    14907.208399999994,
    0.0,
    83101.20839999999,
    68194.0
  ],
  "lhx": [
    6786.3834,
    1217.3833999999995,
    365.2150199999998,
    6421.16838,
    5569.0
  ],
  "sey": [
    8213.364,
    1473.3639999999994,
    442.0091999999998,
    7771.3548,
    6740.0
  ],
  "miao": [
    39999.3264,
    7175.326399999997,
    2152.5979199999992,
    37846.72848,
    32824.0
  ],
  "hmk": [
    2571.2459999999996,
    461.2459999999998,
    138.37379999999993,
    2432.8722,
    2110.0
  ],
  "wzm": [
    21951.860399999998,
    2001.8582999999965,
    600.5574899999989,
    21351.30291,
    18014.0
  ]
}