{
  "syj": [
    48054.98360000001,
    10900.983600000003,
    0.0,
    48054.98360000001,
    37154.0
  ],
  "cl": [
    21595.899800000003,
    4898.899800000002,
    1469.6699400000005,
    20126.229860000003,
    16697.0
  ],
  "zb": [
    20643.957400000003,
    4682.957400000002,
    1404.8872200000005,
    19239.070180000002,
    15961.0
  ],
  "zy": [
    10799.890000000001,
    2449.890000000001,
    734.9670000000002,
    10064.923,
    8350.0
  ],
  "lbc": [
    46052.80040000001,
    10446.800400000004,
    0.0,
    46052.80040000001,
    35606.0
  ],
  "lz": [
    36200.9726,
    8211.972600000003,
    0.0,
    36200.9726,
    27989.0
  ],
  "house": [
    88202.1196,
    20008.119600000005,
    0.0,
    88202.1196,
    68194.0
  ],
  "lhx": [
    7202.944600000001,
    1633.9446000000005,
    490.1833800000001,
    6712.76122,
    5569.0
  ],
  "sey": [
    8717.516000000001,
    1977.5160000000008,
    593.2548000000002,
    8124.261200000001,
    6740.0
  ],
  "miao": [
    42454.5616,
    9630.561600000003,
    2889.1684800000007,
    39565.39312,
    32824.0
  ],
  "hmk": [
    2729.074,
    619.0740000000002,
    185.72220000000004,
    2543.3518,
    2110.0
  ],
  "wzm": [
    33523.634600000005,
    3580.131499999998,
    1074.0394499999993,
    32449.595150000005,
    25919.0
  ],
  "lly": [
    10239.847800000001,
    248.59380000000075,
    74.57814000000022,
    10165.269660000002,
    7917.0
  ]
}