{
  "syj": [
    31097.3881,
    -15456.995200000001,
    0.0,
    31097.3881,
    49463.0
  ],
  "cl": [
    17045.9431,
    -9587.920900000001,
    0.0,
    17045.9431,
    27113.0
  ],
  "zb": [
    10034.6807,
    -5926.319299999999,
    0.0,
    10034.6807,
    15961.0
  ],
  "zy": [
    5249.645,
    -3100.3549999999996,
    0.0,
    5249.645,
    8350.0
  ],
  "lbc": [
    22385.4922,
    -13220.5078,
    0.0,
    22385.4922,
    35606.0
  ],
  "lz": [
    17596.6843,
    -10392.3157,
    0.0,
    17596.6843,
    27989.0
  ],
  "house": [
    42873.567800000004,
    -25320.4322,
    0.0,
    42873.567800000004,
    68194.0
  ],
  "lhx": [
    0.0,
    0.0,
    0.0,
    0.0,
    0.0
  ],
  "sey": [
    0.0,
    0.0,
    0.0,
    0.0,
    0.0
  ],
  "miao": [
    60.983900000000006,
    -36.016099999999994,
    0.0,
    60.983900000000006,
    97.0
  ],
  "hmk": [
    1326.557,
    -783.4429999999999,
    0.0,
    1326.557,
    2110.0
  ],
  "wzm": [
    16295.275300000001,
    -13648.227800000004,
    0.0,
    16295.275300000001,
    25919.0
  ],
  "lly": [
    4977.4179,
    -5013.8360999999995,
    0.0,
    4977.4179,
    7917.0
  ]
}