{
  "syj": [
    30659.4808,
    -6494.519199999998,
    0.0,
    30659.4808,
    37154.0
  ],
  "cl": [
    22373.6476,
    -4260.216400000001,
    0.0,
    22373.6476,
    27113.0
  ],
  "zb": [
    13171.0172,
    -2789.9827999999993,
    0.0,
    13171.0172,
    15961.0
  ],
  "zy": [
    6890.42,
    -1459.5799999999997,
    0.0,
    6890.42,
    8350.0
  ],
  "lbc": [
    29382.071200000002,
    -6223.928799999999,
    0.0,
    29382.071200000002,
    35606.0
  ],
  "lz": [
    23096.522800000002,
    -4892.477199999998,
    0.0,
    23096.522800000002,
    27989.0
  ],
  "house": [
    56273.6888,
    -11920.311199999996,
    0.0,
    56273.6888,
    68194.0
  ],
  "lhx": [
    4595.5388,
    -973.4611999999997,
    0.0,
    4595.5388,
    5569.0
  ],
  "sey": [
    5561.848,
    -1178.1519999999996,
    0.0,
    5561.848,
    6740.0
  ],
  "miao": [
    80.04440000000001,
    -16.955599999999997,
    0.0,
    80.04440000000001,
    97.0
  ],
  "hmk": [
    1741.172,
    -368.8279999999999,
    0.0,
    1741.172,
    2110.0
  ],
  "wzm": [
    21388.3588,
    -8555.144300000004,
    0.0,
    21388.3588,
    25919.0
  ],
  "lly": [
    6533.1084,
    -3458.1456,
    0.0,
    6533.1084,
    7917.0
  ]
}