{
  "syj": [
    29331.558999999997,
    -17222.824300000004,
    0.0,
    29331.558999999997,
    49463.0
  ],
  "cl": [
    16078.009,
    -10555.855000000003,
    0.0,
    16078.009,
    27113.0
  ],
  "zb": [
    9464.873,
    -6496.127,
    0.0,
    9464.873,
    15961.0
  ],
  "zy": [
    4951.55,
    -3398.4500000000003,
    0.0,
    4951.55,
    8350.0
  ],
  "lbc": [
    21114.358,
    -14491.642000000002,
    0.0,
    21114.358,
    35606.0
  ],
  "lz": [
    16597.477,
    -11391.523000000001,
    0.0,
    16597.477,
    27989.0
  ],
  "house": [
    40439.042,
    -27754.958000000002,
    0.0,
    40439.042,
    68194.0
  ],
  "lhx": [
    0.0,
    0.0,
    0.0,
    0.0,
    0.0
  ],
  "sey": [
    0.0,
    0.0,
    0.0,
    0.0,
    0.0
  ],
  "miao": [
    57.521,
    -39.479,
    0.0,
    57.521,
    97.0
  ],
  "hmk": [
    1251.23,
    -858.7700000000001,
    0.0,
    1251.23,
    2110.0
  ],
  "wzm": [
    15369.966999999999,
    -14573.536100000005,
    0.0,
    15369.966999999999,
    25919.0
  ],
  "lly": [
    4694.781,
    -5296.473,
    0.0,
    4694.781,
    7917.0
  ]
}