{
  "syj": [
    23633.4214,
    -22920.961900000002,
    0.0,
    23633.4214,
    49463.0
  ],
  "cl": [
    12954.5914,
    -13679.272600000002,
    0.0,
    12954.5914,
    27113.0
  ],
  "zb": [
    7626.1658,
    -8334.8342,
    0.0,
    7626.1658,
    15961.0
  ],
  "zy": [
    3989.63,
    -4360.37,
    0.0,
    3989.63,
    8350.0
  ],
  "lbc": [
    17012.5468,
    -18593.4532,
    0.0,
    17012.5468,
    35606.0
  ],
  "lz": [
    13373.1442,
    -14615.8558,
    0.0,
    13373.1442,
    27989.0
  ],
  "house": [
    32583.0932,
    -35610.9068,
    0.0,
    32583.0932,
    68194.0
  ],
  "lhx": [
    0.0,
    0.0,
    0.0,
    0.0,
    0.0
  ],
  "sey": [
    0.0,
    0.0,
    0.0,
    0.0,
    0.0
  ],
  "miao": [
    46.3466,
    -50.6534,
    0.0,
    46.3466,
    97.0
  ],
  "hmk": [
    1008.158,
    -1101.842,
    0.0,
    1008.158,
    2110.0
  ],
  "wzm": [
    12384.0982,
    -17559.404900000005,
    0.0,
    12384.0982,
    25919.0
  ],
  "lly": [
    3782.7426,
    -6208.5114,
    0.0,
    3782.7426,
    7917.0
  ]
}