{
  "syj": [
    43903.358799999995,
    -2651.024500000006,
    0.0,
    43903.358799999995,
    49463.0
  ],
  "cl": [
    24065.498799999998,
    -2568.3652000000043,
    0.0,
    24065.498799999998,
    27113.0
  ],
  "zb": [
    14166.9836,
    -1794.0164000000009,
    0.0,
    14166.9836,
    15961.0
  ],
  "zy": [
    7411.459999999999,
    -938.5400000000004,
    0.0,
    7411.459999999999,
    8350.0
  ],
  "lbc": [
    31603.885599999998,
    -4002.1144000000018,
    0.0,
    31603.885599999998,
    35606.0
  ],
  "lz": [
    24843.036399999997,
    -3145.9636000000014,
    0.0,
    24843.036399999997,
    27989.0
  ],
  "house": [
    60528.994399999996,
    -7665.005600000004,
    0.0,
    60528.994399999996,
    68194.0
  ],
  "lhx": [
    0.0,
    0.0,
    0.0,
    0.0,
    0.0
  ],
  "sey": [
    0.0,
    0.0,
    0.0,
    0.0,
    0.0
  ],
  "miao": [
    86.0972,
    -10.902800000000006,
    0.0,
    86.0972,
    97.0
  ],
  "hmk": [
    1872.8359999999998,
    -237.16400000000013,
    0.0,
    1872.8359999999998,
    2110.0
  ],
  "wzm": [
    23005.7044,
    -6937.798700000006,
    0.0,
    23005.7044,
    25919.0
  ],
  "lly": [
    7027.129199999999,
    -2964.1248000000005,
    0.0,
    7027.129199999999,
    7917.0
  ]
}