{
  "syj": [
    47355.8762,
    801.4928999999984,
    0.0,
    47355.8762,
    49463.0
  ],
  "cl": [
    25957.9862,
    -675.8778000000018,
    0.0,
    25957.9862,
    27113.0
  ],
  "zb": [
    15281.0614,
    -679.9385999999995,
    0.0,
    15281.0614,
    15961.0
  ],
  "zy": [
    7994.29,
    -355.70999999999975,
    0.0,
    7994.29,
    8350.0
  ],
  "lbc": [
    34089.1844,
    -1516.815599999999,
    0.0,
    34089.1844,
    35606.0
  ],
  "lz": [
    26796.6686,
    -1192.3313999999991,
    0.0,
    26796.6686,
    27989.0
  ],
  "house": [
    65288.935600000004,
    -2905.064399999998,
    0.0,
    65288.935600000004,
    68194.0
  ],
  "lhx": [
    0.0,
    0.0,
    0.0,
    0.0,
    0.0
  ],
  "sey": [
    0.0,
    0.0,
    0.0,
    0.0,
    0.0
  ],
  "miao": [
    92.8678,
    -4.132199999999997,
    0.0,
    92.8678,
    97.0
  ],
  "hmk": [
    2020.114,
    -89.88599999999994,
    0.0,
    2020.114,
    2110.0
  ],
  "wzm": [
    24814.8506,
    -5128.652500000004,
    0.0,
    24814.8506,
    25919.0
  ],
  "lly": [
    7579.7358,
    -2411.5182,
    0.0,
    7579.7358,
    7917.0
  ]
}