{
  "syj": [
    28378.2252,
    -8775.7748,
    0.0,
    28378.2252,
    37154.0
  ],
  "cl": [
    20708.9094,
    -5924.954600000002,
    0.0,
    20708.9094,
    27113.0
  ],
  "zb": [
    12191.0118,
    -3769.9881999999993,
    0.0,
    12191.0118,
    15961.0
  ],
  "zy": [
    6377.7300000000005,
    -1972.2699999999998,
    0.0,
    6377.7300000000005,
    8350.0
  ],
  "lbc": [
    27195.862800000003,
    -8410.1372,
    0.0,
    27195.862800000003,
    35606.0
  ],
  "lz": [
    21377.9982,
    -6611.001799999999,
    0.0,
    21377.9982,
    27989.0
  ],
  "house": [
    52086.5772,
    -16107.422799999998,
    0.0,
    52086.5772,
    68194.0
  ],
  "lhx": [
    4253.6022,
    -1315.3977999999997,
    0.0,
    4253.6022,
    5569.0
  ],
  "sey": [
    5148.012000000001,
    -1591.9879999999998,
    0.0,
    5148.012000000001,
    6740.0
  ],
  "miao": [
    74.0886,
    -22.911399999999997,
    0.0,
    74.0886,
    97.0
  ],
  "hmk": [
    1611.6180000000002,
    -498.38199999999995,
    0.0,
    1611.6180000000002,
    2110.0
  ],
  "wzm": [
    19796.9322,
    -10146.570900000004,
    0.0,
    19796.9322,
    25919.0
  ],
  "lly": [
    6047.0046,
    -3944.2493999999997,
    0.0,
    6047.0046,
    7917.0
  ]
}