{
  "syj": [
    37151.6593,
    -9402.724000000004,
    0.0,
    37151.6593,
    49463.0
  ],
  "cl": [
    20364.5743,
    -6269.289700000003,
    0.0,
    20364.5743,
    27113.0
  ],
  "zb": [
    11988.3071,
    -3972.6929,
    0.0,
    11988.3071,
    15961.0
  ],
  "zy": [
    6271.6849999999995,
    -2078.315,
    0.0,
    6271.6849999999995,
    8350.0
  ],
  "lbc": [
    26743.6666,
    -8862.3334,
    0.0,
    26743.6666,
    35606.0
  ],
  "lz": [
    21022.5379,
    -6966.462100000001,
    0.0,
    21022.5379,
    27989.0
  ],
  "house": [
    51220.513399999996,
    -16973.4866,
    0.0,
    51220.513399999996,
    68194.0
  ],
  "lhx": [
    0.0,
    0.0,
    0.0,
    0.0,
    0.0
  ],
  "sey": [
    0.0,
    0.0,
    0.0,
    0.0,
    0.0
  ],
  "miao": [
    72.8567,
    -24.1433,
    0.0,
    72.8567,
    97.0
  ],
  "hmk": [
    1584.821,
    -525.179,
    0.0,
    1584.821,
    2110.0
  ],
  "wzm": [
    19467.7609,
    -10475.742200000004,
    0.0,
    19467.7609,
    25919.0
  ],
  "lly": [
    5946.4587,
    -4044.7953,
    0.0,
    5946.4587,
    7917.0
  ]
}