{
  "syj": [
    39862.5266,
    2708.526599999999,
    0.0,
    39862.5266,
    37154.0
  ],
  "cl": [
    17914.2113,
    1217.2112999999995,
    365.1633899999998,
    17549.047909999998,
    16697.0
  ],
  "zb": [
    17124.5569,
    1163.5568999999994,
    349.0670699999998,
    16775.48983,
    15961.0
  ],
  "zy": [
    8958.715,
    608.7149999999997,
    182.6144999999999,
    8776.1005,
    8350.0
  ],
  "lbc": [
    38201.6774,
    2595.6773999999987,
    0.0,
    38201.6774,
    35606.0
  ],
  "lz": [
    30029.3981,
    2040.398099999999,
    0.0,
    30029.3981,
    27989.0
  ],
  "house": [
    73165.3426,
    4971.342599999997,
    0.0,
    73165.3426,
    68194.0
  ],
  "lhx": [
    5974.9801,
    405.9800999999998,
    121.79402999999994,
    5853.18607,
    5569.0
  ],
  "sey": [
    7231.346,
    491.3459999999998,
    147.40379999999993,
    7083.9421999999995,
    6740.0
  ],
  "miao": [
    35216.8696,
    2392.8695999999986,
    717.8608799999996,
    34499.00872,
    32824.0
  ],
  "hmk": [
    2263.819,
    153.81899999999993,
    46.14569999999998,
    2217.6733,
    2110.0
  ],
  "wzm": [
    19327.2206,
    -622.7815000000026,
    0.0,
    19327.2206,
    18014.0
  ]
}