{
  "syj": [
    41539.0274,
    -5015.355900000003,
    0.0,
    41539.0274,
    49463.0
  ],
  "cl": [
    22769.4974,
    -3864.366600000003,
    0.0,
    22769.4974,
    27113.0
  ],
  "zb": [
    13404.0478,
    -2556.9522,
    0.0,
    13404.0478,
    15961.0
  ],
  "zy": [
    7012.33,
    -1337.67,
    0.0,
    7012.33,
    8350.0
  ],
  "lbc": [
    29901.9188,
    -5704.0812000000005,
    0.0,
    29901.9188,
    35606.0
  ],
  "lz": [
    23505.1622,
    -4483.8378,
    0.0,
    23505.1622,
    27989.0
  ],
  "house": [
    57269.3212,
    -10924.678800000002,
    0.0,
    57269.3212,
    68194.0
  ],
  "lhx": [
    0.0,
    0.0,
    0.0,
    0.0,
    0.0
  ],
  "sey": [
    0.0,
    0.0,
    0.0,
    0.0,
    0.0
  ],
  "miao": [
    81.4606,
    -15.5394,
    0.0,
    81.4606,
    97.0
  ],
  "hmk": [
    1771.978,
    -338.022,
    0.0,
    1771.978,
    2110.0
  ],
  "wzm": [
    21766.7762,
    -8176.726900000005,
    0.0,
    21766.7762,
    25919.0
  ],
  "lly": [
    6648.6966,
    -3342.5574,
    0.0,
    6648.6966,
    7917.0
  ]
}