{
  "syj": [
    31151.797400000003,
    -15402.585900000002,
    0.0,
    31151.797400000003,
    49463.0
  ],
  "cl": [
    17075.7674,
    -9558.096600000003,
    0.0,
    17075.7674,
    27113.0
  ],
  "zb": [
    10052.2378,
    -5908.762199999999,
    0.0,
    10052.2378,
    15961.0
  ],
  "zy": [
    5258.83,
    -3091.1699999999996,
    0.0,
    5258.83,
    8350.0
  ],
  "lbc": [
    22424.6588,
    -13181.341199999999,
    0.0,
    22424.6588,
    35606.0
  ],
  "lz": [
    17627.4722,
    -10361.5278,
    0.0,
    17627.4722,
    27989.0
  ],
  "house": [
    42948.5812,
    -25245.4188,
    0.0,
    42948.5812,
    68194.0
  ],
  "lhx": [
    0.0,
    0.0,
    0.0,
    0.0,
    0.0
  ],
  "sey": [
    0.0,
    0.0,
    0.0,
    0.0,
    0.0
  ],
  "miao": [
    61.0906,
    -35.9094,
    0.0,
    61.0906,
    97.0
  ],
  "hmk": [
    1328.8780000000002,
    -781.122,
    0.0,
    1328.8780000000002,
    2110.0
  ],
  "wzm": [
    16323.7862,
    -13619.716900000003,
    0.0,
    16323.7862,
    25919.0
  ],
  "lly": [
    4986.1266000000005,
    -5005.1274,
    0.0,
    4986.1266000000005,
    7917.0
  ]
}