{
  "syj": [
    46821.4708,
    9667.4708,
    0.0,
    46821.4708,
    37154.0
  ],
  "cl": [
    21041.5594,
    4344.5594,
    1303.36782,
    19738.19158,
    16697.0
  ],
  "zb": [
    20114.0522,
    4153.0522,
    1245.91566,
    18868.13654,
    15961.0
  ],
  "zy": [
    10522.67,
    2172.67,
    651.801,
    9870.869,
    8350.0
  ],
  "lbc": [
    44870.6812,
    9264.681199999999,
    0.0,
    44870.6812,
    35606.0
  ],
  "lz": [
    35271.7378,
    7282.7378,
    0.0,
    35271.7378,
    27989.0
  ],
  "house": [
    85938.0788,
    17744.0788,
    0.0,
    85938.0788,
    68194.0
  ],
  "lhx": [
    7018.0538,
    1449.0538,
    434.71613999999994,
    6583.33766,
    5569.0
  ],
  "sey": [
    8493.748,
    1753.7479999999998,
    526.1243999999999,
    7967.6236,
    6740.0
  ],
  "miao": [
    41364.8048,
    8540.8048,
    2562.24144,
    38802.56336,
    32824.0
  ],
  "hmk": [
    2659.022,
    549.0219999999999,
    164.70659999999998,
    2494.3154,
    2110.0
  ],
  "wzm": [
    32663.1238,
    2719.6206999999954,
    815.8862099999986,
    31847.237590000004,
    25919.0
  ],
  "lly": [
    9977.0034,
    -14.250600000000189,
    0.0,
    9977.0034,
    7917.0
  ]
}