{
  "syj": [
    31967.9369,
    -14586.446400000004,
    0.0,
    31967.9369,
    49463.0
  ],
  "cl": [
    17523.1319,
    -9110.732100000003,
    0.0,
    17523.1319,
    27113.0
  ],
  "zb": [
    10315.5943,
    -5645.4057,
    0.0,
    10315.5943,
    15961.0
  ],
  "zy": [
    5396.605,
    -2953.395,
    0.0,
    5396.605,
    8350.0
  ],
  "lbc": [
    23012.1578,
    -12593.842200000001,
    0.0,
    23012.1578,
    35606.0
  ],
  "lz": [
    18089.2907,
    -9899.7093,
    0.0,
    18089.2907,
    27989.0
  ],
  "house": [
    44073.7822,
    -24120.217800000002,
    0.0,
    44073.7822,
    68194.0
  ],
  "lhx": [
    0.0,
    0.0,
    0.0,
    0.0,
    0.0
  ],
  "sey": [
    0.0,
    0.0,
    0.0,
    0.0,
    0.0
  ],
  "miao": [
    62.6911,
    -34.3089,
    0.0,
    62.6911,
    97.0
  ],
  "hmk": [
    1363.693,
    -746.307,
    0.0,
    1363.693,
    2110.0
  ],
  "wzm": [
    16751.4497,
    -13192.053400000004,
    0.0,
    16751.4497,
    25919.0
  ],
  "lly": [
    5116.7571,
    -4874.4969,
    0.0,
    5116.7571,
    7917.0
  ]
}