{
  "syj": [
    43596.6882,
    -2957.695100000005,
    0.0,
    43596.6882,
    49463.0
  ],
  "cl": [
    23897.3982,
    -2736.4658000000036,
    0.0,
    23897.3982,
    27113.0
  ],
  "zb": [
    14068.025399999999,
    -1892.9746000000007,
    0.0,
    14068.025399999999,
    15961.0
  ],
  "zy": [
    7359.69,
    -990.3100000000003,
    0.0,
    7359.69,
    8350.0
  ],
  "lbc": [
    31383.128399999998,
    -4222.871600000001,
    0.0,
    31383.128399999998,
    35606.0
  ],
  "lz": [
    24669.5046,
    -3319.495400000001,
    0.0,
    24669.5046,
    27989.0
  ],
  "house": [
    60106.1916,
    -8087.808400000003,
    0.0,
    60106.1916,
    68194.0
  ],
  "lhx": [
    0.0,
    0.0,
    0.0,
    0.0,
    0.0
  ],
  "sey": [
    0.0,
    0.0,
    0.0,
    0.0,
    0.0
  ],
  "miao": [
    85.4958,
    -11.504200000000004,
    0.0,
    85.4958,
    97.0
  ],
  "hmk": [
    1859.754,
    -250.2460000000001,
    0.0,
    1859.754,
    2110.0
  ],
  "wzm": [
    22845.0066,
    -7098.496500000006,
    0.0,
    22845.0066,
    25919.0
  ],
  "lly": [
    6978.0437999999995,
    -3013.2102000000004,
    0.0,
    6978.0437999999995,
    7917.0
  ]
}