{
  "syj": [
    23603.7436,
    -22950.639700000003,
    0.0,
    23603.7436,
    49463.0
  ],
  "cl": [
    12938.3236,
    -13695.540400000004,
    0.0,
    12938.3236,
    27113.0
  ],
  "zb": [
    7616.5892,
    -8344.4108,
    0.0,
    7616.5892,
    15961.0
  ],
  "zy": [
    3984.62,
    -4365.379999999999,
    0.0,
    3984.62,
    8350.0
  ],
  "lbc": [
    16991.1832,
    -18614.816799999997,
    0.0,
    16991.1832,
    35606.0
  ],
  "lz": [
    13356.3508,
    -14632.649199999998,
    0.0,
    13356.3508,
    27989.0
  ],
  "house": [
    32542.1768,
    -35651.8232,
    0.0,
    32542.1768,
    68194.0
  ],
  "lhx": [
    0.0,
    0.0,
    0.0,
    0.0,
    0.0
  ],
  "sey": [
    0.0,
    0.0,
    0.0,
    0.0,
    0.0
  ],
  "miao": [
    46.2884,
    -50.71159999999999,
    0.0,
    46.2884,
    97.0
  ],
  "hmk": [
    1006.892,
    -1103.108,
    0.0,
    1006.892,
    2110.0
  ],
  "wzm": [
    12368.5468,
    -17574.9563,
    0.0,
    12368.5468,
    25919.0
  ],
  "lly": [
    3777.9924,
    -6213.2616,
    0.0,
    3777.9924,
    7917.0
  ]
}