{
  "syj": [
    43497.7622,
    -3056.6211000000053,
    0.0,
    43497.7622,
    49463.0
  ],
  "cl": [
    23843.172199999997,
    -2790.6918000000037,
    0.0,
    23843.172199999997,
    27113.0
  ],
  "zb": [
    14036.1034,
    -1924.8966000000007,
    0.0,
    14036.1034,
    15961.0
  ],
  "zy": [
    7342.99,
    -1007.0100000000003,
    0.0,
    7342.99,
    8350.0
  ],
  "lbc": [
    31311.9164,
    -4294.083600000002,
    0.0,
    31311.9164,
    35606.0
  ],
  "lz": [
    24613.526599999997,
    -3375.473400000001,
    0.0,
    24613.526599999997,
    27989.0
  ],
  "house": [
    59969.8036,
    -8224.196400000003,
    0.0,
    59969.8036,
    68194.0
  ],
  "lhx": [
    0.0,
    0.0,
    0.0,
    0.0,
    0.0
  ],
  "sey": [
    0.0,
    0.0,
    0.0,
    0.0,
    0.0
  ],
  "miao": [
    85.3018,
    -11.698200000000003,
    0.0,
    85.3018,
    97.0
  ],
  "hmk": [
    1855.5339999999999,
    -254.4660000000001,
    0.0,
    1855.5339999999999,
    2110.0
  ],
  "wzm": [
    22793.168599999997,
    -7150.334500000005,
    0.0,
    22793.168599999997,
    25919.0
  ],
  "lly": [
    6962.2098,
    -3029.0442000000003,
    0.0,
    6962.2098,
    7917.0
  ]
}