{
  "syj": [
    34114.6311,
    -12439.752200000004,
    0.0,
    34114.6311,
    49463.0
  ],
  "cl": [
    18699.8361,
    -7934.027900000003,
    0.0,
    18699.8361,
    27113.0
  ],
  "zb": [
    11008.3017,
    -4952.6983,
    0.0,
    11008.3017,
    15961.0
  ],
  "zy": [
    5758.995,
    -2591.005,
    0.0,
    5758.995,
    8350.0
  ],
  "lbc": [
    24557.4582,
    -11048.5418,
    0.0,
    24557.4582,
    35606.0
  ],
  "lz": [
    19304.0133,
    -8684.986700000001,
    0.0,
    19304.0133,
    27989.0
  ],
  "house": [
    47033.4018,
    -21160.5982,
    0.0,
    47033.4018,
    68194.0
  ],
  "lhx": [
    0.0,
    0.0,
    0.0,
    0.0,
    0.0
  ],
  "sey": [
    0.0,
    0.0,
    0.0,
    0.0,
    0.0
  ],
  "miao": [
    66.9009,
    -30.099100000000004,
    0.0,
    66.9009,
    97.0
  ],
  "hmk": [
    1455.267,
    -654.7330000000001,
    0.0,
    1455.267,
    2110.0
  ],
  "wzm": [
    17876.3343,
    -12067.168800000005,
    0.0,
    17876.3343,
    25919.0
  ],
  "lly": [
    5460.3549,
    -4530.8991000000005,
    0.0,
    5460.3549,
    7917.0
  ]
}