{
  "syj": [
    23925.2531,
    -22629.130200000003,
    0.0,
    23925.2531,
    49463.0
  ],
  "cl": [
    13114.5581,
    -13519.305900000001,
    0.0,
    13114.5581,
    27113.0
  ],
  "zb": [
    7720.3357000000005,
    -8240.6643,
    0.0,
    7720.3357000000005,
    15961.0
  ],
  "zy": [
    4038.895,
    -4311.105,
    0.0,
    4038.895,
    8350.0
  ],
  "lbc": [
    17222.6222,
    -18383.3778,
    0.0,
    17222.6222,
    35606.0
  ],
  "lz": [
    13538.2793,
    -14450.7207,
    0.0,
    13538.2793,
    27989.0
  ],
  "house": [
    32985.4378,
    -35208.5622,
    0.0,
    32985.4378,
    68194.0
  ],
  "lhx": [
    0.0,
    0.0,
    0.0,
    0.0,
    0.0
  ],
  "sey": [
    0.0,
    0.0,
    0.0,
    0.0,
    0.0
  ],
  "miao": [
    46.9189,
    -50.0811,
    0.0,
    46.9189,
    97.0
  ],
  "hmk": [
    1020.6070000000001,
    -1089.393,
    0.0,
    1020.6070000000001,
    2110.0
  ],
  "wzm": [
    12537.0203,
    -17406.482800000005,
    0.0,
    12537.0203,
    25919.0
  ],
  "lly": [
    3829.4529,
    -6161.8011,
    0.0,
    3829.4529,
    7917.0
  ]
}