{
  "syj": [
    48063.1971,
    1508.8137999999974,
    0.0,
    48063.1971,
    49463.0
  ],
  "cl": [
    26345.7021,
    -288.1619000000024,
    0.0,
    26345.7021,
    27113.0
  ],
  "zb": [
    15509.3037,
    -451.6962999999999,
    0.0,
    15509.3037,
    15961.0
  ],
  "zy": [
    8113.695,
    -236.30499999999992,
    0.0,
    8113.695,
    8350.0
  ],
  "lbc": [
    34598.3502,
    -1007.6497999999997,
    0.0,
    34598.3502,
    35606.0
  ],
  "lz": [
    27196.9113,
    -792.0886999999998,
    0.0,
    27196.9113,
    27989.0
  ],
  "house": [
    66264.1098,
    -1929.8901999999994,
    0.0,
    66264.1098,
    68194.0
  ],
  "lhx": [
    0.0,
    0.0,
    0.0,
    0.0,
    0.0
  ],
  "sey": [
    0.0,
    0.0,
    0.0,
    0.0,
    0.0
  ],
  "miao": [
    94.2549,
    -2.745099999999999,
    0.0,
    94.2549,
    97.0
  ],
  "hmk": [
    2050.287,
    -59.71299999999998,
    0.0,
    2050.287,
    2110.0
  ],
  "wzm": [
    25185.4923,
    -4758.010800000005,
    0.0,
    25185.4923,
    25919.0
  ],
  "lly": [
    7692.9489,
    -2298.3051,
    0.0,
    7692.9489,
    7917.0
  ]
}