{
  "syj": [
    28164.232200000002,
    -18390.151100000003,
    0.0,
    28164.232200000002,
    49463.0
  ],
  "cl": [
    15438.1422,
    -11195.721800000003,
    0.0,
    15438.1422,
    27113.0
  ],
  "zb": [
    9088.1934,
    -6872.8066,
    0.0,
    9088.1934,
    15961.0
  ],
  "zy": [
    4754.49,
    -3595.5099999999998,
    0.0,
    4754.49,
    8350.0
  ],
  "lbc": [
    20274.0564,
    -15331.943599999999,
    0.0,
    20274.0564,
    35606.0
  ],
  "lz": [
    15936.9366,
    -12052.0634,
    0.0,
    15936.9366,
    27989.0
  ],
  "house": [
    38829.6636,
    -29364.3364,
    0.0,
    38829.6636,
    68194.0
  ],
  "lhx": [
    0.0,
    0.0,
    0.0,
    0.0,
    0.0
  ],
  "sey": [
    0.0,
    0.0,
    0.0,
    0.0,
    0.0
  ],
  "miao": [
    55.2318,
    -41.7682,
    0.0,
    55.2318,
    97.0
  ],
  "hmk": [
    1201.434,
    -908.5659999999999,
    0.0,
    1201.434,
    2110.0
  ],
  "wzm": [
    14758.2786,
    -15185.224500000004,
    0.0,
    14758.2786,
    25919.0
  ],
  "lly": [
    4507.9398,
    -5483.3142,
    0.0,
    4507.9398,
    7917.0
  ]
}