{
  "syj": [
    52119.6312,
    14965.631200000002,
    0.0,
    52119.6312,
    37154.0
  ],
  "cl": [
    23422.551600000003,
    6725.551600000001,
    2017.6654800000001,
    21404.886120000003,
    16697.0
  ],
  "zb": [
    22390.0908,
    6429.090800000001,
    1928.7272400000002,
    20461.36356,
    15961.0
  ],
  "zy": [
    11713.380000000001,
    3363.3800000000006,
    1009.0140000000001,
    10704.366000000002,
    8350.0
  ],
  "lbc": [
    49948.0968,
    14342.096800000001,
    0.0,
    49948.0968,
    35606.0
  ],
  "lz": [
    39262.9692,
    11273.969200000001,
    0.0,
    39262.9692,
    27989.0
  ],
  "house": [
    95662.5432,
    27468.543200000004,
    0.0,
    95662.5432,
    68194.0
  ],
  "lhx": [
    7812.193200000001,
    2243.1932,
    672.9579600000001,
    7139.235240000001,
    5569.0
  ],
  "sey": [
    9454.872000000001,
    2714.8720000000003,
    814.4616000000001,
    8640.4104,
    6740.0
  ],
  "miao": [
    46045.5072,
    13221.507200000002,
    3966.4521600000003,
    42079.05504,
    32824.0
  ],
  "hmk": [
    2959.908,
    849.9080000000001,
    254.97240000000002,
    2704.9356,
    2110.0
  ],
  "wzm": [
    25270.0392,
    5320.037099999999,
    1596.0111299999996,
    23674.02807,
    18014.0
  ]
}