{
  "syj": [
    23282.2341,
    -23272.149200000003,
    0.0,
    23282.2341,
    49463.0
  ],
  "cl": [
    12762.089100000001,
    -13871.774900000002,
    0.0,
    12762.089100000001,
    27113.0
  ],
  "zb": [
    7512.8427,
    -8448.1573,
    0.0,
    7512.8427,
    15961.0
  ],
  "zy": [
    3930.3450000000003,
    -4419.655,
    0.0,
    3930.3450000000003,
    8350.0
  ],
  "lbc": [
    16759.7442,
    -18846.2558,
    0.0,
    16759.7442,
    35606.0
  ],
  "lz": [
    13174.4223,
    -14814.5777,
    0.0,
    13174.4223,
    27989.0
  ],
  "house": [
    32098.9158,
    -36095.0842,
    0.0,
    32098.9158,
    68194.0
  ],
  "lhx": [
    0.0,
    0.0,
    0.0,
    0.0,
    0.0
  ],
  "sey": [
    0.0,
    0.0,
    0.0,
    0.0,
    0.0
  ],
  "miao": [
    45.6579,
    -51.3421,
    0.0,
    45.6579,
    97.0
  ],
  "hmk": [
    993.177,
    -1116.823,
    0.0,
    993.177,
    2110.0
  ],
  "wzm": [
    12200.0733,
    -17743.429800000005,
    0.0,
    12200.0733,
    25919.0
  ],
  "lly": [
    3726.5319,
    -6264.7221,
    0.0,
    3726.5319,
    7917.0
  ]
}