{
  "syj": [
    38692.1756,
    1538.175600000004,
    0.0,
    38692.1756,
    37154.0
  ],
  "cl": [
    17388.255800000003,
    691.2558000000017,
    207.37674000000052,
    17180.879060000003,
    16697.0
  ],
  "zb": [
    16621.7854,
    660.7854000000017,
    198.2356200000005,
    16423.54978,
    15961.0
  ],
  "zy": [
    8695.69,
    345.69000000000085,
    103.70700000000025,
    8591.983,
    8350.0
  ],
  "lbc": [
    37080.0884,
    1474.0884000000037,
    0.0,
    37080.0884,
    35606.0
  ],
  "lz": [
    29147.7446,
    1158.744600000003,
    0.0,
    29147.7446,
    27989.0
  ],
  "house": [
    71017.23160000001,
    2823.231600000007,
    0.0,
    71017.23160000001,
    68194.0
  ],
  "lhx": [
    5799.556600000001,
    230.55660000000057,
    69.16698000000017,
    5730.389620000001,
    5569.0
  ],
  "sey": [
    7019.036000000001,
    279.0360000000007,
    83.7108000000002,
    6935.325200000001,
    6740.0
  ],
  "miao": [
    34182.9136,
    1358.9136000000035,
    407.674080000001,
    33775.239519999996,
    32824.0
  ],
  "hmk": [
    2197.3540000000003,
    87.35400000000021,
    26.206200000000063,
    2171.1478,
    2110.0
  ],
  "wzm": [
    18759.7796,
    -1190.2225,
    0.0,
    18759.7796,
    18014.0
  ]
}