{
  "syj": [
    34169.0404,
    -12385.342900000005,
    0.0,
    34169.0404,
    49463.0
  ],
  "cl": [
    18729.6604,
    -7904.2036000000035,
    0.0,
    18729.6604,
    27113.0
  ],
  "zb": [
    11025.8588,
    -4935.141200000001,
    0.0,
    11025.8588,
    15961.0
  ],
  "zy": [
    5768.179999999999,
    -2581.82,
    0.0,
    5768.179999999999,
    8350.0
  ],
  "lbc": [
    24596.624799999998,
    -11009.3752,
    0.0,
    24596.624799999998,
    35606.0
  ],
  "lz": [
    19334.801199999998,
    -8654.1988,
    0.0,
    19334.801199999998,
    27989.0
  ],
  "house": [
    47108.415199999996,
    -21085.5848,
    0.0,
    47108.415199999996,
    68194.0
  ],
  "lhx": [
    0.0,
    0.0,
    0.0,
    0.0,
    0.0
  ],
  "sey": [
    0.0,
    0.0,
    0.0,
    0.0,
    0.0
  ],
  "miao": [
    67.0076,
    -29.992400000000004,
    0.0,
    67.0076,
    97.0
  ],
  "hmk": [
    1457.588,
    -652.412,
    0.0,
    1457.588,
    2110.0
  ],
  "wzm": [
    17904.8452,
    -12038.657900000006,
    0.0,
    17904.8452,
    25919.0
  ],
  "lly": [
    5469.0635999999995,
    -4522.1904,
    0.0,
    5469.0635999999995,
    7917.0
  ]
}