{
  "syj": [
    30256.5171,
    -16297.866200000002,
    0.0,
    30256.5171,
    49463.0
  ],
  "cl": [
    16585.022100000002,
    -10048.841900000001,
    0.0,
    16585.022100000002,
    27113.0
  ],
  "zb": [
    9763.3437,
    -6197.6563,
    0.0,
    9763.3437,
    15961.0
  ],
  "zy": [
    5107.695000000001,
    -3242.305,
    0.0,
    5107.695000000001,
    8350.0
  ],
  "lbc": [
    21780.1902,
    -13825.809799999999,
    0.0,
    21780.1902,
    35606.0
  ],
  "lz": [
    17120.8713,
    -10868.1287,
    0.0,
    17120.8713,
    27989.0
  ],
  "house": [
    41714.2698,
    -26479.730199999998,
    0.0,
    41714.2698,
    68194.0
  ],
  "lhx": [
    0.0,
    0.0,
    0.0,
    0.0,
    0.0
  ],
  "sey": [
    0.0,
    0.0,
    0.0,
    0.0,
    0.0
  ],
  "miao": [
    59.334900000000005,
    -37.665099999999995,
    0.0,
    59.334900000000005,
    97.0
  ],
  "hmk": [
    1290.6870000000001,
    -819.313,
    0.0,
    1290.6870000000001,
    2110.0
  ],
  "wzm": [
    15854.6523,
    -14088.850800000004,
    0.0,
    15854.6523,
    25919.0
  ],
  "lly": [
    4842.8289,
    -5148.4250999999995,
    0.0,
    4842.8289,
    7917.0
  ]
}