{
  "syj": [
    27343.146399999998,
    -19211.236900000004,
    0.0,
    27343.146399999998,
    49463.0
  ],
  "cl": [
    14988.0664,
    -11645.797600000004,
    0.0,
    14988.0664,
    27113.0
  ],
  "zb": [
    8823.2408,
    -7137.7592,
    0.0,
    8823.2408,
    15961.0
  ],
  "zy": [
    4615.879999999999,
    -3734.1200000000003,
    0.0,
    4615.879999999999,
    8350.0
  ],
  "lbc": [
    19682.996799999997,
    -15923.003200000001,
    0.0,
    19682.996799999997,
    35606.0
  ],
  "lz": [
    15472.319199999998,
    -12516.680800000002,
    0.0,
    15472.319199999998,
    27989.0
  ],
  "house": [
    37697.6432,
    -30496.3568,
    0.0,
    37697.6432,
    68194.0
  ],
  "lhx": [
    0.0,
    0.0,
    0.0,
    0.0,
    0.0
  ],
  "sey": [
    0.0,
    0.0,
    0.0,
    0.0,
    0.0
  ],
  "miao": [
    53.621599999999994,
    -43.378400000000006,
    0.0,
    53.621599999999994,
    97.0
  ],
  "hmk": [
    1166.408,
    -943.5920000000001,
    0.0,
    1166.408,
    2110.0
  ],
  "wzm": [
    14328.0232,
    -15615.479900000006,
    0.0,
    14328.0232,
    25919.0
  ],
  "lly": [
    4376.517599999999,
    -5614.736400000001,
    0.0,
    4376.517599999999,
    7917.0
  ]
}