{
  "syj": [
    29222.7404,
    -17331.642900000003,
    0.0,
    29222.7404,
    49463.0
  ],
  "cl": [
    16018.3604,
    -10615.503600000004,
    0.0,
    16018.3604,
    27113.0
  ],
  "zb": [
    9429.7588,
    -6531.2412,
    0.0,
    9429.7588,
    15961.0
  ],
  "zy": [
    4933.18,
    -3416.82,
    0.0,
    4933.18,
    8350.0
  ],
  "lbc": [
    21036.0248,
    -14569.9752,
    0.0,
    21036.0248,
    35606.0
  ],
  "lz": [
    16535.9012,
    -11453.0988,
    0.0,
    16535.9012,
    27989.0
  ],
  "house": [
    40289.0152,
    -27904.984800000002,
    0.0,
    40289.0152,
    68194.0
  ],
  "lhx": [
    0.0,
    0.0,
    0.0,
    0.0,
    0.0
  ],
  "sey": [
    0.0,
    0.0,
    0.0,
    0.0,
    0.0
  ],
  "miao": [
    57.3076,
    -39.6924,
    0.0,
    57.3076,
    97.0
  ],
  "hmk": [
    1246.588,
    -863.412,
    0.0,
    1246.588,
    2110.0
  ],
  "wzm": [
    15312.9452,
    -14630.557900000005,
    0.0,
    15312.9452,
    25919.0
  ],
  "lly": [
    4677.3636,
    -5313.8904,
    0.0,
    4677.3636,
    7917.0
  ]
}