{
  "syj": [
    47059.2564,
    9905.256399999998,
    0.0,
    47059.2564,
    37154.0
  ],
  "cl": [
    21148.4202,
    4451.4202,
    1335.4260599999998,
    19812.994140000003,
    16697.0
  ],
  "zb": [
    20216.2026,
    4255.2026,
    1276.5607799999998,
    18939.64182,
    15961.0
  ],
  "zy": [
    10576.109999999999,
    2226.1099999999997,
    667.8329999999999,
    9908.276999999998,
    8350.0
  ],
  "lbc": [
    45098.5596,
    9492.559599999999,
    0.0,
    45098.5596,
    35606.0
  ],
  "lz": [
    35450.867399999996,
    7461.867399999998,
    0.0,
    35450.867399999996,
    27989.0
  ],
  "house": [
    86374.5204,
    18180.520399999998,
    0.0,
    86374.5204,
    68194.0
  ],
  "lhx": [
    7053.6954,
    1484.6953999999996,
    445.40861999999987,
    6608.286779999999,
    5569.0
  ],
  "sey": [
    8536.884,
    1796.8839999999996,
    539.0651999999999,
    7997.8188,
    6740.0
  ],
  "miao": [
    41574.8784,
    8750.878399999998,
    2625.263519999999,
    38949.61488,
    32824.0
  ],
  "hmk": [
    2672.526,
    562.5259999999998,
    168.75779999999995,
    2503.7682,
    2110.0
  ],
  "wzm": [
    32829.0054,
    2885.502299999994,
    865.6506899999982,
    31963.354710000003,
    25919.0
  ],
  "lly": [
    10027.672199999999,
    36.4181999999995,
    10.92545999999985,
    10016.746739999999,
    7917.0
  ]
}