{
  "syj": [
    32170.7352,
    -14383.648100000004,
    0.0,
    32170.7352,
    49463.0
  ],
  "cl": [
    17634.2952,
    -8999.568800000003,
    0.0,
    17634.2952,
    27113.0
  ],
  "zb": [
    10381.0344,
    -5579.9656,
    0.0,
    10381.0344,
    15961.0
  ],
  "zy": [
    5430.84,
    -2919.1600000000003,
    0.0,
    5430.84,
    8350.0
  ],
  "lbc": [
    23158.1424,
    -12447.857600000001,
    0.0,
    23158.1424,
    35606.0
  ],
  "lz": [
    18204.045599999998,
    -9784.9544,
    0.0,
    18204.045599999998,
    27989.0
  ],
  "house": [
    44353.3776,
    -23840.6224,
    0.0,
    44353.3776,
    68194.0
  ],
  "lhx": [
    0.0,
    0.0,
    0.0,
    0.0,
    0.0
  ],
  "sey": [
    0.0,
    0.0,
    0.0,
    0.0,
    0.0
  ],
  "miao": [
    63.0888,
    -33.9112,
    0.0,
    63.0888,
    97.0
  ],
  "hmk": [
    1372.344,
    -737.6560000000001,
    0.0,
    1372.344,
    2110.0
  ],
  "wzm": [
    16857.7176,
    -13085.785500000005,
    0.0,
    16857.7176,
    25919.0
  ],
  "lly": [
    5149.2168,
    -4842.037200000001,
    0.0,
    5149.2168,
    7917.0
  ]
}