{
  "syj": [
    47025.817800000004,
    9871.817800000003,
    0.0,
    47025.817800000004,
    37154.0
  ],
  "cl": [
    21133.392900000003,
    4436.392900000001,
    1330.9178700000002,
    19802.47503,
    16697.0
  ],
  "zb": [
    20201.8377,
    4240.837700000001,
    1272.2513100000003,
    18929.58639,
    15961.0
  ],
  "zy": [
    10568.595000000001,
    2218.5950000000003,
    665.5785000000001,
    9903.016500000002,
    8350.0
  ],
  "lbc": [
    45066.514200000005,
    9460.514200000001,
    0.0,
    45066.514200000005,
    35606.0
  ],
  "lz": [
    35425.6773,
    7436.677300000001,
    0.0,
    35425.6773,
    27989.0
  ],
  "house": [
    86313.1458,
    18119.145800000002,
    0.0,
    86313.1458,
    68194.0
  ],
  "lhx": [
    7048.683300000001,
    1479.6833000000004,
    443.9049900000001,
    6604.778310000001,
    5569.0
  ],
  "sey": [
    8530.818000000001,
    1790.8180000000002,
    537.2454,
    7993.572600000001,
    6740.0
  ],
  "miao": [
    41545.336800000005,
    8721.336800000001,
    2616.40104,
    38928.93576000001,
    32824.0
  ],
  "hmk": [
    2670.627,
    560.6270000000001,
    168.18810000000002,
    2502.4389,
    2110.0
  ],
  "wzm": [
    32805.6783,
    2862.175199999997,
    858.6525599999991,
    31947.02574,
    25919.0
  ],
  "lly": [
    10020.546900000001,
    29.29290000000029,
    8.787870000000087,
    10011.759030000001,
    7917.0
  ]
}