{
  "syj": [
    29440.377599999996,
    -17114.005700000005,
    0.0,
    29440.377599999996,
    49463.0
  ],
  "cl": [
    16137.657599999999,
    -10496.206400000005,
    0.0,
    16137.657599999999,
    27113.0
  ],
  "zb": [
    9499.9872,
    -6461.0128,
    0.0,
    9499.9872,
    15961.0
  ],
  "zy": [
    4969.919999999999,
    -3380.0800000000004,
    0.0,
    4969.919999999999,
    8350.0
  ],
  "lbc": [
    21192.691199999997,
    -14413.308800000003,
    0.0,
    21192.691199999997,
    35606.0
  ],
  "lz": [
    16659.052799999998,
    -11329.9472,
    0.0,
    16659.052799999998,
    27989.0
  ],
  "house": [
    40589.068799999994,
    -27604.931200000003,
    0.0,
    40589.068799999994,
    68194.0
  ],
  "lhx": [
    0.0,
    0.0,
    0.0,
    0.0,
    0.0
  ],
  "sey": [
    0.0,
    0.0,
    0.0,
    0.0,
    0.0
  ],
  "miao": [
    57.734399999999994,
    -39.265600000000006,
    0.0,
    57.734399999999994,
    97.0
  ],
  "hmk": [
    1255.8719999999998,
    -854.1280000000002,
    0.0,
    1255.8719999999998,
    2110.0
  ],
  "wzm": [
    15426.9888,
    -14516.514300000006,
    0.0,
    15426.9888,
    25919.0
  ],
  "lly": [
    4712.198399999999,
    -5279.055600000001,
    0.0,
    4712.198399999999,
    7917.0
  ]
}