{
  "syj": [
    23504.817600000002,
    -23049.565700000003,
    0.0,
    23504.817600000002,
    49463.0
  ],
  "cl": [
    12884.097600000001,
    -13749.766400000004,
    0.0,
    12884.097600000001,
    27113.0
  ],
  "zb": [
    7584.6672,
    -8376.332799999998,
    0.0,
    7584.6672,
    15961.0
  ],
  "zy": [
    3967.92,
    -4382.079999999999,
    0.0,
    3967.92,
    8350.0
  ],
  "lbc": [
    16919.9712,
    -18686.028799999996,
    0.0,
    16919.9712,
    35606.0
  ],
  "lz": [
    13300.372800000001,
    -14688.627199999999,
    0.0,
    13300.372800000001,
    27989.0
  ],
  "house": [
    32405.788800000002,
    -35788.2112,
    0.0,
    32405.788800000002,
    68194.0
  ],
  "lhx": [
    0.0,
    0.0,
    0.0,
    0.0,
    0.0
  ],
  "sey": [
    0.0,
    0.0,
    0.0,
    0.0,
    0.0
  ],
  "miao": [
    46.0944,
    -50.90559999999999,
    0.0,
    46.0944,
    97.0
  ],
  "hmk": [
    1002.672,
    -1107.3279999999997,
    0.0,
    1002.672,
    2110.0
  ],
  "wzm": [
    12316.7088,
    -17626.7943,
    0.0,
    12316.7088,
    25919.0
  ],
  "lly": [
    3762.1584000000003,
    -6229.0956,
    0.0,
    3762.1584000000003,
    7917.0
  ]
}