{
  "syj": [
    44689.8205,
    -1864.5628000000047,
    0.0,
    44689.8205,
    49463.0
  ],
  "cl": [
    24496.5955,
    -2137.2685000000033,
    0.0,
    24496.5955,
    27113.0
  ],
  "zb": [
    14420.7635,
    -1540.2365000000004,
    0.0,
    14420.7635,
    15961.0
  ],
  "zy": [
    7544.224999999999,
    -805.7750000000002,
    0.0,
    7544.224999999999,
    8350.0
  ],
  "lbc": [
    32170.021,
    -3435.979000000001,
    0.0,
    32170.021,
    35606.0
  ],
  "lz": [
    25288.0615,
    -2700.9385000000007,
    0.0,
    25288.0615,
    27989.0
  ],
  "house": [
    61613.278999999995,
    -6580.721000000002,
    0.0,
    61613.278999999995,
    68194.0
  ],
  "lhx": [
    0.0,
    0.0,
    0.0,
    0.0,
    0.0
  ],
  "sey": [
    0.0,
    0.0,
    0.0,
    0.0,
    0.0
  ],
  "miao": [
    87.6395,
    -9.360500000000004,
    0.0,
    87.6395,
    97.0
  ],
  "hmk": [
    1906.385,
    -203.61500000000007,
    0.0,
    1906.385,
    2110.0
  ],
  "wzm": [
    23417.8165,
    -6525.6866000000055,
    0.0,
    23417.8165,
    25919.0
  ],
  "lly": [
    7153.0095,
    -2838.2445000000002,
    0.0,
    7153.0095,
    7917.0
  ]
}