{
  "syj": [
    59662.270599999996,
    13107.887299999993,
    0.0,
    59662.270599999996,
    49463.0
  ],
  "cl": [
    32703.7006,
    6069.836599999996,
    1820.9509799999987,
    30882.749620000002,
    27113.0
  ],
  "zb": [
    19252.158199999998,
    3291.158199999999,
    987.3474599999996,
    18264.810739999997,
    15961.0
  ],
  "zy": [
    10071.769999999999,
    1721.7699999999995,
    516.5309999999998,
    9555.239,
    8350.0
  ],
  "lbc": [
    42947.9572,
    7341.957199999998,
    0.0,
    42947.9572,
    35606.0
  ],
  "lz": [
    33760.3318,
    5771.331799999998,
    0.0,
    33760.3318,
    27989.0
  ],
  "house": [
    82255.6028,
    14061.602799999995,
    0.0,
    82255.6028,
    68194.0
  ],
  "lhx": [
    0.0,
    0.0,
    0.0,
    0.0,
    0.0
  ],
  "sey": [
    0.0,
    0.0,
    0.0,
    0.0,
    0.0
  ],
  "miao": [
    117.00139999999999,
    20.001399999999993,
    6.000419999999997,
    111.00098,
    97.0
  ],
  "hmk": [
    2545.082,
    435.0819999999999,
    130.52459999999996,
    2414.5573999999997,
    2110.0
  ],
  "wzm": [
    31263.497799999997,
    1319.994699999994,
    395.9984099999982,
    30867.49939,
    25919.0
  ],
  "lly": [
    9549.4854,
    -441.76860000000056,
    0.0,
    9549.4854,
    7917.0
  ]
}