{
  "syj": [
    23579.0121,
    -22975.3712,
    0.0,
    23579.0121,
    49463.0
  ],
  "cl": [
    12924.767100000001,
    -13709.096900000002,
    0.0,
    12924.767100000001,
    27113.0
  ],
  "zb": [
    7608.6087,
    -8352.3913,
    0.0,
    7608.6087,
    15961.0
  ],
  "zy": [
    3980.445,
    -4369.555,
    0.0,
    3980.445,
    8350.0
  ],
  "lbc": [
    16973.3802,
    -18632.6198,
    0.0,
    16973.3802,
    35606.0
  ],
  "lz": [
    13342.3563,
    -14646.6437,
    0.0,
    13342.3563,
    27989.0
  ],
  "house": [
    32508.0798,
    -35685.9202,
    0.0,
    32508.0798,
    68194.0
  ],
  "lhx": [
    0.0,
    0.0,
    0.0,
    0.0,
    0.0
  ],
  "sey": [
    0.0,
    0.0,
    0.0,
    0.0,
    0.0
  ],
  "miao": [
    46.2399,
    -50.7601,
    0.0,
    46.2399,
    97.0
  ],
  "hmk": [
    1005.837,
    -1104.163,
    0.0,
    1005.837,
    2110.0
  ],
  "wzm": [
    12355.587300000001,
    -17587.915800000002,
    0.0,
    12355.587300000001,
    25919.0
  ],
  "lly": [
    3774.0339,
    -6217.2201,
    0.0,
    3774.0339,
    7917.0
  ]
}