{
  "syj": [
    37176.2924,
    22.292399999997546,
    0.0,
    37176.2924,
    37154.0
  ],
  "cl": [
    16707.0182,
    10.018199999998897,
    3.005459999999669,
    16704.01274,
    16697.0
  ],
  "zb": [
    15970.576599999999,
    9.576599999998946,
    2.8729799999996835,
    15967.703619999998,
    15961.0
  ],
  "zy": [
    8355.01,
    5.009999999999448,
    1.5029999999998345,
    8353.507,
    8350.0
  ],
  "lbc": [
    35627.3636,
    21.363599999997646,
    0.0,
    35627.3636,
    35606.0
  ],
  "lz": [
    28005.7934,
    16.79339999999815,
    0.0,
    28005.7934,
    27989.0
  ],
  "house": [
    68234.9164,
    40.91639999999549,
    0.0,
    68234.9164,
    68194.0
  ],
  "lhx": [
    5572.341399999999,
    3.341399999999632,
    1.0024199999998895,
    5571.3389799999995,
    5569.0
  ],
  "sey": [
    6744.044,
    4.043999999999555,
    1.2131999999998664,
    6742.8308,
    6740.0
  ],
  "miao": [
    32843.6944,
    19.69439999999783,
    5.908319999999349,
    32837.78608,
    32824.0
  ],
  "hmk": [
    2111.266,
    1.2659999999998606,
    0.37979999999995817,
    2110.8862,
    2110.0
  ]
}