{
  "syj": [
    32160.8426,
    -14393.540700000003,
    0.0,
    32160.8426,
    49463.0
  ],
  "cl": [
    17628.8726,
    -9004.991400000003,
    0.0,
    17628.8726,
    27113.0
  ],
  "zb": [
    10377.8422,
    -5583.1578,
    0.0,
    10377.8422,
    15961.0
  ],
  "zy": [
    5429.17,
    -2920.83,
    0.0,
    5429.17,
    8350.0
  ],
  "lbc": [
    23151.0212,
    -12454.9788,
    0.0,
    23151.0212,
    35606.0
  ],
  "lz": [
    18198.4478,
    -9790.5522,
    0.0,
    18198.4478,
    27989.0
  ],
  "house": [
    44339.7388,
    -23854.2612,
    0.0,
    44339.7388,
    68194.0
  ],
  "lhx": [
    0.0,
    0.0,
    0.0,
    0.0,
    0.0
  ],
  "sey": [
    0.0,
    0.0,
    0.0,
    0.0,
    0.0
  ],
  "miao": [
    63.0694,
    -33.9306,
    0.0,
    63.0694,
    97.0
  ],
  "hmk": [
    1371.922,
    -738.078,
    0.0,
    1371.922,
    2110.0
  ],
  "wzm": [
    16852.5338,
    -13090.969300000004,
    0.0,
    16852.5338,
    25919.0
  ],
  "lly": [
    5147.6334,
    -4843.6206,
    0.0,
    5147.6334,
    7917.0
  ]
}