{
  "syj": [
    46920.6018,
    366.2184999999968,
    0.0,
    46920.6018,
    49463.0
  ],
  "cl": [
    25719.3918,
    -914.4722000000027,
    0.0,
    25719.3918,
    27113.0
  ],
  "zb": [
    15140.6046,
    -820.3954,
    0.0,
    15140.6046,
    15961.0
  ],
  "zy": [
    7920.81,
    -429.19,
    0.0,
    7920.81,
    8350.0
  ],
  "lbc": [
    33775.8516,
    -1830.1484,
    0.0,
    33775.8516,
    35606.0
  ],
  "lz": [
    26550.3654,
    -1438.6346,
    0.0,
    26550.3654,
    27989.0
  ],
  "house": [
    64688.8284,
    -3505.1716,
    0.0,
    64688.8284,
    68194.0
  ],
  "lhx": [
    0.0,
    0.0,
    0.0,
    0.0,
    0.0
  ],
  "sey": [
    0.0,
    0.0,
    0.0,
    0.0,
    0.0
  ],
  "miao": [
    92.0142,
    -4.9858,
    0.0,
    92.0142,
    97.0
  ],
  "hmk": [
    2001.546,
    -108.45400000000001,
    0.0,
    2001.546,
    2110.0
  ],
  "wzm": [
    24586.7634,
    -5356.739700000005,
    0.0,
    24586.7634,
    25919.0
  ],
  "lly": [
    7510.0662,
    -2481.1878,
    0.0,
    7510.0662,
    7917.0
  ]
}