{
  "syj": [
    31156.7437,
    -15397.639600000002,
    0.0,
    31156.7437,
    49463.0
  ],
  "cl": [
    17078.4787,
    -9555.385300000002,
    0.0,
    17078.4787,
    27113.0
  ],
  "zb": [
    10053.8339,
    -5907.1660999999995,
    0.0,
    10053.8339,
    15961.0
  ],
  "zy": [
    5259.665,
    -3090.335,
    0.0,
    5259.665,
    8350.0
  ],
  "lbc": [
    22428.2194,
    -13177.7806,
    0.0,
    22428.2194,
    35606.0
  ],
  "lz": [
    17630.2711,
    -10358.7289,
    0.0,
    17630.2711,
    27989.0
  ],
  "house": [
    42955.4006,
    -25238.5994,
    0.0,
    42955.4006,
    68194.0
  ],
  "lhx": [
    0.0,
    0.0,
    0.0,
    0.0,
    0.0
  ],
  "sey": [
    0.0,
    0.0,
    0.0,
    0.0,
    0.0
  ],
  "miao": [
    61.100300000000004,
    -35.899699999999996,
    0.0,
    61.100300000000004,
    97.0
  ],
  "hmk": [
    1329.089,
    -780.911,
    0.0,
    1329.089,
    2110.0
  ],
  "wzm": [
    16326.3781,
    -13617.125000000004,
    0.0,
    16326.3781,
    25919.0
  ],
  "lly": [
    4986.9183,
    -5004.3357,
    0.0,
    4986.9183,
    7917.0
  ]
}