{
  "syj": [
    42592.5893,
    -3961.7940000000044,
    0.0,
    42592.5893,
    49463.0
  ],
  "cl": [
    23347.0043,
    -3286.859700000003,
    0.0,
    23347.0043,
    27113.0
  ],
  "zb": [
    13744.0171,
    -2216.9829000000004,
    0.0,
    13744.0171,
    15961.0
  ],
  "zy": [
    7190.1849999999995,
    -1159.8150000000003,
    0.0,
    7190.1849999999995,
    8350.0
  ],
  "lbc": [
    30660.3266,
    -4945.673400000001,
    0.0,
    30660.3266,
    35606.0
  ],
  "lz": [
    24101.3279,
    -3887.6721000000007,
    0.0,
    24101.3279,
    27989.0
  ],
  "house": [
    58721.8534,
    -9472.146600000002,
    0.0,
    58721.8534,
    68194.0
  ],
  "lhx": [
    0.0,
    0.0,
    0.0,
    0.0,
    0.0
  ],
  "sey": [
    0.0,
    0.0,
    0.0,
    0.0,
    0.0
  ],
  "miao": [
    83.52669999999999,
    -13.473300000000002,
    0.0,
    83.52669999999999,
    97.0
  ],
  "hmk": [
    1816.921,
    -293.07900000000006,
    0.0,
    1816.921,
    2110.0
  ],
  "wzm": [
    22318.850899999998,
    -7624.652200000005,
    0.0,
    22318.850899999998,
    25919.0
  ],
  "lly": [
    6817.3287,
    -3173.9253000000003,
    0.0,
    6817.3287,
    7917.0
  ]
}