{
  "syj": [
    23346.536,
    -23207.847300000005,
    0.0,
    23346.536,
    49463.0
  ],
  "cl": [
    12797.336,
    -13836.528000000004,
    0.0,
    12797.336,
    27113.0
  ],
  "zb": [
    7533.592,
    -8427.408000000001,
    0.0,
    7533.592,
    15961.0
  ],
  "zy": [
    3941.2,
    -4408.8,
    0.0,
    3941.2,
    8350.0
  ],
  "lbc": [
    16806.032,
    -18799.968,
    0.0,
    16806.032,
    35606.0
  ],
  "lz": [
    13210.807999999999,
    -14778.192000000001,
    0.0,
    13210.807999999999,
    27989.0
  ],
  "house": [
    32187.568,
    -36006.432,
    0.0,
    32187.568,
    68194.0
  ],
  "lhx": [
    0.0,
    0.0,
    0.0,
    0.0,
    0.0
  ],
  "sey": [
    0.0,
    0.0,
    0.0,
    0.0,
    0.0
  ],
  "miao": [
    45.784,
    -51.216,
    0.0,
    45.784,
    97.0
  ],
  "hmk": [
    995.92,
    -1114.0800000000002,
    0.0,
    995.92,
    2110.0
  ],
  "wzm": [
    12233.768,
    -17709.735100000005,
    0.0,
    12233.768,
    25919.0
  ],
  "lly": [
    3736.8239999999996,
    -6254.43,
    0.0,
    3736.8239999999996,
    7917.0
  ]
}