{
  "syj": [
    38368.9358,
    1214.9357999999982,
    0.0,
    38368.9358,
    37154.0
  ],
  "cl": [
    17242.9919,
    545.9918999999992,
    163.79756999999975,
    17079.194330000002,
    16697.0
  ],
  "zb": [
    16482.9247,
    521.9246999999992,
    156.57740999999976,
    16326.34729,
    15961.0
  ],
  "zy": [
    8623.045,
    273.0449999999996,
    81.91349999999989,
    8541.1315,
    8350.0
  ],
  "lbc": [
    36770.3162,
    1164.3161999999982,
    0.0,
    36770.3162,
    35606.0
  ],
  "lz": [
    28904.240299999998,
    915.2402999999987,
    0.0,
    28904.240299999998,
    27989.0
  ],
  "house": [
    70423.9438,
    2229.943799999997,
    0.0,
    70423.9438,
    68194.0
  ],
  "lhx": [
    5751.1062999999995,
    182.10629999999972,
    54.63188999999991,
    5696.47441,
    5569.0
  ],
  "sey": [
    6960.397999999999,
    220.39799999999968,
    66.1193999999999,
    6894.2786,
    6740.0
  ],
  "miao": [
    33897.3448,
    1073.3447999999985,
    322.00343999999956,
    33575.34136,
    32824.0
  ],
  "hmk": [
    2178.997,
    68.9969999999999,
    20.69909999999997,
    2158.2979,
    2110.0
  ],
  "wzm": [
    18603.0578,
    -1346.9443000000028,
    0.0,
    18603.0578,
    18014.0
  ]
}