{
  "syj": [
    42537.6146,
    5383.614600000001,
    0.0,
    42537.6146,
    37154.0
  ],
  "cl": [
    19116.3953,
    2419.3953000000006,
    725.8185900000002,
    18390.57671,
    16697.0
  ],
  "zb": [
    18273.7489,
    2312.7489000000005,
    693.8246700000001,
    17579.924229999997,
    15961.0
  ],
  "zy": [
    9559.915,
    1209.9150000000002,
    362.97450000000003,
    9196.9405,
    8350.0
  ],
  "lbc": [
    40765.3094,
    5159.309400000001,
    0.0,
    40765.3094,
    35606.0
  ],
  "lz": [
    32044.6061,
    4055.606100000001,
    0.0,
    32044.6061,
    27989.0
  ],
  "house": [
    78075.3106,
    9881.310600000003,
    0.0,
    78075.3106,
    68194.0
  ],
  "lhx": [
    6375.9481000000005,
    806.9481000000002,
    242.08443000000005,
    6133.863670000001,
    5569.0
  ],
  "sey": [
    7716.626,
    976.6260000000002,
    292.98780000000005,
    7423.6382,
    6740.0
  ],
  "miao": [
    37580.1976,
    4756.197600000001,
    1426.8592800000004,
    36153.33832,
    32824.0
  ],
  "hmk": [
    2415.739,
    305.73900000000003,
    91.72170000000001,
    2324.0173,
    2110.0
  ],
  "wzm": [
    29674.6631,
    -268.84000000000367,
    0.0,
    29674.6631,
    25919.0
  ],
  "lly": [
    9064.1733,
    -927.0806999999999,
    0.0,
    9064.1733,
    7917.0
  ]
}