{
  "syj": [
    34535.066600000006,
    -12019.316700000001,
    0.0,
    34535.066600000006,
    49463.0
  ],
  "cl": [
    18930.2966,
    -7703.567400000002,
    0.0,
    18930.2966,
    27113.0
  ],
  "zb": [
    11143.970200000002,
    -4817.029799999999,
    0.0,
    11143.970200000002,
    15961.0
  ],
  "zy": [
    5829.97,
    -2520.0299999999997,
    0.0,
    5829.97,
    8350.0
  ],
  "lbc": [
    24860.109200000003,
    -10745.8908,
    0.0,
    24860.109200000003,
    35606.0
  ],
  "lz": [
    19541.9198,
    -8447.080199999999,
    0.0,
    19541.9198,
    27989.0
  ],
  "house": [
    47613.050800000005,
    -20580.949199999995,
    0.0,
    47613.050800000005,
    68194.0
  ],
  "lhx": [
    0.0,
    0.0,
    0.0,
    0.0,
    0.0
  ],
  "sey": [
    0.0,
    0.0,
    0.0,
    0.0,
    0.0
  ],
  "miao": [
    67.72540000000001,
    -29.274599999999996,
    0.0,
    67.72540000000001,
    97.0
  ],
  "hmk": [
    1473.202,
    -636.7979999999999,
    0.0,
    1473.202,
    2110.0
  ],
  "wzm": [
    18096.645800000002,
    -11846.857300000003,
    0.0,
    18096.645800000002,
    25919.0
  ],
  "lly": [
    5527.6494,
    -4463.6046,
    0.0,
    5527.6494,
    7917.0
  ]
}