{
  "syj": [
    37265.4242,
    -9288.959100000005,
    0.0,
    37265.4242,
    49463.0
  ],
  "cl": [
    20426.9342,
    -6206.9298000000035,
    0.0,
    20426.9342,
    27113.0
  ],
  "zb": [
    12025.017399999999,
    -3935.9826000000007,
    0.0,
    12025.017399999999,
    15961.0
  ],
  "zy": [
    6290.889999999999,
    -2059.11,
    0.0,
    6290.889999999999,
    8350.0
  ],
  "lbc": [
    26825.5604,
    -8780.439600000002,
    0.0,
    26825.5604,
    35606.0
  ],
  "lz": [
    21086.9126,
    -6902.087400000001,
    0.0,
    21086.9126,
    27989.0
  ],
  "house": [
    51377.359599999996,
    -16816.640400000004,
    0.0,
    51377.359599999996,
    68194.0
  ],
  "lhx": [
    0.0,
    0.0,
    0.0,
    0.0,
    0.0
  ],
  "sey": [
    0.0,
    0.0,
    0.0,
    0.0,
    0.0
  ],
  "miao": [
    73.07979999999999,
    -23.920200000000005,
    0.0,
    73.07979999999999,
    97.0
  ],
  "hmk": [
    1589.674,
    -520.3260000000001,
    0.0,
    1589.674,
    2110.0
  ],
  "wzm": [
    19527.3746,
    -10416.128500000006,
    0.0,
    19527.3746,
    25919.0
  ],
  "lly": [
    5964.667799999999,
    -4026.5862,
    0.0,
    5964.667799999999,
    7917.0
  ]
}