{
  "syj": [
    39174.696,
    -7379.687300000001,
    0.0,
    39174.696,
    49463.0
  ],
  "cl": [
    21473.496000000003,
    -5160.368000000001,
    0.0,
    21473.496000000003,
    27113.0
  ],
  "zb": [
    12641.112000000001,
    -3319.8879999999995,
    0.0,
    12641.112000000001,
    15961.0
  ],
  "zy": [
    6613.200000000001,
    -1736.7999999999997,
    0.0,
    6613.200000000001,
    8350.0
  ],
  "lbc": [
    28199.952,
    -7406.047999999999,
    0.0,
    28199.952,
    35606.0
  ],
  "lz": [
    22167.288,
    -5821.711999999999,
    0.0,
    22167.288,
    27989.0
  ],
  "house": [
    54009.648,
    -14184.351999999997,
    0.0,
    54009.648,
    68194.0
  ],
  "lhx": [
    0.0,
    0.0,
    0.0,
    0.0,
    0.0
  ],
  "sey": [
    0.0,
    0.0,
    0.0,
    0.0,
    0.0
  ],
  "miao": [
    76.824,
    -20.175999999999995,
    0.0,
    76.824,
    97.0
  ],
  "hmk": [
    1671.1200000000001,
    -438.87999999999994,
    0.0,
    1671.1200000000001,
    2110.0
  ],
  "wzm": [
    20527.848,
    -9415.655100000004,
    0.0,
    20527.848,
    25919.0
  ],
  "lly": [
    6270.264,
    -3720.99,
    0.0,
    6270.264,
    7917.0
  ]
}