{
  "syj": [
    44514.2074,
    7360.2073999999975,
    0.0,
    44514.2074,
    37154.0
  ],
  "cl": [
    20004.6757,
    3307.675699999999,
    992.3027099999996,
    19012.37299,
    16697.0
  ],
  "zb": [
    19122.874099999997,
    3161.874099999999,
    948.5622299999997,
    18174.311869999998,
    15961.0
  ],
  "zy": [
    10004.135,
    1654.1349999999995,
    496.2404999999998,
    9507.8945,
    8350.0
  ],
  "lbc": [
    42659.548599999995,
    7053.548599999998,
    0.0,
    42659.548599999995,
    35606.0
  ],
  "lz": [
    33533.6209,
    5544.620899999998,
    0.0,
    33533.6209,
    27989.0
  ],
  "house": [
    81703.23139999999,
    13509.231399999997,
    0.0,
    81703.23139999999,
    68194.0
  ],
  "lhx": [
    6672.2189,
    1103.2188999999996,
    330.9656699999999,
    6341.25323,
    5569.0
  ],
  "sey": [
    8075.1939999999995,
    1335.1939999999995,
    400.55819999999983,
    7674.6358,
    6740.0
  ],
  "miao": [
    39326.4344,
    6502.434399999998,
    1950.7303199999994,
    37375.704079999996,
    32824.0
  ],
  "hmk": [
    2527.991,
    417.9909999999999,
    125.39729999999996,
    2402.5937,
    2110.0
  ],
  "wzm": [
    21582.573399999997,
    1632.571299999997,
    489.7713899999991,
    21092.80201,
    18014.0
  ]
}