{
  "syj": [
    37314.8872,
    -9239.496100000006,
    0.0,
    37314.8872,
    49463.0
  ],
  "cl": [
    20454.047199999997,
    -6179.816800000003,
    0.0,
    20454.047199999997,
    27113.0
  ],
  "zb": [
    12040.9784,
    -3920.0216000000005,
    0.0,
    12040.9784,
    15961.0
  ],
  "zy": [
    6299.24,
    -2050.76,
    0.0,
    6299.24,
    8350.0
  ],
  "lbc": [
    26861.1664,
    -8744.833600000002,
    0.0,
    26861.1664,
    35606.0
  ],
  "lz": [
    21114.901599999997,
    -6874.098400000001,
    0.0,
    21114.901599999997,
    27989.0
  ],
  "house": [
    51445.5536,
    -16748.446400000004,
    0.0,
    51445.5536,
    68194.0
  ],
  "lhx": [
    0.0,
    0.0,
    0.0,
    0.0,
    0.0
  ],
  "sey": [
    0.0,
    0.0,
    0.0,
    0.0,
    0.0
  ],
  "miao": [
    73.1768,
    -23.823200000000003,
    0.0,
    73.1768,
    97.0
  ],
  "hmk": [
    1591.7839999999999,
    -518.2160000000001,
    0.0,
    1591.7839999999999,
    2110.0
  ],
  "wzm": [
    19553.293599999997,
    -10390.209500000006,
    0.0,
    19553.293599999997,
    25919.0
  ],
  "lly": [
    5972.5848,
    -4018.6692000000003,
    0.0,
    5972.5848,
    7917.0
  ]
}