{
  "syj": [
    42691.5153,
    -3862.868000000004,
    0.0,
    42691.5153,
    49463.0
  ],
  "cl": [
    23401.2303,
    -3232.633700000003,
    0.0,
    23401.2303,
    27113.0
  ],
  "zb": [
    13775.9391,
    -2185.0609000000004,
    0.0,
    13775.9391,
    15961.0
  ],
  "zy": [
    7206.885,
    -1143.1150000000002,
    0.0,
    7206.885,
    8350.0
  ],
  "lbc": [
    30731.5386,
    -4874.461400000001,
    0.0,
    30731.5386,
    35606.0
  ],
  "lz": [
    24157.3059,
    -3831.6941000000006,
    0.0,
    24157.3059,
    27989.0
  ],
  "house": [
    58858.2414,
    -9335.758600000001,
    0.0,
    58858.2414,
    68194.0
  ],
  "lhx": [
    0.0,
    0.0,
    0.0,
    0.0,
    0.0
  ],
  "sey": [
    0.0,
    0.0,
    0.0,
    0.0,
    0.0
  ],
  "miao": [
    83.7207,
    -13.279300000000003,
    0.0,
    83.7207,
    97.0
  ],
  "hmk": [
    1821.1409999999998,
    -288.85900000000004,
    0.0,
    1821.1409999999998,
    2110.0
  ],
  "wzm": [
    22370.6889,
    -7572.814200000005,
    0.0,
    22370.6889,
    25919.0
  ],
  "lly": [
    6833.1627,
    -3158.0913,
    0.0,
    6833.1627,
    7917.0
  ]
}