{
  "syj": [
    46643.609,
    89.22569999999439,
    0.0,
    46643.609,
    49463.0
  ],
  "cl": [
    25567.558999999997,
    -1066.305000000004,
    0.0,
    25567.558999999997,
    27113.0
  ],
  "zb": [
    15051.223,
    -909.7770000000008,
    0.0,
    15051.223,
    15961.0
  ],
  "zy": [
    7874.049999999999,
    -475.95000000000044,
    0.0,
    7874.049999999999,
    8350.0
  ],
  "lbc": [
    33576.458,
    -2029.5420000000017,
    0.0,
    33576.458,
    35606.0
  ],
  "lz": [
    26393.626999999997,
    -1595.3730000000014,
    0.0,
    26393.626999999997,
    27989.0
  ],
  "house": [
    64306.941999999995,
    -3887.0580000000036,
    0.0,
    64306.941999999995,
    68194.0
  ],
  "lhx": [
    0.0,
    0.0,
    0.0,
    0.0,
    0.0
  ],
  "sey": [
    0.0,
    0.0,
    0.0,
    0.0,
    0.0
  ],
  "miao": [
    91.47099999999999,
    -5.529000000000005,
    0.0,
    91.47099999999999,
    97.0
  ],
  "hmk": [
    1989.7299999999998,
    -120.27000000000011,
    0.0,
    1989.7299999999998,
    2110.0
  ],
  "wzm": [
    24441.617,
    -5501.886100000006,
    0.0,
    24441.617,
    25919.0
  ],
  "lly": [
    7465.731,
    -2525.5230000000006,
    0.0,
    7465.731,
    7917.0
  ]
}