{
  "syj": [
    23430.6231,
    -23123.760200000004,
    0.0,
    23430.6231,
    49463.0
  ],
  "cl": [
    12843.428100000001,
    -13790.435900000002,
    0.0,
    12843.428100000001,
    27113.0
  ],
  "zb": [
    7560.7257,
    -8400.2743,
    0.0,
    7560.7257,
    15961.0
  ],
  "zy": [
    3955.395,
    -4394.605,
    0.0,
    3955.395,
    8350.0
  ],
  "lbc": [
    16866.5622,
    -18739.4378,
    0.0,
    16866.5622,
    35606.0
  ],
  "lz": [
    13258.3893,
    -14730.6107,
    0.0,
    13258.3893,
    27989.0
  ],
  "house": [
    32303.4978,
    -35890.5022,
    0.0,
    32303.4978,
    68194.0
  ],
  "lhx": [
    0.0,
    0.0,
    0.0,
    0.0,
    0.0
  ],
  "sey": [
    0.0,
    0.0,
    0.0,
    0.0,
    0.0
  ],
  "miao": [
    45.9489,
    -51.0511,
    0.0,
    45.9489,
    97.0
  ],
  "hmk": [
    999.5070000000001,
    -1110.493,
    0.0,
    999.5070000000001,
    2110.0
  ],
  "wzm": [
    12277.8303,
    -17665.672800000004,
    0.0,
    12277.8303,
    25919.0
  ],
  "lly": [
    3750.2829,
    -6240.9711,
    0.0,
    3750.2829,
    7917.0
  ]
}