{
  "syj": [
    23272.3415,
    -23282.041800000003,
    0.0,
    23272.3415,
    49463.0
  ],
  "cl": [
    12756.6665,
    -13877.197500000002,
    0.0,
    12756.6665,
    27113.0
  ],
  "zb": [
    7509.6505,
    -8451.349500000002,
    0.0,
    7509.6505,
    15961.0
  ],
  "zy": [
    3928.6749999999997,
    -4421.325000000001,
    0.0,
    3928.6749999999997,
    8350.0
  ],
  "lbc": [
    16752.623,
    -18853.377000000004,
    0.0,
    16752.623,
    35606.0
  ],
  "lz": [
    13168.824499999999,
    -14820.175500000003,
    0.0,
    13168.824499999999,
    27989.0
  ],
  "house": [
    32085.277,
    -36108.723000000005,
    0.0,
    32085.277,
    68194.0
  ],
  "lhx": [
    0.0,
    0.0,
    0.0,
    0.0,
    0.0
  ],
  "sey": [
    0.0,
    0.0,
    0.0,
    0.0,
    0.0
  ],
  "miao": [
    45.6385,
    -51.36150000000001,
    0.0,
    45.6385,
    97.0
  ],
  "hmk": [
    992.755,
    -1117.2450000000001,
    0.0,
    992.755,
    2110.0
  ],
  "wzm": [
    12194.8895,
    -17748.613600000008,
    0.0,
    12194.8895,
    25919.0
  ],
  "lly": [
    3724.9485,
    -6266.3055,
    0.0,
    3724.9485,
    7917.0
  ]
}