{
  "syj": [
    42894.3136,
    -3660.0697000000046,
    0.0,
    42894.3136,
    49463.0
  ],
  "cl": [
    23512.3936,
    -3121.4704000000033,
    0.0,
    23512.3936,
    27113.0
  ],
  "zb": [
    13841.3792,
    -2119.6208000000006,
    0.0,
    13841.3792,
    15961.0
  ],
  "zy": [
    7241.12,
    -1108.8800000000003,
    0.0,
    7241.12,
    8350.0
  ],
  "lbc": [
    30877.5232,
    -4728.476800000001,
    0.0,
    30877.5232,
    35606.0
  ],
  "lz": [
    24272.0608,
    -3716.9392000000007,
    0.0,
    24272.0608,
    27989.0
  ],
  "house": [
    59137.8368,
    -9056.163200000003,
    0.0,
    59137.8368,
    68194.0
  ],
  "lhx": [
    0.0,
    0.0,
    0.0,
    0.0,
    0.0
  ],
  "sey": [
    0.0,
    0.0,
    0.0,
    0.0,
    0.0
  ],
  "miao": [
    84.1184,
    -12.881600000000002,
    0.0,
    84.1184,
    97.0
  ],
  "hmk": [
    1829.792,
    -280.2080000000001,
    0.0,
    1829.792,
    2110.0
  ],
  "wzm": [
    22476.9568,
    -7466.546300000005,
    0.0,
    22476.9568,
    25919.0
  ],
  "lly": [
    6865.6224,
    -3125.6316,
    0.0,
    6865.6224,
    7917.0
  ]
}