{
  "syj": [
    56338.357,
    9783.973699999997,
    0.0,
    56338.357,
    49463.0
  ],
  "cl": [
    30881.707000000002,
    4247.842999999998,
    1274.3528999999994,
    29607.354100000004,
    27113.0
  ],
  "zb": [
    18179.579,
    2218.579,
    665.5737,
    17514.0053,
    15961.0
  ],
  "zy": [
    9510.65,
    1160.65,
    348.195,
    9162.455,
    8350.0
  ],
  "lbc": [
    40555.234000000004,
    4949.234,
    0.0,
    40555.234000000004,
    35606.0
  ],
  "lz": [
    31879.471,
    3890.4710000000005,
    0.0,
    31879.471,
    27989.0
  ],
  "house": [
    77672.966,
    9478.966,
    0.0,
    77672.966,
    68194.0
  ],
  "lhx": [
    0.0,
    0.0,
    0.0,
    0.0,
    0.0
  ],
  "sey": [
    0.0,
    0.0,
    0.0,
    0.0,
    0.0
  ],
  "miao": [
    110.483,
    13.483,
    4.0449,
    106.4381,
    97.0
  ],
  "hmk": [
    2403.29,
    293.29,
    87.98700000000001,
    2315.303,
    2110.0
  ],
  "wzm": [
    29521.741,
    -421.7621000000041,
    0.0,
    29521.741,
    25919.0
  ],
  "lly": [
    9017.463,
    -973.7909999999999,
    0.0,
    9017.463,
    7917.0
  ]
}