{
  "syj": [
    35019.804,
    -11534.579300000005,
    0.0,
    35019.804,
    49463.0
  ],
  "cl": [
    19196.003999999997,
    -7437.860000000003,
    0.0,
    19196.003999999997,
    27113.0
  ],
  "zb": [
    11300.387999999999,
    -4660.612000000001,
    0.0,
    11300.387999999999,
    15961.0
  ],
  "zy": [
    5911.799999999999,
    -2438.2000000000003,
    0.0,
    5911.799999999999,
    8350.0
  ],
  "lbc": [
    25209.048,
    -10396.952000000001,
    0.0,
    25209.048,
    35606.0
  ],
  "lz": [
    19816.212,
    -8172.788000000001,
    0.0,
    19816.212,
    27989.0
  ],
  "house": [
    48281.352,
    -19912.648,
    0.0,
    48281.352,
    68194.0
  ],
  "lhx": [
    0.0,
    0.0,
    0.0,
    0.0,
    0.0
  ],
  "sey": [
    0.0,
    0.0,
    0.0,
    0.0,
    0.0
  ],
  "miao": [
    68.676,
    -28.324000000000005,
    0.0,
    68.676,
    97.0
  ],
  "hmk": [
    1493.8799999999999,
    -616.1200000000001,
    0.0,
    1493.8799999999999,
    2110.0
  ],
  "wzm": [
    18350.652,
    -11592.851100000005,
    0.0,
    18350.652,
    25919.0
  ],
  "lly": [
    5605.236,
    -4386.018,
    0.0,
    5605.236,
    7917.0
  ]
}