{
  "syj": [
    45649.402700000006,
    -904.9806000000004,
    0.0,
    45649.402700000006,
    49463.0
  ],
  "cl": [
    25022.5877,
    -1611.2763000000011,
    0.0,
    25022.5877,
    27113.0
  ],
  "zb": [
    14730.4069,
    -1230.5930999999991,
    0.0,
    14730.4069,
    15961.0
  ],
  "zy": [
    7706.215,
    -643.7849999999995,
    0.0,
    7706.215,
    8350.0
  ],
  "lbc": [
    32860.7774,
    -2745.2225999999982,
    0.0,
    32860.7774,
    35606.0
  ],
  "lz": [
    25831.0481,
    -2157.9518999999987,
    0.0,
    25831.0481,
    27989.0
  ],
  "house": [
    62936.242600000005,
    -5257.757399999997,
    0.0,
    62936.242600000005,
    68194.0
  ],
  "lhx": [
    0.0,
    0.0,
    0.0,
    0.0,
    0.0
  ],
  "sey": [
    0.0,
    0.0,
    0.0,
    0.0,
    0.0
  ],
  "miao": [
    89.52130000000001,
    -7.478699999999995,
    0.0,
    89.52130000000001,
    97.0
  ],
  "hmk": [
    1947.3190000000002,
    -162.6809999999999,
    0.0,
    1947.3190000000002,
    2110.0
  ],
  "wzm": [
    23920.6451,
    -6022.858000000003,
    0.0,
    23920.6451,
    25919.0
  ],
  "lly": [
    7306.599300000001,
    -2684.6546999999996,
    0.0,
    7306.599300000001,
    7917.0
  ]
}