{
  "syj": [
    46260.445400000004,
    9106.445400000004,
    0.0,
    46260.445400000004,
    37154.0
  ],
  "cl": [
    20789.4347,
    4092.4347000000016,
    1227.7304100000003,
    19561.70429,
    16697.0
  ],
  "zb": [
    19873.041100000002,
    3912.0411000000017,
    1173.6123300000004,
    18699.428770000002,
    15961.0
  ],
  "zy": [
    10396.585000000001,
    2046.5850000000007,
    613.9755000000002,
    9782.6095,
    8350.0
  ],
  "lbc": [
    44333.030600000006,
    8727.030600000004,
    0.0,
    44333.030600000006,
    35606.0
  ],
  "lz": [
    34849.1039,
    6860.103900000003,
    0.0,
    34849.1039,
    27989.0
  ],
  "house": [
    84908.3494,
    16714.349400000006,
    0.0,
    84908.3494,
    68194.0
  ],
  "lhx": [
    6933.9619,
    1364.9619000000005,
    409.48857000000015,
    6524.47333,
    5569.0
  ],
  "sey": [
    8391.974,
    1651.9740000000006,
    495.59220000000016,
    7896.3818,
    6740.0
  ],
  "miao": [
    40869.1624,
    8045.162400000003,
    2413.5487200000007,
    38455.61368,
    32824.0
  ],
  "hmk": [
    2627.161,
    517.1610000000002,
    155.14830000000003,
    2472.0127,
    2110.0
  ],
  "wzm": [
    22429.2314,
    2479.2293,
    743.76879,
    21685.462610000002,
    18014.0
  ]
}