{
  "syj": [
    31313.3912,
    -5840.6088,
    0.0,
    31313.3912,
    37154.0
  ],
  "cl": [
    22850.8364,
    -3783.0276000000026,
    0.0,
    22850.8364,
    27113.0
  ],
  "zb": [
    13451.9308,
    -2509.0692,
    0.0,
    13451.9308,
    15961.0
  ],
  "zy": [
    7037.38,
    -1312.6200000000001,
    0.0,
    7037.38,
    8350.0
  ],
  "lbc": [
    30008.7368,
    -5597.2632,
    0.0,
    30008.7368,
    35606.0
  ],
  "lz": [
    23589.1292,
    -4399.870800000001,
    0.0,
    23589.1292,
    27989.0
  ],
  "house": [
    57473.9032,
    -10720.096800000001,
    0.0,
    57473.9032,
    68194.0
  ],
  "lhx": [
    4693.5532,
    -875.4468,
    0.0,
    4693.5532,
    5569.0
  ],
  "sey": [
    5680.472,
    -1059.528,
    0.0,
    5680.472,
    6740.0
  ],
  "miao": [
    81.7516,
    -15.2484,
    0.0,
    81.7516,
    97.0
  ],
  "hmk": [
    1778.308,
    -331.692,
    0.0,
    1778.308,
    2110.0
  ],
  "wzm": [
    21844.533199999998,
    -8098.969900000005,
    0.0,
    21844.533199999998,
    25919.0
  ],
  "lly": [
    6672.4475999999995,
    -3318.8064,
    0.0,
    6672.4475999999995,
    7917.0
  ]
}