{
  "syj": [
    41865.4832,
    -4688.900100000001,
    0.0,
    41865.4832,
    49463.0
  ],
  "cl": [
    22948.4432,
    -3685.4208000000017,
    0.0,
    22948.4432,
    27113.0
  ],
  "zb": [
    13509.3904,
    -2451.6095999999993,
    0.0,
    13509.3904,
    15961.0
  ],
  "zy": [
    7067.4400000000005,
    -1282.5599999999997,
    0.0,
    7067.4400000000005,
    8350.0
  ],
  "lbc": [
    30136.918400000002,
    -5469.081599999999,
    0.0,
    30136.918400000002,
    35606.0
  ],
  "lz": [
    23689.889600000002,
    -4299.110399999999,
    0.0,
    23689.889600000002,
    27989.0
  ],
  "house": [
    57719.401600000005,
    -10474.598399999997,
    0.0,
    57719.401600000005,
    68194.0
  ],
  "lhx": [
    0.0,
    0.0,
    0.0,
    0.0,
    0.0
  ],
  "sey": [
    0.0,
    0.0,
    0.0,
    0.0,
    0.0
  ],
  "miao": [
    82.1008,
    -14.899199999999997,
    0.0,
    82.1008,
    97.0
  ],
  "hmk": [
    1785.904,
    -324.0959999999999,
    0.0,
    1785.904,
    2110.0
  ],
  "wzm": [
    21937.8416,
    -8005.661500000004,
    0.0,
    21937.8416,
    25919.0
  ],
  "lly": [
    6700.9488,
    -3290.3052,
    0.0,
    6700.9488,
    7917.0
  ]
}