{
  "syj": [
    43200.9842,
    -3353.3991000000055,
    0.0,
    43200.9842,
    49463.0
  ],
  "cl": [
    23680.494199999997,
    -2953.369800000004,
    0.0,
    23680.494199999997,
    27113.0
  ],
  "zb": [
    13940.337399999999,
    -2020.6626000000008,
    0.0,
    13940.337399999999,
    15961.0
  ],
  "zy": [
    7292.889999999999,
    -1057.1100000000004,
    0.0,
    7292.889999999999,
    8350.0
  ],
  "lbc": [
    31098.2804,
    -4507.719600000001,
    0.0,
    31098.2804,
    35606.0
  ],
  "lz": [
    24445.5926,
    -3543.4074000000014,
    0.0,
    24445.5926,
    27989.0
  ],
  "house": [
    59560.639599999995,
    -8633.360400000003,
    0.0,
    59560.639599999995,
    68194.0
  ],
  "lhx": [
    0.0,
    0.0,
    0.0,
    0.0,
    0.0
  ],
  "sey": [
    0.0,
    0.0,
    0.0,
    0.0,
    0.0
  ],
  "miao": [
    84.71979999999999,
    -12.280200000000004,
    0.0,
    84.71979999999999,
    97.0
  ],
  "hmk": [
    1842.8739999999998,
    -267.1260000000001,
    0.0,
    1842.8739999999998,
    2110.0
  ],
  "wzm": [
    22637.654599999998,
    -7305.8485000000055,
    0.0,
    22637.654599999998,
    25919.0
  ],
  "lly": [
    6914.707799999999,
    -3076.5462,
    0.0,
    6914.707799999999,
    7917.0
  ]
}