{
  "syj": [
    64371.148199999996,
    17816.76489999999,
    0.0,
    64371.148199999996,
    49463.0
  ],
  "cl": [
    35284.858199999995,
    8650.994199999994,
    2595.298259999998,
    32689.559939999996,
    27113.0
  ],
  "zb": [
    20771.645399999998,
    4810.6453999999985,
    1443.1936199999996,
    19328.45178,
    15961.0
  ],
  "zy": [
    10866.689999999999,
    2516.689999999999,
    755.0069999999997,
    10111.682999999999,
    8350.0
  ],
  "lbc": [
    46337.6484,
    10731.648399999996,
    0.0,
    46337.6484,
    35606.0
  ],
  "lz": [
    36424.8846,
    8435.884599999998,
    0.0,
    36424.8846,
    27989.0
  ],
  "house": [
    88747.67159999999,
    20553.671599999994,
    0.0,
    88747.67159999999,
    68194.0
  ],
  "lhx": [
    0.0,
    0.0,
    0.0,
    0.0,
    0.0
  ],
  "sey": [
    0.0,
    0.0,
    0.0,
    0.0,
    0.0
  ],
  "miao": [
    126.23579999999998,
    29.23579999999999,
    8.770739999999996,
    117.46506,
    97.0
  ],
  "hmk": [
    2745.9539999999997,
    635.9539999999997,
    190.78619999999992,
    2555.1677999999997,
    2110.0
  ],
  "wzm": [
    33730.9866,
    3787.4834999999925,
    1136.2450499999977,
    32594.74155,
    25919.0
  ],
  "lly": [
    10303.183799999999,
    311.92979999999903,
    93.5789399999997,
    10209.60486,
    7917.0
  ]
}