{
  "syj": [
    44798.6391,
    -1755.7442000000055,
    0.0,
    44798.6391,
    49463.0
  ],
  "cl": [
    24556.2441,
    -2077.619900000004,
    0.0,
    24556.2441,
    27113.0
  ],
  "zb": [
    14455.8777,
    -1505.122300000001,
    0.0,
    14455.8777,
    15961.0
  ],
  "zy": [
    7562.594999999999,
    -787.4050000000004,
    0.0,
    7562.594999999999,
    8350.0
  ],
  "lbc": [
    32248.354199999998,
    -3357.6458000000016,
    0.0,
    32248.354199999998,
    35606.0
  ],
  "lz": [
    25349.6373,
    -2639.3627000000015,
    0.0,
    25349.6373,
    27989.0
  ],
  "house": [
    61763.305799999995,
    -6430.694200000004,
    0.0,
    61763.305799999995,
    68194.0
  ],
  "lhx": [
    0.0,
    0.0,
    0.0,
    0.0,
    0.0
  ],
  "sey": [
    0.0,
    0.0,
    0.0,
    0.0,
    0.0
  ],
  "miao": [
    87.85289999999999,
    -9.147100000000005,
    0.0,
    87.85289999999999,
    97.0
  ],
  "hmk": [
    1911.0269999999998,
    -198.9730000000001,
    0.0,
    1911.0269999999998,
    2110.0
  ],
  "wzm": [
    23474.8383,
    -6468.664800000006,
    0.0,
    23474.8383,
    25919.0
  ],
  "lly": [
    7170.4268999999995,
    -2820.8271000000004,
    0.0,
    7170.4268999999995,
    7917.0
  ]
}