{
  "syj": [
    28258.211900000002,
    -18296.171400000003,
    0.0,
    28258.211900000002,
    49463.0
  ],
  "cl": [
    15489.6569,
    -11144.207100000001,
    0.0,
    15489.6569,
    27113.0
  ],
  "zb": [
    9118.5193,
    -6842.480699999999,
    0.0,
    9118.5193,
    15961.0
  ],
  "zy": [
    4770.3550000000005,
    -3579.6449999999995,
    0.0,
    4770.3550000000005,
    8350.0
  ],
  "lbc": [
    20341.7078,
    -15264.292199999998,
    0.0,
    20341.7078,
    35606.0
  ],
  "lz": [
    15990.1157,
    -11998.8843,
    0.0,
    15990.1157,
    27989.0
  ],
  "house": [
    38959.2322,
    -29234.767799999998,
    0.0,
    38959.2322,
    68194.0
  ],
  "lhx": [
    0.0,
    0.0,
    0.0,
    0.0,
    0.0
  ],
  "sey": [
    0.0,
    0.0,
    0.0,
    0.0,
    0.0
  ],
  "miao": [
    55.4161,
    -41.5839,
    0.0,
    55.4161,
    97.0
  ],
  "hmk": [
    1205.443,
    -904.5569999999999,
    0.0,
    1205.443,
    2110.0
  ],
  "wzm": [
    14807.5247,
    -15135.978400000004,
    0.0,
    14807.5247,
    25919.0
  ],
  "lly": [
    4522.9821,
    -5468.2719,
    0.0,
    4522.9821,
    7917.0
  ]
}