{
  "syj": [
    47113.5075,
    559.1241999999976,
    0.0,
    47113.5075,
    49463.0
  ],
  "cl": [
    25825.1325,
    -808.7315000000023,
    0.0,
    25825.1325,
    27113.0
  ],
  "zb": [
    15202.8525,
    -758.1474999999998,
    0.0,
    15202.8525,
    15961.0
  ],
  "zy": [
    7953.375,
    -396.6249999999999,
    0.0,
    7953.375,
    8350.0
  ],
  "lbc": [
    33914.715000000004,
    -1691.2849999999996,
    0.0,
    33914.715000000004,
    35606.0
  ],
  "lz": [
    26659.5225,
    -1329.4774999999997,
    0.0,
    26659.5225,
    27989.0
  ],
  "house": [
    64954.785,
    -3239.2149999999992,
    0.0,
    64954.785,
    68194.0
  ],
  "lhx": [
    0.0,
    0.0,
    0.0,
    0.0,
    0.0
  ],
  "sey": [
    0.0,
    0.0,
    0.0,
    0.0,
    0.0
  ],
  "miao": [
    92.3925,
    -4.607499999999999,
    0.0,
    92.3925,
    97.0
  ],
  "hmk": [
    2009.775,
    -100.22499999999997,
    0.0,
    2009.775,
    2110.0
  ],
  "wzm": [
    24687.8475,
    -5255.655600000004,
    0.0,
    24687.8475,
    25919.0
  ],
  "lly": [
    7540.9425,
    -2450.3115,
    0.0,
    7540.9425,
    7917.0
  ]
}