{
  "syj": [
    40397.5442,
    3243.5441999999975,
    0.0,
    40397.5442,
    37154.0
  ],
  "cl": [
    18154.6481,
    1457.648099999999,
    437.2944299999997,
    17717.35367,
    16697.0
  ],
  "zb": [
    17354.3953,
    1393.395299999999,
    418.0185899999997,
    16936.37671,
    15961.0
  ],
  "zy": [
    9078.955,
    728.9549999999995,
    218.68649999999982,
    8860.2685,
    8350.0
  ],
  "lbc": [
    38714.4038,
    3108.403799999998,
    0.0,
    38714.4038,
    35606.0
  ],
  "lz": [
    30432.4397,
    2443.439699999998,
    0.0,
    30432.4397,
    27989.0
  ],
  "house": [
    74147.33619999999,
    5953.336199999995,
    0.0,
    74147.33619999999,
    68194.0
  ],
  "lhx": [
    6055.173699999999,
    486.17369999999966,
    145.8521099999999,
    5909.32159,
    5569.0
  ],
  "sey": [
    7328.401999999999,
    588.4019999999996,
    176.52059999999986,
    7151.881399999999,
    6740.0
  ],
  "miao": [
    35689.5352,
    2865.535199999998,
    859.6605599999994,
    34829.87464,
    32824.0
  ],
  "hmk": [
    2294.203,
    184.20299999999986,
    55.26089999999996,
    2238.9421,
    2110.0
  ],
  "wzm": [
    10882.785699999999,
    899.8090999999998,
    269.9427299999999,
    10612.842969999998,
    10009.0
  ]
}