{
  "syj": [
    38699.8512,
    -7854.532100000004,
    0.0,
    38699.8512,
    49463.0
  ],
  "cl": [
    21213.211199999998,
    -5420.652800000003,
    0.0,
    21213.211199999998,
    27113.0
  ],
  "zb": [
    12487.8864,
    -3473.1136,
    0.0,
    12487.8864,
    15961.0
  ],
  "zy": [
    6533.04,
    -1816.96,
    0.0,
    6533.04,
    8350.0
  ],
  "lbc": [
    27858.1344,
    -7747.865600000001,
    0.0,
    27858.1344,
    35606.0
  ],
  "lz": [
    21898.5936,
    -6090.406400000001,
    0.0,
    21898.5936,
    27989.0
  ],
  "house": [
    53354.9856,
    -14839.014400000002,
    0.0,
    53354.9856,
    68194.0
  ],
  "lhx": [
    0.0,
    0.0,
    0.0,
    0.0,
    0.0
  ],
  "sey": [
    0.0,
    0.0,
    0.0,
    0.0,
    0.0
  ],
  "miao": [
    75.8928,
    -21.107200000000002,
    0.0,
    75.8928,
    97.0
  ],
  "hmk": [
    1650.864,
    -459.136,
    0.0,
    1650.864,
    2110.0
  ],
  "wzm": [
    20279.0256,
    -9664.477500000005,
    0.0,
    20279.0256,
    25919.0
  ],
  "lly": [
    6194.2608,
    -3796.9932000000003,
    0.0,
    6194.2608,
    7917.0
  ]
}