{
  "syj": [
    23341.5897,
    -23212.793600000005,
    0.0,
    23341.5897,
    49463.0
  ],
  "cl": [
    12794.6247,
    -13839.239300000003,
    0.0,
    12794.6247,
    27113.0
  ],
  "zb": [
    7531.9959,
    -8429.0041,
    0.0,
    7531.9959,
    15961.0
  ],
  "zy": [
    3940.365,
    -4409.635,
    0.0,
    3940.365,
    8350.0
  ],
  "lbc": [
    16802.4714,
    -18803.5286,
    0.0,
    16802.4714,
    35606.0
  ],
  "lz": [
    13208.0091,
    -14780.9909,
    0.0,
    13208.0091,
    27989.0
  ],
  "house": [
    32180.7486,
    -36013.2514,
    0.0,
    32180.7486,
    68194.0
  ],
  "lhx": [
    0.0,
    0.0,
    0.0,
    0.0,
    0.0
  ],
  "sey": [
    0.0,
    0.0,
    0.0,
    0.0,
    0.0
  ],
  "miao": [
    45.7743,
    -51.2257,
    0.0,
    45.7743,
    97.0
  ],
  "hmk": [
    995.709,
    -1114.291,
    0.0,
    995.709,
    2110.0
  ],
  "wzm": [
    12231.176099999999,
    -17712.327000000005,
    0.0,
    12231.176099999999,
    25919.0
  ],
  "lly": [
    3736.0323,
    -6255.2217,
    0.0,
    3736.0323,
    7917.0
  ]
}