{
  "syj": [
    34421.301699999996,
    -12133.081600000005,
    0.0,
    34421.301699999996,
    49463.0
  ],
  "cl": [
    18867.9367,
    -7765.927300000004,
    0.0,
    18867.9367,
    27113.0
  ],
  "zb": [
    11107.2599,
    -4853.740100000001,
    0.0,
    11107.2599,
    15961.0
  ],
  "zy": [
    5810.764999999999,
    -2539.235,
    0.0,
    5810.764999999999,
    8350.0
  ],
  "lbc": [
    24778.215399999997,
    -10827.7846,
    0.0,
    24778.215399999997,
    35606.0
  ],
  "lz": [
    19477.5451,
    -8511.4549,
    0.0,
    19477.5451,
    27989.0
  ],
  "house": [
    47456.2046,
    -20737.795400000003,
    0.0,
    47456.2046,
    68194.0
  ],
  "lhx": [
    0.0,
    0.0,
    0.0,
    0.0,
    0.0
  ],
  "sey": [
    0.0,
    0.0,
    0.0,
    0.0,
    0.0
  ],
  "miao": [
    67.50229999999999,
    -29.497700000000002,
    0.0,
    67.50229999999999,
    97.0
  ],
  "hmk": [
    1468.349,
    -641.6510000000001,
    0.0,
    1468.349,
    2110.0
  ],
  "wzm": [
    18037.0321,
    -11906.471000000005,
    0.0,
    18037.0321,
    25919.0
  ],
  "lly": [
    5509.440299999999,
    -4481.813700000001,
    0.0,
    5509.440299999999,
    7917.0
  ]
}