{
  "syj": [
    35158.3004,
    -11396.082900000003,
    0.0,
    35158.3004,
    49463.0
  ],
  "cl": [
    19271.9204,
    -7361.943600000003,
    0.0,
    19271.9204,
    27113.0
  ],
  "zb": [
    11345.0788,
    -4615.9212,
    0.0,
    11345.0788,
    15961.0
  ],
  "zy": [
    5935.18,
    -2414.82,
    0.0,
    5935.18,
    8350.0
  ],
  "lbc": [
    25308.7448,
    -10297.2552,
    0.0,
    25308.7448,
    35606.0
  ],
  "lz": [
    19894.5812,
    -8094.4188,
    0.0,
    19894.5812,
    27989.0
  ],
  "house": [
    48472.2952,
    -19721.7048,
    0.0,
    48472.2952,
    68194.0
  ],
  "lhx": [
    0.0,
    0.0,
    0.0,
    0.0,
    0.0
  ],
  "sey": [
    0.0,
    0.0,
    0.0,
    0.0,
    0.0
  ],
  "miao": [
    68.9476,
    -28.052400000000002,
    0.0,
    68.9476,
    97.0
  ],
  "hmk": [
    1499.788,
    -610.212,
    0.0,
    1499.788,
    2110.0
  ],
  "wzm": [
    18423.2252,
    -11520.277900000005,
    0.0,
    18423.2252,
    25919.0
  ],
  "lly": [
    5627.4036,
    -4363.8504,
    0.0,
    5627.4036,
    7917.0
  ]
}