{
  "syj": [
    43156.467500000006,
    -3397.9158000000007,
    0.0,
    43156.467500000006,
    49463.0
  ],
  "cl": [
    23656.092500000002,
    -2977.771500000001,
    0.0,
    23656.092500000002,
    27113.0
  ],
  "zb": [
    13925.972500000002,
    -2035.0274999999992,
    0.0,
    13925.972500000002,
    15961.0
  ],
  "zy": [
    7285.375,
    -1064.6249999999995,
    0.0,
    7285.375,
    8350.0
  ],
  "lbc": [
    31066.235,
    -4539.7649999999985,
    0.0,
    31066.235,
    35606.0
  ],
  "lz": [
    24420.4025,
    -3568.5974999999985,
    0.0,
    24420.4025,
    27989.0
  ],
  "house": [
    59499.26500000001,
    -8694.734999999997,
    0.0,
    59499.26500000001,
    68194.0
  ],
  "lhx": [
    0.0,
    0.0,
    0.0,
    0.0,
    0.0
  ],
  "sey": [
    0.0,
    0.0,
    0.0,
    0.0,
    0.0
  ],
  "miao": [
    84.63250000000001,
    -12.367499999999994,
    0.0,
    84.63250000000001,
    97.0
  ],
  "hmk": [
    1840.9750000000001,
    -269.02499999999986,
    0.0,
    1840.9750000000001,
    2110.0
  ],
  "wzm": [
    22614.327500000003,
    -7329.175600000003,
    0.0,
    22614.327500000003,
    25919.0
  ],
  "lly": [
    6907.5825,
    -3083.6714999999995,
    0.0,
    6907.5825,
    7917.0
  ]
}