{
  "syj": [
    39033.9924,
    1879.9923999999992,
    0.0,
    39033.9924,
    37154.0
  ],
  "cl": [
    17541.8682,
    844.8681999999997,
    253.4604599999999,
    17288.407740000002,
    16697.0
  ],
  "zb": [
    16768.6266,
    807.6265999999996,
    242.28797999999986,
    16526.33862,
    15961.0
  ],
  "zy": [
    8772.51,
    422.5099999999998,
    126.75299999999994,
    8645.757,
    8350.0
  ],
  "lbc": [
    37407.6636,
    1801.6635999999992,
    0.0,
    37407.6636,
    35606.0
  ],
  "lz": [
    29405.2434,
    1416.2433999999994,
    0.0,
    29405.2434,
    27989.0
  ],
  "house": [
    71644.6164,
    3450.6163999999985,
    0.0,
    71644.6164,
    68194.0
  ],
  "lhx": [
    5850.7914,
    281.7913999999999,
    84.53741999999997,
    5766.25398,
    5569.0
  ],
  "sey": [
    7081.044,
    341.04399999999987,
    102.31319999999995,
    6978.7308,
    6740.0
  ],
  "miao": [
    34484.8944,
    1660.8943999999992,
    498.26831999999973,
    33986.626079999995,
    32824.0
  ],
  "hmk": [
    2216.766,
    106.76599999999995,
    32.02979999999998,
    2184.7362000000003,
    2110.0
  ],
  "wzm": [
    18925.5084,
    -1024.4937000000023,
    0.0,
    18925.5084,
    18014.0
  ]
}