{
  "syj": [
    27427.2335,
    -19127.149800000003,
    0.0,
    27427.2335,
    49463.0
  ],
  "cl": [
    15034.1585,
    -11599.705500000004,
    0.0,
    15034.1585,
    27113.0
  ],
  "zb": [
    8850.3745,
    -7110.6255,
    0.0,
    8850.3745,
    15961.0
  ],
  "zy": [
    4630.075,
    -3719.925,
    0.0,
    4630.075,
    8350.0
  ],
  "lbc": [
    19743.527,
    -15862.473,
    0.0,
    19743.527,
    35606.0
  ],
  "lz": [
    15519.9005,
    -12469.0995,
    0.0,
    15519.9005,
    27989.0
  ],
  "house": [
    37813.573,
    -30380.427,
    0.0,
    37813.573,
    68194.0
  ],
  "lhx": [
    0.0,
    0.0,
    0.0,
    0.0,
    0.0
  ],
  "sey": [
    0.0,
    0.0,
    0.0,
    0.0,
    0.0
  ],
  "miao": [
    53.7865,
    -43.2135,
    0.0,
    53.7865,
    97.0
  ],
  "hmk": [
    1169.995,
    -940.005,
    0.0,
    1169.995,
    2110.0
  ],
  "wzm": [
    14372.0855,
    -15571.417600000004,
    0.0,
    14372.0855,
    25919.0
  ],
  "lly": [
    4389.9765,
    -5601.2775,
    0.0,
    4389.9765,
    7917.0
  ]
}