{
  "syj": [
    35500.647,
    -1653.3529999999994,
    0.0,
    35500.647,
    37154.0
  ],
  "cl": [
    15953.9835,
    -743.0164999999997,
    0.0,
    15953.9835,
    16697.0
  ],
  "zb": [
    15250.7355,
    -710.2644999999998,
    0.0,
    15250.7355,
    15961.0
  ],
  "zy": [
    7978.425,
    -371.5749999999999,
    0.0,
    7978.425,
    8350.0
  ],
  "lbc": [
    34021.533,
    -1584.4669999999994,
    0.0,
    34021.533,
    35606.0
  ],
  "lz": [
    26743.4895,
    -1245.5104999999996,
    0.0,
    26743.4895,
    27989.0
  ],
  "house": [
    65159.367,
    -3034.632999999999,
    0.0,
    65159.367,
    68194.0
  ],
  "lhx": [
    5321.1795,
    -247.82049999999992,
    0.0,
    5321.1795,
    5569.0
  ],
  "sey": [
    6440.07,
    -299.9299999999999,
    0.0,
    6440.07,
    6740.0
  ],
  "miao": [
    31363.332000000002,
    -1460.6679999999994,
    0.0,
    31363.332000000002,
    32824.0
  ],
  "hmk": [
    2016.105,
    -93.89499999999997,
    0.0,
    2016.105,
    2110.0
  ],
  "wzm": [
    24765.6045,
    -5177.898600000004,
    0.0,
    24765.6045,
    25919.0
  ],
  "lly": [
    7564.6935,
    -2426.5605,
    0.0,
    7564.6935,
    7917.0
  ]
}