{
  "syj": [
    39901.8021,
    -6652.581200000004,
    0.0,
    39901.8021,
    49463.0
  ],
  "cl": [
    21872.057099999998,
    -4761.806900000003,
    0.0,
    21872.057099999998,
    27113.0
  ],
  "zb": [
    12875.7387,
    -3085.2613000000006,
    0.0,
    12875.7387,
    15961.0
  ],
  "zy": [
    6735.945,
    -1614.0550000000003,
    0.0,
    6735.945,
    8350.0
  ],
  "lbc": [
    28723.3602,
    -6882.639800000001,
    0.0,
    28723.3602,
    35606.0
  ],
  "lz": [
    22578.7263,
    -5410.273700000001,
    0.0,
    22578.7263,
    27989.0
  ],
  "house": [
    55012.099799999996,
    -13181.900200000002,
    0.0,
    55012.099799999996,
    68194.0
  ],
  "lhx": [
    0.0,
    0.0,
    0.0,
    0.0,
    0.0
  ],
  "sey": [
    0.0,
    0.0,
    0.0,
    0.0,
    0.0
  ],
  "miao": [
    78.2499,
    -18.750100000000003,
    0.0,
    78.2499,
    97.0
  ],
  "hmk": [
    1702.137,
    -407.86300000000006,
    0.0,
    1702.137,
    2110.0
  ],
  "wzm": [
    20908.8573,
    -9034.645800000006,
    0.0,
    20908.8573,
    25919.0
  ],
  "lly": [
    6386.6439,
    -3604.6101000000003,
    0.0,
    6386.6439,
    7917.0
  ]
}