{
  "syj": [
    41024.6122,
    -5529.771100000002,
    0.0,
    41024.6122,
    49463.0
  ],
  "cl": [
    22487.5222,
    -4146.341800000002,
    0.0,
    22487.5222,
    27113.0
  ],
  "zb": [
    13238.0534,
    -2722.9465999999998,
    0.0,
    13238.0534,
    15961.0
  ],
  "zy": [
    6925.49,
    -1424.5099999999998,
    0.0,
    6925.49,
    8350.0
  ],
  "lbc": [
    29531.616400000003,
    -6074.383599999999,
    0.0,
    29531.616400000003,
    35606.0
  ],
  "lz": [
    23214.0766,
    -4774.9234,
    0.0,
    23214.0766,
    27989.0
  ],
  "house": [
    56560.1036,
    -11633.896399999998,
    0.0,
    56560.1036,
    68194.0
  ],
  "lhx": [
    0.0,
    0.0,
    0.0,
    0.0,
    0.0
  ],
  "sey": [
    0.0,
    0.0,
    0.0,
    0.0,
    0.0
  ],
  "miao": [
    80.4518,
    -16.548199999999998,
    0.0,
    80.4518,
    97.0
  ],
  "hmk": [
    1750.034,
    -359.96599999999995,
    0.0,
    1750.034,
    2110.0
  ],
  "wzm": [
    21497.2186,
    -8446.284500000003,
    0.0,
    21497.2186,
    25919.0
  ],
  "lly": [
    6566.3598,
    -3424.8941999999997,
    0.0,
    6566.3598,
    7917.0
  ]
}