{
  "syj": [
    22372.1149,
    -24182.268400000004,
    0.0,
    22372.1149,
    49463.0
  ],
  "cl": [
    12263.2099,
    -14370.654100000002,
    0.0,
    12263.2099,
    27113.0
  ],
  "zb": [
    7219.1603,
    -8741.8397,
    0.0,
    7219.1603,
    15961.0
  ],
  "zy": [
    3776.705,
    -4573.295000000001,
    0.0,
    3776.705,
    8350.0
  ],
  "lbc": [
    16104.593799999999,
    -19501.4062,
    0.0,
    16104.593799999999,
    35606.0
  ],
  "lz": [
    12659.4247,
    -15329.575300000002,
    0.0,
    12659.4247,
    27989.0
  ],
  "house": [
    30844.1462,
    -37349.853800000004,
    0.0,
    30844.1462,
    68194.0
  ],
  "lhx": [
    0.0,
    0.0,
    0.0,
    0.0,
    0.0
  ],
  "sey": [
    0.0,
    0.0,
    0.0,
    0.0,
    0.0
  ],
  "miao": [
    43.8731,
    -53.126900000000006,
    0.0,
    43.8731,
    97.0
  ],
  "hmk": [
    954.353,
    -1155.6470000000002,
    0.0,
    954.353,
    2110.0
  ],
  "wzm": [
    11723.1637,
    -18220.339400000008,
    0.0,
    11723.1637,
    25919.0
  ],
  "lly": [
    3580.8590999999997,
    -6410.3949,
    0.0,
    3580.8590999999997,
    7917.0
  ]
}