{
  "syj": [
    27259.0593,
    -19295.324,
    0.0,
    27259.0593,
    49463.0
  ],
  "cl": [
    14941.974300000002,
    -11691.889700000002,
    0.0,
    14941.974300000002,
    27113.0
  ],
  "zb": [
    8796.107100000001,
    -7164.8929,
    0.0,
    8796.107100000001,
    15961.0
  ],
  "zy": [
    4601.685,
    -3748.3149999999996,
    0.0,
    4601.685,
    8350.0
  ],
  "lbc": [
    19622.4666,
    -15983.533399999998,
    0.0,
    19622.4666,
    35606.0
  ],
  "lz": [
    15424.7379,
    -12564.2621,
    0.0,
    15424.7379,
    27989.0
  ],
  "house": [
    37581.7134,
    -30612.2866,
    0.0,
    37581.7134,
    68194.0
  ],
  "lhx": [
    0.0,
    0.0,
    0.0,
    0.0,
    0.0
  ],
  "sey": [
    0.0,
    0.0,
    0.0,
    0.0,
    0.0
  ],
  "miao": [
    53.456700000000005,
    -43.543299999999995,
    0.0,
    53.456700000000005,
    97.0
  ],
  "hmk": [
    1162.8210000000001,
    -947.179,
    0.0,
    1162.8210000000001,
    2110.0
  ],
  "wzm": [
    14283.9609,
    -15659.542200000004,
    0.0,
    14283.9609,
    25919.0
  ],
  "lly": [
    4363.0587000000005,
    -5628.195299999999,
    0.0,
    4363.0587000000005,
    7917.0
  ]
}