{
  "syj": [
    64752.0133,
    18197.629999999994,
    0.0,
    64752.0133,
    49463.0
  ],
  "cl": [
    35493.6283,
    8859.764299999995,
    2657.9292899999987,
    32835.69901,
    27113.0
  ],
  "zb": [
    20894.5451,
    4933.5450999999985,
    1480.0635299999994,
    19414.48157,
    15961.0
  ],
  "zy": [
    10930.984999999999,
    2580.984999999999,
    774.2954999999997,
    10156.689499999999,
    8350.0
  ],
  "lbc": [
    46611.8146,
    11005.814599999998,
    0.0,
    46611.8146,
    35606.0
  ],
  "lz": [
    36640.3999,
    8651.399899999999,
    0.0,
    36640.3999,
    27989.0
  ],
  "house": [
    89272.76539999999,
    21078.765399999997,
    0.0,
    89272.76539999999,
    68194.0
  ],
  "lhx": [
    0.0,
    0.0,
    0.0,
    0.0,
    0.0
  ],
  "sey": [
    0.0,
    0.0,
    0.0,
    0.0,
    0.0
  ],
  "miao": [
    126.9827,
    29.982699999999994,
    8.994809999999998,
    117.98789,
    97.0
  ],
  "hmk": [
    2762.201,
    652.2009999999999,
    195.66029999999998,
    2566.5407,
    2110.0
  ],
  "wzm": [
    33930.5629,
    3987.0597999999936,
    1196.117939999998,
    32734.44496,
    25919.0
  ],
  "lly": [
    10364.144699999999,
    372.89069999999936,
    111.8672099999998,
    10252.277489999999,
    7917.0
  ]
}