{
  "syj": [
    27654.763300000002,
    -18899.620000000003,
    0.0,
    27654.763300000002,
    49463.0
  ],
  "cl": [
    15158.8783,
    -11474.985700000001,
    0.0,
    15158.8783,
    27113.0
  ],
  "zb": [
    8923.795100000001,
    -7037.2049,
    0.0,
    8923.795100000001,
    15961.0
  ],
  "zy": [
    4668.485000000001,
    -3681.515,
    0.0,
    4668.485000000001,
    8350.0
  ],
  "lbc": [
    19907.3146,
    -15698.685399999998,
    0.0,
    19907.3146,
    35606.0
  ],
  "lz": [
    15648.6499,
    -12340.3501,
    0.0,
    15648.6499,
    27989.0
  ],
  "house": [
    38127.265400000004,
    -30066.734599999996,
    0.0,
    38127.265400000004,
    68194.0
  ],
  "lhx": [
    0.0,
    0.0,
    0.0,
    0.0,
    0.0
  ],
  "sey": [
    0.0,
    0.0,
    0.0,
    0.0,
    0.0
  ],
  "miao": [
    54.2327,
    -42.7673,
    0.0,
    54.2327,
    97.0
  ],
  "hmk": [
    1179.701,
    -930.2989999999999,
    0.0,
    1179.701,
    2110.0
  ],
  "wzm": [
    14491.3129,
    -15452.190200000003,
    0.0,
    14491.3129,
    25919.0
  ],
  "lly": [
    4426.394700000001,
    -5564.8593,
    0.0,
    4426.394700000001,
    7917.0
  ]
}