{
  "syj": [
    23138.7914,
    -23415.591900000003,
    0.0,
    23138.7914,
    49463.0
  ],
  "cl": [
    12683.4614,
    -13950.402600000003,
    0.0,
    12683.4614,
    27113.0
  ],
  "zb": [
    7466.5558,
    -8494.4442,
    0.0,
    7466.5558,
    15961.0
  ],
  "zy": [
    3906.13,
    -4443.87,
    0.0,
    3906.13,
    8350.0
  ],
  "lbc": [
    16656.4868,
    -18949.5132,
    0.0,
    16656.4868,
    35606.0
  ],
  "lz": [
    13093.2542,
    -14895.7458,
    0.0,
    13093.2542,
    27989.0
  ],
  "house": [
    31901.1532,
    -36292.8468,
    0.0,
    31901.1532,
    68194.0
  ],
  "lhx": [
    0.0,
    0.0,
    0.0,
    0.0,
    0.0
  ],
  "sey": [
    0.0,
    0.0,
    0.0,
    0.0,
    0.0
  ],
  "miao": [
    45.376599999999996,
    -51.623400000000004,
    0.0,
    45.376599999999996,
    97.0
  ],
  "hmk": [
    987.058,
    -1122.942,
    0.0,
    987.058,
    2110.0
  ],
  "wzm": [
    12124.9082,
    -17818.594900000004,
    0.0,
    12124.9082,
    25919.0
  ],
  "lly": [
    3703.5726,
    -6287.6814,
    0.0,
    3703.5726,
    7917.0
  ]
}