{
  "syj": [
    25171.7207,
    -21382.662600000003,
    0.0,
    25171.7207,
    49463.0
  ],
  "cl": [
    13797.8057,
    -12836.058300000002,
    0.0,
    13797.8057,
    27113.0
  ],
  "zb": [
    8122.552900000001,
    -7838.447099999999,
    0.0,
    8122.552900000001,
    15961.0
  ],
  "zy": [
    4249.3150000000005,
    -4100.6849999999995,
    0.0,
    4249.3150000000005,
    8350.0
  ],
  "lbc": [
    18119.8934,
    -17486.1066,
    0.0,
    18119.8934,
    35606.0
  ],
  "lz": [
    14243.6021,
    -13745.3979,
    0.0,
    14243.6021,
    27989.0
  ],
  "house": [
    34703.9266,
    -33490.0734,
    0.0,
    34703.9266,
    68194.0
  ],
  "lhx": [
    0.0,
    0.0,
    0.0,
    0.0,
    0.0
  ],
  "sey": [
    0.0,
    0.0,
    0.0,
    0.0,
    0.0
  ],
  "miao": [
    49.3633,
    -47.6367,
    0.0,
    49.3633,
    97.0
  ],
  "hmk": [
    1073.779,
    -1036.221,
    0.0,
    1073.779,
    2110.0
  ],
  "wzm": [
    13190.179100000001,
    -16753.324000000004,
    0.0,
    13190.179100000001,
    25919.0
  ],
  "lly": [
    4028.9613,
    -5962.2927,
    0.0,
    4028.9613,
    7917.0
  ]
}