{
  "syj": [
    47167.003000000004,
    10013.003000000002,
    0.0,
    47167.003000000004,
    37154.0
  ],
  "cl": [
    21196.841500000002,
    4499.841500000001,
    1349.9524500000005,
    19846.88905,
    16697.0
  ],
  "zb": [
    20262.4895,
    4301.4895000000015,
    1290.4468500000005,
    18972.04265,
    15961.0
  ],
  "zy": [
    10600.325,
    2250.3250000000007,
    675.0975000000002,
    9925.2275,
    8350.0
  ],
  "lbc": [
    45201.817,
    9595.817000000003,
    0.0,
    45201.817,
    35606.0
  ],
  "lz": [
    35532.035500000005,
    7543.035500000002,
    0.0,
    35532.035500000005,
    27989.0
  ],
  "house": [
    86572.28300000001,
    18378.283000000007,
    0.0,
    86572.28300000001,
    68194.0
  ],
  "lhx": [
    7069.8455,
    1500.8455000000004,
    450.2536500000001,
    6619.591850000001,
    5569.0
  ],
  "sey": [
    8556.43,
    1816.4300000000005,
    544.9290000000001,
    8011.501,
    6740.0
  ],
  "miao": [
    41670.068,
    8846.068000000003,
    2653.820400000001,
    39016.247599999995,
    32824.0
  ],
  "hmk": [
    2678.645,
    568.6450000000002,
    170.59350000000006,
    2508.0515,
    2110.0
  ],
  "wzm": [
    32904.1705,
    2960.6673999999975,
    888.2002199999993,
    32015.97028,
    25919.0
  ],
  "lly": [
    10050.631500000001,
    59.377500000000495,
    17.81325000000015,
    10032.818250000002,
    7917.0
  ]
}