{
  "syj": [
    [
      1625097600,
      0.0
    ],
    [
      1625184000,
      0.0
    ],
    [
      1625270400,
      0.0
    ],
    [
      1625356800,
      0.0
    ]
  ],
  "cl": [
    [
      1625097600,
      0.0
    ],
    [
      1625184000,
      0.0
    ],
    [
      1625270400,
      0.0
    ],
    [
      1625356800,
      3.005459999999669
    ]
  ],
  "zb": [
    [
      1625097600,
      0.0
    ],
    [
      1625184000,
      0.0
    ],
    [
      1625270400,
      0.0
    ],
    [
      1625356800,
      2.8729799999996835
    ]
  ],
  "zy": [
    [
      1625097600,
      0.0
    ],
    [
      1625184000,
      0.0
    ],
    [
      1625270400,
      0.0
    ],
    [
      1625356800,
      1.5029999999998345
    ]
  ],
  "lbc": [
    [
      1625097600,
      0.0
    ],
    [
      1625184000,
      0.0
    ],
    [
      1625270400,
      0.0
    ],
    [
      1625356800,
      0.0
    ]
  ],
  "lz": [
    [
      1625097600,
      0.0
    ],
    [
      1625184000,
      0.0
    ],
    [
      1625270400,
      0.0
    ],
    [
      1625356800,
      0.0
    ]
  ],
  "house": [
    [
      1625097600,
      0.0
    ],
    [
      1625184000,
      0.0
    ],
    [
      1625270400,
      0.0
    ],
    [
      1625356800,
      0.0
    ]
  ],
  "lhx": [
    [
      1625097600,
      0.0
    ],
    [
      1625184000,
      0.0
    ],
    [
      1625270400,
      0.0
    ],
    [
      1625356800,
      1.0024199999998895
    ]
  ],
  "sey": [
    [
      1625097600,
      0.0
    ],
    [
      1625184000,
      0.0
    ],
    [
      1625270400,
      0.0
    ],
    [
      1625356800,
      1.2131999999998664
    ]
  ],
  "miao": [
    [
      1625097600,
      0.0
    ],
    [
      1625184000,
      0.0
    ],
    [
      1625270400,
      0.0
    ],
    [
      1625356800,
      5.908319999999349
    ]
  ],
  "hmk": [
    [
      1625097600,
      0.0
    ],
    [
      1625184000,
      0.0
    ],
    [
      1625270400,
      0.0
    ],
    [
      1625356800,
      0.37979999999995817
    ]
  ]
}