{
  "syj": [
    27798.206000000002,
    -18756.1773,
    0.0,
    27798.206000000002,
    49463.0
  ],
  "cl": [
    15237.506000000001,
    -11396.358000000002,
    0.0,
    15237.506000000001,
    27113.0
  ],
  "zb": [
    8970.082,
    -6990.917999999999,
    0.0,
    8970.082,
    15961.0
  ],
  "zy": [
    4692.700000000001,
    -3657.2999999999997,
    0.0,
    4692.700000000001,
    8350.0
  ],
  "lbc": [
    20010.572000000004,
    -15595.427999999998,
    0.0,
    20010.572000000004,
    35606.0
  ],
  "lz": [
    15729.818000000001,
    -12259.181999999999,
    0.0,
    15729.818000000001,
    27989.0
  ],
  "house": [
    38325.028000000006,
    -29868.971999999998,
    0.0,
    38325.028000000006,
    68194.0
  ],
  "lhx": [
    0.0,
    0.0,
    0.0,
    0.0,
    0.0
  ],
  "sey": [
    0.0,
    0.0,
    0.0,
    0.0,
    0.0
  ],
  "miao": [
    54.514,
    -42.486,
    0.0,
    54.514,
    97.0
  ],
  "hmk": [
    1185.8200000000002,
    -924.1799999999998,
    0.0,
    1185.8200000000002,
    2110.0
  ],
  "wzm": [
    14566.478000000001,
    -15377.025100000003,
    0.0,
    14566.478000000001,
    25919.0
  ],
  "lly": [
    4449.354,
    -5541.9,
    0.0,
    4449.354,
    7917.0
  ]
}