{
  "syj": [
    23292.1267,
    -23262.256600000004,
    0.0,
    23292.1267,
    49463.0
  ],
  "cl": [
    12767.5117,
    -13866.352300000002,
    0.0,
    12767.5117,
    27113.0
  ],
  "zb": [
    7516.0349,
    -8444.9651,
    0.0,
    7516.0349,
    15961.0
  ],
  "zy": [
    3932.015,
    -4417.985,
    0.0,
    3932.015,
    8350.0
  ],
  "lbc": [
    16766.8654,
    -18839.1346,
    0.0,
    16766.8654,
    35606.0
  ],
  "lz": [
    13180.0201,
    -14808.9799,
    0.0,
    13180.0201,
    27989.0
  ],
  "house": [
    32112.5546,
    -36081.445400000004,
    0.0,
    32112.5546,
    68194.0
  ],
  "lhx": [
    0.0,
    0.0,
    0.0,
    0.0,
    0.0
  ],
  "sey": [
    0.0,
    0.0,
    0.0,
    0.0,
    0.0
  ],
  "miao": [
    45.677299999999995,
    -51.322700000000005,
    0.0,
    45.677299999999995,
    97.0
  ],
  "hmk": [
    993.5989999999999,
    -1116.401,
    0.0,
    993.5989999999999,
    2110.0
  ],
  "wzm": [
    12205.257099999999,
    -17738.246000000006,
    0.0,
    12205.257099999999,
    25919.0
  ],
  "lly": [
    3728.1153,
    -6263.1387,
    0.0,
    3728.1153,
    7917.0
  ]
}