{
  "syj": [
    29766.8334,
    -16787.5499,
    0.0,
    29766.8334,
    49463.0
  ],
  "cl": [
    16316.6034,
    -10317.260600000003,
    0.0,
    16316.6034,
    27113.0
  ],
  "zb": [
    9605.3298,
    -6355.6702,
    0.0,
    9605.3298,
    15961.0
  ],
  "zy": [
    5025.03,
    -3324.97,
    0.0,
    5025.03,
    8350.0
  ],
  "lbc": [
    21427.6908,
    -14178.3092,
    0.0,
    21427.6908,
    35606.0
  ],
  "lz": [
    16843.7802,
    -11145.2198,
    0.0,
    16843.7802,
    27989.0
  ],
  "house": [
    41039.1492,
    -27154.8508,
    0.0,
    41039.1492,
    68194.0
  ],
  "lhx": [
    0.0,
    0.0,
    0.0,
    0.0,
    0.0
  ],
  "sey": [
    0.0,
    0.0,
    0.0,
    0.0,
    0.0
  ],
  "miao": [
    58.3746,
    -38.6254,
    0.0,
    58.3746,
    97.0
  ],
  "hmk": [
    1269.798,
    -840.202,
    0.0,
    1269.798,
    2110.0
  ],
  "wzm": [
    15598.0542,
    -14345.448900000005,
    0.0,
    15598.0542,
    25919.0
  ],
  "lly": [
    4764.4506,
    -5226.8034,
    0.0,
    4764.4506,
    7917.0
  ]
}