{
  "syj": [
    33070.9618,
    -13483.421500000004,
    0.0,
    33070.9618,
    49463.0
  ],
  "cl": [
    18127.7518,
    -8506.112200000003,
    0.0,
    18127.7518,
    27113.0
  ],
  "zb": [
    10671.524599999999,
    -5289.4754,
    0.0,
    10671.524599999999,
    15961.0
  ],
  "zy": [
    5582.8099999999995,
    -2767.19,
    0.0,
    5582.8099999999995,
    8350.0
  ],
  "lbc": [
    23806.171599999998,
    -11799.8284,
    0.0,
    23806.171599999998,
    35606.0
  ],
  "lz": [
    18713.4454,
    -9275.554600000001,
    0.0,
    18713.4454,
    27989.0
  ],
  "house": [
    45594.5084,
    -22599.4916,
    0.0,
    45594.5084,
    68194.0
  ],
  "lhx": [
    0.0,
    0.0,
    0.0,
    0.0,
    0.0
  ],
  "sey": [
    0.0,
    0.0,
    0.0,
    0.0,
    0.0
  ],
  "miao": [
    64.85419999999999,
    -32.1458,
    0.0,
    64.85419999999999,
    97.0
  ],
  "hmk": [
    1410.7459999999999,
    -699.254,
    0.0,
    1410.7459999999999,
    2110.0
  ],
  "wzm": [
    17329.4434,
    -12614.059700000005,
    0.0,
    17329.4434,
    25919.0
  ],
  "lly": [
    5293.3062,
    -4697.9478,
    0.0,
    5293.3062,
    7917.0
  ]
}