{
  "syj": [
    29465.1091,
    -17089.274200000003,
    0.0,
    29465.1091,
    49463.0
  ],
  "cl": [
    16151.214100000001,
    -10482.649900000002,
    0.0,
    16151.214100000001,
    27113.0
  ],
  "zb": [
    9507.9677,
    -6453.0323,
    0.0,
    9507.9677,
    15961.0
  ],
  "zy": [
    4974.095,
    -3375.9049999999997,
    0.0,
    4974.095,
    8350.0
  ],
  "lbc": [
    21210.4942,
    -14395.505799999999,
    0.0,
    21210.4942,
    35606.0
  ],
  "lz": [
    16673.047300000002,
    -11315.9527,
    0.0,
    16673.047300000002,
    27989.0
  ],
  "house": [
    40623.1658,
    -27570.8342,
    0.0,
    40623.1658,
    68194.0
  ],
  "lhx": [
    0.0,
    0.0,
    0.0,
    0.0,
    0.0
  ],
  "sey": [
    0.0,
    0.0,
    0.0,
    0.0,
    0.0
  ],
  "miao": [
    57.7829,
    -39.2171,
    0.0,
    57.7829,
    97.0
  ],
  "hmk": [
    1256.927,
    -853.073,
    0.0,
    1256.927,
    2110.0
  ],
  "wzm": [
    15439.9483,
    -14503.554800000004,
    0.0,
    15439.9483,
    25919.0
  ],
  "lly": [
    4716.1569,
    -5275.0971,
    0.0,
    4716.1569,
    7917.0
  ]
}