{
  "syj": [
    43097.111899999996,
    -3457.271400000005,
    0.0,
    43097.111899999996,
    49463.0
  ],
  "cl": [
    23623.5569,
    -3010.3071000000036,
    0.0,
    23623.5569,
    27113.0
  ],
  "zb": [
    13906.8193,
    -2054.180700000001,
    0.0,
    13906.8193,
    15961.0
  ],
  "zy": [
    7275.355,
    -1074.6450000000002,
    0.0,
    7275.355,
    8350.0
  ],
  "lbc": [
    31023.5078,
    -4582.4922000000015,
    0.0,
    31023.5078,
    35606.0
  ],
  "lz": [
    24386.8157,
    -3602.184300000001,
    0.0,
    24386.8157,
    27989.0
  ],
  "house": [
    59417.432199999996,
    -8776.567800000003,
    0.0,
    59417.432199999996,
    68194.0
  ],
  "lhx": [
    0.0,
    0.0,
    0.0,
    0.0,
    0.0
  ],
  "sey": [
    0.0,
    0.0,
    0.0,
    0.0,
    0.0
  ],
  "miao": [
    84.5161,
    -12.483900000000004,
    0.0,
    84.5161,
    97.0
  ],
  "hmk": [
    1838.443,
    -271.5570000000001,
    0.0,
    1838.443,
    2110.0
  ],
  "wzm": [
    22583.2247,
    -7360.278400000006,
    0.0,
    22583.2247,
    25919.0
  ],
  "lly": [
    6898.0821,
    -3093.1719000000003,
    0.0,
    6898.0821,
    7917.0
  ]
}