{
  "syj": [
    23737.2937,
    -22817.089600000003,
    0.0,
    23737.2937,
    49463.0
  ],
  "cl": [
    13011.528699999999,
    -13622.335300000002,
    0.0,
    13011.528699999999,
    27113.0
  ],
  "zb": [
    7659.6839,
    -8301.3161,
    0.0,
    7659.6839,
    15961.0
  ],
  "zy": [
    4007.165,
    -4342.835,
    0.0,
    4007.165,
    8350.0
  ],
  "lbc": [
    17087.3194,
    -18518.6806,
    0.0,
    17087.3194,
    35606.0
  ],
  "lz": [
    13431.9211,
    -14557.0789,
    0.0,
    13431.9211,
    27989.0
  ],
  "house": [
    32726.3006,
    -35467.6994,
    0.0,
    32726.3006,
    68194.0
  ],
  "lhx": [
    0.0,
    0.0,
    0.0,
    0.0,
    0.0
  ],
  "sey": [
    0.0,
    0.0,
    0.0,
    0.0,
    0.0
  ],
  "miao": [
    46.5503,
    -50.4497,
    0.0,
    46.5503,
    97.0
  ],
  "hmk": [
    1012.5889999999999,
    -1097.411,
    0.0,
    1012.5889999999999,
    2110.0
  ],
  "wzm": [
    12438.5281,
    -17504.975000000006,
    0.0,
    12438.5281,
    25919.0
  ],
  "lly": [
    3799.3683,
    -6191.8857,
    0.0,
    3799.3683,
    7917.0
  ]
}