{
  "syj": [
    41949.5703,
    -4604.813000000005,
    0.0,
    41949.5703,
    49463.0
  ],
  "cl": [
    22994.5353,
    -3639.3287000000037,
    0.0,
    22994.5353,
    27113.0
  ],
  "zb": [
    13536.524099999999,
    -2424.4759000000004,
    0.0,
    13536.524099999999,
    15961.0
  ],
  "zy": [
    7081.634999999999,
    -1268.3650000000002,
    0.0,
    7081.634999999999,
    8350.0
  ],
  "lbc": [
    30197.4486,
    -5408.551400000001,
    0.0,
    30197.4486,
    35606.0
  ],
  "lz": [
    23737.4709,
    -4251.529100000001,
    0.0,
    23737.4709,
    27989.0
  ],
  "house": [
    57835.331399999995,
    -10358.668600000003,
    0.0,
    57835.331399999995,
    68194.0
  ],
  "lhx": [
    0.0,
    0.0,
    0.0,
    0.0,
    0.0
  ],
  "sey": [
    0.0,
    0.0,
    0.0,
    0.0,
    0.0
  ],
  "miao": [
    82.2657,
    -14.734300000000003,
    0.0,
    82.2657,
    97.0
  ],
  "hmk": [
    1789.491,
    -320.50900000000007,
    0.0,
    1789.491,
    2110.0
  ],
  "wzm": [
    21981.903899999998,
    -7961.599200000005,
    0.0,
    21981.903899999998,
    25919.0
  ],
  "lly": [
    6714.4077,
    -3276.8463,
    0.0,
    6714.4077,
    7917.0
  ]
}