{
  "syj": [
    34272.9127,
    -12281.470600000004,
    0.0,
    34272.9127,
    49463.0
  ],
  "cl": [
    18786.5977,
    -7847.266300000004,
    0.0,
    18786.5977,
    27113.0
  ],
  "zb": [
    11059.3769,
    -4901.623100000001,
    0.0,
    11059.3769,
    15961.0
  ],
  "zy": [
    5785.714999999999,
    -2564.2850000000003,
    0.0,
    5785.714999999999,
    8350.0
  ],
  "lbc": [
    24671.397399999998,
    -10934.602600000002,
    0.0,
    24671.397399999998,
    35606.0
  ],
  "lz": [
    19393.5781,
    -8595.421900000001,
    0.0,
    19393.5781,
    27989.0
  ],
  "house": [
    47251.622599999995,
    -20942.3774,
    0.0,
    47251.622599999995,
    68194.0
  ],
  "lhx": [
    0.0,
    0.0,
    0.0,
    0.0,
    0.0
  ],
  "sey": [
    0.0,
    0.0,
    0.0,
    0.0,
    0.0
  ],
  "miao": [
    67.2113,
    -29.788700000000002,
    0.0,
    67.2113,
    97.0
  ],
  "hmk": [
    1462.019,
    -647.9810000000001,
    0.0,
    1462.019,
    2110.0
  ],
  "wzm": [
    17959.2751,
    -11984.228000000005,
    0.0,
    17959.2751,
    25919.0
  ],
  "lly": [
    5485.6893,
    -4505.564700000001,
    0.0,
    5485.6893,
    7917.0
  ]
}