{
  "syj": [
    22579.859500000002,
    -23974.523800000003,
    0.0,
    22579.859500000002,
    49463.0
  ],
  "cl": [
    12377.0845,
    -14256.779500000002,
    0.0,
    12377.0845,
    27113.0
  ],
  "zb": [
    7286.1965,
    -8674.8035,
    0.0,
    7286.1965,
    15961.0
  ],
  "zy": [
    3811.775,
    -4538.224999999999,
    0.0,
    3811.775,
    8350.0
  ],
  "lbc": [
    16254.139000000001,
    -19351.861,
    0.0,
    16254.139000000001,
    35606.0
  ],
  "lz": [
    12776.978500000001,
    -15212.021499999999,
    0.0,
    12776.978500000001,
    27989.0
  ],
  "house": [
    31130.561,
    -37063.439,
    0.0,
    31130.561,
    68194.0
  ],
  "lhx": [
    0.0,
    0.0,
    0.0,
    0.0,
    0.0
  ],
  "sey": [
    0.0,
    0.0,
    0.0,
    0.0,
    0.0
  ],
  "miao": [
    44.2805,
    -52.7195,
    0.0,
    44.2805,
    97.0
  ],
  "hmk": [
    963.215,
    -1146.7849999999999,
    0.0,
    963.215,
    2110.0
  ],
  "wzm": [
    11832.023500000001,
    -18111.479600000002,
    0.0,
    11832.023500000001,
    25919.0
  ],
  "lly": [
    3614.1105000000002,
    -6377.1435,
    0.0,
    3614.1105000000002,
    7917.0
  ]
}