{
  "syj": [
    27862.5079,
    -18691.8754,
    0.0,
    27862.5079,
    49463.0
  ],
  "cl": [
    15272.752900000001,
    -11361.111100000002,
    0.0,
    15272.752900000001,
    27113.0
  ],
  "zb": [
    8990.8313,
    -6970.168699999999,
    0.0,
    8990.8313,
    15961.0
  ],
  "zy": [
    4703.555,
    -3646.4449999999997,
    0.0,
    4703.555,
    8350.0
  ],
  "lbc": [
    20056.859800000002,
    -15549.1402,
    0.0,
    20056.859800000002,
    35606.0
  ],
  "lz": [
    15766.2037,
    -12222.7963,
    0.0,
    15766.2037,
    27989.0
  ],
  "house": [
    38413.6802,
    -29780.319799999997,
    0.0,
    38413.6802,
    68194.0
  ],
  "lhx": [
    0.0,
    0.0,
    0.0,
    0.0,
    0.0
  ],
  "sey": [
    0.0,
    0.0,
    0.0,
    0.0,
    0.0
  ],
  "miao": [
    54.640100000000004,
    -42.359899999999996,
    0.0,
    54.640100000000004,
    97.0
  ],
  "hmk": [
    1188.563,
    -921.4369999999999,
    0.0,
    1188.563,
    2110.0
  ],
  "wzm": [
    14600.172700000001,
    -15343.330400000004,
    0.0,
    14600.172700000001,
    25919.0
  ],
  "lly": [
    4459.6461,
    -5531.6079,
    0.0,
    4459.6461,
    7917.0
  ]
}