{
  "syj": [
    42177.1001,
    -4377.283200000003,
    0.0,
    42177.1001,
    49463.0
  ],
  "cl": [
    23119.255100000002,
    -3514.6089000000024,
    0.0,
    23119.255100000002,
    27113.0
  ],
  "zb": [
    13609.9447,
    -2351.0553,
    0.0,
    13609.9447,
    15961.0
  ],
  "zy": [
    7120.045,
    -1229.955,
    0.0,
    7120.045,
    8350.0
  ],
  "lbc": [
    30361.2362,
    -5244.7638,
    0.0,
    30361.2362,
    35606.0
  ],
  "lz": [
    23866.2203,
    -4122.7797,
    0.0,
    23866.2203,
    27989.0
  ],
  "house": [
    58149.0238,
    -10044.9762,
    0.0,
    58149.0238,
    68194.0
  ],
  "lhx": [
    0.0,
    0.0,
    0.0,
    0.0,
    0.0
  ],
  "sey": [
    0.0,
    0.0,
    0.0,
    0.0,
    0.0
  ],
  "miao": [
    82.7119,
    -14.288099999999998,
    0.0,
    82.7119,
    97.0
  ],
  "hmk": [
    1799.1970000000001,
    -310.803,
    0.0,
    1799.1970000000001,
    2110.0
  ],
  "wzm": [
    22101.1313,
    -7842.371800000004,
    0.0,
    22101.1313,
    25919.0
  ],
  "lly": [
    6750.8259,
    -3240.4281,
    0.0,
    6750.8259,
    7917.0
  ]
}