{
  "syj": [
    22317.7056,
    -24236.677700000004,
    0.0,
    22317.7056,
    49463.0
  ],
  "cl": [
    12233.3856,
    -14400.478400000004,
    0.0,
    12233.3856,
    27113.0
  ],
  "zb": [
    7201.6032,
    -8759.396799999999,
    0.0,
    7201.6032,
    15961.0
  ],
  "zy": [
    3767.52,
    -4582.48,
    0.0,
    3767.52,
    8350.0
  ],
  "lbc": [
    16065.4272,
    -19540.572799999998,
    0.0,
    16065.4272,
    35606.0
  ],
  "lz": [
    12628.6368,
    -15360.363199999998,
    0.0,
    12628.6368,
    27989.0
  ],
  "house": [
    30769.1328,
    -37424.86719999999,
    0.0,
    30769.1328,
    68194.0
  ],
  "lhx": [
    0.0,
    0.0,
    0.0,
    0.0,
    0.0
  ],
  "sey": [
    0.0,
    0.0,
    0.0,
    0.0,
    0.0
  ],
  "miao": [
    43.7664,
    -53.233599999999996,
    0.0,
    43.7664,
    97.0
  ],
  "hmk": [
    952.0319999999999,
    -1157.9679999999998,
    0.0,
    952.0319999999999,
    2110.0
  ],
  "wzm": [
    11694.6528,
    -18248.850300000002,
    0.0,
    11694.6528,
    25919.0
  ],
  "lly": [
    3572.1504,
    -6419.1035999999995,
    0.0,
    3572.1504,
    7917.0
  ]
}