{
  "syj": [
    41534.0811,
    -5020.302200000003,
    0.0,
    41534.0811,
    49463.0
  ],
  "cl": [
    22766.7861,
    -3867.0779000000025,
    0.0,
    22766.7861,
    27113.0
  ],
  "zb": [
    13402.4517,
    -2558.5483,
    0.0,
    13402.4517,
    15961.0
  ],
  "zy": [
    7011.495,
    -1338.5049999999999,
    0.0,
    7011.495,
    8350.0
  ],
  "lbc": [
    29898.3582,
    -5707.6418,
    0.0,
    29898.3582,
    35606.0
  ],
  "lz": [
    23502.3633,
    -4486.6367,
    0.0,
    23502.3633,
    27989.0
  ],
  "house": [
    57262.5018,
    -10931.4982,
    0.0,
    57262.5018,
    68194.0
  ],
  "lhx": [
    0.0,
    0.0,
    0.0,
    0.0,
    0.0
  ],
  "sey": [
    0.0,
    0.0,
    0.0,
    0.0,
    0.0
  ],
  "miao": [
    81.4509,
    -15.5491,
    0.0,
    81.4509,
    97.0
  ],
  "hmk": [
    1771.767,
    -338.233,
    0.0,
    1771.767,
    2110.0
  ],
  "wzm": [
    21764.1843,
    -8179.318800000005,
    0.0,
    21764.1843,
    25919.0
  ],
  "lly": [
    6647.9049,
    -3343.3491,
    0.0,
    6647.9049,
    7917.0
  ]
}