{
  "syj": [
    28792.412299999996,
    -17761.971000000005,
    0.0,
    28792.412299999996,
    49463.0
  ],
  "cl": [
    15782.477299999999,
    -10851.386700000005,
    0.0,
    15782.477299999999,
    27113.0
  ],
  "zb": [
    9290.898099999999,
    -6670.101900000001,
    0.0,
    9290.898099999999,
    15961.0
  ],
  "zy": [
    4860.535,
    -3489.4650000000006,
    0.0,
    4860.535,
    8350.0
  ],
  "lbc": [
    20726.2526,
    -14879.747400000002,
    0.0,
    20726.2526,
    35606.0
  ],
  "lz": [
    16292.396899999998,
    -11696.603100000002,
    0.0,
    16292.396899999998,
    27989.0
  ],
  "house": [
    39695.727399999996,
    -28498.272600000004,
    0.0,
    39695.727399999996,
    68194.0
  ],
  "lhx": [
    0.0,
    0.0,
    0.0,
    0.0,
    0.0
  ],
  "sey": [
    0.0,
    0.0,
    0.0,
    0.0,
    0.0
  ],
  "miao": [
    56.463699999999996,
    -40.536300000000004,
    0.0,
    56.463699999999996,
    97.0
  ],
  "hmk": [
    1228.231,
    -881.7690000000001,
    0.0,
    1228.231,
    2110.0
  ],
  "wzm": [
    15087.4499,
    -14856.053200000006,
    0.0,
    15087.4499,
    25919.0
  ],
  "lly": [
    4608.485699999999,
    -5382.768300000001,
    0.0,
    4608.485699999999,
    7917.0
  ]
}