{
  "syj": [
    37398.9743,
    -9155.409000000003,
    0.0,
    37398.9743,
    49463.0
  ],
  "cl": [
    20500.1393,
    -6133.7247000000025,
    0.0,
    20500.1393,
    27113.0
  ],
  "zb": [
    12068.1121,
    -3892.8879,
    0.0,
    12068.1121,
    15961.0
  ],
  "zy": [
    6313.435,
    -2036.565,
    0.0,
    6313.435,
    8350.0
  ],
  "lbc": [
    26921.6966,
    -8684.3034,
    0.0,
    26921.6966,
    35606.0
  ],
  "lz": [
    21162.4829,
    -6826.5171,
    0.0,
    21162.4829,
    27989.0
  ],
  "house": [
    51561.4834,
    -16632.5166,
    0.0,
    51561.4834,
    68194.0
  ],
  "lhx": [
    0.0,
    0.0,
    0.0,
    0.0,
    0.0
  ],
  "sey": [
    0.0,
    0.0,
    0.0,
    0.0,
    0.0
  ],
  "miao": [
    73.3417,
    -23.6583,
    0.0,
    73.3417,
    97.0
  ],
  "hmk": [
    1595.371,
    -514.629,
    0.0,
    1595.371,
    2110.0
  ],
  "wzm": [
    19597.3559,
    -10346.147200000005,
    0.0,
    19597.3559,
    25919.0
  ],
  "lly": [
    5986.0437,
    -4005.2103,
    0.0,
    5986.0437,
    7917.0
  ]
}