{
  "syj": [
    49344.2888,
    2789.905499999999,
    0.0,
    49344.2888,
    49463.0
  ],
  "cl": [
    27047.9288,
    414.06479999999857,
    124.21943999999957,
    26923.70936,
    27113.0
  ],
  "zb": [
    15922.6936,
    -38.30639999999933,
    0.0,
    15922.6936,
    15961.0
  ],
  "zy": [
    8329.960000000001,
    -20.039999999999647,
    0.0,
    8329.960000000001,
    8350.0
  ],
  "lbc": [
    35520.545600000005,
    -85.4543999999985,
    0.0,
    35520.545600000005,
    35606.0
  ],
  "lz": [
    27921.8264,
    -67.17359999999881,
    0.0,
    27921.8264,
    27989.0
  ],
  "house": [
    68030.3344,
    -163.6655999999971,
    0.0,
    68030.3344,
    68194.0
  ],
  "lhx": [
    0.0,
    0.0,
    0.0,
    0.0,
    0.0
  ],
  "sey": [
    0.0,
    0.0,
    0.0,
    0.0,
    0.0
  ],
  "miao": [
    96.7672,
    -0.2327999999999959,
    0.0,
    96.7672,
    97.0
  ],
  "hmk": [
    2104.936,
    -5.063999999999911,
    0.0,
    2104.936,
    2110.0
  ],
  "wzm": [
    25856.794400000002,
    -4086.7087000000033,
    0.0,
    25856.794400000002,
    25919.0
  ],
  "lly": [
    7897.9992,
    -2093.2547999999997,
    0.0,
    7897.9992,
    7917.0
  ]
}