{
  "syj": [
    46970.0868,
    9816.0868,
    0.0,
    46970.0868,
    37154.0
  ],
  "cl": [
    21108.3474,
    4411.3474,
    1323.40422,
    19784.94318,
    16697.0
  ],
  "zb": [
    20177.8962,
    4216.8962,
    1265.06886,
    18912.82734,
    15961.0
  ],
  "zy": [
    10556.07,
    2206.0699999999997,
    661.8209999999999,
    9894.249,
    8350.0
  ],
  "lbc": [
    45013.1052,
    9407.1052,
    0.0,
    45013.1052,
    35606.0
  ],
  "lz": [
    35383.6938,
    7394.6938,
    0.0,
    35383.6938,
    27989.0
  ],
  "house": [
    86210.8548,
    18016.8548,
    0.0,
    86210.8548,
    68194.0
  ],
  "lhx": [
    7040.3297999999995,
    1471.3298,
    441.39894,
    6598.9308599999995,
    5569.0
  ],
  "sey": [
    8520.708,
    1780.7079999999999,
    534.2123999999999,
    7986.4956,
    6740.0
  ],
  "miao": [
    41496.1008,
    8672.1008,
    2601.63024,
    38894.47056,
    32824.0
  ],
  "hmk": [
    2667.462,
    557.462,
    167.2386,
    2500.2234,
    2110.0
  ],
  "wzm": [
    32766.7998,
    2823.2966999999953,
    846.9890099999985,
    31919.810790000003,
    25919.0
  ]
}