{
  "syj": [
    38450.6746,
    1296.6745999999973,
    0.0,
    38450.6746,
    37154.0
  ],
  "cl": [
    17279.7253,
    582.7252999999988,
    174.81758999999963,
    17104.90771,
    16697.0
  ],
  "zb": [
    16518.0389,
    557.0388999999989,
    167.11166999999966,
    16350.92723,
    15961.0
  ],
  "zy": [
    8641.414999999999,
    291.41499999999945,
    87.42449999999984,
    8553.9905,
    8350.0
  ],
  "lbc": [
    36848.649399999995,
    1242.6493999999975,
    0.0,
    36848.649399999995,
    35606.0
  ],
  "lz": [
    28965.816099999996,
    976.8160999999981,
    0.0,
    28965.816099999996,
    27989.0
  ],
  "house": [
    70573.9706,
    2379.970599999995,
    0.0,
    70573.9706,
    68194.0
  ],
  "lhx": [
    5763.3580999999995,
    194.3580999999996,
    58.30742999999988,
    5705.05067,
    5569.0
  ],
  "sey": [
    6975.226,
    235.22599999999954,
    70.56779999999986,
    6904.6582,
    6740.0
  ],
  "miao": [
    33969.5576,
    1145.5575999999978,
    343.6672799999993,
    33625.89032,
    32824.0
  ],
  "hmk": [
    2183.6389999999997,
    73.63899999999985,
    22.091699999999957,
    2161.5472999999997,
    2110.0
  ],
  "wzm": [
    18642.688599999998,
    -1307.3135000000032,
    0.0,
    18642.688599999998,
    18014.0
  ]
}