{
  "syj": [
    47919.7544,
    1365.3710999999967,
    0.0,
    47919.7544,
    49463.0
  ],
  "cl": [
    26267.0744,
    -366.78960000000274,
    0.0,
    26267.0744,
    27113.0
  ],
  "zb": [
    15463.0168,
    -497.98320000000007,
    0.0,
    15463.0168,
    15961.0
  ],
  "zy": [
    8089.48,
    -260.52000000000004,
    0.0,
    8089.48,
    8350.0
  ],
  "lbc": [
    34495.0928,
    -1110.9072,
    0.0,
    34495.0928,
    35606.0
  ],
  "lz": [
    27115.7432,
    -873.2568000000001,
    0.0,
    27115.7432,
    27989.0
  ],
  "house": [
    66066.3472,
    -2127.6528000000003,
    0.0,
    66066.3472,
    68194.0
  ],
  "lhx": [
    0.0,
    0.0,
    0.0,
    0.0,
    0.0
  ],
  "sey": [
    0.0,
    0.0,
    0.0,
    0.0,
    0.0
  ],
  "miao": [
    93.9736,
    -3.0264000000000006,
    0.0,
    93.9736,
    97.0
  ],
  "hmk": [
    2044.168,
    -65.83200000000001,
    0.0,
    2044.168,
    2110.0
  ],
  "wzm": [
    25110.3272,
    -4833.175900000005,
    0.0,
    25110.3272,
    25919.0
  ],
  "lly": [
    7669.9896,
    -2321.2644,
    0.0,
    7669.9896,
    7917.0
  ]
}