{
  "syj": [
    26645.7181,
    -19908.665200000007,
    0.0,
    26645.7181,
    49463.0
  ],
  "cl": [
    14605.773099999999,
    -12028.090900000003,
    0.0,
    14605.773099999999,
    27113.0
  ],
  "zb": [
    8598.1907,
    -7362.809300000001,
    0.0,
    8598.1907,
    15961.0
  ],
  "zy": [
    4498.1449999999995,
    -3851.8550000000005,
    0.0,
    4498.1449999999995,
    8350.0
  ],
  "lbc": [
    19180.9522,
    -16425.0478,
    0.0,
    19180.9522,
    35606.0
  ],
  "lz": [
    15077.674299999999,
    -12911.325700000001,
    0.0,
    15077.674299999999,
    27989.0
  ],
  "house": [
    36736.1078,
    -31457.892200000002,
    0.0,
    36736.1078,
    68194.0
  ],
  "lhx": [
    0.0,
    0.0,
    0.0,
    0.0,
    0.0
  ],
  "sey": [
    0.0,
    0.0,
    0.0,
    0.0,
    0.0
  ],
  "miao": [
    52.253899999999994,
    -44.746100000000006,
    0.0,
    52.253899999999994,
    97.0
  ],
  "hmk": [
    1136.657,
    -973.3430000000001,
    0.0,
    1136.657,
    2110.0
  ],
  "wzm": [
    13962.565299999998,
    -15980.937800000005,
    0.0,
    13962.565299999998,
    25919.0
  ],
  "lly": [
    4264.8879,
    -5726.3661,
    0.0,
    4264.8879,
    7917.0
  ]
}