{
  "syj": [
    46505.1126,
    -49.27070000000134,
    0.0,
    46505.1126,
    49463.0
  ],
  "cl": [
    25491.6426,
    -1142.2214000000017,
    0.0,
    25491.6426,
    27113.0
  ],
  "zb": [
    15006.532200000001,
    -954.4677999999994,
    0.0,
    15006.532200000001,
    15961.0
  ],
  "zy": [
    7850.67,
    -499.3299999999997,
    0.0,
    7850.67,
    8350.0
  ],
  "lbc": [
    33476.7612,
    -2129.2387999999987,
    0.0,
    33476.7612,
    35606.0
  ],
  "lz": [
    26315.2578,
    -1673.742199999999,
    0.0,
    26315.2578,
    27989.0
  ],
  "house": [
    64115.9988,
    -4078.0011999999974,
    0.0,
    64115.9988,
    68194.0
  ],
  "lhx": [
    0.0,
    0.0,
    0.0,
    0.0,
    0.0
  ],
  "sey": [
    0.0,
    0.0,
    0.0,
    0.0,
    0.0
  ],
  "miao": [
    91.1994,
    -5.800599999999997,
    0.0,
    91.1994,
    97.0
  ],
  "hmk": [
    1983.8220000000001,
    -126.17799999999993,
    0.0,
    1983.8220000000001,
    2110.0
  ],
  "wzm": [
    24369.0438,
    -5574.459300000003,
    0.0,
    24369.0438,
    25919.0
  ],
  "lly": [
    7443.5634,
    -2547.6906,
    0.0,
    7443.5634,
    7917.0
  ]
}