{
  "syj": [
    45594.9934,
    -959.3899000000055,
    0.0,
    45594.9934,
    49463.0
  ],
  "cl": [
    24992.7634,
    -1641.1006000000039,
    0.0,
    24992.7634,
    27113.0
  ],
  "zb": [
    14712.8498,
    -1248.1502000000007,
    0.0,
    14712.8498,
    15961.0
  ],
  "zy": [
    7697.03,
    -652.9700000000004,
    0.0,
    7697.03,
    8350.0
  ],
  "lbc": [
    32821.610799999995,
    -2784.389200000002,
    0.0,
    32821.610799999995,
    35606.0
  ],
  "lz": [
    25800.260199999997,
    -2188.739800000001,
    0.0,
    25800.260199999997,
    27989.0
  ],
  "house": [
    62861.229199999994,
    -5332.770800000003,
    0.0,
    62861.229199999994,
    68194.0
  ],
  "lhx": [
    0.0,
    0.0,
    0.0,
    0.0,
    0.0
  ],
  "sey": [
    0.0,
    0.0,
    0.0,
    0.0,
    0.0
  ],
  "miao": [
    89.4146,
    -7.585400000000004,
    0.0,
    89.4146,
    97.0
  ],
  "hmk": [
    1944.9979999999998,
    -165.0020000000001,
    0.0,
    1944.9979999999998,
    2110.0
  ],
  "wzm": [
    23892.1342,
    -6051.368900000006,
    0.0,
    23892.1342,
    25919.0
  ],
  "lly": [
    7297.8906,
    -2693.3634000000006,
    0.0,
    7297.8906,
    7917.0
  ]
}