{
  "syj": [
    46549.6293,
    -4.75400000000075,
    0.0,
    46549.6293,
    49463.0
  ],
  "cl": [
    25516.0443,
    -1117.8197000000014,
    0.0,
    25516.0443,
    27113.0
  ],
  "zb": [
    15020.8971,
    -940.1028999999993,
    0.0,
    15020.8971,
    15961.0
  ],
  "zy": [
    7858.185,
    -491.8149999999996,
    0.0,
    7858.185,
    8350.0
  ],
  "lbc": [
    33508.8066,
    -2097.1933999999983,
    0.0,
    33508.8066,
    35606.0
  ],
  "lz": [
    26340.447900000003,
    -1648.5520999999987,
    0.0,
    26340.447900000003,
    27989.0
  ],
  "house": [
    64177.373400000004,
    -4016.626599999997,
    0.0,
    64177.373400000004,
    68194.0
  ],
  "lhx": [
    0.0,
    0.0,
    0.0,
    0.0,
    0.0
  ],
  "sey": [
    0.0,
    0.0,
    0.0,
    0.0,
    0.0
  ],
  "miao": [
    91.28670000000001,
    -5.713299999999995,
    0.0,
    91.28670000000001,
    97.0
  ],
  "hmk": [
    1985.721,
    -124.2789999999999,
    0.0,
    1985.721,
    2110.0
  ],
  "wzm": [
    24392.3709,
    -5551.132200000004,
    0.0,
    24392.3709,
    25919.0
  ],
  "lly": [
    7450.688700000001,
    -2540.5652999999998,
    0.0,
    7450.688700000001,
    7917.0
  ]
}