{
  "syj": [
    27620.1392,
    -18934.244100000004,
    0.0,
    27620.1392,
    49463.0
  ],
  "cl": [
    15139.8992,
    -11493.964800000002,
    0.0,
    15139.8992,
    27113.0
  ],
  "zb": [
    8912.6224,
    -7048.3776,
    0.0,
    8912.6224,
    15961.0
  ],
  "zy": [
    4662.64,
    -3687.36,
    0.0,
    4662.64,
    8350.0
  ],
  "lbc": [
    19882.3904,
    -15723.6096,
    0.0,
    19882.3904,
    35606.0
  ],
  "lz": [
    15629.0576,
    -12359.9424,
    0.0,
    15629.0576,
    27989.0
  ],
  "house": [
    38079.5296,
    -30114.4704,
    0.0,
    38079.5296,
    68194.0
  ],
  "lhx": [
    0.0,
    0.0,
    0.0,
    0.0,
    0.0
  ],
  "sey": [
    0.0,
    0.0,
    0.0,
    0.0,
    0.0
  ],
  "miao": [
    54.1648,
    -42.8352,
    0.0,
    54.1648,
    97.0
  ],
  "hmk": [
    1178.224,
    -931.776,
    0.0,
    1178.224,
    2110.0
  ],
  "wzm": [
    14473.169600000001,
    -15470.333500000004,
    0.0,
    14473.169600000001,
    25919.0
  ],
  "lly": [
    4420.8528,
    -5570.4012,
    0.0,
    4420.8528,
    7917.0
  ]
}