{
  "syj": [
    41218.6476,
    4064.647599999998,
    0.0,
    41218.6476,
    37154.0
  ],
  "cl": [
    18523.6518,
    1826.651799999999,
    547.9955399999997,
    17975.65626,
    16697.0
  ],
  "zb": [
    17707.1334,
    1746.133399999999,
    523.8400199999996,
    17183.29338,
    15961.0
  ],
  "zy": [
    9263.49,
    913.4899999999996,
    274.04699999999985,
    8989.443,
    8350.0
  ],
  "lbc": [
    39501.2964,
    3895.296399999998,
    0.0,
    39501.2964,
    35606.0
  ],
  "lz": [
    31050.9966,
    3061.9965999999986,
    0.0,
    31050.9966,
    27989.0
  ],
  "house": [
    75654.4236,
    7460.423599999996,
    0.0,
    75654.4236,
    68194.0
  ],
  "lhx": [
    6178.2486,
    609.2485999999997,
    182.7745799999999,
    5995.47402,
    5569.0
  ],
  "sey": [
    7477.356,
    737.3559999999997,
    221.2067999999999,
    7256.1492,
    6740.0
  ],
  "miao": [
    36414.9456,
    3590.945599999998,
    1077.2836799999993,
    35337.66192,
    32824.0
  ],
  "hmk": [
    2340.834,
    230.8339999999999,
    69.25019999999996,
    2271.5838,
    2110.0
  ],
  "wzm": [
    19984.7316,
    34.729499999997074,
    10.418849999999122,
    19974.31275,
    18014.0
  ]
}