{
  "syj": [
    42585.914800000006,
    5431.914800000004,
    0.0,
    42585.914800000006,
    37154.0
  ],
  "cl": [
    19138.101400000003,
    2441.101400000002,
    732.3304200000006,
    18405.77098,
    16697.0
  ],
  "zb": [
    18294.4982,
    2333.498200000002,
    700.0494600000005,
    17594.44874,
    15961.0
  ],
  "zy": [
    9570.77,
    1220.770000000001,
    366.2310000000003,
    9204.539,
    8350.0
  ],
  "lbc": [
    40811.597200000004,
    5205.597200000004,
    0.0,
    40811.597200000004,
    35606.0
  ],
  "lz": [
    32080.991800000003,
    4091.991800000003,
    0.0,
    32080.991800000003,
    27989.0
  ],
  "house": [
    78163.96280000001,
    9969.962800000007,
    0.0,
    78163.96280000001,
    68194.0
  ],
  "lhx": [
    6383.187800000001,
    814.1878000000006,
    244.25634000000016,
    6138.931460000001,
    5569.0
  ],
  "sey": [
    7725.388000000001,
    985.3880000000007,
    295.6164000000002,
    7429.771600000001,
    6740.0
  ],
  "miao": [
    37622.868800000004,
    4798.868800000004,
    1439.6606400000012,
    36183.20816,
    32824.0
  ],
  "hmk": [
    2418.4820000000004,
    308.48200000000026,
    92.54460000000007,
    2325.9374000000003,
    2110.0
  ],
  "wzm": [
    29708.3578,
    -235.14530000000164,
    0.0,
    29708.3578,
    25919.0
  ],
  "lly": [
    9074.465400000001,
    -916.7885999999992,
    0.0,
    9074.465400000001,
    7917.0
  ]
}