{
  "syj": [
    44581.0019,
    -1973.3814000000036,
    0.0,
    44581.0019,
    49463.0
  ],
  "cl": [
    24436.9469,
    -2196.917100000003,
    0.0,
    24436.9469,
    27113.0
  ],
  "zb": [
    14385.6493,
    -1575.3507000000002,
    0.0,
    14385.6493,
    15961.0
  ],
  "zy": [
    7525.855,
    -824.1450000000001,
    0.0,
    7525.855,
    8350.0
  ],
  "lbc": [
    32091.6878,
    -3514.3122000000003,
    0.0,
    32091.6878,
    35606.0
  ],
  "lz": [
    25226.4857,
    -2762.5143000000003,
    0.0,
    25226.4857,
    27989.0
  ],
  "house": [
    61463.2522,
    -6730.747800000001,
    0.0,
    61463.2522,
    68194.0
  ],
  "lhx": [
    0.0,
    0.0,
    0.0,
    0.0,
    0.0
  ],
  "sey": [
    0.0,
    0.0,
    0.0,
    0.0,
    0.0
  ],
  "miao": [
    87.4261,
    -9.573900000000002,
    0.0,
    87.4261,
    97.0
  ],
  "hmk": [
    1901.743,
    -208.25700000000003,
    0.0,
    1901.743,
    2110.0
  ],
  "wzm": [
    23360.7947,
    -6582.708400000005,
    0.0,
    23360.7947,
    25919.0
  ],
  "lly": [
    7135.5921,
    -2855.6619,
    0.0,
    7135.5921,
    7917.0
  ]
}