{
  "syj": [
    38823.5087,
    -7730.874600000001,
    0.0,
    38823.5087,
    49463.0
  ],
  "cl": [
    21280.993700000003,
    -5352.870300000001,
    0.0,
    21280.993700000003,
    27113.0
  ],
  "zb": [
    12527.788900000001,
    -3433.2110999999995,
    0.0,
    12527.788900000001,
    15961.0
  ],
  "zy": [
    6553.915,
    -1796.0849999999996,
    0.0,
    6553.915,
    8350.0
  ],
  "lbc": [
    27947.149400000002,
    -7658.850599999999,
    0.0,
    27947.149400000002,
    35606.0
  ],
  "lz": [
    21968.5661,
    -6020.433899999999,
    0.0,
    21968.5661,
    27989.0
  ],
  "house": [
    53525.4706,
    -14668.529399999998,
    0.0,
    53525.4706,
    68194.0
  ],
  "lhx": [
    0.0,
    0.0,
    0.0,
    0.0,
    0.0
  ],
  "sey": [
    0.0,
    0.0,
    0.0,
    0.0,
    0.0
  ],
  "miao": [
    76.1353,
    -20.864699999999996,
    0.0,
    76.1353,
    97.0
  ],
  "hmk": [
    1656.1390000000001,
    -453.86099999999993,
    0.0,
    1656.1390000000001,
    2110.0
  ],
  "wzm": [
    20343.8231,
    -9599.680000000004,
    0.0,
    20343.8231,
    25919.0
  ],
  "lly": [
    6214.0533000000005,
    -3777.2007,
    0.0,
    6214.0533000000005,
    7917.0
  ]
}