{
  "syj": [
    39644.5945,
    -6909.788800000004,
    0.0,
    39644.5945,
    49463.0
  ],
  "cl": [
    21731.0695,
    -4902.794500000003,
    0.0,
    21731.0695,
    27113.0
  ],
  "zb": [
    12792.7415,
    -3168.2585000000004,
    0.0,
    12792.7415,
    15961.0
  ],
  "zy": [
    6692.525,
    -1657.4750000000001,
    0.0,
    6692.525,
    8350.0
  ],
  "lbc": [
    28538.209,
    -7067.791,
    0.0,
    28538.209,
    35606.0
  ],
  "lz": [
    22433.1835,
    -5555.8165,
    0.0,
    22433.1835,
    27989.0
  ],
  "house": [
    54657.491,
    -13536.509,
    0.0,
    54657.491,
    68194.0
  ],
  "lhx": [
    0.0,
    0.0,
    0.0,
    0.0,
    0.0
  ],
  "sey": [
    0.0,
    0.0,
    0.0,
    0.0,
    0.0
  ],
  "miao": [
    77.74549999999999,
    -19.2545,
    0.0,
    77.74549999999999,
    97.0
  ],
  "hmk": [
    1691.165,
    -418.83500000000004,
    0.0,
    1691.165,
    2110.0
  ],
  "wzm": [
    20774.0785,
    -9169.424600000004,
    0.0,
    20774.0785,
    25919.0
  ],
  "lly": [
    6345.4755,
    -3645.7785000000003,
    0.0,
    6345.4755,
    7917.0
  ]
}