{
  "syj": [
    42567.3378,
    5413.3377999999975,
    0.0,
    42567.3378,
    37154.0
  ],
  "cl": [
    19129.7529,
    2432.752899999999,
    729.8258699999997,
    18399.92703,
    16697.0
  ],
  "zb": [
    18286.5177,
    2325.517699999999,
    697.6553099999996,
    17588.862390000002,
    15961.0
  ],
  "zy": [
    9566.595,
    1216.5949999999996,
    364.9784999999999,
    9201.6165,
    8350.0
  ],
  "lbc": [
    40793.7942,
    5187.7941999999975,
    0.0,
    40793.7942,
    35606.0
  ],
  "lz": [
    32066.9973,
    4077.997299999998,
    0.0,
    32066.9973,
    27989.0
  ],
  "house": [
    78129.8658,
    9935.865799999996,
    0.0,
    78129.8658,
    68194.0
  ],
  "lhx": [
    6380.4033,
    811.4032999999997,
    243.4209899999999,
    6136.98231,
    5569.0
  ],
  "sey": [
    7722.018,
    982.0179999999996,
    294.60539999999986,
    7427.412600000001,
    6740.0
  ],
  "miao": [
    37606.4568,
    4782.456799999998,
    1434.7370399999993,
    36171.71976,
    32824.0
  ],
  "hmk": [
    2417.4269999999997,
    307.42699999999985,
    92.22809999999996,
    2325.1989,
    2110.0
  ],
  "wzm": [
    29695.398299999997,
    -248.10480000000598,
    0.0,
    29695.398299999997,
    25919.0
  ],
  "lly": [
    9070.5069,
    -920.7471000000005,
    0.0,
    9070.5069,
    7917.0
  ]
}