{
  "syj": [
    42666.783800000005,
    -3887.5995000000016,
    0.0,
    42666.783800000005,
    49463.0
  ],
  "cl": [
    23387.6738,
    -3246.190200000002,
    0.0,
    23387.6738,
    27113.0
  ],
  "zb": [
    13767.9586,
    -2193.0413999999996,
    0.0,
    13767.9586,
    15961.0
  ],
  "zy": [
    7202.71,
    -1147.2899999999997,
    0.0,
    7202.71,
    8350.0
  ],
  "lbc": [
    30713.7356,
    -4892.264399999999,
    0.0,
    30713.7356,
    35606.0
  ],
  "lz": [
    24143.311400000002,
    -3845.688599999999,
    0.0,
    24143.311400000002,
    27989.0
  ],
  "house": [
    58824.144400000005,
    -9369.855599999997,
    0.0,
    58824.144400000005,
    68194.0
  ],
  "lhx": [
    0.0,
    0.0,
    0.0,
    0.0,
    0.0
  ],
  "sey": [
    0.0,
    0.0,
    0.0,
    0.0,
    0.0
  ],
  "miao": [
    83.6722,
    -13.327799999999996,
    0.0,
    83.6722,
    97.0
  ],
  "hmk": [
    1820.086,
    -289.91399999999993,
    0.0,
    1820.086,
    2110.0
  ],
  "wzm": [
    22357.7294,
    -7585.773700000003,
    0.0,
    22357.7294,
    25919.0
  ],
  "lly": [
    6829.2042,
    -3162.0498,
    0.0,
    6829.2042,
    7917.0
  ]
}