{
  "syj": [
    28500.8334,
    -8653.1666,
    0.0,
    28500.8334,
    37154.0
  ],
  "cl": [
    20798.3823,
    -5835.481700000002,
    0.0,
    20798.3823,
    27113.0
  ],
  "zb": [
    12243.6831,
    -3717.3169,
    0.0,
    12243.6831,
    15961.0
  ],
  "zy": [
    6405.285,
    -1944.715,
    0.0,
    6405.285,
    8350.0
  ],
  "lbc": [
    27313.3626,
    -8292.6374,
    0.0,
    27313.3626,
    35606.0
  ],
  "lz": [
    21470.3619,
    -6518.6381,
    0.0,
    21470.3619,
    27989.0
  ],
  "house": [
    52311.6174,
    -15882.382599999999,
    0.0,
    52311.6174,
    68194.0
  ],
  "lhx": [
    4271.9799,
    -1297.0201,
    0.0,
    4271.9799,
    5569.0
  ],
  "sey": [
    5170.254,
    -1569.7459999999999,
    0.0,
    5170.254,
    6740.0
  ],
  "miao": [
    74.4087,
    -22.5913,
    0.0,
    74.4087,
    97.0
  ],
  "hmk": [
    1618.581,
    -491.419,
    0.0,
    1618.581,
    2110.0
  ],
  "wzm": [
    19882.4649,
    -10061.038200000005,
    0.0,
    19882.4649,
    25919.0
  ],
  "lly": [
    6073.1307,
    -3918.1233,
    0.0,
    6073.1307,
    7917.0
  ]
}