{
  "syj": [
    59212.157300000006,
    12657.774,
    0.0,
    59212.157300000006,
    49463.0
  ],
  "cl": [
    32456.9723,
    5823.108299999999,
    1746.9324899999997,
    30710.039810000002,
    27113.0
  ],
  "zb": [
    19106.9131,
    3145.9131000000007,
    943.7739300000002,
    18163.139170000002,
    15961.0
  ],
  "zy": [
    9995.785,
    1645.7850000000005,
    493.7355000000001,
    9502.0495,
    8350.0
  ],
  "lbc": [
    42623.9426,
    7017.942600000002,
    0.0,
    42623.9426,
    35606.0
  ],
  "lz": [
    33505.6319,
    5516.631900000001,
    0.0,
    33505.6319,
    27989.0
  ],
  "house": [
    81635.0374,
    13441.037400000003,
    0.0,
    81635.0374,
    68194.0
  ],
  "lhx": [
    0.0,
    0.0,
    0.0,
    0.0,
    0.0
  ],
  "sey": [
    0.0,
    0.0,
    0.0,
    0.0,
    0.0
  ],
  "miao": [
    116.1187,
    19.118700000000004,
    5.735610000000001,
    110.38309000000001,
    97.0
  ],
  "hmk": [
    2525.8810000000003,
    415.8810000000001,
    124.76430000000002,
    2401.1167000000005,
    2110.0
  ],
  "wzm": [
    31027.6349,
    1084.131799999997,
    325.23953999999907,
    30702.395360000002,
    25919.0
  ],
  "lly": [
    9477.440700000001,
    -513.8132999999997,
    0.0,
    9477.440700000001,
    7917.0
  ]
}