{
  "syj": [
    23727.4011,
    -22826.982200000002,
    0.0,
    23727.4011,
    49463.0
  ],
  "cl": [
    13006.1061,
    -13627.757900000002,
    0.0,
    13006.1061,
    27113.0
  ],
  "zb": [
    7656.4917000000005,
    -8304.5083,
    0.0,
    7656.4917000000005,
    15961.0
  ],
  "zy": [
    4005.4950000000003,
    -4344.505,
    0.0,
    4005.4950000000003,
    8350.0
  ],
  "lbc": [
    17080.1982,
    -18525.8018,
    0.0,
    17080.1982,
    35606.0
  ],
  "lz": [
    13426.3233,
    -14562.6767,
    0.0,
    13426.3233,
    27989.0
  ],
  "house": [
    32712.6618,
    -35481.3382,
    0.0,
    32712.6618,
    68194.0
  ],
  "lhx": [
    0.0,
    0.0,
    0.0,
    0.0,
    0.0
  ],
  "sey": [
    0.0,
    0.0,
    0.0,
    0.0,
    0.0
  ],
  "miao": [
    46.5309,
    -50.4691,
    0.0,
    46.5309,
    97.0
  ],
  "hmk": [
    1012.167,
    -1097.8329999999999,
    0.0,
    1012.167,
    2110.0
  ],
  "wzm": [
    12433.3443,
    -17510.158800000005,
    0.0,
    12433.3443,
    25919.0
  ],
  "lly": [
    3797.7849,
    -6193.4691,
    0.0,
    3797.7849,
    7917.0
  ]
}