{
  "syj": [
    39773.198300000004,
    -6781.185000000001,
    0.0,
    39773.198300000004,
    49463.0
  ],
  "cl": [
    21801.5633,
    -4832.300700000002,
    0.0,
    21801.5633,
    27113.0
  ],
  "zb": [
    12834.2401,
    -3126.7598999999996,
    0.0,
    12834.2401,
    15961.0
  ],
  "zy": [
    6714.235000000001,
    -1635.7649999999996,
    0.0,
    6714.235000000001,
    8350.0
  ],
  "lbc": [
    28630.784600000003,
    -6975.215399999999,
    0.0,
    28630.784600000003,
    35606.0
  ],
  "lz": [
    22505.9549,
    -5483.045099999999,
    0.0,
    22505.9549,
    27989.0
  ],
  "house": [
    54834.7954,
    -13359.204599999997,
    0.0,
    54834.7954,
    68194.0
  ],
  "lhx": [
    0.0,
    0.0,
    0.0,
    0.0,
    0.0
  ],
  "sey": [
    0.0,
    0.0,
    0.0,
    0.0,
    0.0
  ],
  "miao": [
    77.99770000000001,
    -19.002299999999998,
    0.0,
    77.99770000000001,
    97.0
  ],
  "hmk": [
    1696.651,
    -413.34899999999993,
    0.0,
    1696.651,
    2110.0
  ],
  "wzm": [
    20841.4679,
    -9102.035200000004,
    0.0,
    20841.4679,
    25919.0
  ],
  "lly": [
    6366.059700000001,
    -3625.1942999999997,
    0.0,
    6366.059700000001,
    7917.0
  ]
}