{
  "syj": [
    25161.828100000002,
    -21392.555200000003,
    0.0,
    25161.828100000002,
    49463.0
  ],
  "cl": [
    13792.383100000001,
    -12841.480900000002,
    0.0,
    13792.383100000001,
    27113.0
  ],
  "zb": [
    8119.360700000001,
    -7841.639299999999,
    0.0,
    8119.360700000001,
    15961.0
  ],
  "zy": [
    4247.645,
    -4102.355,
    0.0,
    4247.645,
    8350.0
  ],
  "lbc": [
    18112.772200000003,
    -17493.227799999997,
    0.0,
    18112.772200000003,
    35606.0
  ],
  "lz": [
    14238.0043,
    -13750.9957,
    0.0,
    14238.0043,
    27989.0
  ],
  "house": [
    34690.287800000006,
    -33503.712199999994,
    0.0,
    34690.287800000006,
    68194.0
  ],
  "lhx": [
    0.0,
    0.0,
    0.0,
    0.0,
    0.0
  ],
  "sey": [
    0.0,
    0.0,
    0.0,
    0.0,
    0.0
  ],
  "miao": [
    49.343900000000005,
    -47.656099999999995,
    0.0,
    49.343900000000005,
    97.0
  ],
  "hmk": [
    1073.3570000000002,
    -1036.6429999999998,
    0.0,
    1073.3570000000002,
    2110.0
  ],
  "wzm": [
    13184.9953,
    -16758.507800000003,
    0.0,
    13184.9953,
    25919.0
  ],
  "lly": [
    4027.3779000000004,
    -5963.8760999999995,
    0.0,
    4027.3779000000004,
    7917.0
  ]
}