{
  "syj": [
    41514.295900000005,
    -5040.087400000001,
    0.0,
    41514.295900000005,
    49463.0
  ],
  "cl": [
    22755.9409,
    -3877.9231000000013,
    0.0,
    22755.9409,
    27113.0
  ],
  "zb": [
    13396.0673,
    -2564.9326999999994,
    0.0,
    13396.0673,
    15961.0
  ],
  "zy": [
    7008.155000000001,
    -1341.8449999999996,
    0.0,
    7008.155000000001,
    8350.0
  ],
  "lbc": [
    29884.115800000003,
    -5721.884199999999,
    0.0,
    29884.115800000003,
    35606.0
  ],
  "lz": [
    23491.1677,
    -4497.832299999999,
    0.0,
    23491.1677,
    27989.0
  ],
  "house": [
    57235.224200000004,
    -10958.775799999998,
    0.0,
    57235.224200000004,
    68194.0
  ],
  "lhx": [
    0.0,
    0.0,
    0.0,
    0.0,
    0.0
  ],
  "sey": [
    0.0,
    0.0,
    0.0,
    0.0,
    0.0
  ],
  "miao": [
    81.41210000000001,
    -15.587899999999996,
    0.0,
    81.41210000000001,
    97.0
  ],
  "hmk": [
    1770.923,
    -339.0769999999999,
    0.0,
    1770.923,
    2110.0
  ],
  "wzm": [
    21753.8167,
    -8189.686400000003,
    0.0,
    21753.8167,
    25919.0
  ],
  "lly": [
    6644.7381000000005,
    -3346.5159,
    0.0,
    6644.7381000000005,
    7917.0
  ]
}