{
  "syj": [
    26799.053399999997,
    -19755.329900000004,
    0.0,
    26799.053399999997,
    49463.0
  ],
  "cl": [
    14689.8234,
    -11944.040600000004,
    0.0,
    14689.8234,
    27113.0
  ],
  "zb": [
    8647.6698,
    -7313.330200000001,
    0.0,
    8647.6698,
    15961.0
  ],
  "zy": [
    4524.03,
    -3825.9700000000003,
    0.0,
    4524.03,
    8350.0
  ],
  "lbc": [
    19291.3308,
    -16314.669200000002,
    0.0,
    19291.3308,
    35606.0
  ],
  "lz": [
    15164.4402,
    -12824.5598,
    0.0,
    15164.4402,
    27989.0
  ],
  "house": [
    36947.50919999999,
    -31246.490800000003,
    0.0,
    36947.50919999999,
    68194.0
  ],
  "lhx": [
    0.0,
    0.0,
    0.0,
    0.0,
    0.0
  ],
  "sey": [
    0.0,
    0.0,
    0.0,
    0.0,
    0.0
  ],
  "miao": [
    52.55459999999999,
    -44.44540000000001,
    0.0,
    52.55459999999999,
    97.0
  ],
  "hmk": [
    1143.1979999999999,
    -966.8020000000001,
    0.0,
    1143.1979999999999,
    2110.0
  ],
  "wzm": [
    14042.9142,
    -15900.588900000006,
    0.0,
    14042.9142,
    25919.0
  ],
  "lly": [
    4289.4306,
    -5701.8234,
    0.0,
    4289.4306,
    7917.0
  ]
}