{
  "syj": [
    23222.8785,
    -23331.504800000006,
    0.0,
    23222.8785,
    49463.0
  ],
  "cl": [
    12729.5535,
    -13904.310500000005,
    0.0,
    12729.5535,
    27113.0
  ],
  "zb": [
    7493.6894999999995,
    -8467.3105,
    0.0,
    7493.6894999999995,
    15961.0
  ],
  "zy": [
    3920.325,
    -4429.675,
    0.0,
    3920.325,
    8350.0
  ],
  "lbc": [
    16717.017,
    -18888.983,
    0.0,
    16717.017,
    35606.0
  ],
  "lz": [
    13140.8355,
    -14848.164499999999,
    0.0,
    13140.8355,
    27989.0
  ],
  "house": [
    32017.083,
    -36176.917,
    0.0,
    32017.083,
    68194.0
  ],
  "lhx": [
    0.0,
    0.0,
    0.0,
    0.0,
    0.0
  ],
  "sey": [
    0.0,
    0.0,
    0.0,
    0.0,
    0.0
  ],
  "miao": [
    45.5415,
    -51.4585,
    0.0,
    45.5415,
    97.0
  ],
  "hmk": [
    990.645,
    -1119.355,
    0.0,
    990.645,
    2110.0
  ],
  "wzm": [
    12168.9705,
    -17774.532600000002,
    0.0,
    12168.9705,
    25919.0
  ],
  "lly": [
    3717.0314999999996,
    -6274.2225,
    0.0,
    3717.0314999999996,
    7917.0
  ]
}