{
  "syj": [
    40742.6731,
    -5811.710200000004,
    0.0,
    40742.6731,
    49463.0
  ],
  "cl": [
    22332.9781,
    -4300.885900000003,
    0.0,
    22332.9781,
    27113.0
  ],
  "zb": [
    13147.0757,
    -2813.9243,
    0.0,
    13147.0757,
    15961.0
  ],
  "zy": [
    6877.8949999999995,
    -1472.105,
    0.0,
    6877.8949999999995,
    8350.0
  ],
  "lbc": [
    29328.6622,
    -6277.3378,
    0.0,
    29328.6622,
    35606.0
  ],
  "lz": [
    23054.5393,
    -4934.4607000000005,
    0.0,
    23054.5393,
    27989.0
  ],
  "house": [
    56171.3978,
    -12022.602200000001,
    0.0,
    56171.3978,
    68194.0
  ],
  "lhx": [
    0.0,
    0.0,
    0.0,
    0.0,
    0.0
  ],
  "sey": [
    0.0,
    0.0,
    0.0,
    0.0,
    0.0
  ],
  "miao": [
    79.8989,
    -17.101100000000002,
    0.0,
    79.8989,
    97.0
  ],
  "hmk": [
    1738.007,
    -371.99300000000005,
    0.0,
    1738.007,
    2110.0
  ],
  "wzm": [
    21349.4803,
    -8594.022800000004,
    0.0,
    21349.4803,
    25919.0
  ],
  "lly": [
    6521.2329,
    -3470.0211000000004,
    0.0,
    6521.2329,
    7917.0
  ]
}