{
  "syj": [
    26700.127399999998,
    -19854.255900000007,
    0.0,
    26700.127399999998,
    49463.0
  ],
  "cl": [
    14635.597399999999,
    -11998.266600000004,
    0.0,
    14635.597399999999,
    27113.0
  ],
  "zb": [
    8615.7478,
    -7345.252200000001,
    0.0,
    8615.7478,
    15961.0
  ],
  "zy": [
    4507.33,
    -3842.6700000000005,
    0.0,
    4507.33,
    8350.0
  ],
  "lbc": [
    19220.118799999997,
    -16385.881200000003,
    0.0,
    19220.118799999997,
    35606.0
  ],
  "lz": [
    15108.462199999998,
    -12880.537800000002,
    0.0,
    15108.462199999998,
    27989.0
  ],
  "house": [
    36811.121199999994,
    -31382.878800000002,
    0.0,
    36811.121199999994,
    68194.0
  ],
  "lhx": [
    0.0,
    0.0,
    0.0,
    0.0,
    0.0
  ],
  "sey": [
    0.0,
    0.0,
    0.0,
    0.0,
    0.0
  ],
  "miao": [
    52.3606,
    -44.6394,
    0.0,
    52.3606,
    97.0
  ],
  "hmk": [
    1138.9779999999998,
    -971.0220000000002,
    0.0,
    1138.9779999999998,
    2110.0
  ],
  "wzm": [
    13991.0762,
    -15952.426900000006,
    0.0,
    13991.0762,
    25919.0
  ],
  "lly": [
    4273.5966,
    -5717.657400000001,
    0.0,
    4273.5966,
    7917.0
  ]
}