{
  "syj": [
    29756.9408,
    -16797.4425,
    0.0,
    29756.9408,
    49463.0
  ],
  "cl": [
    16311.1808,
    -10322.683200000001,
    0.0,
    16311.1808,
    27113.0
  ],
  "zb": [
    9602.1376,
    -6358.8624,
    0.0,
    9602.1376,
    15961.0
  ],
  "zy": [
    5023.360000000001,
    -3326.64,
    0.0,
    5023.360000000001,
    8350.0
  ],
  "lbc": [
    21420.569600000003,
    -14185.4304,
    0.0,
    21420.569600000003,
    35606.0
  ],
  "lz": [
    16838.1824,
    -11150.817599999998,
    0.0,
    16838.1824,
    27989.0
  ],
  "house": [
    41025.5104,
    -27168.489599999997,
    0.0,
    41025.5104,
    68194.0
  ],
  "lhx": [
    0.0,
    0.0,
    0.0,
    0.0,
    0.0
  ],
  "sey": [
    0.0,
    0.0,
    0.0,
    0.0,
    0.0
  ],
  "miao": [
    58.3552,
    -38.6448,
    0.0,
    58.3552,
    97.0
  ],
  "hmk": [
    1269.376,
    -840.6239999999999,
    0.0,
    1269.376,
    2110.0
  ],
  "wzm": [
    15592.8704,
    -14350.632700000004,
    0.0,
    15592.8704,
    25919.0
  ],
  "lly": [
    4762.867200000001,
    -5228.3868,
    0.0,
    4762.867200000001,
    7917.0
  ]
}