{
  "syj": [
    40747.619399999996,
    -5806.7639000000045,
    0.0,
    40747.619399999996,
    49463.0
  ],
  "cl": [
    22335.6894,
    -4298.174600000003,
    0.0,
    22335.6894,
    27113.0
  ],
  "zb": [
    13148.6718,
    -2812.3282000000004,
    0.0,
    13148.6718,
    15961.0
  ],
  "zy": [
    6878.73,
    -1471.2700000000002,
    0.0,
    6878.73,
    8350.0
  ],
  "lbc": [
    29332.2228,
    -6273.7772,
    0.0,
    29332.2228,
    35606.0
  ],
  "lz": [
    23057.3382,
    -4931.661800000001,
    0.0,
    23057.3382,
    27989.0
  ],
  "house": [
    56178.2172,
    -12015.7828,
    0.0,
    56178.2172,
    68194.0
  ],
  "lhx": [
    0.0,
    0.0,
    0.0,
    0.0,
    0.0
  ],
  "sey": [
    0.0,
    0.0,
    0.0,
    0.0,
    0.0
  ],
  "miao": [
    79.90859999999999,
    -17.091400000000004,
    0.0,
    79.90859999999999,
    97.0
  ],
  "hmk": [
    1738.2179999999998,
    -371.78200000000004,
    0.0,
    1738.2179999999998,
    2110.0
  ],
  "wzm": [
    21352.0722,
    -8591.430900000005,
    0.0,
    21352.0722,
    25919.0
  ],
  "lly": [
    6522.0246,
    -3469.2294,
    0.0,
    6522.0246,
    7917.0
  ]
}