{
  "syj": [
    40509.0062,
    3355.0062000000016,
    0.0,
    40509.0062,
    37154.0
  ],
  "cl": [
    18204.739100000003,
    1507.7391000000007,
    452.3217300000002,
    17752.417370000003,
    16697.0
  ],
  "zb": [
    17402.2783,
    1441.2783000000009,
    432.3834900000002,
    16969.89481,
    15961.0
  ],
  "zy": [
    9104.005000000001,
    754.0050000000003,
    226.2015000000001,
    8877.803500000002,
    8350.0
  ],
  "lbc": [
    38821.2218,
    3215.2218000000016,
    0.0,
    38821.2218,
    35606.0
  ],
  "lz": [
    30516.4067,
    2527.4067000000014,
    0.0,
    30516.4067,
    27989.0
  ],
  "house": [
    74351.9182,
    6157.918200000003,
    0.0,
    74351.9182,
    68194.0
  ],
  "lhx": [
    6071.880700000001,
    502.8807000000003,
    150.86421000000007,
    5921.016490000001,
    5569.0
  ],
  "sey": [
    7348.622,
    608.6220000000003,
    182.5866000000001,
    7166.035400000001,
    6740.0
  ],
  "miao": [
    35788.0072,
    2964.0072000000014,
    889.2021600000004,
    34898.80504,
    32824.0
  ],
  "hmk": [
    2300.533,
    190.5330000000001,
    57.15990000000003,
    2243.3731,
    2110.0
  ],
  "wzm": [
    28259.4857,
    -1684.0174000000031,
    0.0,
    28259.4857,
    25919.0
  ],
  "lly": [
    8631.9051,
    -1359.3488999999997,
    0.0,
    8631.9051,
    7917.0
  ]
}