{
  "syj": [
    46084.6771,
    -469.70620000000446,
    0.0,
    46084.6771,
    49463.0
  ],
  "cl": [
    25261.182099999998,
    -1372.6819000000032,
    0.0,
    25261.182099999998,
    27113.0
  ],
  "zb": [
    14870.8637,
    -1090.1363000000003,
    0.0,
    14870.8637,
    15961.0
  ],
  "zy": [
    7779.695,
    -570.3050000000002,
    0.0,
    7779.695,
    8350.0
  ],
  "lbc": [
    33174.110199999996,
    -2431.889800000001,
    0.0,
    33174.110199999996,
    35606.0
  ],
  "lz": [
    26077.3513,
    -1911.6487000000009,
    0.0,
    26077.3513,
    27989.0
  ],
  "house": [
    63536.349799999996,
    -4657.650200000002,
    0.0,
    63536.349799999996,
    68194.0
  ],
  "lhx": [
    0.0,
    0.0,
    0.0,
    0.0,
    0.0
  ],
  "sey": [
    0.0,
    0.0,
    0.0,
    0.0,
    0.0
  ],
  "miao": [
    90.3749,
    -6.625100000000002,
    0.0,
    90.3749,
    97.0
  ],
  "hmk": [
    1965.887,
    -144.11300000000006,
    0.0,
    1965.887,
    2110.0
  ],
  "wzm": [
    24148.7323,
    -5794.770800000005,
    0.0,
    24148.7323,
    25919.0
  ],
  "lly": [
    7376.2689,
    -2614.9851000000003,
    0.0,
    7376.2689,
    7917.0
  ]
}