{
  "syj": [
    22184.1555,
    -24370.227800000004,
    0.0,
    22184.1555,
    49463.0
  ],
  "cl": [
    12160.1805,
    -14473.683500000003,
    0.0,
    12160.1805,
    27113.0
  ],
  "zb": [
    7158.5085,
    -8802.4915,
    0.0,
    7158.5085,
    15961.0
  ],
  "zy": [
    3744.975,
    -4605.025,
    0.0,
    3744.975,
    8350.0
  ],
  "lbc": [
    15969.291000000001,
    -19636.709,
    0.0,
    15969.291000000001,
    35606.0
  ],
  "lz": [
    12553.0665,
    -15435.9335,
    0.0,
    12553.0665,
    27989.0
  ],
  "house": [
    30585.009000000002,
    -37608.991,
    0.0,
    30585.009000000002,
    68194.0
  ],
  "lhx": [
    0.0,
    0.0,
    0.0,
    0.0,
    0.0
  ],
  "sey": [
    0.0,
    0.0,
    0.0,
    0.0,
    0.0
  ],
  "miao": [
    43.5045,
    -53.4955,
    0.0,
    43.5045,
    97.0
  ],
  "hmk": [
    946.335,
    -1163.665,
    0.0,
    946.335,
    2110.0
  ],
  "wzm": [
    11624.6715,
    -18318.831600000005,
    0.0,
    11624.6715,
    25919.0
  ],
  "lly": [
    3550.7745,
    -6440.4795,
    0.0,
    3550.7745,
    7917.0
  ]
}