{
  "syj": [
    58687.849500000004,
    12133.466200000003,
    0.0,
    58687.849500000004,
    49463.0
  ],
  "cl": [
    32169.574500000002,
    5535.7105,
    1660.71315,
    30508.861350000003,
    27113.0
  ],
  "zb": [
    18937.7265,
    2976.7265000000016,
    893.0179500000005,
    18044.70855,
    15961.0
  ],
  "zy": [
    9907.275000000001,
    1557.275000000001,
    467.1825000000003,
    9440.0925,
    8350.0
  ],
  "lbc": [
    42246.51900000001,
    6640.519000000004,
    0.0,
    42246.51900000001,
    35606.0
  ],
  "lz": [
    33208.948500000006,
    5219.948500000003,
    0.0,
    33208.948500000006,
    27989.0
  ],
  "house": [
    80912.18100000001,
    12718.181000000008,
    0.0,
    80912.18100000001,
    68194.0
  ],
  "lhx": [
    0.0,
    0.0,
    0.0,
    0.0,
    0.0
  ],
  "sey": [
    0.0,
    0.0,
    0.0,
    0.0,
    0.0
  ],
  "miao": [
    115.0905,
    18.09050000000001,
    5.427150000000003,
    109.66335000000001,
    97.0
  ],
  "hmk": [
    2503.5150000000003,
    393.5150000000002,
    118.05450000000006,
    2385.4605,
    2110.0
  ],
  "wzm": [
    30752.893500000002,
    809.3903999999984,
    242.8171199999995,
    30510.076380000002,
    25919.0
  ],
  "lly": [
    9393.5205,
    -597.7334999999993,
    0.0,
    9393.5205,
    7917.0
  ]
}