{
  "syj": [
    46069.8382,
    -484.54510000000283,
    0.0,
    46069.8382,
    49463.0
  ],
  "cl": [
    25253.0482,
    -1380.8158000000024,
    0.0,
    25253.0482,
    27113.0
  ],
  "zb": [
    14866.0754,
    -1094.9245999999998,
    0.0,
    14866.0754,
    15961.0
  ],
  "zy": [
    7777.19,
    -572.81,
    0.0,
    7777.19,
    8350.0
  ],
  "lbc": [
    33163.4284,
    -2442.5715999999998,
    0.0,
    33163.4284,
    35606.0
  ],
  "lz": [
    26068.9546,
    -1920.0453999999997,
    0.0,
    26068.9546,
    27989.0
  ],
  "house": [
    63515.8916,
    -4678.108399999999,
    0.0,
    63515.8916,
    68194.0
  ],
  "lhx": [
    0.0,
    0.0,
    0.0,
    0.0,
    0.0
  ],
  "sey": [
    0.0,
    0.0,
    0.0,
    0.0,
    0.0
  ],
  "miao": [
    90.3458,
    -6.6541999999999994,
    0.0,
    90.3458,
    97.0
  ],
  "hmk": [
    1965.254,
    -144.74599999999998,
    0.0,
    1965.254,
    2110.0
  ],
  "wzm": [
    24140.9566,
    -5802.546500000004,
    0.0,
    24140.9566,
    25919.0
  ],
  "lly": [
    7373.8938,
    -2617.3602,
    0.0,
    7373.8938,
    7917.0
  ]
}