{
  "syj": [
    35508.0778,
    -1645.9222000000002,
    0.0,
    35508.0778,
    37154.0
  ],
  "cl": [
    15957.3229,
    -739.6771000000001,
    0.0,
    15957.3229,
    16697.0
  ],
  "zb": [
    15253.9277,
    -707.0723,
    0.0,
    15253.9277,
    15961.0
  ],
  "zy": [
    7980.095,
    -369.90500000000003,
    0.0,
    7980.095,
    8350.0
  ],
  "lbc": [
    34028.6542,
    -1577.3458000000003,
    0.0,
    34028.6542,
    35606.0
  ],
  "lz": [
    26749.0873,
    -1239.9127,
    0.0,
    26749.0873,
    27989.0
  ],
  "house": [
    65173.0058,
    -3020.9942000000005,
    0.0,
    65173.0058,
    68194.0
  ],
  "lhx": [
    5322.2933,
    -246.70670000000004,
    0.0,
    5322.2933,
    5569.0
  ],
  "sey": [
    6441.418,
    -298.58200000000005,
    0.0,
    6441.418,
    6740.0
  ],
  "miao": [
    31369.8968,
    -1454.1032000000002,
    0.0,
    31369.8968,
    32824.0
  ],
  "hmk": [
    2016.527,
    -93.47300000000001,
    0.0,
    2016.527,
    2110.0
  ],
  "wzm": [
    24770.7883,
    -5172.714800000004,
    0.0,
    24770.7883,
    25919.0
  ],
  "lly": [
    7566.2769,
    -2424.9771,
    0.0,
    7566.2769,
    7917.0
  ]
}