{
  "syj": [
    37349.5113,
    -9204.872000000003,
    0.0,
    37349.5113,
    49463.0
  ],
  "cl": [
    20473.0263,
    -6160.837700000003,
    0.0,
    20473.0263,
    27113.0
  ],
  "zb": [
    12052.1511,
    -3908.8489,
    0.0,
    12052.1511,
    15961.0
  ],
  "zy": [
    6305.085,
    -2044.915,
    0.0,
    6305.085,
    8350.0
  ],
  "lbc": [
    26886.0906,
    -8719.9094,
    0.0,
    26886.0906,
    35606.0
  ],
  "lz": [
    21134.4939,
    -6854.5061000000005,
    0.0,
    21134.4939,
    27989.0
  ],
  "house": [
    51493.2894,
    -16700.710600000002,
    0.0,
    51493.2894,
    68194.0
  ],
  "lhx": [
    0.0,
    0.0,
    0.0,
    0.0,
    0.0
  ],
  "sey": [
    0.0,
    0.0,
    0.0,
    0.0,
    0.0
  ],
  "miao": [
    73.2447,
    -23.755300000000002,
    0.0,
    73.2447,
    97.0
  ],
  "hmk": [
    1593.261,
    -516.739,
    0.0,
    1593.261,
    2110.0
  ],
  "wzm": [
    19571.4369,
    -10372.066200000005,
    0.0,
    19571.4369,
    25919.0
  ],
  "lly": [
    5978.1267,
    -4013.1273,
    0.0,
    5978.1267,
    7917.0
  ]
}