{
  "syj": [
    46996.0946,
    9842.094599999997,
    0.0,
    46996.0946,
    37154.0
  ],
  "cl": [
    21120.0353,
    4423.035299999999,
    1326.9105899999995,
    19793.12471,
    16697.0
  ],
  "zb": [
    20189.0689,
    4228.068899999998,
    1268.4206699999995,
    18920.64823,
    15961.0
  ],
  "zy": [
    10561.914999999999,
    2211.914999999999,
    663.5744999999997,
    9898.340499999998,
    8350.0
  ],
  "lbc": [
    45038.0294,
    9432.029399999998,
    0.0,
    45038.0294,
    35606.0
  ],
  "lz": [
    35403.2861,
    7414.2860999999975,
    0.0,
    35403.2861,
    27989.0
  ],
  "house": [
    86258.5906,
    18064.590599999996,
    0.0,
    86258.5906,
    68194.0
  ],
  "lhx": [
    7044.228099999999,
    1475.2280999999996,
    442.56842999999986,
    6601.659669999999,
    5569.0
  ],
  "sey": [
    8525.426,
    1785.4259999999995,
    535.6277999999999,
    7989.798199999999,
    6740.0
  ],
  "miao": [
    41519.0776,
    8695.077599999997,
    2608.523279999999,
    38910.554319999996,
    32824.0
  ],
  "hmk": [
    2668.939,
    558.9389999999999,
    167.68169999999995,
    2501.2572999999998,
    2110.0
  ],
  "wzm": [
    32784.9431,
    2841.4399999999932,
    852.431999999998,
    31932.5111,
    25919.0
  ]
}