{
  "syj": [
    36676.8145,
    -9877.568800000001,
    0.0,
    36676.8145,
    49463.0
  ],
  "cl": [
    20104.289500000003,
    -6529.5745000000015,
    0.0,
    20104.289500000003,
    27113.0
  ],
  "zb": [
    11835.0815,
    -4125.918499999999,
    0.0,
    11835.0815,
    15961.0
  ],
  "zy": [
    6191.525000000001,
    -2158.4749999999995,
    0.0,
    6191.525000000001,
    8350.0
  ],
  "lbc": [
    26401.849000000002,
    -9204.150999999998,
    0.0,
    26401.849000000002,
    35606.0
  ],
  "lz": [
    20753.843500000003,
    -7235.156499999998,
    0.0,
    20753.843500000003,
    27989.0
  ],
  "house": [
    50565.851,
    -17628.148999999998,
    0.0,
    50565.851,
    68194.0
  ],
  "lhx": [
    0.0,
    0.0,
    0.0,
    0.0,
    0.0
  ],
  "sey": [
    0.0,
    0.0,
    0.0,
    0.0,
    0.0
  ],
  "miao": [
    71.9255,
    -25.074499999999997,
    0.0,
    71.9255,
    97.0
  ],
  "hmk": [
    1564.565,
    -545.435,
    0.0,
    1564.565,
    2110.0
  ],
  "wzm": [
    19218.9385,
    -10724.564600000003,
    0.0,
    19218.9385,
    25919.0
  ],
  "lly": [
    5870.4555,
    -4120.7985,
    0.0,
    5870.4555,
    7917.0
  ]
}