{
  "syj": [
    35286.904200000004,
    -11267.479100000002,
    0.0,
    35286.904200000004,
    49463.0
  ],
  "cl": [
    19342.4142,
    -7291.449800000001,
    0.0,
    19342.4142,
    27113.0
  ],
  "zb": [
    11386.5774,
    -4574.4226,
    0.0,
    11386.5774,
    15961.0
  ],
  "zy": [
    5956.89,
    -2393.1099999999997,
    0.0,
    5956.89,
    8350.0
  ],
  "lbc": [
    25401.3204,
    -10204.6796,
    0.0,
    25401.3204,
    35606.0
  ],
  "lz": [
    19967.352600000002,
    -8021.647399999999,
    0.0,
    19967.352600000002,
    27989.0
  ],
  "house": [
    48649.5996,
    -19544.4004,
    0.0,
    48649.5996,
    68194.0
  ],
  "lhx": [
    0.0,
    0.0,
    0.0,
    0.0,
    0.0
  ],
  "sey": [
    0.0,
    0.0,
    0.0,
    0.0,
    0.0
  ],
  "miao": [
    69.19980000000001,
    -27.800199999999997,
    0.0,
    69.19980000000001,
    97.0
  ],
  "hmk": [
    1505.2740000000001,
    -604.7259999999999,
    0.0,
    1505.2740000000001,
    2110.0
  ],
  "wzm": [
    18490.6146,
    -11452.888500000003,
    0.0,
    18490.6146,
    25919.0
  ],
  "lly": [
    5647.9878,
    -4343.2662,
    0.0,
    5647.9878,
    7917.0
  ]
}