{
  "syj": [
    38249.7379,
    -8304.645400000003,
    0.0,
    38249.7379,
    49463.0
  ],
  "cl": [
    20966.4829,
    -5667.381100000003,
    0.0,
    20966.4829,
    27113.0
  ],
  "zb": [
    12342.6413,
    -3618.3587,
    0.0,
    12342.6413,
    15961.0
  ],
  "zy": [
    6457.055,
    -1892.9450000000002,
    0.0,
    6457.055,
    8350.0
  ],
  "lbc": [
    27534.1198,
    -8071.8802000000005,
    0.0,
    27534.1198,
    35606.0
  ],
  "lz": [
    21643.8937,
    -6345.1063,
    0.0,
    21643.8937,
    27989.0
  ],
  "house": [
    52734.4202,
    -15459.579800000001,
    0.0,
    52734.4202,
    68194.0
  ],
  "lhx": [
    0.0,
    0.0,
    0.0,
    0.0,
    0.0
  ],
  "sey": [
    0.0,
    0.0,
    0.0,
    0.0,
    0.0
  ],
  "miao": [
    75.0101,
    -21.989900000000002,
    0.0,
    75.0101,
    97.0
  ],
  "hmk": [
    1631.663,
    -478.33700000000005,
    0.0,
    1631.663,
    2110.0
  ],
  "wzm": [
    20043.1627,
    -9900.340400000005,
    0.0,
    20043.1627,
    25919.0
  ],
  "lly": [
    6122.2161,
    -3869.0379000000003,
    0.0,
    6122.2161,
    7917.0
  ]
}