{
  "syj": [
    31171.582599999998,
    -15382.800700000003,
    0.0,
    31171.582599999998,
    49463.0
  ],
  "cl": [
    17086.6126,
    -9547.251400000003,
    0.0,
    17086.6126,
    27113.0
  ],
  "zb": [
    10058.6222,
    -5902.3778,
    0.0,
    10058.6222,
    15961.0
  ],
  "zy": [
    5262.17,
    -3087.83,
    0.0,
    5262.17,
    8350.0
  ],
  "lbc": [
    22438.9012,
    -13167.0988,
    0.0,
    22438.9012,
    35606.0
  ],
  "lz": [
    17638.6678,
    -10350.3322,
    0.0,
    17638.6678,
    27989.0
  ],
  "house": [
    42975.8588,
    -25218.141200000002,
    0.0,
    42975.8588,
    68194.0
  ],
  "lhx": [
    0.0,
    0.0,
    0.0,
    0.0,
    0.0
  ],
  "sey": [
    0.0,
    0.0,
    0.0,
    0.0,
    0.0
  ],
  "miao": [
    61.1294,
    -35.8706,
    0.0,
    61.1294,
    97.0
  ],
  "hmk": [
    1329.722,
    -780.278,
    0.0,
    1329.722,
    2110.0
  ],
  "wzm": [
    16334.1538,
    -13609.349300000005,
    0.0,
    16334.1538,
    25919.0
  ],
  "lly": [
    4989.2934,
    -5001.9606,
    0.0,
    4989.2934,
    7917.0
  ]
}