{
  "syj": [
    40104.027599999994,
    2950.0275999999967,
    0.0,
    40104.027599999994,
    37154.0
  ],
  "cl": [
    18022.7418,
    1325.7417999999986,
    397.7225399999996,
    17625.01926,
    16697.0
  ],
  "zb": [
    17228.303399999997,
    1267.3033999999986,
    380.1910199999996,
    16848.11238,
    15961.0
  ],
  "zy": [
    9012.99,
    662.9899999999993,
    198.8969999999998,
    8814.093,
    8350.0
  ],
  "lbc": [
    38433.1164,
    2827.116399999997,
    0.0,
    38433.1164,
    35606.0
  ],
  "lz": [
    30211.326599999997,
    2222.3265999999976,
    0.0,
    30211.326599999997,
    27989.0
  ],
  "house": [
    73608.60359999999,
    5414.603599999994,
    0.0,
    73608.60359999999,
    68194.0
  ],
  "lhx": [
    6011.178599999999,
    442.1785999999995,
    132.65357999999983,
    5878.525019999999,
    5569.0
  ],
  "sey": [
    7275.155999999999,
    535.1559999999994,
    160.54679999999982,
    7114.609199999999,
    6740.0
  ],
  "miao": [
    35430.2256,
    2606.225599999997,
    781.867679999999,
    34648.35792,
    32824.0
  ],
  "hmk": [
    2277.5339999999997,
    167.53399999999982,
    50.26019999999995,
    2227.2737999999995,
    2110.0
  ],
  "wzm": [
    27976.968599999997,
    -1966.5345000000066,
    0.0,
    27976.968599999997,
    25919.0
  ],
  "lly": [
    8545.6098,
    -1445.6442000000009,
    0.0,
    8545.6098,
    7917.0
  ]
}