{
  "syj": [
    32408.1576,
    -14146.225700000003,
    0.0,
    32408.1576,
    49463.0
  ],
  "cl": [
    17764.4376,
    -8869.426400000002,
    0.0,
    17764.4376,
    27113.0
  ],
  "zb": [
    10457.6472,
    -5503.3528,
    0.0,
    10457.6472,
    15961.0
  ],
  "zy": [
    5470.92,
    -2879.08,
    0.0,
    5470.92,
    8350.0
  ],
  "lbc": [
    23329.0512,
    -12276.9488,
    0.0,
    23329.0512,
    35606.0
  ],
  "lz": [
    18338.3928,
    -9650.6072,
    0.0,
    18338.3928,
    27989.0
  ],
  "house": [
    44680.7088,
    -23513.2912,
    0.0,
    44680.7088,
    68194.0
  ],
  "lhx": [
    0.0,
    0.0,
    0.0,
    0.0,
    0.0
  ],
  "sey": [
    0.0,
    0.0,
    0.0,
    0.0,
    0.0
  ],
  "miao": [
    63.5544,
    -33.4456,
    0.0,
    63.5544,
    97.0
  ],
  "hmk": [
    1382.472,
    -727.528,
    0.0,
    1382.472,
    2110.0
  ],
  "wzm": [
    16982.1288,
    -12961.374300000005,
    0.0,
    16982.1288,
    25919.0
  ],
  "lly": [
    5187.2184,
    -4804.0356,
    0.0,
    5187.2184,
    7917.0
  ]
}