{
  "syj": [
    58410.856700000004,
    11856.4734,
    0.0,
    58410.856700000004,
    49463.0
  ],
  "cl": [
    32017.741700000002,
    5383.877699999999,
    1615.1633099999997,
    30402.578390000002,
    27113.0
  ],
  "zb": [
    18848.3449,
    2887.344900000001,
    866.2034700000003,
    17982.14143,
    15961.0
  ],
  "zy": [
    9860.515000000001,
    1510.5150000000006,
    453.15450000000016,
    9407.3605,
    8350.0
  ],
  "lbc": [
    42047.125400000004,
    6441.125400000002,
    0.0,
    42047.125400000004,
    35606.0
  ],
  "lz": [
    33052.210100000004,
    5063.210100000002,
    0.0,
    33052.210100000004,
    27989.0
  ],
  "house": [
    80530.29460000001,
    12336.294600000005,
    0.0,
    80530.29460000001,
    68194.0
  ],
  "lhx": [
    0.0,
    0.0,
    0.0,
    0.0,
    0.0
  ],
  "sey": [
    0.0,
    0.0,
    0.0,
    0.0,
    0.0
  ],
  "miao": [
    114.5473,
    17.547300000000007,
    5.264190000000002,
    109.28311000000001,
    97.0
  ],
  "hmk": [
    2491.699,
    381.6990000000001,
    114.50970000000004,
    2377.1893,
    2110.0
  ],
  "wzm": [
    30607.7471,
    664.2439999999972,
    199.27319999999915,
    30408.4739,
    25919.0
  ],
  "lly": [
    9349.185300000001,
    -642.0686999999996,
    0.0,
    9349.185300000001,
    7917.0
  ]
}