{
  "syj": [
    32818.7005,
    -13735.682800000004,
    0.0,
    32818.7005,
    49463.0
  ],
  "cl": [
    17989.4755,
    -8644.388500000003,
    0.0,
    17989.4755,
    27113.0
  ],
  "zb": [
    10590.1235,
    -5370.8765,
    0.0,
    10590.1235,
    15961.0
  ],
  "zy": [
    5540.224999999999,
    -2809.775,
    0.0,
    5540.224999999999,
    8350.0
  ],
  "lbc": [
    23624.581,
    -11981.419,
    0.0,
    23624.581,
    35606.0
  ],
  "lz": [
    18570.7015,
    -9418.2985,
    0.0,
    18570.7015,
    27989.0
  ],
  "house": [
    45246.719,
    -22947.281000000003,
    0.0,
    45246.719,
    68194.0
  ],
  "lhx": [
    0.0,
    0.0,
    0.0,
    0.0,
    0.0
  ],
  "sey": [
    0.0,
    0.0,
    0.0,
    0.0,
    0.0
  ],
  "miao": [
    64.3595,
    -32.6405,
    0.0,
    64.3595,
    97.0
  ],
  "hmk": [
    1399.985,
    -710.0150000000001,
    0.0,
    1399.985,
    2110.0
  ],
  "wzm": [
    17197.2565,
    -12746.246600000006,
    0.0,
    17197.2565,
    25919.0
  ],
  "lly": [
    5252.9295,
    -4738.324500000001,
    0.0,
    5252.9295,
    7917.0
  ]
}