{
  "syj": [
    27936.7024,
    -18617.680900000003,
    0.0,
    27936.7024,
    49463.0
  ],
  "cl": [
    15313.4224,
    -11320.441600000004,
    0.0,
    15313.4224,
    27113.0
  ],
  "zb": [
    9014.772799999999,
    -6946.2272,
    0.0,
    9014.772799999999,
    15961.0
  ],
  "zy": [
    4716.08,
    -3633.92,
    0.0,
    4716.08,
    8350.0
  ],
  "lbc": [
    20110.268799999998,
    -15495.731200000002,
    0.0,
    20110.268799999998,
    35606.0
  ],
  "lz": [
    15808.187199999998,
    -12180.812800000002,
    0.0,
    15808.187199999998,
    27989.0
  ],
  "house": [
    38515.9712,
    -29678.028800000004,
    0.0,
    38515.9712,
    68194.0
  ],
  "lhx": [
    0.0,
    0.0,
    0.0,
    0.0,
    0.0
  ],
  "sey": [
    0.0,
    0.0,
    0.0,
    0.0,
    0.0
  ],
  "miao": [
    54.785599999999995,
    -42.214400000000005,
    0.0,
    54.785599999999995,
    97.0
  ],
  "hmk": [
    1191.7279999999998,
    -918.272,
    0.0,
    1191.7279999999998,
    2110.0
  ],
  "wzm": [
    14639.0512,
    -15304.451900000005,
    0.0,
    14639.0512,
    25919.0
  ],
  "lly": [
    4471.5216,
    -5519.732400000001,
    0.0,
    4471.5216,
    7917.0
  ]
}