{
  "syj": [
    46351.7773,
    -202.60600000000093,
    0.0,
    46351.7773,
    49463.0
  ],
  "cl": [
    25407.5923,
    -1226.2717000000014,
    0.0,
    25407.5923,
    27113.0
  ],
  "zb": [
    14957.053100000001,
    -1003.9468999999993,
    0.0,
    14957.053100000001,
    15961.0
  ],
  "zy": [
    7824.785000000001,
    -525.2149999999996,
    0.0,
    7824.785000000001,
    8350.0
  ],
  "lbc": [
    33366.382600000004,
    -2239.6173999999983,
    0.0,
    33366.382600000004,
    35606.0
  ],
  "lz": [
    26228.4919,
    -1760.5080999999989,
    0.0,
    26228.4919,
    27989.0
  ],
  "house": [
    63904.597400000006,
    -4289.402599999997,
    0.0,
    63904.597400000006,
    68194.0
  ],
  "lhx": [
    0.0,
    0.0,
    0.0,
    0.0,
    0.0
  ],
  "sey": [
    0.0,
    0.0,
    0.0,
    0.0,
    0.0
  ],
  "miao": [
    90.8987,
    -6.101299999999996,
    0.0,
    90.8987,
    97.0
  ],
  "hmk": [
    1977.2810000000002,
    -132.7189999999999,
    0.0,
    1977.2810000000002,
    2110.0
  ],
  "wzm": [
    24288.694900000002,
    -5654.808200000003,
    0.0,
    24288.694900000002,
    25919.0
  ],
  "lly": [
    7419.0207,
    -2572.2333,
    0.0,
    7419.0207,
    7917.0
  ]
}