{
  "syj": [
    42093.013,
    -4461.370300000004,
    0.0,
    42093.013,
    49463.0
  ],
  "cl": [
    23073.163,
    -3560.701000000003,
    0.0,
    23073.163,
    27113.0
  ],
  "zb": [
    13582.811,
    -2378.1890000000003,
    0.0,
    13582.811,
    15961.0
  ],
  "zy": [
    7105.849999999999,
    -1244.15,
    0.0,
    7105.849999999999,
    8350.0
  ],
  "lbc": [
    30300.706,
    -5305.294000000001,
    0.0,
    30300.706,
    35606.0
  ],
  "lz": [
    23818.639,
    -4170.361000000001,
    0.0,
    23818.639,
    27989.0
  ],
  "house": [
    58033.094,
    -10160.906,
    0.0,
    58033.094,
    68194.0
  ],
  "lhx": [
    0.0,
    0.0,
    0.0,
    0.0,
    0.0
  ],
  "sey": [
    0.0,
    0.0,
    0.0,
    0.0,
    0.0
  ],
  "miao": [
    82.547,
    -14.453000000000003,
    0.0,
    82.547,
    97.0
  ],
  "hmk": [
    1795.61,
    -314.39000000000004,
    0.0,
    1795.61,
    2110.0
  ],
  "wzm": [
    22057.069,
    -7886.434100000005,
    0.0,
    22057.069,
    25919.0
  ],
  "lly": [
    6737.367,
    -3253.887,
    0.0,
    6737.367,
    7917.0
  ]
}