{
  "syj": [
    42370.0058,
    -4184.377500000001,
    0.0,
    42370.0058,
    49463.0
  ],
  "cl": [
    23224.9958,
    -3408.8682000000017,
    0.0,
    23224.9958,
    27113.0
  ],
  "zb": [
    13672.1926,
    -2288.8073999999997,
    0.0,
    13672.1926,
    15961.0
  ],
  "zy": [
    7152.610000000001,
    -1197.3899999999999,
    0.0,
    7152.610000000001,
    8350.0
  ],
  "lbc": [
    30500.0996,
    -5105.900399999999,
    0.0,
    30500.0996,
    35606.0
  ],
  "lz": [
    23975.3774,
    -4013.6225999999992,
    0.0,
    23975.3774,
    27989.0
  ],
  "house": [
    58414.9804,
    -9779.019599999998,
    0.0,
    58414.9804,
    68194.0
  ],
  "lhx": [
    0.0,
    0.0,
    0.0,
    0.0,
    0.0
  ],
  "sey": [
    0.0,
    0.0,
    0.0,
    0.0,
    0.0
  ],
  "miao": [
    83.0902,
    -13.909799999999997,
    0.0,
    83.0902,
    97.0
  ],
  "hmk": [
    1807.4260000000002,
    -302.57399999999996,
    0.0,
    1807.4260000000002,
    2110.0
  ],
  "wzm": [
    22202.2154,
    -7741.2877000000035,
    0.0,
    22202.2154,
    25919.0
  ],
  "lly": [
    6781.702200000001,
    -3209.5517999999997,
    0.0,
    6781.702200000001,
    7917.0
  ]
}