{
  "syj": [
    49084.149399999995,
    11930.149399999998,
    0.0,
    49084.149399999995,
    37154.0
  ],
  "cl": [
    22058.4067,
    5361.406699999999,
    1608.4220099999995,
    20449.98469,
    16697.0
  ],
  "zb": [
    21086.0771,
    5125.077099999999,
    1537.5231299999996,
    19548.55397,
    15961.0
  ],
  "zy": [
    11031.185,
    2681.1849999999995,
    804.3554999999998,
    10226.8295,
    8350.0
  ],
  "lbc": [
    47039.086599999995,
    11433.086599999999,
    0.0,
    47039.086599999995,
    35606.0
  ],
  "lz": [
    36976.2679,
    8987.267899999999,
    0.0,
    36976.2679,
    27989.0
  ],
  "house": [
    90091.0934,
    21897.093399999994,
    0.0,
    90091.0934,
    68194.0
  ],
  "lhx": [
    7357.2059,
    1788.2058999999997,
    536.4617699999999,
    6820.74413,
    5569.0
  ],
  "sey": [
    8904.214,
    2164.2139999999995,
    649.2641999999998,
    8254.9498,
    6740.0
  ],
  "miao": [
    43363.7864,
    10539.786399999997,
    3161.935919999999,
    40201.85048,
    32824.0
  ],
  "hmk": [
    2787.5209999999997,
    677.5209999999998,
    203.25629999999995,
    2584.2646999999997,
    2110.0
  ],
  "wzm": [
    23798.2954,
    3848.293299999997,
    1154.4879899999992,
    22643.80741,
    18014.0
  ]
}