{
  "syj": [
    23668.0455,
    -22886.337800000005,
    0.0,
    23668.0455,
    49463.0
  ],
  "cl": [
    12973.5705,
    -13660.293500000002,
    0.0,
    12973.5705,
    27113.0
  ],
  "zb": [
    7637.3385,
    -8323.661500000002,
    0.0,
    7637.3385,
    15961.0
  ],
  "zy": [
    3995.475,
    -4354.525000000001,
    0.0,
    3995.475,
    8350.0
  ],
  "lbc": [
    17037.470999999998,
    -18568.529000000002,
    0.0,
    17037.470999999998,
    35606.0
  ],
  "lz": [
    13392.736499999999,
    -14596.263500000003,
    0.0,
    13392.736499999999,
    27989.0
  ],
  "house": [
    32630.828999999998,
    -35563.171,
    0.0,
    32630.828999999998,
    68194.0
  ],
  "lhx": [
    0.0,
    0.0,
    0.0,
    0.0,
    0.0
  ],
  "sey": [
    0.0,
    0.0,
    0.0,
    0.0,
    0.0
  ],
  "miao": [
    46.4145,
    -50.58550000000001,
    0.0,
    46.4145,
    97.0
  ],
  "hmk": [
    1009.635,
    -1100.3650000000002,
    0.0,
    1009.635,
    2110.0
  ],
  "wzm": [
    12402.2415,
    -17541.261600000005,
    0.0,
    12402.2415,
    25919.0
  ],
  "lly": [
    3788.2844999999998,
    -6202.969500000001,
    0.0,
    3788.2844999999998,
    7917.0
  ]
}