{
  "syj": [
    62026.602,
    15472.218699999998,
    0.0,
    62026.602,
    49463.0
  ],
  "cl": [
    33999.702,
    7365.837999999998,
    2209.751399999999,
    31789.950599999996,
    27113.0
  ],
  "zb": [
    20015.094,
    4054.094,
    1216.2282,
    18798.8658,
    15961.0
  ],
  "zy": [
    10470.9,
    2120.9,
    636.27,
    9834.63,
    8350.0
  ],
  "lbc": [
    44649.924,
    9043.924,
    0.0,
    44649.924,
    35606.0
  ],
  "lz": [
    35098.206,
    7109.206,
    0.0,
    35098.206,
    27989.0
  ],
  "house": [
    85515.276,
    17321.276,
    0.0,
    85515.276,
    68194.0
  ],
  "lhx": [
    0.0,
    0.0,
    0.0,
    0.0,
    0.0
  ],
  "sey": [
    0.0,
    0.0,
    0.0,
    0.0,
    0.0
  ],
  "miao": [
    121.638,
    24.638,
    7.3914,
    114.2466,
    97.0
  ],
  "hmk": [
    2645.94,
    535.94,
    160.782,
    2485.158,
    2110.0
  ],
  "wzm": [
    32502.426,
    2558.9228999999955,
    767.6768699999986,
    31734.74913,
    25919.0
  ],
  "lly": [
    9927.918,
    -63.336000000000055,
    0.0,
    9927.918,
    7917.0
  ]
}