{
  "syj": [
    22609.5373,
    -23944.846,
    0.0,
    22609.5373,
    49463.0
  ],
  "cl": [
    12393.3523,
    -14240.511700000005,
    0.0,
    12393.3523,
    27113.0
  ],
  "zb": [
    7295.7731,
    -8665.2269,
    0.0,
    7295.7731,
    15961.0
  ],
  "zy": [
    3816.785,
    -4533.214999999999,
    0.0,
    3816.785,
    8350.0
  ],
  "lbc": [
    16275.5026,
    -19330.497399999997,
    0.0,
    16275.5026,
    35606.0
  ],
  "lz": [
    12793.7719,
    -15195.228099999998,
    0.0,
    12793.7719,
    27989.0
  ],
  "house": [
    31171.4774,
    -37022.5226,
    0.0,
    31171.4774,
    68194.0
  ],
  "lhx": [
    0.0,
    0.0,
    0.0,
    0.0,
    0.0
  ],
  "sey": [
    0.0,
    0.0,
    0.0,
    0.0,
    0.0
  ],
  "miao": [
    44.3387,
    -52.6613,
    0.0,
    44.3387,
    97.0
  ],
  "hmk": [
    964.481,
    -1145.5189999999998,
    0.0,
    964.481,
    2110.0
  ],
  "wzm": [
    11847.5749,
    -18095.928200000002,
    0.0,
    11847.5749,
    25919.0
  ],
  "lly": [
    3618.8607,
    -6372.3933,
    0.0,
    3618.8607,
    7917.0
  ]
}