{
  "syj": [
    41093.8604,
    -5460.522900000004,
    0.0,
    41093.8604,
    49463.0
  ],
  "cl": [
    22525.4804,
    -4108.383600000003,
    0.0,
    22525.4804,
    27113.0
  ],
  "zb": [
    13260.398799999999,
    -2700.6012,
    0.0,
    13260.398799999999,
    15961.0
  ],
  "zy": [
    6937.18,
    -1412.8200000000002,
    0.0,
    6937.18,
    8350.0
  ],
  "lbc": [
    29581.464799999998,
    -6024.5352,
    0.0,
    29581.464799999998,
    35606.0
  ],
  "lz": [
    23253.2612,
    -4735.7388,
    0.0,
    23253.2612,
    27989.0
  ],
  "house": [
    56655.5752,
    -11538.4248,
    0.0,
    56655.5752,
    68194.0
  ],
  "lhx": [
    0.0,
    0.0,
    0.0,
    0.0,
    0.0
  ],
  "sey": [
    0.0,
    0.0,
    0.0,
    0.0,
    0.0
  ],
  "miao": [
    80.5876,
    -16.4124,
    0.0,
    80.5876,
    97.0
  ],
  "hmk": [
    1752.988,
    -357.01200000000006,
    0.0,
    1752.988,
    2110.0
  ],
  "wzm": [
    21533.5052,
    -8409.997900000006,
    0.0,
    21533.5052,
    25919.0
  ],
  "lly": [
    6577.4436,
    -3413.8104000000003,
    0.0,
    6577.4436,
    7917.0
  ]
}