{
  "syj": [
    38408.019499999995,
    -8146.363800000005,
    0.0,
    38408.019499999995,
    49463.0
  ],
  "cl": [
    21053.2445,
    -5580.619500000003,
    0.0,
    21053.2445,
    27113.0
  ],
  "zb": [
    12393.716499999999,
    -3567.2835000000005,
    0.0,
    12393.716499999999,
    15961.0
  ],
  "zy": [
    6483.775,
    -1866.2250000000004,
    0.0,
    6483.775,
    8350.0
  ],
  "lbc": [
    27648.058999999997,
    -7957.941000000001,
    0.0,
    27648.058999999997,
    35606.0
  ],
  "lz": [
    21733.4585,
    -6255.541500000001,
    0.0,
    21733.4585,
    27989.0
  ],
  "house": [
    52952.640999999996,
    -15241.359000000002,
    0.0,
    52952.640999999996,
    68194.0
  ],
  "lhx": [
    0.0,
    0.0,
    0.0,
    0.0,
    0.0
  ],
  "sey": [
    0.0,
    0.0,
    0.0,
    0.0,
    0.0
  ],
  "miao": [
    75.3205,
    -21.679500000000004,
    0.0,
    75.3205,
    97.0
  ],
  "hmk": [
    1638.415,
    -471.5850000000001,
    0.0,
    1638.415,
    2110.0
  ],
  "wzm": [
    20126.103499999997,
    -9817.399600000006,
    0.0,
    20126.103499999997,
    25919.0
  ],
  "lly": [
    6147.550499999999,
    -3843.7035000000005,
    0.0,
    6147.550499999999,
    7917.0
  ]
}