{
  "syj": [
    54369.7296,
    7815.346299999995,
    0.0,
    54369.7296,
    49463.0
  ],
  "cl": [
    29802.6096,
    3168.745599999996,
    950.6236799999988,
    28851.98592,
    27113.0
  ],
  "zb": [
    17544.3312,
    1583.3311999999992,
    474.99935999999974,
    17069.331840000003,
    15961.0
  ],
  "zy": [
    9178.32,
    828.3199999999996,
    248.49599999999987,
    8929.824,
    8350.0
  ],
  "lbc": [
    39138.1152,
    3532.1151999999984,
    0.0,
    39138.1152,
    35606.0
  ],
  "lz": [
    30765.5088,
    2776.5087999999987,
    0.0,
    30765.5088,
    27989.0
  ],
  "house": [
    74958.84479999999,
    6764.844799999997,
    0.0,
    74958.84479999999,
    68194.0
  ],
  "lhx": [
    0.0,
    0.0,
    0.0,
    0.0,
    0.0
  ],
  "sey": [
    0.0,
    0.0,
    0.0,
    0.0,
    0.0
  ],
  "miao": [
    106.6224,
    9.622399999999995,
    2.8867199999999986,
    103.73568,
    97.0
  ],
  "hmk": [
    2319.312,
    209.3119999999999,
    62.79359999999997,
    2256.5184,
    2110.0
  ],
  "wzm": [
    28490.1648,
    -1453.3383000000056,
    0.0,
    28490.1648,
    25919.0
  ],
  "lly": [
    8702.366399999999,
    -1288.8876000000005,
    0.0,
    8702.366399999999,
    7917.0
  ]
}