{
  "syj": [
    28673.7011,
    -17880.682200000003,
    0.0,
    28673.7011,
    49463.0
  ],
  "cl": [
    15717.4061,
    -10916.457900000003,
    0.0,
    15717.4061,
    27113.0
  ],
  "zb": [
    9252.591699999999,
    -6708.4083,
    0.0,
    9252.591699999999,
    15961.0
  ],
  "zy": [
    4840.495,
    -3509.505,
    0.0,
    4840.495,
    8350.0
  ],
  "lbc": [
    20640.7982,
    -14965.2018,
    0.0,
    20640.7982,
    35606.0
  ],
  "lz": [
    16225.2233,
    -11763.7767,
    0.0,
    16225.2233,
    27989.0
  ],
  "house": [
    39532.0618,
    -28661.9382,
    0.0,
    39532.0618,
    68194.0
  ],
  "lhx": [
    0.0,
    0.0,
    0.0,
    0.0,
    0.0
  ],
  "sey": [
    0.0,
    0.0,
    0.0,
    0.0,
    0.0
  ],
  "miao": [
    56.2309,
    -40.7691,
    0.0,
    56.2309,
    97.0
  ],
  "hmk": [
    1223.167,
    -886.833,
    0.0,
    1223.167,
    2110.0
  ],
  "wzm": [
    15025.2443,
    -14918.258800000005,
    0.0,
    15025.2443,
    25919.0
  ],
  "lly": [
    4589.4849,
    -5401.7691,
    0.0,
    4589.4849,
    7917.0
  ]
}