{
  "syj": [
    57307.83180000001,
    10753.4485,
    0.0,
    57307.83180000001,
    49463.0
  ],
  "cl": [
    31413.1218,
    4779.257799999999,
    1433.7773399999999,
    29979.34446,
    27113.0
  ],
  "zb": [
    18492.4146,
    2531.414600000001,
    759.4243800000003,
    17732.99022,
    15961.0
  ],
  "zy": [
    9674.310000000001,
    1324.3100000000006,
    397.2930000000002,
    9277.017000000002,
    8350.0
  ],
  "lbc": [
    41253.111600000004,
    5647.111600000003,
    0.0,
    41253.111600000004,
    35606.0
  ],
  "lz": [
    32428.0554,
    4439.055400000002,
    0.0,
    32428.0554,
    27989.0
  ],
  "house": [
    79009.5684,
    10815.568400000006,
    0.0,
    79009.5684,
    68194.0
  ],
  "lhx": [
    0.0,
    0.0,
    0.0,
    0.0,
    0.0
  ],
  "sey": [
    0.0,
    0.0,
    0.0,
    0.0,
    0.0
  ],
  "miao": [
    112.3842,
    15.384200000000007,
    4.615260000000002,
    107.76894,
    97.0
  ],
  "hmk": [
    2444.646,
    334.64600000000013,
    100.39380000000004,
    2344.2522000000004,
    2110.0
  ],
  "wzm": [
    30029.7534,
    86.25029999999748,
    25.875089999999243,
    30003.878310000004,
    25919.0
  ],
  "lly": [
    9172.6362,
    -818.6177999999995,
    0.0,
    9172.6362,
    7917.0
  ]
}