{
  "syj": [
    44852.3088,
    7698.308800000002,
    0.0,
    44852.3088,
    37154.0
  ],
  "cl": [
    20156.6184,
    3459.6184000000007,
    1037.8855200000003,
    19118.73288,
    16697.0
  ],
  "zb": [
    19268.1192,
    3307.119200000001,
    992.1357600000002,
    18275.98344,
    15961.0
  ],
  "zy": [
    10080.12,
    1730.1200000000003,
    519.0360000000001,
    9561.084,
    8350.0
  ],
  "lbc": [
    42983.563200000004,
    7377.563200000001,
    0.0,
    42983.563200000004,
    35606.0
  ],
  "lz": [
    33788.3208,
    5799.320800000001,
    0.0,
    33788.3208,
    27989.0
  ],
  "house": [
    82323.7968,
    14129.796800000004,
    0.0,
    82323.7968,
    68194.0
  ],
  "lhx": [
    6722.8968,
    1153.8968000000002,
    346.16904000000005,
    6376.727760000001,
    5569.0
  ],
  "sey": [
    8136.528,
    1396.5280000000002,
    418.95840000000004,
    7717.5696,
    6740.0
  ],
  "miao": [
    39625.1328,
    6801.132800000001,
    2040.3398400000003,
    37584.79296,
    32824.0
  ],
  "hmk": [
    2547.192,
    437.1920000000001,
    131.15760000000003,
    2416.0344,
    2110.0
  ],
  "wzm": [
    21746.5008,
    1796.498699999999,
    538.9496099999997,
    21207.551190000002,
    18014.0
  ]
}