{
  "syj": [
    43735.1846,
    -2819.198700000004,
    0.0,
    43735.1846,
    49463.0
  ],
  "cl": [
    23973.314599999998,
    -2660.549400000003,
    0.0,
    23973.314599999998,
    27113.0
  ],
  "zb": [
    14112.716199999999,
    -1848.2838000000002,
    0.0,
    14112.716199999999,
    15961.0
  ],
  "zy": [
    7383.07,
    -966.9300000000001,
    0.0,
    7383.07,
    8350.0
  ],
  "lbc": [
    31482.8252,
    -4123.174800000001,
    0.0,
    31482.8252,
    35606.0
  ],
  "lz": [
    24747.8738,
    -3241.1262000000006,
    0.0,
    24747.8738,
    27989.0
  ],
  "house": [
    60297.1348,
    -7896.865200000001,
    0.0,
    60297.1348,
    68194.0
  ],
  "lhx": [
    0.0,
    0.0,
    0.0,
    0.0,
    0.0
  ],
  "sey": [
    0.0,
    0.0,
    0.0,
    0.0,
    0.0
  ],
  "miao": [
    85.7674,
    -11.232600000000001,
    0.0,
    85.7674,
    97.0
  ],
  "hmk": [
    1865.662,
    -244.33800000000002,
    0.0,
    1865.662,
    2110.0
  ],
  "wzm": [
    22917.5798,
    -7025.923300000005,
    0.0,
    22917.5798,
    25919.0
  ],
  "lly": [
    7000.2114,
    -2991.0426,
    0.0,
    7000.2114,
    7917.0
  ]
}