{
  "syj": [
    24034.0717,
    -22520.311600000005,
    0.0,
    24034.0717,
    49463.0
  ],
  "cl": [
    13174.2067,
    -13459.657300000003,
    0.0,
    13174.2067,
    27113.0
  ],
  "zb": [
    7755.4499,
    -8205.5501,
    0.0,
    7755.4499,
    15961.0
  ],
  "zy": [
    4057.265,
    -4292.735,
    0.0,
    4057.265,
    8350.0
  ],
  "lbc": [
    17300.9554,
    -18305.0446,
    0.0,
    17300.9554,
    35606.0
  ],
  "lz": [
    13599.8551,
    -14389.1449,
    0.0,
    13599.8551,
    27989.0
  ],
  "house": [
    33135.4646,
    -35058.5354,
    0.0,
    33135.4646,
    68194.0
  ],
  "lhx": [
    0.0,
    0.0,
    0.0,
    0.0,
    0.0
  ],
  "sey": [
    0.0,
    0.0,
    0.0,
    0.0,
    0.0
  ],
  "miao": [
    47.1323,
    -49.8677,
    0.0,
    47.1323,
    97.0
  ],
  "hmk": [
    1025.249,
    -1084.751,
    0.0,
    1025.249,
    2110.0
  ],
  "wzm": [
    12594.0421,
    -17349.461000000003,
    0.0,
    12594.0421,
    25919.0
  ],
  "lly": [
    3846.8703,
    -6144.3837,
    0.0,
    3846.8703,
    7917.0
  ]
}