{
  "syj": [
    39466.527700000006,
    -7087.855600000001,
    0.0,
    39466.527700000006,
    49463.0
  ],
  "cl": [
    21633.4627,
    -5000.401300000001,
    0.0,
    21633.4627,
    27113.0
  ],
  "zb": [
    12735.2819,
    -3225.718099999999,
    0.0,
    12735.2819,
    15961.0
  ],
  "zy": [
    6662.465,
    -1687.5349999999996,
    0.0,
    6662.465,
    8350.0
  ],
  "lbc": [
    28410.027400000003,
    -7195.972599999998,
    0.0,
    28410.027400000003,
    35606.0
  ],
  "lz": [
    22332.4231,
    -5656.576899999998,
    0.0,
    22332.4231,
    27989.0
  ],
  "house": [
    54411.992600000005,
    -13782.007399999997,
    0.0,
    54411.992600000005,
    68194.0
  ],
  "lhx": [
    0.0,
    0.0,
    0.0,
    0.0,
    0.0
  ],
  "sey": [
    0.0,
    0.0,
    0.0,
    0.0,
    0.0
  ],
  "miao": [
    77.39630000000001,
    -19.603699999999996,
    0.0,
    77.39630000000001,
    97.0
  ],
  "hmk": [
    1683.5690000000002,
    -426.43099999999987,
    0.0,
    1683.5690000000002,
    2110.0
  ],
  "wzm": [
    20680.7701,
    -9262.733000000004,
    0.0,
    20680.7701,
    25919.0
  ],
  "lly": [
    6316.974300000001,
    -3674.2796999999996,
    0.0,
    6316.974300000001,
    7917.0
  ]
}