{
  "syj": [
    31873.957199999997,
    -14680.426100000004,
    0.0,
    31873.957199999997,
    49463.0
  ],
  "cl": [
    17471.6172,
    -9162.246800000003,
    0.0,
    17471.6172,
    27113.0
  ],
  "zb": [
    10285.268399999999,
    -5675.7316,
    0.0,
    10285.268399999999,
    15961.0
  ],
  "zy": [
    5380.74,
    -2969.26,
    0.0,
    5380.74,
    8350.0
  ],
  "lbc": [
    22944.5064,
    -12661.493600000002,
    0.0,
    22944.5064,
    35606.0
  ],
  "lz": [
    18036.1116,
    -9952.888400000002,
    0.0,
    18036.1116,
    27989.0
  ],
  "house": [
    43944.213599999995,
    -24249.7864,
    0.0,
    43944.213599999995,
    68194.0
  ],
  "lhx": [
    0.0,
    0.0,
    0.0,
    0.0,
    0.0
  ],
  "sey": [
    0.0,
    0.0,
    0.0,
    0.0,
    0.0
  ],
  "miao": [
    62.5068,
    -34.4932,
    0.0,
    62.5068,
    97.0
  ],
  "hmk": [
    1359.684,
    -750.316,
    0.0,
    1359.684,
    2110.0
  ],
  "wzm": [
    16702.2036,
    -13241.299500000005,
    0.0,
    16702.2036,
    25919.0
  ],
  "lly": [
    5101.7148,
    -4889.5392,
    0.0,
    5101.7148,
    7917.0
  ]
}