{
  "syj": [
    38868.025400000006,
    -7686.357900000001,
    0.0,
    38868.025400000006,
    49463.0
  ],
  "cl": [
    21305.3954,
    -5328.468600000001,
    0.0,
    21305.3954,
    27113.0
  ],
  "zb": [
    12542.1538,
    -3418.846199999999,
    0.0,
    12542.1538,
    15961.0
  ],
  "zy": [
    6561.43,
    -1788.5699999999995,
    0.0,
    6561.43,
    8350.0
  ],
  "lbc": [
    27979.1948,
    -7626.805199999998,
    0.0,
    27979.1948,
    35606.0
  ],
  "lz": [
    21993.7562,
    -5995.243799999998,
    0.0,
    21993.7562,
    27989.0
  ],
  "house": [
    53586.8452,
    -14607.154799999997,
    0.0,
    53586.8452,
    68194.0
  ],
  "lhx": [
    0.0,
    0.0,
    0.0,
    0.0,
    0.0
  ],
  "sey": [
    0.0,
    0.0,
    0.0,
    0.0,
    0.0
  ],
  "miao": [
    76.2226,
    -20.777399999999993,
    0.0,
    76.2226,
    97.0
  ],
  "hmk": [
    1658.038,
    -451.9619999999999,
    0.0,
    1658.038,
    2110.0
  ],
  "wzm": [
    20367.1502,
    -9576.352900000004,
    0.0,
    20367.1502,
    25919.0
  ],
  "lly": [
    6221.1786,
    -3770.0753999999997,
    0.0,
    6221.1786,
    7917.0
  ]
}