{
  "syj": [
    23653.2066,
    -22901.176700000004,
    0.0,
    23653.2066,
    49463.0
  ],
  "cl": [
    12965.4366,
    -13668.4274,
    0.0,
    12965.4366,
    27113.0
  ],
  "zb": [
    7632.550200000001,
    -8328.4498,
    0.0,
    7632.550200000001,
    15961.0
  ],
  "zy": [
    3992.9700000000003,
    -4357.030000000001,
    0.0,
    3992.9700000000003,
    8350.0
  ],
  "lbc": [
    17026.7892,
    -18579.2108,
    0.0,
    17026.7892,
    35606.0
  ],
  "lz": [
    13384.3398,
    -14604.6602,
    0.0,
    13384.3398,
    27989.0
  ],
  "house": [
    32610.3708,
    -35583.6292,
    0.0,
    32610.3708,
    68194.0
  ],
  "lhx": [
    0.0,
    0.0,
    0.0,
    0.0,
    0.0
  ],
  "sey": [
    0.0,
    0.0,
    0.0,
    0.0,
    0.0
  ],
  "miao": [
    46.385400000000004,
    -50.6146,
    0.0,
    46.385400000000004,
    97.0
  ],
  "hmk": [
    1009.0020000000001,
    -1100.998,
    0.0,
    1009.0020000000001,
    2110.0
  ],
  "wzm": [
    12394.4658,
    -17549.037300000007,
    0.0,
    12394.4658,
    25919.0
  ],
  "lly": [
    3785.9094,
    -6205.3446,
    0.0,
    3785.9094,
    7917.0
  ]
}