{
  "syj": [
    37165.146199999996,
    11.146199999998773,
    0.0,
    37165.146199999996,
    37154.0
  ],
  "cl": [
    16702.0091,
    5.0090999999994485,
    1.5027299999998345,
    16700.50637,
    16697.0
  ],
  "zb": [
    15965.7883,
    4.788299999999473,
    1.4364899999998417,
    15964.35181,
    15961.0
  ],
  "zy": [
    8352.505,
    2.504999999999724,
    0.7514999999999172,
    8351.753499999999,
    8350.0
  ],
  "lbc": [
    35616.6818,
    10.681799999998823,
    0.0,
    35616.6818,
    35606.0
  ],
  "lz": [
    27997.396699999998,
    8.396699999999075,
    0.0,
    27997.396699999998,
    27989.0
  ],
  "house": [
    68214.4582,
    20.458199999997746,
    0.0,
    68214.4582,
    68194.0
  ],
  "lhx": [
    5570.6707,
    1.670699999999816,
    0.5012099999999448,
    5570.169489999999,
    5569.0
  ],
  "sey": [
    6742.022,
    2.0219999999997773,
    0.6065999999999332,
    6741.4154,
    6740.0
  ],
  "miao": [
    32833.8472,
    9.847199999998915,
    2.9541599999996744,
    32830.893039999995,
    32824.0
  ],
  "hmk": [
    2110.633,
    0.6329999999999303,
    0.18989999999997909,
    2110.4431,
    2110.0
  ]
}