{
  "syj": [
    29351.344200000003,
    -17203.0391,
    0.0,
    29351.344200000003,
    49463.0
  ],
  "cl": [
    16088.854200000002,
    -10545.009800000002,
    0.0,
    16088.854200000002,
    27113.0
  ],
  "zb": [
    9471.2574,
    -6489.7426,
    0.0,
    9471.2574,
    15961.0
  ],
  "zy": [
    4954.89,
    -3395.1099999999997,
    0.0,
    4954.89,
    8350.0
  ],
  "lbc": [
    21128.600400000003,
    -14477.399599999999,
    0.0,
    21128.600400000003,
    35606.0
  ],
  "lz": [
    16608.6726,
    -11380.327399999998,
    0.0,
    16608.6726,
    27989.0
  ],
  "house": [
    40466.3196,
    -27727.680399999997,
    0.0,
    40466.3196,
    68194.0
  ],
  "lhx": [
    0.0,
    0.0,
    0.0,
    0.0,
    0.0
  ],
  "sey": [
    0.0,
    0.0,
    0.0,
    0.0,
    0.0
  ],
  "miao": [
    57.5598,
    -39.4402,
    0.0,
    57.5598,
    97.0
  ],
  "hmk": [
    1252.074,
    -857.9259999999999,
    0.0,
    1252.074,
    2110.0
  ],
  "wzm": [
    15380.3346,
    -14563.168500000003,
    0.0,
    15380.3346,
    25919.0
  ],
  "lly": [
    4697.9478,
    -5293.3062,
    0.0,
    4697.9478,
    7917.0
  ]
}