{
  "syj": [
    57396.86520000001,
    10842.481900000002,
    0.0,
    57396.86520000001,
    49463.0
  ],
  "cl": [
    31461.9252,
    4828.0612,
    1448.41836,
    30013.506840000002,
    27113.0
  ],
  "zb": [
    18521.1444,
    2560.1444000000015,
    768.0433200000004,
    17753.10108,
    15961.0
  ],
  "zy": [
    9689.34,
    1339.3400000000008,
    401.80200000000025,
    9287.538,
    8350.0
  ],
  "lbc": [
    41317.2024,
    5711.202400000004,
    0.0,
    41317.2024,
    35606.0
  ],
  "lz": [
    32478.435600000004,
    4489.4356000000025,
    0.0,
    32478.435600000004,
    27989.0
  ],
  "house": [
    79132.31760000001,
    10938.317600000008,
    0.0,
    79132.31760000001,
    68194.0
  ],
  "lhx": [
    0.0,
    0.0,
    0.0,
    0.0,
    0.0
  ],
  "sey": [
    0.0,
    0.0,
    0.0,
    0.0,
    0.0
  ],
  "miao": [
    112.5588,
    15.558800000000009,
    4.667640000000002,
    107.89116,
    97.0
  ],
  "hmk": [
    2448.4440000000004,
    338.4440000000002,
    101.53320000000005,
    2346.9108000000006,
    2110.0
  ],
  "wzm": [
    30076.407600000002,
    132.9044999999981,
    39.87134999999943,
    30036.536250000005,
    25919.0
  ],
  "lly": [
    9186.8868,
    -804.3671999999993,
    0.0,
    9186.8868,
    7917.0
  ]
}