{
  "syj": [
    [
      1625097600,
      0.0
    ],
    [
      1625184000,
      0.0
    ],
    [
      1625270400,
      0.0
    ],
    [
      1625356800,
      0.0
    ],
    [
      1625443200,
      0.0
    ],
    [
      1625529600,
      0.0
    ],
    [
      1625616000,
      0.0
    ],
    [
      1625702400,
      0.0
    ],
    [
      1625788800,
      0.0
    ],
    [
      1625875200,
      0.0
    ],
    [
      1625961600,
      0.0
    ],
    [
      1626048000,
      0.0
    ],
    [
      1626134400,
      0.0
    ],
    [
      1626220800,
      0.0
    ],
    [
      1626307200,
      0.0
    ],
    [
      1626393600,
      0.0
    ],
    [
      1626480000,
      0.0
    ],
    [
      1626566400,
      0.0
    ],
    [
      1626652800,
      0.0
    ],
    [
      1626739200,
      0.0
    ],
    [
      1626825600,
      0.0
    ],
    [
      1626912000,
      0.0
    ],
    [
      1626998400,
      0.0
    ],
    [
      1627084800,
      0.0
    ],
    [
      1627171200,
      0.0
    ],
    [
      1627257600,
      0.0
    ],
    [
      1627344000,
      0.0
    ],
    [
      1627430400,
      0.0
    ],
    [
      1627516800,
      0.0
    ],
    [
      1627603200,
      0.0
    ],
    [
      1627689600,
      0.0
    ],
    [
      1627776000,
      0.0
    ],
    [
      1627862400,
      0.0
    ],
    [
      1627948800,
      0.0
    ],
    [
      1628035200,
      0.0
    ],
    [
      1628121600,
      0.0
    ]
  ],
  "cl": [
    [
      1625097600,
      0.0
    ],
    [
      1625184000,
      0.0
    ],
    [
      1625270400,
      0.0
    ],
    [
      1625356800,
      3.005459999999669
    ],
    [
      1625443200,
      5.0090999999994485
    ],
    [
      1625529600,
      0.0
    ],
    [
      1625616000,
      2.003639999999779
    ],
    [
      1625702400,
      0.5009099999999448
    ],
    [
      1625788800,
      0.0
    ],
    [
      1625875200,
      0.0
    ],
    [
      1625961600,
      0.0
    ],
    [
      1626048000,
      1.5027299999998345
    ],
    [
      1626134400,
      0.0
    ],
    [
      1626220800,
      0.0
    ],
    [
      1626307200,
      0.0
    ],
    [
      1626393600,
      0.0
    ],
    [
      1626480000,
      0.0
    ],
    [
      1626566400,
      0.0
    ],
    [
      1626652800,
      0.0
    ],
    [
      1626739200,
      0.0
    ],
    [
      1626825600,
      0.0
    ],
    [
      1626912000,
      0.0
    ],
    [
      1626998400,
      0.0
    ],
    [
      1627084800,
      0.0
    ],
    [
      1627171200,
      0.0
    ],
    [
      1627257600,
      9.016380000000119
    ],
    [
      1627344000,
      106.69383000000049
    ],
    [
      1627430400,
      230.91951000000014
    ],
    [
      1627516800,
      265.48229999999967
    ],
    [
      1627603200,
      276.0014099999996
    ],
    [
      1627689600,
      437.2944299999997
    ],
    [
      1627776000,
      390.7098000000003
    ],
    [
      1627862400,
      277.0032299999995
    ],
    [
      1627948800,
      231.4204200000001
    ],
    [
      1628035200,
      160.79211000000006
    ],
    [
      1628121600,
      308.05965000000054
    ]
  ],
  "zb": [
    [
      1625097600,
      0.0
    ],
    [
      1625184000,
      0.0
    ],
    [
      1625270400,
      0.0
    ],
    [
      1625356800,
      2.8729799999996835
    ],
    [
      1625443200,
      4.788299999999472
    ],
    [
      1625529600,
      0.0
    ],
    [
      1625616000,
      1.915319999999789
    ],
    [
      1625702400,
      0.47882999999994724
    ],
    [
      1625788800,
      0.0
    ],
    [
      1625875200,
      0.0
    ],
    [
      1625961600,
      0.0
    ],
    [
      1626048000,
      1.4364899999998417
    ],
    [
      1626134400,
      0.0
    ],
    [
      1626220800,
      0.0
    ],
    [
      1626307200,
      0.0
    ],
    [
      1626393600,
      0.0
    ],
    [
      1626480000,
      0.0
    ],
    [
      1626566400,
      0.0
    ],
    [
      1626652800,
      0.0
    ],
    [
      1626739200,
      0.0
    ],
    [
      1626825600,
      0.0
    ],
    [
      1626912000,
      0.0
    ],
    [
      1626998400,
      0.0
    ],
    [
      1627084800,
      0.0
    ],
    [
      1627171200,
      0.0
    ],
    [
      1627257600,
      8.618940000000114
    ],
    [
      1627344000,
      101.99079000000047
    ],
    [
      1627430400,
      220.74063000000012
    ],
    [
      1627516800,
      253.77989999999969
    ],
    [
      1627603200,
      263.83532999999966
    ],
    [
      1627689600,
      418.0185899999997
    ],
    [
      1627776000,
      373.48740000000026
    ],
    [
      1627862400,
      264.7929899999995
    ],
    [
      1627948800,
      221.21946000000008
    ],
    [
      1628035200,
      153.7044300000001
    ],
    [
      1628121600,
      294.48045000000053
    ]
  ],
  "zy": [
    [
      1625097600,
      0.0
    ],
    [
      1625184000,
      0.0
    ],
    [
      1625270400,
      0.0
    ],
    [
      1625356800,
      1.5029999999998345
    ],
    [
      1625443200,
      2.504999999999724
    ],
    [
      1625529600,
      0.0
    ],
    [
      1625616000,
      1.0019999999998896
    ],
    [
      1625702400,
      0.2504999999999724
    ],
    [
      1625788800,
      0.0
    ],
    [
      1625875200,
      0.0
    ],
    [
      1625961600,
      0.0
    ],
    [
      1626048000,
      0.7514999999999172
    ],
    [
      1626134400,
      0.0
    ],
    [
      1626220800,
      0.0
    ],
    [
      1626307200,
      0.0
    ],
    [
      1626393600,
      0.0
    ],
    [
      1626480000,
      0.0
    ],
    [
      1626566400,
      0.0
    ],
    [
      1626652800,
      0.0
    ],
    [
      1626739200,
      0.0
    ],
    [
      1626825600,
      0.0
    ],
    [
      1626912000,
      0.0
    ],
    [
      1626998400,
      0.0
    ],
    [
      1627084800,
      0.0
    ],
    [
      1627171200,
      0.0
    ],
    [
      1627257600,
      4.509000000000059
    ],
    [
      1627344000,
      53.356500000000246
    ],
    [
      1627430400,
      115.48050000000006
    ],
    [
      1627516800,
      132.76499999999982
    ],
    [
      1627603200,
      138.02549999999982
    ],
    [
      1627689600,
      218.68649999999982
    ],
    [
      1627776000,
      195.39000000000016
    ],
    [
      1627862400,
      138.52649999999974
    ],
    [
      1627948800,
      115.73100000000004
    ],
    [
      1628035200,
      80.41050000000004
    ],
    [
      1628121600,
      154.05750000000026
    ]
  ],