{
  "syj": [
    59805.7133,
    13251.33,
    0.0,
    59805.7133,
    49463.0
  ],
  "cl": [
    32782.3283,
    6148.464299999999,
    1844.5392899999995,
    30937.78901,
    27113.0
  ],
  "zb": [
    19298.4451,
    3337.445100000001,
    1001.2335300000002,
    18297.21157,
    15961.0
  ],
  "zy": [
    10095.985,
    1745.9850000000006,
    523.7955000000002,
    9572.1895,
    8350.0
  ],
  "lbc": [
    43051.2146,
    7445.214600000002,
    0.0,
    43051.2146,
    35606.0
  ],
  "lz": [
    33841.4999,
    5852.499900000002,
    0.0,
    33841.4999,
    27989.0
  ],
  "house": [
    82453.36540000001,
    14259.365400000004,
    0.0,
    82453.36540000001,
    68194.0
  ],
  "lhx": [
    0.0,
    0.0,
    0.0,
    0.0,
    0.0
  ],
  "sey": [
    0.0,
    0.0,
    0.0,
    0.0,
    0.0
  ],
  "miao": [
    117.2827,
    20.282700000000006,
    6.084810000000002,
    111.19789,
    97.0
  ],
  "hmk": [
    2551.201,
    441.20100000000014,
    132.36030000000002,
    2418.8407,
    2110.0
  ],
  "wzm": [
    31338.662900000003,
    1395.1597999999972,
    418.54793999999913,
    30920.114960000003,
    25919.0
  ],
  "lly": [
    9572.4447,
    -418.80929999999955,
    0.0,
    9572.4447,
    7917.0
  ]
}