{
  "syj": [
    37061.115000000005,
    -92.88499999999802,
    0.0,
    37061.115000000005,
    37154.0
  ],
  "cl": [
    16655.2575,
    -41.74249999999911,
    0.0,
    16655.2575,
    16697.0
  ],
  "zb": [
    15921.097500000002,
    -39.90249999999915,
    0.0,
    15921.097500000002,
    15961.0
  ],
  "zy": [
    8329.125,
    -20.874999999999556,
    0.0,
    8329.125,
    8350.0
  ],
  "lbc": [
    35516.985,
    -89.0149999999981,
    0.0,
    35516.985,
    35606.0
  ],
  "lz": [
    27919.0275,
    -69.9724999999985,
    0.0,
    27919.0275,
    27989.0
  ],
  "house": [
    68023.515,
    -170.48499999999638,
    0.0,
    68023.515,
    68194.0
  ],
  "lhx": [
    5555.0775,
    -13.922499999999703,
    0.0,
    5555.0775,
    5569.0
  ],
  "sey": [
    6723.150000000001,
    -16.84999999999964,
    0.0,
    6723.150000000001,
    6740.0
  ],
  "miao": [
    32741.940000000002,
    -82.05999999999825,
    0.0,
    32741.940000000002,
    32824.0
  ],
  "hmk": [
    2104.725,
    -5.274999999999888,
    0.0,
    2104.725,
    2110.0
  ]
}