{
  "syj": [
    42607.4282,
    -3946.9551000000006,
    0.0,
    42607.4282,
    49463.0
  ],
  "cl": [
    23355.1382,
    -3278.725800000001,
    0.0,
    23355.1382,
    27113.0
  ],
  "zb": [
    13748.805400000001,
    -2212.1945999999994,
    0.0,
    13748.805400000001,
    15961.0
  ],
  "zy": [
    7192.6900000000005,
    -1157.3099999999995,
    0.0,
    7192.6900000000005,
    8350.0
  ],
  "lbc": [
    30671.008400000002,
    -4934.9915999999985,
    0.0,
    30671.008400000002,
    35606.0
  ],
  "lz": [
    24109.7246,
    -3879.2753999999986,
    0.0,
    24109.7246,
    27989.0
  ],
  "house": [
    58742.3116,
    -9451.688399999995,
    0.0,
    58742.3116,
    68194.0
  ],
  "lhx": [
    0.0,
    0.0,
    0.0,
    0.0,
    0.0
  ],
  "sey": [
    0.0,
    0.0,
    0.0,
    0.0,
    0.0
  ],
  "miao": [
    83.5558,
    -13.444199999999995,
    0.0,
    83.5558,
    97.0
  ],
  "hmk": [
    1817.554,
    -292.4459999999999,
    0.0,
    1817.554,
    2110.0
  ],
  "wzm": [
    22326.6266,
    -7616.876500000003,
    0.0,
    22326.6266,
    25919.0
  ],
  "lly": [
    6819.7038,
    -3171.5501999999997,
    0.0,
    6819.7038,
    7917.0
  ]
}