{
  "syj": [
    42121.489799999996,
    4967.489799999998,
    0.0,
    42121.489799999996,
    37154.0
  ],
  "cl": [
    18929.388899999998,
    2232.388899999999,
    669.7166699999997,
    18259.67223,
    16697.0
  ],
  "zb": [
    18094.985699999997,
    2133.985699999999,
    640.1957099999996,
    17454.789989999997,
    15961.0
  ],
  "zy": [
    9466.394999999999,
    1116.3949999999995,
    334.9184999999998,
    9131.476499999999,
    8350.0
  ],
  "lbc": [
    40366.5222,
    4760.522199999998,
    0.0,
    40366.5222,
    35606.0
  ],
  "lz": [
    31731.129299999997,
    3742.1292999999982,
    0.0,
    31731.129299999997,
    27989.0
  ],
  "house": [
    77311.53779999999,
    9117.537799999995,
    0.0,
    77311.53779999999,
    68194.0
  ],
  "lhx": [
    6313.5752999999995,
    744.5752999999996,
    223.3725899999999,
    6090.20271,
    5569.0
  ],
  "sey": [
    7641.138,
    901.1379999999996,
    270.34139999999985,
    7370.7966,
    6740.0
  ],
  "miao": [
    37212.5688,
    4388.568799999997,
    1316.5706399999992,
    35895.99816,
    32824.0
  ],
  "hmk": [
    2392.107,
    282.10699999999986,
    84.63209999999995,
    2307.4749,
    2110.0
  ],
  "wzm": [
    29384.3703,
    -559.1328000000062,
    0.0,
    29384.3703,
    25919.0
  ],
  "lly": [
    8975.5029,
    -1015.7511000000006,
    0.0,
    8975.5029,
    7917.0
  ]
}