{
  "syj": [
    46895.7788,
    9741.7788,
    0.0,
    46895.7788,
    37154.0
  ],
  "cl": [
    21074.9534,
    4377.953399999999,
    1313.3860199999997,
    19761.56738,
    16697.0
  ],
  "zb": [
    20145.9742,
    4184.9742,
    1255.4922599999998,
    18890.48194,
    15961.0
  ],
  "zy": [
    10539.37,
    2189.37,
    656.8109999999999,
    9882.559000000001,
    8350.0
  ],
  "lbc": [
    44941.8932,
    9335.8932,
    0.0,
    44941.8932,
    35606.0
  ],
  "lz": [
    35327.7158,
    7338.7158,
    0.0,
    35327.7158,
    27989.0
  ],
  "house": [
    86074.4668,
    17880.4668,
    0.0,
    86074.4668,
    68194.0
  ],
  "lhx": [
    7029.1918,
    1460.1917999999998,
    438.05753999999996,
    6591.13426,
    5569.0
  ],
  "sey": [
    8507.228,
    1767.2279999999998,
    530.1683999999999,
    7977.0596,
    6740.0
  ],
  "miao": [
    41430.4528,
    8606.4528,
    2581.9358399999996,
    38848.51696,
    32824.0
  ],
  "hmk": [
    2663.242,
    553.242,
    165.97259999999997,
    2497.2694,
    2110.0
  ],
  "wzm": [
    32714.9618,
    2771.458699999995,
    831.4376099999985,
    31883.524190000004,
    25919.0
  ],
  "lly": [
    9992.8374,
    1.5833999999998256,
    0.47501999999994765,
    9992.36238,
    7917.0
  ]
}