{
  "syj": [
    56630.1887,
    10075.805399999997,
    0.0,
    56630.1887,
    49463.0
  ],
  "cl": [
    31041.6737,
    4407.809699999998,
    1322.3429099999994,
    29719.33079,
    27113.0
  ],
  "zb": [
    18273.7489,
    2312.7489000000005,
    693.8246700000001,
    17579.924229999997,
    15961.0
  ],
  "zy": [
    9559.915,
    1209.9150000000002,
    362.97450000000003,
    9196.9405,
    8350.0
  ],
  "lbc": [
    40765.3094,
    5159.309400000001,
    0.0,
    40765.3094,
    35606.0
  ],
  "lz": [
    32044.6061,
    4055.606100000001,
    0.0,
    32044.6061,
    27989.0
  ],
  "house": [
    78075.3106,
    9881.310600000003,
    0.0,
    78075.3106,
    68194.0
  ],
  "lhx": [
    0.0,
    0.0,
    0.0,
    0.0,
    0.0
  ],
  "sey": [
    0.0,
    0.0,
    0.0,
    0.0,
    0.0
  ],
  "miao": [
    111.0553,
    14.055300000000003,
    4.216590000000001,
    106.83871,
    97.0
  ],
  "hmk": [
    2415.739,
    305.73900000000003,
    91.72170000000001,
    2324.0173,
    2110.0
  ],
  "wzm": [
    29674.6631,
    -268.84000000000367,
    0.0,
    29674.6631,
    25919.0
  ],
  "lly": [
    9064.1733,
    -927.0806999999999,
    0.0,
    9064.1733,
    7917.0
  ]
}