{
  "syj": [
    37124.2768,
    -29.72320000000085,
    0.0,
    37124.2768,
    37154.0
  ],
  "cl": [
    16683.6424,
    -13.357600000000383,
    0.0,
    16683.6424,
    16697.0
  ],
  "zb": [
    15948.2312,
    -12.768800000000367,
    0.0,
    15948.2312,
    15961.0
  ],
  "zy": [
    8343.32,
    -6.680000000000192,
    0.0,
    8343.32,
    8350.0
  ],
  "lbc": [
    35577.5152,
    -28.484800000000817,
    0.0,
    35577.5152,
    35606.0
  ],
  "lz": [
    27966.608799999998,
    -22.39120000000064,
    0.0,
    27966.608799999998,
    27989.0
  ],
  "house": [
    68139.4448,
    -54.55520000000156,
    0.0,
    68139.4448,
    68194.0
  ],
  "lhx": [
    5564.5448,
    -4.4552000000001275,
    0.0,
    5564.5448,
    5569.0
  ],
  "sey": [
    6734.608,
    -5.392000000000154,
    0.0,
    6734.608,
    6740.0
  ],
  "miao": [
    32797.7408,
    -26.259200000000753,
    0.0,
    32797.7408,
    32824.0
  ],
  "hmk": [
    2108.312,
    -1.6880000000000484,
    0.0,
    2108.312,
    2110.0
  ]
}