{
  "syj": [
    44783.8002,
    -1770.583100000004,
    0.0,
    44783.8002,
    49463.0
  ],
  "cl": [
    24548.1102,
    -2085.753800000003,
    0.0,
    24548.1102,
    27113.0
  ],
  "zb": [
    14451.089399999999,
    -1509.9106000000004,
    0.0,
    14451.089399999999,
    15961.0
  ],
  "zy": [
    7560.09,
    -789.9100000000002,
    0.0,
    7560.09,
    8350.0
  ],
  "lbc": [
    32237.6724,
    -3368.3276000000005,
    0.0,
    32237.6724,
    35606.0
  ],
  "lz": [
    25341.2406,
    -2647.7594000000004,
    0.0,
    25341.2406,
    27989.0
  ],
  "house": [
    61742.8476,
    -6451.152400000001,
    0.0,
    61742.8476,
    68194.0
  ],
  "lhx": [
    0.0,
    0.0,
    0.0,
    0.0,
    0.0
  ],
  "sey": [
    0.0,
    0.0,
    0.0,
    0.0,
    0.0
  ],
  "miao": [
    87.82379999999999,
    -9.176200000000001,
    0.0,
    87.82379999999999,
    97.0
  ],
  "hmk": [
    1910.394,
    -199.60600000000002,
    0.0,
    1910.394,
    2110.0
  ],
  "wzm": [
    23467.0626,
    -6476.440500000005,
    0.0,
    23467.0626,
    25919.0
  ],
  "lly": [
    7168.0518,
    -2823.2022,
    0.0,
    7168.0518,
    7917.0
  ]
}