{
  "syj": [
    35731.0018,
    -1422.9982,
    0.0,
    35731.0018,
    37154.0
  ],
  "cl": [
    16057.5049,
    -639.4951,
    0.0,
    16057.5049,
    16697.0
  ],
  "zb": [
    15349.6937,
    -611.3063,
    0.0,
    15349.6937,
    15961.0
  ],
  "zy": [
    8030.195,
    -319.805,
    0.0,
    8030.195,
    8350.0
  ],
  "lbc": [
    34242.2902,
    -1363.7098,
    0.0,
    34242.2902,
    35606.0
  ],
  "lz": [
    26917.0213,
    -1071.9787000000001,
    0.0,
    26917.0213,
    27989.0
  ],
  "house": [
    65582.1698,
    -2611.8302,
    0.0,
    65582.1698,
    68194.0
  ],
  "lhx": [
    5355.7073,
    -213.2927,
    0.0,
    5355.7073,
    5569.0
  ],
  "sey": [
    6481.858,
    -258.142,
    0.0,
    6481.858,
    6740.0
  ],
  "miao": [
    31566.8408,
    -1257.1592,
    0.0,
    31566.8408,
    32824.0
  ],
  "hmk": [
    2029.187,
    -80.813,
    0.0,
    2029.187,
    2110.0
  ],
  "wzm": [
    24926.3023,
    -5017.200800000004,
    0.0,
    24926.3023,
    25919.0
  ],
  "lly": [
    7613.7789,
    -2377.4751,
    0.0,
    7613.7789,
    7917.0
  ]
}