{
  "syj": [
    47618.0301,
    1063.6467999999968,
    0.0,
    47618.0301,
    49463.0
  ],
  "cl": [
    26101.6851,
    -532.1789000000026,
    0.0,
    26101.6851,
    27113.0
  ],
  "zb": [
    15365.6547,
    -595.3453,
    0.0,
    15365.6547,
    15961.0
  ],
  "zy": [
    8038.545,
    -311.455,
    0.0,
    8038.545,
    8350.0
  ],
  "lbc": [
    34277.8962,
    -1328.1038,
    0.0,
    34277.8962,
    35606.0
  ],
  "lz": [
    26945.0103,
    -1043.9897,
    0.0,
    26945.0103,
    27989.0
  ],
  "house": [
    65650.3638,
    -2543.6362,
    0.0,
    65650.3638,
    68194.0
  ],
  "lhx": [
    0.0,
    0.0,
    0.0,
    0.0,
    0.0
  ],
  "sey": [
    0.0,
    0.0,
    0.0,
    0.0,
    0.0
  ],
  "miao": [
    93.3819,
    -3.6181,
    0.0,
    93.3819,
    97.0
  ],
  "hmk": [
    2031.297,
    -78.703,
    0.0,
    2031.297,
    2110.0
  ],
  "wzm": [
    24952.2213,
    -4991.281800000004,
    0.0,
    24952.2213,
    25919.0
  ],
  "lly": [
    7621.6959,
    -2369.5581,
    0.0,
    7621.6959,
    7917.0
  ]
}