{
  "syj": [
    42805.280199999994,
    -3749.1031000000057,
    0.0,
    42805.280199999994,
    49463.0
  ],
  "cl": [
    23463.5902,
    -3170.273800000004,
    0.0,
    23463.5902,
    27113.0
  ],
  "zb": [
    13812.649399999998,
    -2148.3506000000007,
    0.0,
    13812.649399999998,
    15961.0
  ],
  "zy": [
    7226.089999999999,
    -1123.9100000000005,
    0.0,
    7226.089999999999,
    8350.0
  ],
  "lbc": [
    30813.432399999998,
    -4792.567600000002,
    0.0,
    30813.432399999998,
    35606.0
  ],
  "lz": [
    24221.6806,
    -3767.3194000000017,
    0.0,
    24221.6806,
    27989.0
  ],
  "house": [
    59015.0876,
    -9178.912400000003,
    0.0,
    59015.0876,
    68194.0
  ],
  "lhx": [
    0.0,
    0.0,
    0.0,
    0.0,
    0.0
  ],
  "sey": [
    0.0,
    0.0,
    0.0,
    0.0,
    0.0
  ],
  "miao": [
    83.9438,
    -13.056200000000006,
    0.0,
    83.9438,
    97.0
  ],
  "hmk": [
    1825.994,
    -284.0060000000001,
    0.0,
    1825.994,
    2110.0
  ],
  "wzm": [
    22430.3026,
    -7513.200500000005,
    0.0,
    22430.3026,
    25919.0
  ],
  "lly": [
    6851.3718,
    -3139.8822000000005,
    0.0,
    6851.3718,
    7917.0
  ]
}