{
  "syj": [
    23757.0789,
    -22797.304400000005,
    0.0,
    23757.0789,
    49463.0
  ],
  "cl": [
    13022.3739,
    -13611.4901,
    0.0,
    13022.3739,
    27113.0
  ],
  "zb": [
    7666.0683,
    -8294.931700000001,
    0.0,
    7666.0683,
    15961.0
  ],
  "zy": [
    4010.505,
    -4339.495000000001,
    0.0,
    4010.505,
    8350.0
  ],
  "lbc": [
    17101.5618,
    -18504.4382,
    0.0,
    17101.5618,
    35606.0
  ],
  "lz": [
    13443.1167,
    -14545.883300000001,
    0.0,
    13443.1167,
    27989.0
  ],
  "house": [
    32753.5782,
    -35440.421800000004,
    0.0,
    32753.5782,
    68194.0
  ],
  "lhx": [
    0.0,
    0.0,
    0.0,
    0.0,
    0.0
  ],
  "sey": [
    0.0,
    0.0,
    0.0,
    0.0,
    0.0
  ],
  "miao": [
    46.5891,
    -50.410900000000005,
    0.0,
    46.5891,
    97.0
  ],
  "hmk": [
    1013.433,
    -1096.567,
    0.0,
    1013.433,
    2110.0
  ],
  "wzm": [
    12448.895700000001,
    -17494.607400000004,
    0.0,
    12448.895700000001,
    25919.0
  ],
  "lly": [
    3802.5351,
    -6188.718900000001,
    0.0,
    3802.5351,
    7917.0
  ]
}