{
  "syj": [
    39208.6162,
    2054.6161999999963,
    0.0,
    39208.6162,
    37154.0
  ],
  "cl": [
    17620.3441,
    923.3440999999984,
    277.0032299999995,
    17343.34087,
    16697.0
  ],
  "zb": [
    16843.6433,
    882.6432999999985,
    264.7929899999995,
    16578.85031,
    15961.0
  ],
  "zy": [
    8811.755,
    461.7549999999992,
    138.52649999999974,
    8673.2285,
    8350.0
  ],
  "lbc": [
    37575.0118,
    1969.0117999999966,
    0.0,
    37575.0118,
    35606.0
  ],
  "lz": [
    29536.791699999998,
    1547.7916999999973,
    0.0,
    29536.791699999998,
    27989.0
  ],
  "house": [
    71965.12819999999,
    3771.1281999999933,
    0.0,
    71965.12819999999,
    68194.0
  ],
  "lhx": [
    5876.9657,
    307.96569999999946,
    92.38970999999984,
    5784.57599,
    5569.0
  ],
  "sey": [
    7112.722,
    372.72199999999935,
    111.81659999999981,
    7000.9054,
    6740.0
  ],
  "miao": [
    34639.167199999996,
    1815.167199999997,
    544.5501599999991,
    34094.61704,
    32824.0
  ],
  "hmk": [
    2226.683,
    116.6829999999998,
    35.004899999999935,
    2191.6781,
    2110.0
  ],
  "wzm": [
    10562.4977,
    579.5210999999995,
    173.85632999999984,
    10388.64137,
    10009.0
  ]
}