{
  "syj": [
    45688.973099999996,
    -865.4102000000048,
    0.0,
    45688.973099999996,
    49463.0
  ],
  "cl": [
    25044.2781,
    -1589.5859000000034,
    0.0,
    25044.2781,
    27113.0
  ],
  "zb": [
    14743.1757,
    -1217.8243000000004,
    0.0,
    14743.1757,
    15961.0
  ],
  "zy": [
    7712.8949999999995,
    -637.1050000000002,
    0.0,
    7712.8949999999995,
    8350.0
  ],
  "lbc": [
    32889.2622,
    -2716.7378000000012,
    0.0,
    32889.2622,
    35606.0
  ],
  "lz": [
    25853.4393,
    -2135.560700000001,
    0.0,
    25853.4393,
    27989.0
  ],
  "house": [
    62990.7978,
    -5203.202200000002,
    0.0,
    62990.7978,
    68194.0
  ],
  "lhx": [
    0.0,
    0.0,
    0.0,
    0.0,
    0.0
  ],
  "sey": [
    0.0,
    0.0,
    0.0,
    0.0,
    0.0
  ],
  "miao": [
    89.5989,
    -7.401100000000003,
    0.0,
    89.5989,
    97.0
  ],
  "hmk": [
    1949.0069999999998,
    -160.99300000000008,
    0.0,
    1949.0069999999998,
    2110.0
  ],
  "wzm": [
    23941.3803,
    -6002.122800000006,
    0.0,
    23941.3803,
    25919.0
  ],
  "lly": [
    7312.9329,
    -2678.3211000000006,
    0.0,
    7312.9329,
    7917.0
  ]
}