{
  "syj": [
    40900.9547,
    -5653.428600000005,
    0.0,
    40900.9547,
    49463.0
  ],
  "cl": [
    22419.7397,
    -4214.124300000003,
    0.0,
    22419.7397,
    27113.0
  ],
  "zb": [
    13198.150899999999,
    -2762.8491000000004,
    0.0,
    13198.150899999999,
    15961.0
  ],
  "zy": [
    6904.615,
    -1445.3850000000002,
    0.0,
    6904.615,
    8350.0
  ],
  "lbc": [
    29442.6014,
    -6163.398600000001,
    0.0,
    29442.6014,
    35606.0
  ],
  "lz": [
    23144.1041,
    -4844.8959,
    0.0,
    23144.1041,
    27989.0
  ],
  "house": [
    56389.618599999994,
    -11804.381400000002,
    0.0,
    56389.618599999994,
    68194.0
  ],
  "lhx": [
    0.0,
    0.0,
    0.0,
    0.0,
    0.0
  ],
  "sey": [
    0.0,
    0.0,
    0.0,
    0.0,
    0.0
  ],
  "miao": [
    80.2093,
    -16.790700000000005,
    0.0,
    80.2093,
    97.0
  ],
  "hmk": [
    1744.759,
    -365.24100000000004,
    0.0,
    1744.759,
    2110.0
  ],
  "wzm": [
    21432.4211,
    -8511.082000000006,
    0.0,
    21432.4211,
    25919.0
  ],
  "lly": [
    6546.5673,
    -3444.6867,
    0.0,
    6546.5673,
    7917.0
  ]
}