{
  "syj": [
    25616.887700000003,
    -20937.495600000002,
    0.0,
    25616.887700000003,
    49463.0
  ],
  "cl": [
    14041.8227,
    -12592.041300000003,
    0.0,
    14041.8227,
    27113.0
  ],
  "zb": [
    8266.2019,
    -7694.7981,
    0.0,
    8266.2019,
    15961.0
  ],
  "zy": [
    4324.465,
    -4025.535,
    0.0,
    4324.465,
    8350.0
  ],
  "lbc": [
    18440.347400000002,
    -17165.652599999998,
    0.0,
    18440.347400000002,
    35606.0
  ],
  "lz": [
    14495.5031,
    -13493.4969,
    0.0,
    14495.5031,
    27989.0
  ],
  "house": [
    35317.672600000005,
    -32876.327399999995,
    0.0,
    35317.672600000005,
    68194.0
  ],
  "lhx": [
    0.0,
    0.0,
    0.0,
    0.0,
    0.0
  ],
  "sey": [
    0.0,
    0.0,
    0.0,
    0.0,
    0.0
  ],
  "miao": [
    50.2363,
    -46.7637,
    0.0,
    50.2363,
    97.0
  ],
  "hmk": [
    1092.769,
    -1017.231,
    0.0,
    1092.769,
    2110.0
  ],
  "wzm": [
    13423.4501,
    -16520.053000000004,
    0.0,
    13423.4501,
    25919.0
  ],
  "lly": [
    4100.214300000001,
    -5891.0397,
    0.0,
    4100.214300000001,
    7917.0
  ]
}