{
  "syj": [
    48315.4584,
    1761.075099999997,
    0.0,
    48315.4584,
    49463.0
  ],
  "cl": [
    26483.9784,
    -149.88560000000254,
    0.0,
    26483.9784,
    27113.0
  ],
  "zb": [
    15590.7048,
    -370.29519999999997,
    0.0,
    15590.7048,
    15961.0
  ],
  "zy": [
    8156.28,
    -193.72,
    0.0,
    8156.28,
    8350.0
  ],
  "lbc": [
    34779.9408,
    -826.0591999999999,
    0.0,
    34779.9408,
    35606.0
  ],
  "lz": [
    27339.6552,
    -649.3448,
    0.0,
    27339.6552,
    27989.0
  ],
  "house": [
    66611.8992,
    -1582.1008,
    0.0,
    66611.8992,
    68194.0
  ],
  "lhx": [
    0.0,
    0.0,
    0.0,
    0.0,
    0.0
  ],
  "sey": [
    0.0,
    0.0,
    0.0,
    0.0,
    0.0
  ],
  "miao": [
    94.7496,
    -2.2504,
    0.0,
    94.7496,
    97.0
  ],
  "hmk": [
    2061.0480000000002,
    -48.952,
    0.0,
    2061.0480000000002,
    2110.0
  ],
  "wzm": [
    25317.6792,
    -4625.823900000004,
    0.0,
    25317.6792,
    25919.0
  ],
  "lly": [
    7733.3256,
    -2257.9284000000002,
    0.0,
    7733.3256,
    7917.0
  ]
}