{
  "syj": [
    44640.531,
    7486.531000000001,
    0.0,
    44640.531,
    37154.0
  ],
  "cl": [
    20061.4455,
    3364.4455000000003,
    1009.33365,
    19052.11185,
    16697.0
  ],
  "zb": [
    19177.1415,
    3216.1415,
    964.84245,
    18212.29905,
    15961.0
  ],
  "zy": [
    10032.525,
    1682.525,
    504.7575,
    9527.7675,
    8350.0
  ],
  "lbc": [
    42780.609000000004,
    7174.609,
    0.0,
    42780.609000000004,
    35606.0
  ],
  "lz": [
    33628.7835,
    5639.7835000000005,
    0.0,
    33628.7835,
    27989.0
  ],
  "house": [
    81935.091,
    13741.091,
    0.0,
    81935.091,
    68194.0
  ],
  "lhx": [
    6691.1535,
    1122.1535000000001,
    336.64605,
    6354.50745,
    5569.0
  ],
  "sey": [
    8098.11,
    1358.1100000000001,
    407.43300000000005,
    7690.677,
    6740.0
  ],
  "miao": [
    39438.036,
    6614.036,
    1984.2107999999998,
    37453.8252,
    32824.0
  ],
  "hmk": [
    2535.165,
    425.165,
    127.5495,
    2407.6155,
    2110.0
  ],
  "wzm": [
    12025.8135,
    2042.8369000000007,
    612.8510700000002,
    11412.96243,
    10009.0
  ]
}