{
  "syj": [
    50562.8786,
    13408.8786,
    0.0,
    50562.8786,
    37154.0
  ],
  "cl": [
    22722.9473,
    6025.9473,
    1807.7841899999999,
    20915.16311,
    16697.0
  ],
  "zb": [
    21721.3249,
    5760.3249,
    1728.09747,
    19993.22743,
    15961.0
  ],
  "zy": [
    11363.515,
    3013.515,
    904.0545,
    10459.4605,
    8350.0
  ],
  "lbc": [
    48456.2054,
    12850.2054,
    0.0,
    48456.2054,
    35606.0
  ],
  "lz": [
    38090.2301,
    10101.2301,
    0.0,
    38090.2301,
    27989.0
  ],
  "house": [
    92805.2146,
    24611.2146,
    0.0,
    92805.2146,
    68194.0
  ],
  "lhx": [
    7578.8521,
    2009.8521,
    602.95563,
    6975.89647,
    5569.0
  ],
  "sey": [
    9172.466,
    2432.466,
    729.7398,
    8442.726200000001,
    6740.0
  ],
  "miao": [
    44670.1816,
    11846.1816,
    3553.85448,
    41116.32712,
    32824.0
  ],
  "hmk": [
    2871.499,
    761.499,
    228.4497,
    2643.0492999999997,
    2110.0
  ],
  "wzm": [
    24515.2526,
    4565.250499999998,
    1369.5751499999994,
    23145.67745,
    18014.0
  ]
}