{
  "syj": [
    41746.772,
    -4807.611300000004,
    0.0,
    41746.772,
    49463.0
  ],
  "cl": [
    22883.372,
    -3750.4920000000034,
    0.0,
    22883.372,
    27113.0
  ],
  "zb": [
    13471.083999999999,
    -2489.9160000000006,
    0.0,
    13471.083999999999,
    15961.0
  ],
  "zy": [
    7047.4,
    -1302.6000000000001,
    0.0,
    7047.4,
    8350.0
  ],
  "lbc": [
    30051.464,
    -5554.536000000001,
    0.0,
    30051.464,
    35606.0
  ],
  "lz": [
    23622.716,
    -4366.284000000001,
    0.0,
    23622.716,
    27989.0
  ],
  "house": [
    57555.736,
    -10638.264000000001,
    0.0,
    57555.736,
    68194.0
  ],
  "lhx": [
    0.0,
    0.0,
    0.0,
    0.0,
    0.0
  ],
  "sey": [
    0.0,
    0.0,
    0.0,
    0.0,
    0.0
  ],
  "miao": [
    81.868,
    -15.132000000000003,
    0.0,
    81.868,
    97.0
  ],
  "hmk": [
    1780.84,
    -329.1600000000001,
    0.0,
    1780.84,
    2110.0
  ],
  "wzm": [
    21875.636,
    -8067.867100000005,
    0.0,
    21875.636,
    25919.0
  ],
  "lly": [
    6681.947999999999,
    -3309.3060000000005,
    0.0,
    6681.947999999999,
    7917.0
  ]
}