{
  "syj": [
    41512.1642,
    4358.164199999998,
    0.0,
    41512.1642,
    37154.0
  ],
  "cl": [
    18655.5581,
    1958.5580999999993,
    587.5674299999997,
    18067.99067,
    16697.0
  ],
  "zb": [
    17833.2253,
    1872.2252999999994,
    561.6675899999998,
    17271.557709999997,
    15961.0
  ],
  "zy": [
    9329.455,
    979.4549999999997,
    293.8364999999999,
    9035.6185,
    8350.0
  ],
  "lbc": [
    39782.5838,
    4176.5837999999985,
    0.0,
    39782.5838,
    35606.0
  ],
  "lz": [
    31272.109699999997,
    3283.109699999999,
    0.0,
    31272.109699999997,
    27989.0
  ],
  "house": [
    76193.1562,
    7999.156199999998,
    0.0,
    76193.1562,
    68194.0
  ],
  "lhx": [
    6222.2437,
    653.2436999999998,
    195.97310999999993,
    6026.27059,
    5569.0
  ],
  "sey": [
    7530.602,
    790.6019999999997,
    237.1805999999999,
    7293.4214,
    6740.0
  ],
  "miao": [
    36674.2552,
    3850.2551999999987,
    1155.0765599999995,
    35519.17864,
    32824.0
  ],
  "hmk": [
    2357.5029999999997,
    247.50299999999993,
    74.25089999999997,
    2283.2520999999997,
    2110.0
  ],
  "wzm": [
    20127.0422,
    177.0400999999974,
    53.11202999999922,
    20073.93017,
    18014.0
  ]
}