{
  "syj": [
    22292.9741,
    -24261.409200000002,
    0.0,
    22292.9741,
    49463.0
  ],
  "cl": [
    12219.829099999999,
    -14414.034900000002,
    0.0,
    12219.829099999999,
    27113.0
  ],
  "zb": [
    7193.6227,
    -8767.3773,
    0.0,
    7193.6227,
    15961.0
  ],
  "zy": [
    3763.345,
    -4586.655,
    0.0,
    3763.345,
    8350.0
  ],
  "lbc": [
    16047.6242,
    -19558.3758,
    0.0,
    16047.6242,
    35606.0
  ],
  "lz": [
    12614.6423,
    -15374.3577,
    0.0,
    12614.6423,
    27989.0
  ],
  "house": [
    30735.035799999998,
    -37458.9642,
    0.0,
    30735.035799999998,
    68194.0
  ],
  "lhx": [
    0.0,
    0.0,
    0.0,
    0.0,
    0.0
  ],
  "sey": [
    0.0,
    0.0,
    0.0,
    0.0,
    0.0
  ],
  "miao": [
    43.7179,
    -53.2821,
    0.0,
    43.7179,
    97.0
  ],
  "hmk": [
    950.977,
    -1159.023,
    0.0,
    950.977,
    2110.0
  ],
  "wzm": [
    11681.693299999999,
    -18261.809800000006,
    0.0,
    11681.693299999999,
    25919.0
  ],
  "lly": [
    3568.1919,
    -6423.0621,
    0.0,
    3568.1919,
    7917.0
  ]
}