{
  "syj": [
    47227.2724,
    672.889099999996,
    0.0,
    47227.2724,
    49463.0
  ],
  "cl": [
    25887.4924,
    -746.3716000000031,
    0.0,
    25887.4924,
    27113.0
  ],
  "zb": [
    15239.5628,
    -721.4372000000003,
    0.0,
    15239.5628,
    15961.0
  ],
  "zy": [
    7972.58,
    -377.42000000000013,
    0.0,
    7972.58,
    8350.0
  ],
  "lbc": [
    33996.6088,
    -1609.3912000000007,
    0.0,
    33996.6088,
    35606.0
  ],
  "lz": [
    26723.8972,
    -1265.1028000000006,
    0.0,
    26723.8972,
    27989.0
  ],
  "house": [
    65111.631199999996,
    -3082.368800000001,
    0.0,
    65111.631199999996,
    68194.0
  ],
  "lhx": [
    0.0,
    0.0,
    0.0,
    0.0,
    0.0
  ],
  "sey": [
    0.0,
    0.0,
    0.0,
    0.0,
    0.0
  ],
  "miao": [
    92.6156,
    -4.384400000000002,
    0.0,
    92.6156,
    97.0
  ],
  "hmk": [
    2014.628,
    -95.37200000000004,
    0.0,
    2014.628,
    2110.0
  ],
  "wzm": [
    24747.461199999998,
    -5196.041900000005,
    0.0,
    24747.461199999998,
    25919.0
  ],
  "lly": [
    7559.1516,
    -2432.1024,
    0.0,
    7559.1516,
    7917.0
  ]
}