{
  "syj": [
    41425.262500000004,
    -5129.120800000002,
    0.0,
    41425.262500000004,
    49463.0
  ],
  "cl": [
    22707.1375,
    -3926.726500000002,
    0.0,
    22707.1375,
    27113.0
  ],
  "zb": [
    13367.3375,
    -2593.6624999999995,
    0.0,
    13367.3375,
    15961.0
  ],
  "zy": [
    6993.125,
    -1356.8749999999998,
    0.0,
    6993.125,
    8350.0
  ],
  "lbc": [
    29820.025,
    -5785.974999999999,
    0.0,
    29820.025,
    35606.0
  ],
  "lz": [
    23440.787500000002,
    -4548.2125,
    0.0,
    23440.787500000002,
    27989.0
  ],
  "house": [
    57112.475,
    -11081.524999999998,
    0.0,
    57112.475,
    68194.0
  ],
  "lhx": [
    0.0,
    0.0,
    0.0,
    0.0,
    0.0
  ],
  "sey": [
    0.0,
    0.0,
    0.0,
    0.0,
    0.0
  ],
  "miao": [
    81.2375,
    -15.762499999999998,
    0.0,
    81.2375,
    97.0
  ],
  "hmk": [
    1767.125,
    -342.87499999999994,
    0.0,
    1767.125,
    2110.0
  ],
  "wzm": [
    21707.162500000002,
    -8236.340600000003,
    0.0,
    21707.162500000002,
    25919.0
  ],
  "lly": [
    6630.4875,
    -3360.7664999999997,
    0.0,
    6630.4875,
    7917.0
  ]
}