{
  "syj": [
    46624.554599999996,
    9470.554599999996,
    0.0,
    46624.554599999996,
    37154.0
  ],
  "cl": [
    20953.0653,
    4256.065299999998,
    1276.8195899999994,
    19676.24571,
    16697.0
  ],
  "zb": [
    20029.458899999998,
    4068.4588999999983,
    1220.5376699999995,
    18808.92123,
    15961.0
  ],
  "zy": [
    10478.414999999999,
    2128.414999999999,
    638.5244999999996,
    9839.8905,
    8350.0
  ],
  "lbc": [
    44681.969399999994,
    9075.969399999996,
    0.0,
    44681.969399999994,
    35606.0
  ],
  "lz": [
    35123.3961,
    7134.396099999997,
    0.0,
    35123.3961,
    27989.0
  ],
  "house": [
    85576.6506,
    17382.650599999994,
    0.0,
    85576.6506,
    68194.0
  ],
  "lhx": [
    6988.5381,
    1419.5380999999995,
    425.86142999999987,
    6562.67667,
    5569.0
  ],
  "sey": [
    8458.026,
    1718.0259999999994,
    515.4077999999998,
    7942.6182,
    6740.0
  ],
  "miao": [
    41190.8376,
    8366.837599999997,
    2510.051279999999,
    38680.78632,
    32824.0
  ],
  "hmk": [
    2647.839,
    537.8389999999998,
    161.35169999999994,
    2486.4873,
    2110.0
  ],
  "wzm": [
    22605.7686,
    2655.7664999999965,
    796.7299499999989,
    21809.038650000002,
    18014.0
  ]
}