{
  "syj": [
    40843.392199999995,
    3689.392199999998,
    0.0,
    40843.392199999995,
    37154.0
  ],
  "cl": [
    18355.0121,
    1658.012099999999,
    497.4036299999997,
    17857.60847,
    16697.0
  ],
  "zb": [
    17545.9273,
    1584.9272999999991,
    475.4781899999997,
    17070.44911,
    15961.0
  ],
  "zy": [
    9179.154999999999,
    829.1549999999995,
    248.74649999999986,
    8930.4085,
    8350.0
  ],
  "lbc": [
    39141.6758,
    3535.675799999998,
    0.0,
    39141.6758,
    35606.0
  ],
  "lz": [
    30768.307699999998,
    2779.3076999999985,
    0.0,
    30768.307699999998,
    27989.0
  ],
  "house": [
    74965.6642,
    6771.6641999999965,
    0.0,
    74965.6642,
    68194.0
  ],
  "lhx": [
    6122.0017,
    553.0016999999997,
    165.9005099999999,
    5956.10119,
    5569.0
  ],
  "sey": [
    7409.281999999999,
    669.2819999999996,
    200.78459999999987,
    7208.497399999999,
    6740.0
  ],
  "miao": [
    36083.4232,
    3259.4231999999984,
    977.8269599999994,
    35105.59624,
    32824.0
  ],
  "hmk": [
    2319.5229999999997,
    209.52299999999988,
    62.85689999999996,
    2256.6661,
    2110.0
  ],
  "wzm": [
    28492.756699999998,
    -1450.746400000006,
    0.0,
    28492.756699999998,
    25919.0
  ],
  "lly": [
    8703.158099999999,
    -1288.0959000000005,
    0.0,
    8703.158099999999,
    7917.0
  ]
}