{
  "syj": [
    22273.188899999997,
    -24281.194400000004,
    0.0,
    22273.188899999997,
    49463.0
  ],
  "cl": [
    12208.9839,
    -14424.880100000002,
    0.0,
    12208.9839,
    27113.0
  ],
  "zb": [
    7187.2383,
    -8773.761700000001,
    0.0,
    7187.2383,
    15961.0
  ],
  "zy": [
    3760.0049999999997,
    -4589.995000000001,
    0.0,
    3760.0049999999997,
    8350.0
  ],
  "lbc": [
    16033.3818,
    -19572.618200000004,
    0.0,
    16033.3818,
    35606.0
  ],
  "lz": [
    12603.446699999999,
    -15385.553300000001,
    0.0,
    12603.446699999999,
    27989.0
  ],
  "house": [
    30707.7582,
    -37486.2418,
    0.0,
    30707.7582,
    68194.0
  ],
  "lhx": [
    0.0,
    0.0,
    0.0,
    0.0,
    0.0
  ],
  "sey": [
    0.0,
    0.0,
    0.0,
    0.0,
    0.0
  ],
  "miao": [
    43.6791,
    -53.32090000000001,
    0.0,
    43.6791,
    97.0
  ],
  "hmk": [
    950.1329999999999,
    -1159.8670000000002,
    0.0,
    950.1329999999999,
    2110.0
  ],
  "wzm": [
    11671.3257,
    -18272.177400000008,
    0.0,
    11671.3257,
    25919.0
  ],
  "lly": [
    3565.0251,
    -6426.228900000001,
    0.0,
    3565.0251,
    7917.0
  ]
}