{
  "syj": [
    37863.9265,
    -8690.456800000005,
    0.0,
    37863.9265,
    49463.0
  ],
  "cl": [
    20755.0015,
    -5878.862500000004,
    0.0,
    20755.0015,
    27113.0
  ],
  "zb": [
    12218.145499999999,
    -3742.854500000001,
    0.0,
    12218.145499999999,
    15961.0
  ],
  "zy": [
    6391.924999999999,
    -1958.0750000000003,
    0.0,
    6391.924999999999,
    8350.0
  ],
  "lbc": [
    27256.393,
    -8349.607000000002,
    0.0,
    27256.393,
    35606.0
  ],
  "lz": [
    21425.5795,
    -6563.420500000001,
    0.0,
    21425.5795,
    27989.0
  ],
  "house": [
    52202.507,
    -15991.493000000002,
    0.0,
    52202.507,
    68194.0
  ],
  "lhx": [
    0.0,
    0.0,
    0.0,
    0.0,
    0.0
  ],
  "sey": [
    0.0,
    0.0,
    0.0,
    0.0,
    0.0
  ],
  "miao": [
    74.2535,
    -22.746500000000005,
    0.0,
    74.2535,
    97.0
  ],
  "hmk": [
    1615.205,
    -494.7950000000001,
    0.0,
    1615.205,
    2110.0
  ],
  "wzm": [
    19840.9945,
    -10102.508600000005,
    0.0,
    19840.9945,
    25919.0
  ],
  "lly": [
    6060.4635,
    -3930.7905000000005,
    0.0,
    6060.4635,
    7917.0
  ]
}