{
  "syj": [
    32981.9284,
    -13572.454900000006,
    0.0,
    32981.9284,
    49463.0
  ],
  "cl": [
    18078.948399999997,
    -8554.915600000004,
    0.0,
    18078.948399999997,
    27113.0
  ],
  "zb": [
    10642.7948,
    -5318.205200000001,
    0.0,
    10642.7948,
    15961.0
  ],
  "zy": [
    5567.78,
    -2782.2200000000003,
    0.0,
    5567.78,
    8350.0
  ],
  "lbc": [
    23742.0808,
    -11863.919200000002,
    0.0,
    23742.0808,
    35606.0
  ],
  "lz": [
    18663.065199999997,
    -9325.9348,
    0.0,
    18663.065199999997,
    27989.0
  ],
  "house": [
    45471.75919999999,
    -22722.240800000003,
    0.0,
    45471.75919999999,
    68194.0
  ],
  "lhx": [
    0.0,
    0.0,
    0.0,
    0.0,
    0.0
  ],
  "sey": [
    0.0,
    0.0,
    0.0,
    0.0,
    0.0
  ],
  "miao": [
    64.6796,
    -32.32040000000001,
    0.0,
    64.6796,
    97.0
  ],
  "hmk": [
    1406.9479999999999,
    -703.0520000000001,
    0.0,
    1406.9479999999999,
    2110.0
  ],
  "wzm": [
    17282.7892,
    -12660.713900000006,
    0.0,
    17282.7892,
    25919.0
  ],
  "lly": [
    5279.0556,
    -4712.1984,
    0.0,
    5279.0556,
    7917.0
  ]
}