{
  "syj": [
    42468.9318,
    -4085.4515000000015,
    0.0,
    42468.9318,
    49463.0
  ],
  "cl": [
    23279.2218,
    -3354.6422000000016,
    0.0,
    23279.2218,
    27113.0
  ],
  "zb": [
    13704.1146,
    -2256.8853999999997,
    0.0,
    13704.1146,
    15961.0
  ],
  "zy": [
    7169.31,
    -1180.6899999999998,
    0.0,
    7169.31,
    8350.0
  ],
  "lbc": [
    30571.3116,
    -5034.688399999999,
    0.0,
    30571.3116,
    35606.0
  ],
  "lz": [
    24031.3554,
    -3957.644599999999,
    0.0,
    24031.3554,
    27989.0
  ],
  "house": [
    58551.3684,
    -9642.631599999999,
    0.0,
    58551.3684,
    68194.0
  ],
  "lhx": [
    0.0,
    0.0,
    0.0,
    0.0,
    0.0
  ],
  "sey": [
    0.0,
    0.0,
    0.0,
    0.0,
    0.0
  ],
  "miao": [
    83.2842,
    -13.715799999999998,
    0.0,
    83.2842,
    97.0
  ],
  "hmk": [
    1811.646,
    -298.3539999999999,
    0.0,
    1811.646,
    2110.0
  ],
  "wzm": [
    22254.0534,
    -7689.449700000004,
    0.0,
    22254.0534,
    25919.0
  ],
  "lly": [
    6797.5362000000005,
    -3193.7178,
    0.0,
    6797.5362000000005,
    7917.0
  ]
}