{
  "syj": [
    39572.725399999996,
    2418.7253999999975,
    0.0,
    39572.725399999996,
    37154.0
  ],
  "cl": [
    17783.9747,
    1086.9746999999988,
    326.09240999999963,
    17457.882289999998,
    16697.0
  ],
  "zb": [
    17000.0611,
    1039.061099999999,
    311.7183299999997,
    16688.34277,
    15961.0
  ],
  "zy": [
    8893.585,
    543.5849999999995,
    163.07549999999983,
    8730.5095,
    8350.0
  ],
  "lbc": [
    37923.9506,
    2317.950599999998,
    0.0,
    37923.9506,
    35606.0
  ],
  "lz": [
    29811.083899999998,
    1822.0838999999983,
    0.0,
    29811.083899999998,
    27989.0
  ],
  "house": [
    72633.4294,
    4439.429399999995,
    0.0,
    72633.4294,
    68194.0
  ],
  "lhx": [
    5931.541899999999,
    362.54189999999966,
    108.7625699999999,
    5822.779329999999,
    5569.0
  ],
  "sey": [
    7178.773999999999,
    438.77399999999955,
    131.63219999999987,
    7047.141799999999,
    6740.0
  ],
  "miao": [
    34960.8424,
    2136.8423999999977,
    641.0527199999993,
    34319.78968,
    32824.0
  ],
  "hmk": [
    2247.361,
    137.36099999999988,
    41.20829999999996,
    2206.1527,
    2110.0
  ],
  "wzm": [
    19186.7114,
    -763.2907000000031,
    0.0,
    19186.7114,
    18014.0
  ]
}