{
  "syj": [
    46932.9328,
    9778.932800000004,
    0.0,
    46932.9328,
    37154.0
  ],
  "cl": [
    21091.650400000002,
    4394.650400000001,
    1318.3951200000004,
    19773.25528,
    16697.0
  ],
  "zb": [
    20161.9352,
    4200.935200000002,
    1260.2805600000004,
    18901.65464,
    15961.0
  ],
  "zy": [
    10547.720000000001,
    2197.7200000000007,
    659.3160000000001,
    9888.404,
    8350.0
  ],
  "lbc": [
    44977.499200000006,
    9371.499200000004,
    0.0,
    44977.499200000006,
    35606.0
  ],
  "lz": [
    35355.7048,
    7366.704800000003,
    0.0,
    35355.7048,
    27989.0
  ],
  "house": [
    86142.66080000001,
    17948.660800000005,
    0.0,
    86142.66080000001,
    68194.0
  ],
  "lhx": [
    7034.760800000001,
    1465.7608000000005,
    439.72824000000014,
    6595.032560000001,
    5569.0
  ],
  "sey": [
    8513.968,
    1773.9680000000008,
    532.1904000000002,
    7981.7776,
    6740.0
  ],
  "miao": [
    41463.27680000001,
    8639.276800000003,
    2591.7830400000007,
    38871.493760000005,
    32824.0
  ],
  "hmk": [
    2665.3520000000003,
    555.3520000000002,
    166.60560000000007,
    2498.7464000000004,
    2110.0
  ],
  "wzm": [
    32740.880800000003,
    2797.377699999998,
    839.2133099999994,
    31901.667490000003,
    25919.0
  ],
  "lly": [
    10000.754400000002,
    9.500400000000711,
    2.850120000000213,
    9997.90428,
    7917.0
  ]
}