{
  "syj": [
    28459.964,
    -8694.036,
    0.0,
    28459.964,
    37154.0
  ],
  "cl": [
    20768.558,
    -5865.306000000002,
    0.0,
    20768.558,
    27113.0
  ],
  "zb": [
    12226.126,
    -3734.874,
    0.0,
    12226.126,
    15961.0
  ],
  "zy": [
    6396.1,
    -1953.8999999999999,
    0.0,
    6396.1,
    8350.0
  ],
  "lbc": [
    27274.196,
    -8331.804,
    0.0,
    27274.196,
    35606.0
  ],
  "lz": [
    21439.574,
    -6549.4259999999995,
    0.0,
    21439.574,
    27989.0
  ],
  "house": [
    52236.604,
    -15957.395999999999,
    0.0,
    52236.604,
    68194.0
  ],
  "lhx": [
    4265.854,
    -1303.146,
    0.0,
    4265.854,
    5569.0
  ],
  "sey": [
    5162.84,
    -1577.1599999999999,
    0.0,
    5162.84,
    6740.0
  ],
  "miao": [
    74.302,
    -22.698,
    0.0,
    74.302,
    97.0
  ],
  "hmk": [
    1616.26,
    -493.73999999999995,
    0.0,
    1616.26,
    2110.0
  ],
  "wzm": [
    19853.954,
    -10089.549100000004,
    0.0,
    19853.954,
    25919.0
  ],
  "lly": [
    6064.4220000000005,
    -3926.832,
    0.0,
    6064.4220000000005,
    7917.0
  ]
}