{
  "syj": [
    46873.4864,
    9719.486400000002,
    0.0,
    46873.4864,
    37154.0
  ],
  "cl": [
    21064.9352,
    4367.935200000001,
    1310.3805600000003,
    19754.55464,
    16697.0
  ],
  "zb": [
    20136.3976,
    4175.397600000001,
    1252.6192800000003,
    18883.77832,
    15961.0
  ],
  "zy": [
    10534.36,
    2184.3600000000006,
    655.3080000000001,
    9879.052,
    8350.0
  ],
  "lbc": [
    44920.5296,
    9314.529600000002,
    0.0,
    44920.5296,
    35606.0
  ],
  "lz": [
    35310.9224,
    7321.922400000001,
    0.0,
    35310.9224,
    27989.0
  ],
  "house": [
    86033.55040000001,
    17839.550400000004,
    0.0,
    86033.55040000001,
    68194.0
  ],
  "lhx": [
    7025.8504,
    1456.8504000000003,
    437.05512000000004,
    6588.79528,
    5569.0
  ],
  "sey": [
    8503.184000000001,
    1763.1840000000004,
    528.9552000000001,
    7974.228800000001,
    6740.0
  ],
  "miao": [
    41410.7584,
    8586.758400000002,
    2576.0275200000005,
    38834.730879999996,
    32824.0
  ],
  "hmk": [
    2661.976,
    551.9760000000001,
    165.59280000000004,
    2496.3832,
    2110.0
  ],
  "wzm": [
    32699.4104,
    2755.907299999997,
    826.7721899999991,
    31872.63821,
    25919.0
  ],
  "lly": [
    9988.0872,
    -3.1667999999996512,
    0.0,
    9988.0872,
    7917.0
  ]
}