{
  "syj": [
    40282.6672,
    -6271.716100000002,
    0.0,
    40282.6672,
    49463.0
  ],
  "cl": [
    22080.8272,
    -4553.036800000003,
    0.0,
    22080.8272,
    27113.0
  ],
  "zb": [
    12998.6384,
    -2962.3615999999997,
    0.0,
    12998.6384,
    15961.0
  ],
  "zy": [
    6800.24,
    -1549.76,
    0.0,
    6800.24,
    8350.0
  ],
  "lbc": [
    28997.5264,
    -6608.473599999999,
    0.0,
    28997.5264,
    35606.0
  ],
  "lz": [
    22794.2416,
    -5194.7584,
    0.0,
    22794.2416,
    27989.0
  ],
  "house": [
    55537.1936,
    -12656.8064,
    0.0,
    55537.1936,
    68194.0
  ],
  "lhx": [
    0.0,
    0.0,
    0.0,
    0.0,
    0.0
  ],
  "sey": [
    0.0,
    0.0,
    0.0,
    0.0,
    0.0
  ],
  "miao": [
    78.99680000000001,
    -18.0032,
    0.0,
    78.99680000000001,
    97.0
  ],
  "hmk": [
    1718.384,
    -391.616,
    0.0,
    1718.384,
    2110.0
  ],
  "wzm": [
    21108.4336,
    -8835.069500000003,
    0.0,
    21108.4336,
    25919.0
  ],
  "lly": [
    6447.6048,
    -3543.6492,
    0.0,
    6447.6048,
    7917.0
  ]
}