{
  "syj": [
    44051.7478,
    -2502.635500000006,
    0.0,
    44051.7478,
    49463.0
  ],
  "cl": [
    24146.837799999998,
    -2487.026200000004,
    0.0,
    24146.837799999998,
    27113.0
  ],
  "zb": [
    14214.8666,
    -1746.1334000000008,
    0.0,
    14214.8666,
    15961.0
  ],
  "zy": [
    7436.509999999999,
    -913.4900000000005,
    0.0,
    7436.509999999999,
    8350.0
  ],
  "lbc": [
    31710.703599999997,
    -3895.296400000002,
    0.0,
    31710.703599999997,
    35606.0
  ],
  "lz": [
    24927.003399999998,
    -3061.9966000000013,
    0.0,
    24927.003399999998,
    27989.0
  ],
  "house": [
    60733.5764,
    -7460.423600000004,
    0.0,
    60733.5764,
    68194.0
  ],
  "lhx": [
    0.0,
    0.0,
    0.0,
    0.0,
    0.0
  ],
  "sey": [
    0.0,
    0.0,
    0.0,
    0.0,
    0.0
  ],
  "miao": [
    86.3882,
    -10.611800000000006,
    0.0,
    86.3882,
    97.0
  ],
  "hmk": [
    1879.166,
    -230.83400000000012,
    0.0,
    1879.166,
    2110.0
  ],
  "wzm": [
    23083.4614,
    -6860.041700000006,
    0.0,
    23083.4614,
    25919.0
  ],
  "lly": [
    7050.8802,
    -2940.3738000000003,
    0.0,
    7050.8802,
    7917.0
  ]
}