{
  "syj": [
    46557.6774,
    9403.677400000004,
    0.0,
    46557.6774,
    37154.0
  ],
  "cl": [
    20923.010700000003,
    4226.010700000002,
    1267.8032100000005,
    19655.20749,
    16697.0
  ],
  "zb": [
    20000.7291,
    4039.729100000002,
    1211.9187300000006,
    18788.81037,
    15961.0
  ],
  "zy": [
    10463.385,
    2113.3850000000007,
    634.0155000000002,
    9829.3695,
    8350.0
  ],
  "lbc": [
    44617.878600000004,
    9011.878600000004,
    0.0,
    44617.878600000004,
    35606.0
  ],
  "lz": [
    35073.015900000006,
    7084.015900000003,
    0.0,
    35073.015900000006,
    27989.0
  ],
  "house": [
    85453.9014,
    17259.901400000006,
    0.0,
    85453.9014,
    68194.0
  ],
  "lhx": [
    6978.513900000001,
    1409.5139000000006,
    422.8541700000002,
    6555.65973,
    5569.0
  ],
  "sey": [
    8445.894,
    1705.8940000000007,
    511.7682000000002,
    7934.1258,
    6740.0
  ],
  "miao": [
    41131.754400000005,
    8307.754400000003,
    2492.326320000001,
    38639.428080000005,
    32824.0
  ],
  "hmk": [
    2644.041,
    534.0410000000002,
    160.21230000000006,
    2483.8287,
    2110.0
  ],
  "wzm": [
    12542.277900000001,
    2559.3013000000014,
    767.7903900000005,
    11774.48751,
    10009.0
  ]
}