{
  "syj": [
    46773.1706,
    9619.170599999996,
    0.0,
    46773.1706,
    37154.0
  ],
  "cl": [
    21019.8533,
    4322.853299999999,
    1296.8559899999996,
    19722.99731,
    16697.0
  ],
  "zb": [
    20093.3029,
    4132.302899999999,
    1239.6908699999997,
    18853.61203,
    15961.0
  ],
  "zy": [
    10511.814999999999,
    2161.814999999999,
    648.5444999999997,
    9863.270499999999,
    8350.0
  ],
  "lbc": [
    44824.39339999999,
    9218.393399999997,
    0.0,
    44824.39339999999,
    35606.0
  ],
  "lz": [
    35235.3521,
    7246.352099999997,
    0.0,
    35235.3521,
    27989.0
  ],
  "house": [
    85849.42659999999,
    17655.426599999995,
    0.0,
    85849.42659999999,
    68194.0
  ],
  "lhx": [
    7010.8141,
    1441.8140999999996,
    432.54422999999986,
    6578.26987,
    5569.0
  ],
  "sey": [
    8484.985999999999,
    1744.9859999999994,
    523.4957999999998,
    7961.490199999999,
    6740.0
  ],
  "miao": [
    41322.133599999994,
    8498.133599999997,
    2549.440079999999,
    38772.69351999999,
    32824.0
  ],
  "hmk": [
    2656.279,
    546.2789999999998,
    163.88369999999992,
    2492.3953,
    2110.0
  ],
  "wzm": [
    32629.429099999998,
    2685.925999999993,
    805.7777999999979,
    31823.6513,
    25919.0
  ],
  "lly": [
    9966.711299999999,
    -24.542700000000814,
    0.0,
    9966.711299999999,
    7917.0
  ]
}