{
  "syj": [
    37230.8001,
    -9323.583200000001,
    0.0,
    37230.8001,
    49463.0
  ],
  "cl": [
    20407.9551,
    -6225.908900000001,
    0.0,
    20407.9551,
    27113.0
  ],
  "zb": [
    12013.844700000001,
    -3947.1552999999994,
    0.0,
    12013.844700000001,
    15961.0
  ],
  "zy": [
    6285.045,
    -2064.955,
    0.0,
    6285.045,
    8350.0
  ],
  "lbc": [
    26800.6362,
    -8805.3638,
    0.0,
    26800.6362,
    35606.0
  ],
  "lz": [
    21067.3203,
    -6921.679699999999,
    0.0,
    21067.3203,
    27989.0
  ],
  "house": [
    51329.6238,
    -16864.3762,
    0.0,
    51329.6238,
    68194.0
  ],
  "lhx": [
    0.0,
    0.0,
    0.0,
    0.0,
    0.0
  ],
  "sey": [
    0.0,
    0.0,
    0.0,
    0.0,
    0.0
  ],
  "miao": [
    73.0119,
    -23.988099999999996,
    0.0,
    73.0119,
    97.0
  ],
  "hmk": [
    1588.1970000000001,
    -521.8029999999999,
    0.0,
    1588.1970000000001,
    2110.0
  ],
  "wzm": [
    19509.2313,
    -10434.271800000004,
    0.0,
    19509.2313,
    25919.0
  ],
  "lly": [
    5959.1259,
    -4032.1281,
    0.0,
    5959.1259,
    7917.0
  ]
}