{
  "syj": [
    30385.120899999998,
    -16169.262400000005,
    0.0,
    30385.120899999998,
    49463.0
  ],
  "cl": [
    16655.5159,
    -9978.348100000003,
    0.0,
    16655.5159,
    27113.0
  ],
  "zb": [
    9804.842299999998,
    -6156.157700000001,
    0.0,
    9804.842299999998,
    15961.0
  ],
  "zy": [
    5129.405,
    -3220.5950000000003,
    0.0,
    5129.405,
    8350.0
  ],
  "lbc": [
    21872.765799999997,
    -13733.2342,
    0.0,
    21872.765799999997,
    35606.0
  ],
  "lz": [
    17193.6427,
    -10795.357300000001,
    0.0,
    17193.6427,
    27989.0
  ],
  "house": [
    41891.574199999995,
    -26302.425800000005,
    0.0,
    41891.574199999995,
    68194.0
  ],
  "lhx": [
    0.0,
    0.0,
    0.0,
    0.0,
    0.0
  ],
  "sey": [
    0.0,
    0.0,
    0.0,
    0.0,
    0.0
  ],
  "miao": [
    59.58709999999999,
    -37.41290000000001,
    0.0,
    59.58709999999999,
    97.0
  ],
  "hmk": [
    1296.173,
    -813.8270000000001,
    0.0,
    1296.173,
    2110.0
  ],
  "wzm": [
    15922.0417,
    -14021.461400000006,
    0.0,
    15922.0417,
    25919.0
  ],
  "lly": [
    4863.4131,
    -5127.8409,
    0.0,
    4863.4131,
    7917.0
  ]
}