{
  "syj": [
    41895.161,
    -4659.222300000004,
    0.0,
    41895.161,
    49463.0
  ],
  "cl": [
    22964.711,
    -3669.1530000000034,
    0.0,
    22964.711,
    27113.0
  ],
  "zb": [
    13518.966999999999,
    -2442.0330000000004,
    0.0,
    13518.966999999999,
    15961.0
  ],
  "zy": [
    7072.45,
    -1277.5500000000002,
    0.0,
    7072.45,
    8350.0
  ],
  "lbc": [
    30158.282,
    -5447.718000000001,
    0.0,
    30158.282,
    35606.0
  ],
  "lz": [
    23706.683,
    -4282.317000000001,
    0.0,
    23706.683,
    27989.0
  ],
  "house": [
    57760.318,
    -10433.682000000003,
    0.0,
    57760.318,
    68194.0
  ],
  "lhx": [
    0.0,
    0.0,
    0.0,
    0.0,
    0.0
  ],
  "sey": [
    0.0,
    0.0,
    0.0,
    0.0,
    0.0
  ],
  "miao": [
    82.15899999999999,
    -14.841000000000003,
    0.0,
    82.15899999999999,
    97.0
  ],
  "hmk": [
    1787.1699999999998,
    -322.83000000000004,
    0.0,
    1787.1699999999998,
    2110.0
  ],
  "wzm": [
    21953.393,
    -7990.110100000005,
    0.0,
    21953.393,
    25919.0
  ],
  "lly": [
    6705.699,
    -3285.5550000000003,
    0.0,
    6705.699,
    7917.0
  ]
}