{
  "syj": [
    41479.671800000004,
    -5074.711500000002,
    0.0,
    41479.671800000004,
    49463.0
  ],
  "cl": [
    22736.9618,
    -3896.9022000000023,
    0.0,
    22736.9618,
    27113.0
  ],
  "zb": [
    13384.8946,
    -2576.1054,
    0.0,
    13384.8946,
    15961.0
  ],
  "zy": [
    7002.31,
    -1347.6899999999998,
    0.0,
    7002.31,
    8350.0
  ],
  "lbc": [
    29859.191600000002,
    -5746.8084,
    0.0,
    29859.191600000002,
    35606.0
  ],
  "lz": [
    23471.5754,
    -4517.424599999999,
    0.0,
    23471.5754,
    27989.0
  ],
  "house": [
    57187.4884,
    -11006.5116,
    0.0,
    57187.4884,
    68194.0
  ],
  "lhx": [
    0.0,
    0.0,
    0.0,
    0.0,
    0.0
  ],
  "sey": [
    0.0,
    0.0,
    0.0,
    0.0,
    0.0
  ],
  "miao": [
    81.3442,
    -15.6558,
    0.0,
    81.3442,
    97.0
  ],
  "hmk": [
    1769.446,
    -340.554,
    0.0,
    1769.446,
    2110.0
  ],
  "wzm": [
    21735.6734,
    -8207.829700000004,
    0.0,
    21735.6734,
    25919.0
  ],
  "lly": [
    6639.1962,
    -3352.0578,
    0.0,
    6639.1962,
    7917.0
  ]
}