{
  "syj": [
    38777.6298,
    1623.6298000000027,
    0.0,
    38777.6298,
    37154.0
  ],
  "cl": [
    17426.658900000002,
    729.6589000000012,
    218.89767000000035,
    17207.76123,
    16697.0
  ],
  "zb": [
    16658.4957,
    697.4957000000012,
    209.24871000000036,
    16449.24699,
    15961.0
  ],
  "zy": [
    8714.895,
    364.8950000000006,
    109.46850000000018,
    8605.4265,
    8350.0
  ],
  "lbc": [
    37161.982200000006,
    1555.9822000000026,
    0.0,
    37161.982200000006,
    35606.0
  ],
  "lz": [
    29212.119300000002,
    1223.119300000002,
    0.0,
    29212.119300000002,
    27989.0
  ],
  "house": [
    71174.0778,
    2980.077800000005,
    0.0,
    71174.0778,
    68194.0
  ],
  "lhx": [
    5812.3653,
    243.3653000000004,
    73.00959000000012,
    5739.35571,
    5569.0
  ],
  "sey": [
    7034.5380000000005,
    294.53800000000047,
    88.36140000000013,
    6946.176600000001,
    6740.0
  ],
  "miao": [
    34258.408800000005,
    1434.4088000000024,
    430.3226400000007,
    33828.086160000006,
    32824.0
  ],
  "hmk": [
    2202.2070000000003,
    92.20700000000015,
    27.662100000000045,
    2174.5449000000003,
    2110.0
  ],
  "wzm": [
    18801.2118,
    -1148.7903000000006,
    0.0,
    18801.2118,
    18014.0
  ]
}