{
  "syj": [
    37220.8772,
    66.87720000000088,
    0.0,
    37220.8772,
    37154.0
  ],
  "cl": [
    16727.0546,
    30.0546000000004,
    9.016380000000119,
    16718.03822,
    16697.0
  ],
  "zb": [
    15989.729800000001,
    28.72980000000038,
    8.618940000000114,
    15981.11086,
    15961.0
  ],
  "zy": [
    8365.03,
    15.030000000000198,
    4.509000000000059,
    8360.521,
    8350.0
  ],
  "lbc": [
    35670.0908,
    64.09080000000085,
    0.0,
    35670.0908,
    35606.0
  ],
  "lz": [
    28039.3802,
    50.38020000000066,
    0.0,
    28039.3802,
    27989.0
  ],
  "house": [
    68316.7492,
    122.74920000000162,
    0.0,
    68316.7492,
    68194.0
  ],
  "lhx": [
    5579.0242,
    10.024200000000132,
    3.0072600000000396,
    5576.0169399999995,
    5569.0
  ],
  "sey": [
    6752.1320000000005,
    12.132000000000161,
    3.639600000000048,
    6748.4924,
    6740.0
  ],
  "miao": [
    32883.0832,
    59.08320000000078,
    17.724960000000234,
    32865.35824,
    32824.0
  ],
  "hmk": [
    2113.7980000000002,
    3.7980000000000502,
    1.139400000000015,
    2112.6586,
    2110.0
  ],
  "wzm": [
    10027.0162,
    44.0396000000007,
    13.21188000000021,
    10013.80432,
    10009.0
  ]
}