{
  "syj": [
    28634.130699999998,
    -17920.252600000003,
    0.0,
    28634.130699999998,
    49463.0
  ],
  "cl": [
    15695.715699999999,
    -10938.148300000003,
    0.0,
    15695.715699999999,
    27113.0
  ],
  "zb": [
    9239.8229,
    -6721.177100000001,
    0.0,
    9239.8229,
    15961.0
  ],
  "zy": [
    4833.815,
    -3516.1850000000004,
    0.0,
    4833.815,
    8350.0
  ],
  "lbc": [
    20612.3134,
    -14993.6866,
    0.0,
    20612.3134,
    35606.0
  ],
  "lz": [
    16202.8321,
    -11786.1679,
    0.0,
    16202.8321,
    27989.0
  ],
  "house": [
    39477.5066,
    -28716.493400000003,
    0.0,
    39477.5066,
    68194.0
  ],
  "lhx": [
    0.0,
    0.0,
    0.0,
    0.0,
    0.0
  ],
  "sey": [
    0.0,
    0.0,
    0.0,
    0.0,
    0.0
  ],
  "miao": [
    56.153299999999994,
    -40.846700000000006,
    0.0,
    56.153299999999994,
    97.0
  ],
  "hmk": [
    1221.479,
    -888.5210000000001,
    0.0,
    1221.479,
    2110.0
  ],
  "wzm": [
    15004.5091,
    -14938.994000000006,
    0.0,
    15004.5091,
    25919.0
  ],
  "lly": [
    4583.1512999999995,
    -5408.1027,
    0.0,
    4583.1512999999995,
    7917.0
  ]
}