{
  "syj": [
    52312.06880000001,
    5757.685500000001,
    0.0,
    52312.06880000001,
    49463.0
  ],
  "cl": [
    28674.708800000004,
    2040.8448,
    612.25344,
    28062.455360000004,
    27113.0
  ],
  "zb": [
    16880.353600000002,
    919.3536000000015,
    275.80608000000046,
    16604.54752,
    15961.0
  ],
  "zy": [
    8830.960000000001,
    480.9600000000008,
    144.28800000000024,
    8686.672,
    8350.0
  ],
  "lbc": [
    37656.905600000006,
    2050.9056000000032,
    0.0,
    37656.905600000006,
    35606.0
  ],
  "lz": [
    29601.166400000002,
    1612.1664000000026,
    0.0,
    29601.166400000002,
    27989.0
  ],
  "house": [
    72121.9744,
    3927.9744000000064,
    0.0,
    72121.9744,
    68194.0
  ],
  "lhx": [
    0.0,
    0.0,
    0.0,
    0.0,
    0.0
  ],
  "sey": [
    0.0,
    0.0,
    0.0,
    0.0,
    0.0
  ],
  "miao": [
    102.58720000000001,
    5.587200000000009,
    1.6761600000000028,
    100.91104000000001,
    97.0
  ],
  "hmk": [
    2231.536,
    121.5360000000002,
    36.460800000000056,
    2195.0752,
    2110.0
  ],
  "wzm": [
    27411.934400000002,
    -2531.568700000002,
    0.0,
    27411.934400000002,
    25919.0
  ],
  "lly": [
    8373.0192,
    -1618.2347999999993,
    0.0,
    8373.0192,
    7917.0
  ]
}