{
  "syj": [
    40130.0354,
    2976.035400000002,
    0.0,
    40130.0354,
    37154.0
  ],
  "cl": [
    18034.4297,
    1337.429700000001,
    401.2289100000003,
    17633.20079,
    16697.0
  ],
  "zb": [
    17239.4761,
    1278.476100000001,
    383.54283000000027,
    16855.93327,
    15961.0
  ],
  "zy": [
    9018.835000000001,
    668.8350000000005,
    200.65050000000014,
    8818.184500000001,
    8350.0
  ],
  "lbc": [
    38458.0406,
    2852.040600000002,
    0.0,
    38458.0406,
    35606.0
  ],
  "lz": [
    30230.9189,
    2241.9189000000015,
    0.0,
    30230.9189,
    27989.0
  ],
  "house": [
    73656.3394,
    5462.339400000004,
    0.0,
    73656.3394,
    68194.0
  ],
  "lhx": [
    6015.0769,
    446.0769000000003,
    133.8230700000001,
    5881.25383,
    5569.0
  ],
  "sey": [
    7279.874000000001,
    539.8740000000004,
    161.9622000000001,
    7117.911800000001,
    6740.0
  ],
  "miao": [
    35453.2024,
    2629.202400000002,
    788.7607200000006,
    34664.44168,
    32824.0
  ],
  "hmk": [
    2279.011,
    169.01100000000014,
    50.70330000000004,
    2228.3077,
    2110.0
  ],
  "wzm": [
    19456.9214,
    -493.0807000000008,
    0.0,
    19456.9214,
    18014.0
  ]
}