{
  "syj": [
    59187.425800000005,
    12633.042500000001,
    0.0,
    59187.425800000005,
    49463.0
  ],
  "cl": [
    32443.415800000002,
    5809.5518,
    1742.86554,
    30700.550260000004,
    27113.0
  ],
  "zb": [
    19098.9326,
    3137.932600000002,
    941.3797800000006,
    18157.55282,
    15961.0
  ],
  "zy": [
    9991.61,
    1641.6100000000008,
    492.48300000000023,
    9499.127,
    8350.0
  ],
  "lbc": [
    42606.1396,
    7000.139600000004,
    0.0,
    42606.1396,
    35606.0
  ],
  "lz": [
    33491.6374,
    5502.637400000003,
    0.0,
    33491.6374,
    27989.0
  ],
  "house": [
    81600.9404,
    13406.940400000007,
    0.0,
    81600.9404,
    68194.0
  ],
  "lhx": [
    0.0,
    0.0,
    0.0,
    0.0,
    0.0
  ],
  "sey": [
    0.0,
    0.0,
    0.0,
    0.0,
    0.0
  ],
  "miao": [
    116.07020000000001,
    19.07020000000001,
    5.721060000000003,
    110.34914,
    97.0
  ],
  "hmk": [
    2524.826,
    414.82600000000025,
    124.44780000000007,
    2400.3782,
    2110.0
  ],
  "wzm": [
    31014.675400000004,
    1071.1722999999984,
    321.3516899999995,
    30693.323710000004,
    25919.0
  ],
  "lly": [
    9473.4822,
    -517.7717999999992,
    0.0,
    9473.4822,
    7917.0
  ]
}