{
  "syj": [
    31136.958499999997,
    -15417.424800000006,
    0.0,
    31136.958499999997,
    49463.0
  ],
  "cl": [
    17067.6335,
    -9566.230500000003,
    0.0,
    17067.6335,
    27113.0
  ],
  "zb": [
    10047.449499999999,
    -5913.550500000001,
    0.0,
    10047.449499999999,
    15961.0
  ],
  "zy": [
    5256.325,
    -3093.6750000000006,
    0.0,
    5256.325,
    8350.0
  ],
  "lbc": [
    22413.977,
    -13192.023000000001,
    0.0,
    22413.977,
    35606.0
  ],
  "lz": [
    17619.0755,
    -10369.924500000001,
    0.0,
    17619.0755,
    27989.0
  ],
  "house": [
    42928.123,
    -25265.877000000004,
    0.0,
    42928.123,
    68194.0
  ],
  "lhx": [
    0.0,
    0.0,
    0.0,
    0.0,
    0.0
  ],
  "sey": [
    0.0,
    0.0,
    0.0,
    0.0,
    0.0
  ],
  "miao": [
    61.061499999999995,
    -35.938500000000005,
    0.0,
    61.061499999999995,
    97.0
  ],
  "hmk": [
    1328.245,
    -781.7550000000001,
    0.0,
    1328.245,
    2110.0
  ],
  "wzm": [
    16316.010499999999,
    -13627.492600000005,
    0.0,
    16316.010499999999,
    25919.0
  ],
  "lly": [
    4983.751499999999,
    -5007.5025000000005,
    0.0,
    4983.751499999999,
    7917.0
  ]
}