{
  "syj": [
    37121.981499999994,
    -9432.401800000005,
    0.0,
    37121.981499999994,
    49463.0
  ],
  "cl": [
    20348.3065,
    -6285.557500000004,
    0.0,
    20348.3065,
    27113.0
  ],
  "zb": [
    11978.7305,
    -3982.269500000001,
    0.0,
    11978.7305,
    15961.0
  ],
  "zy": [
    6266.674999999999,
    -2083.3250000000003,
    0.0,
    6266.674999999999,
    8350.0
  ],
  "lbc": [
    26722.302999999996,
    -8883.697000000002,
    0.0,
    26722.302999999996,
    35606.0
  ],
  "lz": [
    21005.744499999997,
    -6983.255500000001,
    0.0,
    21005.744499999997,
    27989.0
  ],
  "house": [
    51179.596999999994,
    -17014.403000000002,
    0.0,
    51179.596999999994,
    68194.0
  ],
  "lhx": [
    0.0,
    0.0,
    0.0,
    0.0,
    0.0
  ],
  "sey": [
    0.0,
    0.0,
    0.0,
    0.0,
    0.0
  ],
  "miao": [
    72.79849999999999,
    -24.201500000000006,
    0.0,
    72.79849999999999,
    97.0
  ],
  "hmk": [
    1583.5549999999998,
    -526.4450000000002,
    0.0,
    1583.5549999999998,
    2110.0
  ],
  "wzm": [
    19452.209499999997,
    -10491.293600000006,
    0.0,
    19452.209499999997,
    25919.0
  ],
  "lly": [
    5941.7085,
    -4049.5455000000006,
    0.0,
    5941.7085,
    7917.0
  ]
}