{
  "syj": [
    41984.1944,
    -4570.188900000003,
    0.0,
    41984.1944,
    49463.0
  ],
  "cl": [
    23013.5144,
    -3620.3496000000027,
    0.0,
    23013.5144,
    27113.0
  ],
  "zb": [
    13547.6968,
    -2413.3032,
    0.0,
    13547.6968,
    15961.0
  ],
  "zy": [
    7087.48,
    -1262.52,
    0.0,
    7087.48,
    8350.0
  ],
  "lbc": [
    30222.3728,
    -5383.6272,
    0.0,
    30222.3728,
    35606.0
  ],
  "lz": [
    23757.0632,
    -4231.9368,
    0.0,
    23757.0632,
    27989.0
  ],
  "house": [
    57883.0672,
    -10310.9328,
    0.0,
    57883.0672,
    68194.0
  ],
  "lhx": [
    0.0,
    0.0,
    0.0,
    0.0,
    0.0
  ],
  "sey": [
    0.0,
    0.0,
    0.0,
    0.0,
    0.0
  ],
  "miao": [
    82.3336,
    -14.6664,
    0.0,
    82.3336,
    97.0
  ],
  "hmk": [
    1790.968,
    -319.032,
    0.0,
    1790.968,
    2110.0
  ],
  "wzm": [
    22000.0472,
    -7943.4559000000045,
    0.0,
    22000.0472,
    25919.0
  ],
  "lly": [
    6719.9496,
    -3271.3044,
    0.0,
    6719.9496,
    7917.0
  ]
}