{
  "syj": [
    37079.692,
    -74.30800000000006,
    0.0,
    37079.692,
    37154.0
  ],
  "cl": [
    16663.606,
    -33.39400000000003,
    0.0,
    16663.606,
    16697.0
  ],
  "zb": [
    15929.078,
    -31.92200000000003,
    0.0,
    15929.078,
    15961.0
  ],
  "zy": [
    8333.3,
    -16.700000000000014,
    0.0,
    8333.3,
    8350.0
  ],
  "lbc": [
    35534.788,
    -71.21200000000006,
    0.0,
    35534.788,
    35606.0
  ],
  "lz": [
    27933.022,
    -55.97800000000005,
    0.0,
    27933.022,
    27989.0
  ],
  "house": [
    68057.612,
    -136.38800000000012,
    0.0,
    68057.612,
    68194.0
  ],
  "lhx": [
    5557.862,
    -11.13800000000001,
    0.0,
    5557.862,
    5569.0
  ],
  "sey": [
    6726.52,
    -13.480000000000011,
    0.0,
    6726.52,
    6740.0
  ],
  "miao": [
    32758.352,
    -65.64800000000005,
    0.0,
    32758.352,
    32824.0
  ],
  "hmk": [
    2105.78,
    -4.220000000000004,
    0.0,
    2105.78,
    2110.0
  ]
}