{
  "syj": [
    40772.7996,
    3618.7995999999976,
    0.0,
    40772.7996,
    37154.0
  ],
  "cl": [
    18323.2878,
    1626.287799999999,
    487.8863399999997,
    17835.401459999997,
    16697.0
  ],
  "zb": [
    17515.6014,
    1554.6013999999989,
    466.3804199999996,
    17049.22098,
    15961.0
  ],
  "zy": [
    9163.289999999999,
    813.2899999999994,
    243.9869999999998,
    8919.303,
    8350.0
  ],
  "lbc": [
    39074.024399999995,
    3468.0243999999975,
    0.0,
    39074.024399999995,
    35606.0
  ],
  "lz": [
    30715.128599999996,
    2726.128599999998,
    0.0,
    30715.128599999996,
    27989.0
  ],
  "house": [
    74836.0956,
    6642.095599999995,
    0.0,
    74836.0956,
    68194.0
  ],
  "lhx": [
    6111.4205999999995,
    542.4205999999996,
    162.72617999999986,
    5948.69442,
    5569.0
  ],
  "sey": [
    7396.476,
    656.4759999999995,
    196.94279999999986,
    7199.5332,
    6740.0
  ],
  "miao": [
    36021.0576,
    3197.057599999998,
    959.1172799999993,
    35061.94032,
    32824.0
  ],
  "hmk": [
    2315.5139999999997,
    205.51399999999987,
    61.65419999999996,
    2253.8597999999997,
    2110.0
  ],
  "wzm": [
    19768.563599999998,
    -181.43850000000313,
    0.0,
    19768.563599999998,
    18014.0
  ]
}