{
  "syj": [
    36529.8128,
    -624.1872000000013,
    0.0,
    36529.8128,
    37154.0
  ],
  "cl": [
    16416.4904,
    -280.5096000000006,
    0.0,
    16416.4904,
    16697.0
  ],
  "zb": [
    15692.8552,
    -268.1448000000006,
    0.0,
    15692.8552,
    15961.0
  ],
  "zy": [
    8209.72,
    -140.2800000000003,
    0.0,
    8209.72,
    8350.0
  ],
  "lbc": [
    35007.8192,
    -598.1808000000013,
    0.0,
    35007.8192,
    35606.0
  ],
  "lz": [
    27518.784799999998,
    -470.21520000000106,
    0.0,
    27518.784799999998,
    27989.0
  ],
  "house": [
    67048.34079999999,
    -1145.6592000000026,
    0.0,
    67048.34079999999,
    68194.0
  ],
  "lhx": [
    5475.440799999999,
    -93.5592000000002,
    0.0,
    5475.440799999999,
    5569.0
  ],
  "sey": [
    6626.768,
    -113.23200000000026,
    0.0,
    6626.768,
    6740.0
  ],
  "miao": [
    32272.5568,
    -551.4432000000012,
    0.0,
    32272.5568,
    32824.0
  ],
  "hmk": [
    2074.552,
    -35.44800000000008,
    0.0,
    2074.552,
    2110.0
  ],
  "wzm": [
    25483.5608,
    -4459.942300000005,
    0.0,
    25483.5608,
    25919.0
  ],
  "lly": [
    7783.9944,
    -2207.2596000000003,
    0.0,
    7783.9944,
    7917.0
  ]
}