{
  "syj": [
    44022.07,
    -2532.3133000000025,
    0.0,
    44022.07,
    49463.0
  ],
  "cl": [
    24130.57,
    -2503.294000000002,
    0.0,
    24130.57,
    27113.0
  ],
  "zb": [
    14205.29,
    -1755.7099999999998,
    0.0,
    14205.29,
    15961.0
  ],
  "zy": [
    7431.5,
    -918.4999999999999,
    0.0,
    7431.5,
    8350.0
  ],
  "lbc": [
    31689.34,
    -3916.6599999999994,
    0.0,
    31689.34,
    35606.0
  ],
  "lz": [
    24910.21,
    -3078.7899999999995,
    0.0,
    24910.21,
    27989.0
  ],
  "house": [
    60692.66,
    -7501.339999999999,
    0.0,
    60692.66,
    68194.0
  ],
  "lhx": [
    0.0,
    0.0,
    0.0,
    0.0,
    0.0
  ],
  "sey": [
    0.0,
    0.0,
    0.0,
    0.0,
    0.0
  ],
  "miao": [
    86.33,
    -10.669999999999998,
    0.0,
    86.33,
    97.0
  ],
  "hmk": [
    1877.9,
    -232.09999999999997,
    0.0,
    1877.9,
    2110.0
  ],
  "wzm": [
    23067.91,
    -6875.593100000004,
    0.0,
    23067.91,
    25919.0
  ],
  "lly": [
    7046.13,
    -2945.124,
    0.0,
    7046.13,
    7917.0
  ]
}