{
  "syj": [
    23717.5085,
    -22836.874800000005,
    0.0,
    23717.5085,
    49463.0
  ],
  "cl": [
    13000.6835,
    -13633.180500000004,
    0.0,
    13000.6835,
    27113.0
  ],
  "zb": [
    7653.2995,
    -8307.700499999999,
    0.0,
    7653.2995,
    15961.0
  ],
  "zy": [
    4003.825,
    -4346.174999999999,
    0.0,
    4003.825,
    8350.0
  ],
  "lbc": [
    17073.077,
    -18532.923,
    0.0,
    17073.077,
    35606.0
  ],
  "lz": [
    13420.725499999999,
    -14568.2745,
    0.0,
    13420.725499999999,
    27989.0
  ],
  "house": [
    32699.022999999997,
    -35494.977,
    0.0,
    32699.022999999997,
    68194.0
  ],
  "lhx": [
    0.0,
    0.0,
    0.0,
    0.0,
    0.0
  ],
  "sey": [
    0.0,
    0.0,
    0.0,
    0.0,
    0.0
  ],
  "miao": [
    46.5115,
    -50.488499999999995,
    0.0,
    46.5115,
    97.0
  ],
  "hmk": [
    1011.745,
    -1098.2549999999999,
    0.0,
    1011.745,
    2110.0
  ],
  "wzm": [
    12428.1605,
    -17515.342600000004,
    0.0,
    12428.1605,
    25919.0
  ],
  "lly": [
    3796.2014999999997,
    -6195.0525,
    0.0,
    3796.2014999999997,
    7917.0
  ]
}