{
  "syj": [
    28747.895600000003,
    -17806.4877,
    0.0,
    28747.895600000003,
    49463.0
  ],
  "cl": [
    15758.075600000002,
    -10875.788400000001,
    0.0,
    15758.075600000002,
    27113.0
  ],
  "zb": [
    9276.533200000002,
    -6684.466799999999,
    0.0,
    9276.533200000002,
    15961.0
  ],
  "zy": [
    4853.02,
    -3496.9799999999996,
    0.0,
    4853.02,
    8350.0
  ],
  "lbc": [
    20694.2072,
    -14911.792799999997,
    0.0,
    20694.2072,
    35606.0
  ],
  "lz": [
    16267.206800000002,
    -11721.793199999998,
    0.0,
    16267.206800000002,
    27989.0
  ],
  "house": [
    39634.3528,
    -28559.647199999996,
    0.0,
    39634.3528,
    68194.0
  ],
  "lhx": [
    0.0,
    0.0,
    0.0,
    0.0,
    0.0
  ],
  "sey": [
    0.0,
    0.0,
    0.0,
    0.0,
    0.0
  ],
  "miao": [
    56.376400000000004,
    -40.623599999999996,
    0.0,
    56.376400000000004,
    97.0
  ],
  "hmk": [
    1226.332,
    -883.6679999999999,
    0.0,
    1226.332,
    2110.0
  ],
  "wzm": [
    15064.122800000001,
    -14879.380300000003,
    0.0,
    15064.122800000001,
    25919.0
  ],
  "lly": [
    4601.3604000000005,
    -5389.893599999999,
    0.0,
    4601.3604000000005,
    7917.0
  ]
}