{
  "syj": [
    38259.6305,
    -8294.752800000006,
    0.0,
    38259.6305,
    49463.0
  ],
  "cl": [
    20971.9055,
    -5661.958500000003,
    0.0,
    20971.9055,
    27113.0
  ],
  "zb": [
    12345.833499999999,
    -3615.1665000000007,
    0.0,
    12345.833499999999,
    15961.0
  ],
  "zy": [
    6458.724999999999,
    -1891.2750000000003,
    0.0,
    6458.724999999999,
    8350.0
  ],
  "lbc": [
    27541.240999999998,
    -8064.759000000001,
    0.0,
    27541.240999999998,
    35606.0
  ],
  "lz": [
    21649.4915,
    -6339.508500000001,
    0.0,
    21649.4915,
    27989.0
  ],
  "house": [
    52748.059,
    -15445.941000000003,
    0.0,
    52748.059,
    68194.0
  ],
  "lhx": [
    0.0,
    0.0,
    0.0,
    0.0,
    0.0
  ],
  "sey": [
    0.0,
    0.0,
    0.0,
    0.0,
    0.0
  ],
  "miao": [
    75.0295,
    -21.970500000000005,
    0.0,
    75.0295,
    97.0
  ],
  "hmk": [
    1632.085,
    -477.9150000000001,
    0.0,
    1632.085,
    2110.0
  ],
  "wzm": [
    20048.3465,
    -9895.156600000006,
    0.0,
    20048.3465,
    25919.0
  ],
  "lly": [
    6123.7995,
    -3867.4545000000003,
    0.0,
    6123.7995,
    7917.0
  ]
}