{
  "syj": [
    32061.9166,
    -14492.466700000003,
    0.0,
    32061.9166,
    49463.0
  ],
  "cl": [
    17574.6466,
    -9059.217400000003,
    0.0,
    17574.6466,
    27113.0
  ],
  "zb": [
    10345.9202,
    -5615.0798,
    0.0,
    10345.9202,
    15961.0
  ],
  "zy": [
    5412.47,
    -2937.53,
    0.0,
    5412.47,
    8350.0
  ],
  "lbc": [
    23079.8092,
    -12526.1908,
    0.0,
    23079.8092,
    35606.0
  ],
  "lz": [
    18142.4698,
    -9846.5302,
    0.0,
    18142.4698,
    27989.0
  ],
  "house": [
    44203.3508,
    -23990.6492,
    0.0,
    44203.3508,
    68194.0
  ],
  "lhx": [
    0.0,
    0.0,
    0.0,
    0.0,
    0.0
  ],
  "sey": [
    0.0,
    0.0,
    0.0,
    0.0,
    0.0
  ],
  "miao": [
    62.8754,
    -34.1246,
    0.0,
    62.8754,
    97.0
  ],
  "hmk": [
    1367.702,
    -742.298,
    0.0,
    1367.702,
    2110.0
  ],
  "wzm": [
    16800.6958,
    -13142.807300000004,
    0.0,
    16800.6958,
    25919.0
  ],
  "lly": [
    5131.7994,
    -4859.4546,
    0.0,
    5131.7994,
    7917.0
  ]
}