{
  "syj": [
    45426.8192,
    -1127.5641000000035,
    0.0,
    45426.8192,
    49463.0
  ],
  "cl": [
    24900.5792,
    -1733.2848000000029,
    0.0,
    24900.5792,
    27113.0
  ],
  "zb": [
    14658.5824,
    -1302.4176,
    0.0,
    14658.5824,
    15961.0
  ],
  "zy": [
    7668.64,
    -681.36,
    0.0,
    7668.64,
    8350.0
  ],
  "lbc": [
    32700.5504,
    -2905.4496000000004,
    0.0,
    32700.5504,
    35606.0
  ],
  "lz": [
    25705.0976,
    -2283.9024,
    0.0,
    25705.0976,
    27989.0
  ],
  "house": [
    62629.3696,
    -5564.6304,
    0.0,
    62629.3696,
    68194.0
  ],
  "lhx": [
    0.0,
    0.0,
    0.0,
    0.0,
    0.0
  ],
  "sey": [
    0.0,
    0.0,
    0.0,
    0.0,
    0.0
  ],
  "miao": [
    89.0848,
    -7.9152000000000005,
    0.0,
    89.0848,
    97.0
  ],
  "hmk": [
    1937.824,
    -172.17600000000002,
    0.0,
    1937.824,
    2110.0
  ],
  "wzm": [
    23804.0096,
    -6139.493500000005,
    0.0,
    23804.0096,
    25919.0
  ],
  "lly": [
    7270.9728,
    -2720.2812000000004,
    0.0,
    7270.9728,
    7917.0
  ]
}