{
  "syj": [
    41434.1408,
    4280.140799999999,
    0.0,
    41434.1408,
    37154.0
  ],
  "cl": [
    18620.4944,
    1923.4943999999996,
    577.0483199999999,
    18043.44608,
    16697.0
  ],
  "zb": [
    17799.7072,
    1838.7071999999996,
    551.6121599999999,
    17248.09504,
    15961.0
  ],
  "zy": [
    9311.92,
    961.9199999999997,
    288.5759999999999,
    9023.344000000001,
    8350.0
  ],
  "lbc": [
    39707.8112,
    4101.811199999999,
    0.0,
    39707.8112,
    35606.0
  ],
  "lz": [
    31213.3328,
    3224.332799999999,
    0.0,
    31213.3328,
    27989.0
  ],
  "house": [
    76049.9488,
    7855.948799999998,
    0.0,
    76049.9488,
    68194.0
  ],
  "lhx": [
    6210.5488,
    641.5487999999998,
    192.46463999999995,
    6018.084159999999,
    5569.0
  ],
  "sey": [
    7516.447999999999,
    776.4479999999998,
    232.93439999999993,
    7283.513599999999,
    6740.0
  ],
  "miao": [
    36605.3248,
    3781.324799999999,
    1134.3974399999997,
    35470.92736,
    32824.0
  ],
  "hmk": [
    2353.072,
    243.07199999999995,
    72.92159999999998,
    2280.1504,
    2110.0
  ],
  "wzm": [
    20089.2128,
    139.21069999999756,
    41.76320999999927,
    20047.44959,
    18014.0
  ]
}