{
  "syj": [
    35173.139299999995,
    -11381.244000000006,
    0.0,
    35173.139299999995,
    49463.0
  ],
  "cl": [
    19280.0543,
    -7353.809700000003,
    0.0,
    19280.0543,
    27113.0
  ],
  "zb": [
    11349.8671,
    -4611.1329000000005,
    0.0,
    11349.8671,
    15961.0
  ],
  "zy": [
    5937.6849999999995,
    -2412.3150000000005,
    0.0,
    5937.6849999999995,
    8350.0
  ],
  "lbc": [
    25319.4266,
    -10286.573400000001,
    0.0,
    25319.4266,
    35606.0
  ],
  "lz": [
    19902.977899999998,
    -8086.022100000001,
    0.0,
    19902.977899999998,
    27989.0
  ],
  "house": [
    48492.753399999994,
    -19701.246600000002,
    0.0,
    48492.753399999994,
    68194.0
  ],
  "lhx": [
    0.0,
    0.0,
    0.0,
    0.0,
    0.0
  ],
  "sey": [
    0.0,
    0.0,
    0.0,
    0.0,
    0.0
  ],
  "miao": [
    68.9767,
    -28.023300000000006,
    0.0,
    68.9767,
    97.0
  ],
  "hmk": [
    1500.4209999999998,
    -609.5790000000001,
    0.0,
    1500.4209999999998,
    2110.0
  ],
  "wzm": [
    18431.0009,
    -11512.502200000006,
    0.0,
    18431.0009,
    25919.0
  ],
  "lly": [
    5629.7787,
    -4361.4753,
    0.0,
    5629.7787,
    7917.0
  ]
}