{
  "syj": [
    27590.461399999997,
    -18963.921900000005,
    0.0,
    27590.461399999997,
    49463.0
  ],
  "cl": [
    15123.631399999998,
    -11510.232600000003,
    0.0,
    15123.631399999998,
    27113.0
  ],
  "zb": [
    8903.0458,
    -7057.954200000001,
    0.0,
    8903.0458,
    15961.0
  ],
  "zy": [
    4657.63,
    -3692.3700000000003,
    0.0,
    4657.63,
    8350.0
  ],
  "lbc": [
    19861.0268,
    -15744.973200000002,
    0.0,
    19861.0268,
    35606.0
  ],
  "lz": [
    15612.2642,
    -12376.7358,
    0.0,
    15612.2642,
    27989.0
  ],
  "house": [
    38038.6132,
    -30155.386800000004,
    0.0,
    38038.6132,
    68194.0
  ],
  "lhx": [
    0.0,
    0.0,
    0.0,
    0.0,
    0.0
  ],
  "sey": [
    0.0,
    0.0,
    0.0,
    0.0,
    0.0
  ],
  "miao": [
    54.10659999999999,
    -42.89340000000001,
    0.0,
    54.10659999999999,
    97.0
  ],
  "hmk": [
    1176.9579999999999,
    -933.042,
    0.0,
    1176.9579999999999,
    2110.0
  ],
  "wzm": [
    14457.618199999999,
    -15485.884900000005,
    0.0,
    14457.618199999999,
    25919.0
  ],
  "lly": [
    4416.102599999999,
    -5575.151400000001,
    0.0,
    4416.102599999999,
    7917.0
  ]
}