{
  "syj": [
    29816.2964,
    -16738.086900000002,
    0.0,
    29816.2964,
    49463.0
  ],
  "cl": [
    16343.7164,
    -10290.147600000002,
    0.0,
    16343.7164,
    27113.0
  ],
  "zb": [
    9621.2908,
    -6339.7092,
    0.0,
    9621.2908,
    15961.0
  ],
  "zy": [
    5033.38,
    -3316.62,
    0.0,
    5033.38,
    8350.0
  ],
  "lbc": [
    21463.2968,
    -14142.7032,
    0.0,
    21463.2968,
    35606.0
  ],
  "lz": [
    16871.7692,
    -11117.2308,
    0.0,
    16871.7692,
    27989.0
  ],
  "house": [
    41107.3432,
    -27086.6568,
    0.0,
    41107.3432,
    68194.0
  ],
  "lhx": [
    0.0,
    0.0,
    0.0,
    0.0,
    0.0
  ],
  "sey": [
    0.0,
    0.0,
    0.0,
    0.0,
    0.0
  ],
  "miao": [
    58.4716,
    -38.5284,
    0.0,
    58.4716,
    97.0
  ],
  "hmk": [
    1271.908,
    -838.092,
    0.0,
    1271.908,
    2110.0
  ],
  "wzm": [
    15623.9732,
    -14319.529900000005,
    0.0,
    15623.9732,
    25919.0
  ],
  "lly": [
    4772.3676,
    -5218.8864,
    0.0,
    4772.3676,
    7917.0
  ]
}