{
  "syj": [
    23613.6362,
    -22940.747100000004,
    0.0,
    23613.6362,
    49463.0
  ],
  "cl": [
    12943.7462,
    -13690.117800000004,
    0.0,
    12943.7462,
    27113.0
  ],
  "zb": [
    7619.7814,
    -8341.2186,
    0.0,
    7619.7814,
    15961.0
  ],
  "zy": [
    3986.29,
    -4363.71,
    0.0,
    3986.29,
    8350.0
  ],
  "lbc": [
    16998.3044,
    -18607.6956,
    0.0,
    16998.3044,
    35606.0
  ],
  "lz": [
    13361.9486,
    -14627.051399999998,
    0.0,
    13361.9486,
    27989.0
  ],
  "house": [
    32555.815599999998,
    -35638.1844,
    0.0,
    32555.815599999998,
    68194.0
  ],
  "lhx": [
    0.0,
    0.0,
    0.0,
    0.0,
    0.0
  ],
  "sey": [
    0.0,
    0.0,
    0.0,
    0.0,
    0.0
  ],
  "miao": [
    46.3078,
    -50.69219999999999,
    0.0,
    46.3078,
    97.0
  ],
  "hmk": [
    1007.314,
    -1102.686,
    0.0,
    1007.314,
    2110.0
  ],
  "wzm": [
    12373.730599999999,
    -17569.772500000003,
    0.0,
    12373.730599999999,
    25919.0
  ],
  "lly": [
    3779.5758,
    -6211.678199999999,
    0.0,
    3779.5758,
    7917.0
  ]
}