{
  "syj": [
    26724.8589,
    -19829.524400000002,
    0.0,
    26724.8589,
    49463.0
  ],
  "cl": [
    14649.1539,
    -11984.710100000002,
    0.0,
    14649.1539,
    27113.0
  ],
  "zb": [
    8623.7283,
    -7337.2717,
    0.0,
    8623.7283,
    15961.0
  ],
  "zy": [
    4511.505,
    -3838.495,
    0.0,
    4511.505,
    8350.0
  ],
  "lbc": [
    19237.9218,
    -16368.0782,
    0.0,
    19237.9218,
    35606.0
  ],
  "lz": [
    15122.4567,
    -12866.5433,
    0.0,
    15122.4567,
    27989.0
  ],
  "house": [
    36845.2182,
    -31348.7818,
    0.0,
    36845.2182,
    68194.0
  ],
  "lhx": [
    0.0,
    0.0,
    0.0,
    0.0,
    0.0
  ],
  "sey": [
    0.0,
    0.0,
    0.0,
    0.0,
    0.0
  ],
  "miao": [
    52.4091,
    -44.5909,
    0.0,
    52.4091,
    97.0
  ],
  "hmk": [
    1140.033,
    -969.967,
    0.0,
    1140.033,
    2110.0
  ],
  "wzm": [
    14004.0357,
    -15939.467400000005,
    0.0,
    14004.0357,
    25919.0
  ],
  "lly": [
    4277.5551,
    -5713.6989,
    0.0,
    4277.5551,
    7917.0
  ]
}