{
  "syj": [
    41478.725600000005,
    4324.7256000000025,
    0.0,
    41478.725600000005,
    37154.0
  ],
  "cl": [
    18640.5308,
    1943.530800000001,
    583.0592400000003,
    18057.47156,
    16697.0
  ],
  "zb": [
    17818.8604,
    1857.860400000001,
    557.3581200000002,
    17261.50228,
    15961.0
  ],
  "zy": [
    9321.94,
    971.9400000000005,
    291.58200000000016,
    9030.358,
    8350.0
  ],
  "lbc": [
    39750.538400000005,
    4144.538400000002,
    0.0,
    39750.538400000005,
    35606.0
  ],
  "lz": [
    31246.9196,
    3257.9196000000015,
    0.0,
    31246.9196,
    27989.0
  ],
  "house": [
    76131.7816,
    7937.781600000004,
    0.0,
    76131.7816,
    68194.0
  ],
  "lhx": [
    6217.2316,
    648.2316000000003,
    194.4694800000001,
    6022.76212,
    5569.0
  ],
  "sey": [
    7524.536,
    784.5360000000004,
    235.3608000000001,
    7289.1752,
    6740.0
  ],
  "miao": [
    36644.7136,
    3820.713600000002,
    1146.2140800000004,
    35498.499520000005,
    32824.0
  ],
  "hmk": [
    2355.6040000000003,
    245.60400000000013,
    73.68120000000003,
    2281.9228000000003,
    2110.0
  ],
  "wzm": [
    20110.8296,
    160.8274999999992,
    48.24824999999976,
    20062.58135,
    18014.0
  ]
}