{
  "syj": [
    35389.185,
    -1764.8149999999996,
    0.0,
    35389.185,
    37154.0
  ],
  "cl": [
    15903.8925,
    -793.1074999999997,
    0.0,
    15903.8925,
    16697.0
  ],
  "zb": [
    15202.8525,
    -758.1474999999998,
    0.0,
    15202.8525,
    15961.0
  ],
  "zy": [
    7953.375,
    -396.6249999999999,
    0.0,
    7953.375,
    8350.0
  ],
  "lbc": [
    33914.715000000004,
    -1691.2849999999996,
    0.0,
    33914.715000000004,
    35606.0
  ],
  "lz": [
    26659.5225,
    -1329.4774999999997,
    0.0,
    26659.5225,
    27989.0
  ],
  "house": [
    64954.785,
    -3239.2149999999992,
    0.0,
    64954.785,
    68194.0
  ],
  "lhx": [
    5304.4725,
    -264.5274999999999,
    0.0,
    5304.4725,
    5569.0
  ],
  "sey": [
    6419.85,
    -320.1499999999999,
    0.0,
    6419.85,
    6740.0
  ],
  "miao": [
    31264.86,
    -1559.1399999999996,
    0.0,
    31264.86,
    32824.0
  ],
  "hmk": [
    2009.775,
    -100.22499999999997,
    0.0,
    2009.775,
    2110.0
  ],
  "wzm": [
    24687.8475,
    -5255.655600000004,
    0.0,
    24687.8475,
    25919.0
  ],
  "lly": [
    7540.9425,
    -2450.3115,
    0.0,
    7540.9425,
    7917.0
  ]
}