{
  "syj": [
    23648.2603,
    -22906.123000000003,
    0.0,
    23648.2603,
    49463.0
  ],
  "cl": [
    12962.7253,
    -13671.1387,
    0.0,
    12962.7253,
    27113.0
  ],
  "zb": [
    7630.954100000001,
    -8330.045900000001,
    0.0,
    7630.954100000001,
    15961.0
  ],
  "zy": [
    3992.135,
    -4357.865000000001,
    0.0,
    3992.135,
    8350.0
  ],
  "lbc": [
    17023.228600000002,
    -18582.7714,
    0.0,
    17023.228600000002,
    35606.0
  ],
  "lz": [
    13381.5409,
    -14607.4591,
    0.0,
    13381.5409,
    27989.0
  ],
  "house": [
    32603.5514,
    -35590.4486,
    0.0,
    32603.5514,
    68194.0
  ],
  "lhx": [
    0.0,
    0.0,
    0.0,
    0.0,
    0.0
  ],
  "sey": [
    0.0,
    0.0,
    0.0,
    0.0,
    0.0
  ],
  "miao": [
    46.3757,
    -50.624300000000005,
    0.0,
    46.3757,
    97.0
  ],
  "hmk": [
    1008.791,
    -1101.209,
    0.0,
    1008.791,
    2110.0
  ],
  "wzm": [
    12391.8739,
    -17551.629200000007,
    0.0,
    12391.8739,
    25919.0
  ],
  "lly": [
    3785.1177000000002,
    -6206.1363,
    0.0,
    3785.1177000000002,
    7917.0
  ]
}