{
  "syj": [
    60542.712,
    13988.328699999996,
    0.0,
    60542.712,
    49463.0
  ],
  "cl": [
    33186.312,
    6552.447999999997,
    1965.734399999999,
    31220.5776,
    27113.0
  ],
  "zb": [
    19536.264,
    3575.2639999999997,
    1072.5792,
    18463.6848,
    15961.0
  ],
  "zy": [
    10220.4,
    1870.3999999999999,
    561.1199999999999,
    9659.279999999999,
    8350.0
  ],
  "lbc": [
    43581.744,
    7975.743999999999,
    0.0,
    43581.744,
    35606.0
  ],
  "lz": [
    34258.536,
    6269.535999999999,
    0.0,
    34258.536,
    27989.0
  ],
  "house": [
    83469.456,
    15275.455999999998,
    0.0,
    83469.456,
    68194.0
  ],
  "lhx": [
    0.0,
    0.0,
    0.0,
    0.0,
    0.0
  ],
  "sey": [
    0.0,
    0.0,
    0.0,
    0.0,
    0.0
  ],
  "miao": [
    118.728,
    21.727999999999998,
    6.518399999999999,
    112.2096,
    97.0
  ],
  "hmk": [
    2582.64,
    472.63999999999993,
    141.79199999999997,
    2440.848,
    2110.0
  ],
  "wzm": [
    31724.856,
    1781.3528999999949,
    534.4058699999985,
    31190.45013,
    25919.0
  ],
  "lly": [
    9690.408,
    -300.8460000000003,
    0.0,
    9690.408,
    7917.0
  ]
}