{
  "syj": [
    58381.17889999999,
    11826.795599999992,
    0.0,
    58381.17889999999,
    49463.0
  ],
  "cl": [
    32001.473899999997,
    5367.609899999995,
    1610.2829699999984,
    30391.190929999997,
    27113.0
  ],
  "zb": [
    18838.7683,
    2877.7682999999984,
    863.3304899999995,
    17975.43781,
    15961.0
  ],
  "zy": [
    9855.505,
    1505.5049999999992,
    451.65149999999977,
    9403.8535,
    8350.0
  ],
  "lbc": [
    42025.7618,
    6419.761799999997,
    0.0,
    42025.7618,
    35606.0
  ],
  "lz": [
    33035.416699999994,
    5046.416699999997,
    0.0,
    33035.416699999994,
    27989.0
  ],
  "house": [
    80489.37819999999,
    12295.378199999994,
    0.0,
    80489.37819999999,
    68194.0
  ],
  "lhx": [
    0.0,
    0.0,
    0.0,
    0.0,
    0.0
  ],
  "sey": [
    0.0,
    0.0,
    0.0,
    0.0,
    0.0
  ],
  "miao": [
    114.4891,
    17.48909999999999,
    5.246729999999997,
    109.24237,
    97.0
  ],
  "hmk": [
    2490.433,
    380.4329999999998,
    114.12989999999995,
    2376.3031,
    2110.0
  ],
  "wzm": [
    30592.195699999997,
    648.692599999993,
    194.60777999999792,
    30397.587919999998,
    25919.0
  ],
  "lly": [
    9344.435099999999,
    -646.8189000000009,
    0.0,
    9344.435099999999,
    7917.0
  ]
}