{
  "syj": [
    41456.4332,
    4302.433199999997,
    0.0,
    41456.4332,
    37154.0
  ],
  "cl": [
    18630.5126,
    1933.5125999999984,
    580.0537799999995,
    18050.45882,
    16697.0
  ],
  "zb": [
    17809.283799999997,
    1848.2837999999986,
    554.4851399999995,
    17254.798659999997,
    15961.0
  ],
  "zy": [
    9316.929999999998,
    966.9299999999992,
    290.0789999999997,
    9026.850999999999,
    8350.0
  ],
  "lbc": [
    39729.17479999999,
    4123.174799999996,
    0.0,
    39729.17479999999,
    35606.0
  ],
  "lz": [
    31230.1262,
    3241.1261999999974,
    0.0,
    31230.1262,
    27989.0
  ],
  "house": [
    76090.8652,
    7896.865199999994,
    0.0,
    76090.8652,
    68194.0
  ],
  "lhx": [
    6213.8902,
    644.8901999999995,
    193.46705999999983,
    6020.42314,
    5569.0
  ],
  "sey": [
    7520.491999999999,
    780.4919999999994,
    234.1475999999998,
    7286.344399999999,
    6740.0
  ],
  "miao": [
    36625.019199999995,
    3801.019199999997,
    1140.305759999999,
    35484.71344,
    32824.0
  ],
  "hmk": [
    2354.3379999999997,
    244.3379999999998,
    73.30139999999993,
    2281.0366,
    2110.0
  ],
  "wzm": [
    20100.0212,
    150.01909999999637,
    45.00572999999891,
    20055.015470000002,
    18014.0
  ]
}