{
  "syj": [
    45209.182,
    -1345.2013000000013,
    0.0,
    45209.182,
    49463.0
  ],
  "cl": [
    24781.282,
    -1852.5820000000017,
    0.0,
    24781.282,
    27113.0
  ],
  "zb": [
    14588.354000000001,
    -1372.6459999999995,
    0.0,
    14588.354000000001,
    15961.0
  ],
  "zy": [
    7631.900000000001,
    -718.0999999999997,
    0.0,
    7631.900000000001,
    8350.0
  ],
  "lbc": [
    32543.884000000002,
    -3062.1159999999986,
    0.0,
    32543.884000000002,
    35606.0
  ],
  "lz": [
    25581.946,
    -2407.053999999999,
    0.0,
    25581.946,
    27989.0
  ],
  "house": [
    62329.316,
    -5864.6839999999975,
    0.0,
    62329.316,
    68194.0
  ],
  "lhx": [
    0.0,
    0.0,
    0.0,
    0.0,
    0.0
  ],
  "sey": [
    0.0,
    0.0,
    0.0,
    0.0,
    0.0
  ],
  "miao": [
    88.658,
    -8.341999999999997,
    0.0,
    88.658,
    97.0
  ],
  "hmk": [
    1928.54,
    -181.45999999999992,
    0.0,
    1928.54,
    2110.0
  ],
  "wzm": [
    23689.966,
    -6253.537100000003,
    0.0,
    23689.966,
    25919.0
  ],
  "lly": [
    7236.138,
    -2755.116,
    0.0,
    7236.138,
    7917.0
  ]
}