{
  "syj": [
    59286.351800000004,
    12731.968500000003,
    0.0,
    59286.351800000004,
    49463.0
  ],
  "cl": [
    32497.6418,
    5863.777800000001,
    1759.13334,
    30738.50846,
    27113.0
  ],
  "zb": [
    19130.854600000002,
    3169.854600000002,
    950.9563800000005,
    18179.898220000003,
    15961.0
  ],
  "zy": [
    10008.310000000001,
    1658.3100000000009,
    497.4930000000002,
    9510.817000000001,
    8350.0
  ],
  "lbc": [
    42677.3516,
    7071.351600000004,
    0.0,
    42677.3516,
    35606.0
  ],
  "lz": [
    33547.6154,
    5558.615400000003,
    0.0,
    33547.6154,
    27989.0
  ],
  "house": [
    81737.32840000001,
    13543.328400000008,
    0.0,
    81737.32840000001,
    68194.0
  ],
  "lhx": [
    0.0,
    0.0,
    0.0,
    0.0,
    0.0
  ],
  "sey": [
    0.0,
    0.0,
    0.0,
    0.0,
    0.0
  ],
  "miao": [
    116.26420000000002,
    19.26420000000001,
    5.7792600000000025,
    110.48494000000001,
    97.0
  ],
  "hmk": [
    2529.0460000000003,
    419.0460000000002,
    125.71380000000006,
    2403.3322000000003,
    2110.0
  ],
  "wzm": [
    31066.513400000003,
    1123.0102999999983,
    336.9030899999995,
    30729.610310000004,
    25919.0
  ],
  "lly": [
    9489.316200000001,
    -501.93779999999924,
    0.0,
    9489.316200000001,
    7917.0
  ]
}