{
  "syj": [
    48953.5311,
    2399.147799999998,
    0.0,
    48953.5311,
    49463.0
  ],
  "cl": [
    26833.736100000002,
    199.87209999999806,
    59.96162999999942,
    26773.774470000004,
    27113.0
  ],
  "zb": [
    15796.601700000001,
    -164.3982999999996,
    0.0,
    15796.601700000001,
    15961.0
  ],
  "zy": [
    8263.995,
    -86.0049999999998,
    0.0,
    8263.995,
    8350.0
  ],
  "lbc": [
    35239.258200000004,
    -366.74179999999916,
    0.0,
    35239.258200000004,
    35606.0
  ],
  "lz": [
    27700.7133,
    -288.2866999999993,
    0.0,
    27700.7133,
    27989.0
  ],
  "house": [
    67491.6018,
    -702.3981999999984,
    0.0,
    67491.6018,
    68194.0
  ],
  "lhx": [
    0.0,
    0.0,
    0.0,
    0.0,
    0.0
  ],
  "sey": [
    0.0,
    0.0,
    0.0,
    0.0,
    0.0
  ],
  "miao": [
    96.0009,
    -0.9990999999999977,
    0.0,
    96.0009,
    97.0
  ],
  "hmk": [
    2088.267,
    -21.732999999999947,
    0.0,
    2088.267,
    2110.0
  ],
  "wzm": [
    25652.0343,
    -4291.468800000004,
    0.0,
    25652.0343,
    25919.0
  ],
  "lly": [
    7835.454900000001,
    -2155.7990999999997,
    0.0,
    7835.454900000001,
    7917.0
  ]
}