{
  "syj": [
    47519.966,
    10365.965999999997,
    0.0,
    47519.966,
    37154.0
  ],
  "cl": [
    21355.463,
    4658.462999999999,
    1397.5388999999996,
    19957.9241,
    16697.0
  ],
  "zb": [
    20414.119,
    4453.118999999999,
    1335.9356999999995,
    19078.1833,
    15961.0
  ],
  "zy": [
    10679.65,
    2329.649999999999,
    698.8949999999998,
    9980.755,
    8350.0
  ],
  "lbc": [
    45540.074,
    9934.073999999997,
    0.0,
    45540.074,
    35606.0
  ],
  "lz": [
    35797.931,
    7808.930999999998,
    0.0,
    35797.931,
    27989.0
  ],
  "house": [
    87220.12599999999,
    19026.125999999993,
    0.0,
    87220.12599999999,
    68194.0
  ],
  "lhx": [
    7122.750999999999,
    1553.7509999999995,
    466.1252999999998,
    6656.6257,
    5569.0
  ],
  "sey": [
    8620.46,
    1880.4599999999994,
    564.1379999999998,
    8056.321999999999,
    6740.0
  ],
  "miao": [
    41981.896,
    9157.895999999997,
    2747.368799999999,
    39234.527200000004,
    32824.0
  ],
  "hmk": [
    2698.6899999999996,
    588.6899999999998,
    176.60699999999994,
    2522.0829999999996,
    2110.0
  ],
  "wzm": [
    33150.401,
    3206.8978999999936,
    962.069369999998,
    32188.33163,
    25919.0
  ],
  "lly": [
    10125.842999999999,
    134.58899999999923,
    40.376699999999765,
    10085.4663,
    7917.0
  ]
}