{
  "syj": [
    41652.7923,
    -4901.591000000005,
    0.0,
    41652.7923,
    49463.0
  ],
  "cl": [
    22831.8573,
    -3802.0067000000035,
    0.0,
    22831.8573,
    27113.0
  ],
  "zb": [
    13440.7581,
    -2520.2419000000004,
    0.0,
    13440.7581,
    15961.0
  ],
  "zy": [
    7031.535,
    -1318.4650000000004,
    0.0,
    7031.535,
    8350.0
  ],
  "lbc": [
    29983.812599999997,
    -5622.187400000002,
    0.0,
    29983.812599999997,
    35606.0
  ],
  "lz": [
    23569.5369,
    -4419.463100000001,
    0.0,
    23569.5369,
    27989.0
  ],
  "house": [
    57426.1674,
    -10767.832600000003,
    0.0,
    57426.1674,
    68194.0
  ],
  "lhx": [
    0.0,
    0.0,
    0.0,
    0.0,
    0.0
  ],
  "sey": [
    0.0,
    0.0,
    0.0,
    0.0,
    0.0
  ],
  "miao": [
    81.6837,
    -15.316300000000004,
    0.0,
    81.6837,
    97.0
  ],
  "hmk": [
    1776.831,
    -333.1690000000001,
    0.0,
    1776.831,
    2110.0
  ],
  "wzm": [
    21826.3899,
    -8117.113200000005,
    0.0,
    21826.3899,
    25919.0
  ],
  "lly": [
    6666.905699999999,
    -3324.3483000000006,
    0.0,
    6666.905699999999,
    7917.0
  ]
}