{
  "syj": [
    38338.7713,
    -8215.612000000003,
    0.0,
    38338.7713,
    49463.0
  ],
  "cl": [
    21015.2863,
    -5618.577700000003,
    0.0,
    21015.2863,
    27113.0
  ],
  "zb": [
    12371.3711,
    -3589.6288999999997,
    0.0,
    12371.3711,
    15961.0
  ],
  "zy": [
    6472.085,
    -1877.915,
    0.0,
    6472.085,
    8350.0
  ],
  "lbc": [
    27598.210600000002,
    -8007.7894,
    0.0,
    27598.210600000002,
    35606.0
  ],
  "lz": [
    21694.2739,
    -6294.7261,
    0.0,
    21694.2739,
    27989.0
  ],
  "house": [
    52857.1694,
    -15336.8306,
    0.0,
    52857.1694,
    68194.0
  ],
  "lhx": [
    0.0,
    0.0,
    0.0,
    0.0,
    0.0
  ],
  "sey": [
    0.0,
    0.0,
    0.0,
    0.0,
    0.0
  ],
  "miao": [
    75.1847,
    -21.8153,
    0.0,
    75.1847,
    97.0
  ],
  "hmk": [
    1635.461,
    -474.539,
    0.0,
    1635.461,
    2110.0
  ],
  "wzm": [
    20089.8169,
    -9853.686200000004,
    0.0,
    20089.8169,
    25919.0
  ],
  "lly": [
    6136.4667,
    -3854.7873,
    0.0,
    6136.4667,
    7917.0
  ]
}