{
  "syj": [
    40341.813200000004,
    3187.8132000000037,
    0.0,
    40341.813200000004,
    37154.0
  ],
  "cl": [
    18129.602600000002,
    1432.6026000000015,
    429.78078000000045,
    17699.82182,
    16697.0
  ],
  "zb": [
    17330.453800000003,
    1369.4538000000016,
    410.83614000000046,
    16919.617660000004,
    15961.0
  ],
  "zy": [
    9066.43,
    716.4300000000009,
    214.92900000000026,
    8851.501,
    8350.0
  ],
  "lbc": [
    38660.9948,
    3054.9948000000036,
    0.0,
    38660.9948,
    35606.0
  ],
  "lz": [
    30390.456200000004,
    2401.456200000003,
    0.0,
    30390.456200000004,
    27989.0
  ],
  "house": [
    74045.04520000001,
    5851.045200000007,
    0.0,
    74045.04520000001,
    68194.0
  ],
  "lhx": [
    6046.8202,
    477.82020000000057,
    143.34606000000016,
    5903.47414,
    5569.0
  ],
  "sey": [
    7318.292,
    578.2920000000007,
    173.4876000000002,
    7144.8044,
    6740.0
  ],
  "miao": [
    35640.2992,
    2816.299200000003,
    844.8897600000009,
    34795.40944,
    32824.0
  ],
  "hmk": [
    2291.038,
    181.0380000000002,
    54.31140000000006,
    2236.7266,
    2110.0
  ],
  "wzm": [
    19559.6012,
    -390.4009000000001,
    0.0,
    19559.6012,
    18014.0
  ]
}