{
  "syj": [
    43443.3529,
    -3111.0304000000046,
    0.0,
    43443.3529,
    49463.0
  ],
  "cl": [
    23813.3479,
    -2820.5161000000035,
    0.0,
    23813.3479,
    27113.0
  ],
  "zb": [
    14018.5463,
    -1942.4537000000005,
    0.0,
    14018.5463,
    15961.0
  ],
  "zy": [
    7333.804999999999,
    -1016.1950000000003,
    0.0,
    7333.804999999999,
    8350.0
  ],
  "lbc": [
    31272.749799999998,
    -4333.250200000001,
    0.0,
    31272.749799999998,
    35606.0
  ],
  "lz": [
    24582.738699999998,
    -3406.261300000001,
    0.0,
    24582.738699999998,
    27989.0
  ],
  "house": [
    59894.790199999996,
    -8299.209800000002,
    0.0,
    59894.790199999996,
    68194.0
  ],
  "lhx": [
    0.0,
    0.0,
    0.0,
    0.0,
    0.0
  ],
  "sey": [
    0.0,
    0.0,
    0.0,
    0.0,
    0.0
  ],
  "miao": [
    85.1951,
    -11.804900000000004,
    0.0,
    85.1951,
    97.0
  ],
  "hmk": [
    1853.213,
    -256.7870000000001,
    0.0,
    1853.213,
    2110.0
  ],
  "wzm": [
    22764.6577,
    -7178.845400000006,
    0.0,
    22764.6577,
    25919.0
  ],
  "lly": [
    6953.5010999999995,
    -3037.7529000000004,
    0.0,
    6953.5010999999995,
    7917.0
  ]
}