{
  "syj": [
    37715.5375,
    -8838.845800000005,
    0.0,
    37715.5375,
    49463.0
  ],
  "cl": [
    20673.6625,
    -5960.201500000004,
    0.0,
    20673.6625,
    27113.0
  ],
  "zb": [
    12170.262499999999,
    -3790.7375000000006,
    0.0,
    12170.262499999999,
    15961.0
  ],
  "zy": [
    6366.875,
    -1983.1250000000005,
    0.0,
    6366.875,
    8350.0
  ],
  "lbc": [
    27149.574999999997,
    -8456.425000000001,
    0.0,
    27149.574999999997,
    35606.0
  ],
  "lz": [
    21341.6125,
    -6647.387500000002,
    0.0,
    21341.6125,
    27989.0
  ],
  "house": [
    51997.924999999996,
    -16196.075000000003,
    0.0,
    51997.924999999996,
    68194.0
  ],
  "lhx": [
    0.0,
    0.0,
    0.0,
    0.0,
    0.0
  ],
  "sey": [
    0.0,
    0.0,
    0.0,
    0.0,
    0.0
  ],
  "miao": [
    73.96249999999999,
    -23.037500000000005,
    0.0,
    73.96249999999999,
    97.0
  ],
  "hmk": [
    1608.875,
    -501.1250000000001,
    0.0,
    1608.875,
    2110.0
  ],
  "wzm": [
    19763.2375,
    -10180.265600000006,
    0.0,
    19763.2375,
    25919.0
  ],
  "lly": [
    6036.7125,
    -3954.5415000000003,
    0.0,
    6036.7125,
    7917.0
  ]
}