{
  "syj": [
    46892.0634,
    9738.0634,
    0.0,
    46892.0634,
    37154.0
  ],
  "cl": [
    21073.2837,
    4376.2837,
    1312.88511,
    19760.39859,
    16697.0
  ],
  "zb": [
    20144.3781,
    4183.3781,
    1255.01343,
    18889.364670000003,
    15961.0
  ],
  "zy": [
    10538.535,
    2188.535,
    656.5604999999999,
    9881.9745,
    8350.0
  ],
  "lbc": [
    44938.3326,
    9332.3326,
    0.0,
    44938.3326,
    35606.0
  ],
  "lz": [
    35324.9169,
    7335.9169,
    0.0,
    35324.9169,
    27989.0
  ],
  "house": [
    86067.6474,
    17873.6474,
    0.0,
    86067.6474,
    68194.0
  ],
  "lhx": [
    7028.6349,
    1459.6349,
    437.89047,
    6590.74443,
    5569.0
  ],
  "sey": [
    8506.554,
    1766.554,
    529.9662,
    7976.5878,
    6740.0
  ],
  "miao": [
    41427.1704,
    8603.1704,
    2580.95112,
    38846.219280000005,
    32824.0
  ],
  "hmk": [
    2663.031,
    553.031,
    165.90929999999997,
    2497.1217,
    2110.0
  ],
  "wzm": [
    32712.3699,
    2768.8667999999957,
    830.6600399999987,
    31881.709860000003,
    25919.0
  ],
  "lly": [
    9992.0457,
    0.7916999999999128,
    0.23750999999997383,
    9991.80819,
    7917.0
  ]
}