{
  "syj": [
    43151.521199999996,
    -3402.8621000000053,
    0.0,
    43151.521199999996,
    49463.0
  ],
  "cl": [
    23653.3812,
    -2980.482800000004,
    0.0,
    23653.3812,
    27113.0
  ],
  "zb": [
    13924.3764,
    -2036.6236000000008,
    0.0,
    13924.3764,
    15961.0
  ],
  "zy": [
    7284.54,
    -1065.4600000000005,
    0.0,
    7284.54,
    8350.0
  ],
  "lbc": [
    31062.6744,
    -4543.325600000002,
    0.0,
    31062.6744,
    35606.0
  ],
  "lz": [
    24417.6036,
    -3571.3964000000014,
    0.0,
    24417.6036,
    27989.0
  ],
  "house": [
    59492.4456,
    -8701.554400000003,
    0.0,
    59492.4456,
    68194.0
  ],
  "lhx": [
    0.0,
    0.0,
    0.0,
    0.0,
    0.0
  ],
  "sey": [
    0.0,
    0.0,
    0.0,
    0.0,
    0.0
  ],
  "miao": [
    84.6228,
    -12.377200000000004,
    0.0,
    84.6228,
    97.0
  ],
  "hmk": [
    1840.764,
    -269.2360000000001,
    0.0,
    1840.764,
    2110.0
  ],
  "wzm": [
    22611.7356,
    -7331.767500000005,
    0.0,
    22611.7356,
    25919.0
  ],
  "lly": [
    6906.7908,
    -3084.4632000000006,
    0.0,
    6906.7908,
    7917.0
  ]
}