{
  "syj": [
    29405.753500000003,
    -17148.629800000002,
    0.0,
    29405.753500000003,
    49463.0
  ],
  "cl": [
    16118.6785,
    -10515.185500000001,
    0.0,
    16118.6785,
    27113.0
  ],
  "zb": [
    9488.8145,
    -6472.1855,
    0.0,
    9488.8145,
    15961.0
  ],
  "zy": [
    4964.075,
    -3385.9249999999997,
    0.0,
    4964.075,
    8350.0
  ],
  "lbc": [
    21167.767,
    -14438.232999999998,
    0.0,
    21167.767,
    35606.0
  ],
  "lz": [
    16639.4605,
    -11349.539499999999,
    0.0,
    16639.4605,
    27989.0
  ],
  "house": [
    40541.333,
    -27652.666999999998,
    0.0,
    40541.333,
    68194.0
  ],
  "lhx": [
    0.0,
    0.0,
    0.0,
    0.0,
    0.0
  ],
  "sey": [
    0.0,
    0.0,
    0.0,
    0.0,
    0.0
  ],
  "miao": [
    57.6665,
    -39.3335,
    0.0,
    57.6665,
    97.0
  ],
  "hmk": [
    1254.395,
    -855.6049999999999,
    0.0,
    1254.395,
    2110.0
  ],
  "wzm": [
    15408.845500000001,
    -14534.657600000004,
    0.0,
    15408.845500000001,
    25919.0
  ],
  "lly": [
    4706.6565,
    -5284.5975,
    0.0,
    4706.6565,
    7917.0
  ]
}