{
  "syj": [
    34223.4497,
    -12330.933600000006,
    0.0,
    34223.4497,
    49463.0
  ],
  "cl": [
    18759.484699999997,
    -7874.379300000003,
    0.0,
    18759.484699999997,
    27113.0
  ],
  "zb": [
    11043.4159,
    -4917.584100000001,
    0.0,
    11043.4159,
    15961.0
  ],
  "zy": [
    5777.365,
    -2572.635,
    0.0,
    5777.365,
    8350.0
  ],
  "lbc": [
    24635.7914,
    -10970.208600000002,
    0.0,
    24635.7914,
    35606.0
  ],
  "lz": [
    19365.589099999997,
    -8623.4109,
    0.0,
    19365.589099999997,
    27989.0
  ],
  "house": [
    47183.4286,
    -21010.571400000004,
    0.0,
    47183.4286,
    68194.0
  ],
  "lhx": [
    0.0,
    0.0,
    0.0,
    0.0,
    0.0
  ],
  "sey": [
    0.0,
    0.0,
    0.0,
    0.0,
    0.0
  ],
  "miao": [
    67.1143,
    -29.885700000000003,
    0.0,
    67.1143,
    97.0
  ],
  "hmk": [
    1459.9089999999999,
    -650.0910000000001,
    0.0,
    1459.9089999999999,
    2110.0
  ],
  "wzm": [
    17933.356099999997,
    -12010.147000000006,
    0.0,
    17933.356099999997,
    25919.0
  ],
  "lly": [
    5477.7723,
    -4513.4817,
    0.0,
    5477.7723,
    7917.0
  ]
}