{
  "syj": [
    47036.964,
    9882.964,
    0.0,
    47036.964,
    37154.0
  ],
  "cl": [
    21138.402000000002,
    4441.402,
    1332.4206,
    19805.9814,
    16697.0
  ],
  "zb": [
    20206.626,
    4245.626,
    1273.6878,
    18932.9382,
    15961.0
  ],
  "zy": [
    10571.1,
    2221.1,
    666.3299999999999,
    9904.77,
    8350.0
  ],
  "lbc": [
    45077.196,
    9471.196,
    0.0,
    45077.196,
    35606.0
  ],
  "lz": [
    35434.074,
    7445.0740000000005,
    0.0,
    35434.074,
    27989.0
  ],
  "house": [
    86333.604,
    18139.604,
    0.0,
    86333.604,
    68194.0
  ],
  "lhx": [
    7050.354,
    1481.354,
    444.4062,
    6605.9478,
    5569.0
  ],
  "sey": [
    8532.84,
    1792.8400000000001,
    537.852,
    7994.988,
    6740.0
  ],
  "miao": [
    41555.184,
    8731.184000000001,
    2619.3552000000004,
    38935.8288,
    32824.0
  ],
  "hmk": [
    2671.26,
    561.26,
    168.378,
    2502.882,
    2110.0
  ],
  "wzm": [
    32813.454,
    2869.9508999999957,
    860.9852699999986,
    31952.46873,
    25919.0
  ],
  "lly": [
    10022.922,
    31.668000000000028,
    9.500400000000008,
    10013.4216,
    7917.0
  ]
}