{
  "syj": [
    58658.1717,
    12103.788399999994,
    0.0,
    58658.1717,
    49463.0
  ],
  "cl": [
    32153.306699999997,
    5519.442699999996,
    1655.8328099999987,
    30497.473889999997,
    27113.0
  ],
  "zb": [
    18928.1499,
    2967.1498999999994,
    890.1449699999998,
    18038.00493,
    15961.0
  ],
  "zy": [
    9902.265,
    1552.2649999999996,
    465.67949999999985,
    9436.5855,
    8350.0
  ],
  "lbc": [
    42225.155399999996,
    6619.155399999999,
    0.0,
    42225.155399999996,
    35606.0
  ],
  "lz": [
    33192.155099999996,
    5203.155099999999,
    0.0,
    33192.155099999996,
    27989.0
  ],
  "house": [
    80871.2646,
    12677.264599999997,
    0.0,
    80871.2646,
    68194.0
  ],
  "lhx": [
    0.0,
    0.0,
    0.0,
    0.0,
    0.0
  ],
  "sey": [
    0.0,
    0.0,
    0.0,
    0.0,
    0.0
  ],
  "miao": [
    115.03229999999999,
    18.032299999999996,
    5.4096899999999986,
    109.62261,
    97.0
  ],
  "hmk": [
    2502.249,
    392.2489999999999,
    117.67469999999997,
    2384.5742999999998,
    2110.0
  ],
  "wzm": [
    30737.342099999998,
    793.8389999999944,
    238.1516999999983,
    30499.1904,
    25919.0
  ],
  "lly": [
    9388.7703,
    -602.4837000000005,
    0.0,
    9388.7703,
    7917.0
  ]
}