{
  "syj": [
    37350.9162,
    196.91620000000307,
    0.0,
    37350.9162,
    37154.0
  ],
  "cl": [
    16785.4941,
    88.49410000000138,
    26.548230000000412,
    16758.94587,
    16697.0
  ],
  "zb": [
    16045.5933,
    84.59330000000132,
    25.377990000000395,
    16020.21531,
    15961.0
  ],
  "zy": [
    8394.255000000001,
    44.25500000000069,
    13.276500000000206,
    8380.978500000001,
    8350.0
  ],
  "lbc": [
    35794.711800000005,
    188.71180000000294,
    0.0,
    35794.711800000005,
    35606.0
  ],
  "lz": [
    28137.3417,
    148.3417000000023,
    0.0,
    28137.3417,
    27989.0
  ],
  "house": [
    68555.42820000001,
    361.42820000000563,
    0.0,
    68555.42820000001,
    68194.0
  ],
  "lhx": [
    5598.515700000001,
    29.515700000000457,
    8.854710000000138,
    5589.66099,
    5569.0
  ],
  "sey": [
    6775.722000000001,
    35.722000000000556,
    10.716600000000167,
    6765.005400000001,
    6740.0
  ],
  "miao": [
    32997.9672,
    173.96720000000272,
    52.190160000000816,
    32945.77704,
    32824.0
  ],
  "hmk": [
    2121.183,
    11.183000000000174,
    3.354900000000052,
    2117.8280999999997,
    2110.0
  ],
  "wzm": [
    18109.4742,
    -1840.5279000000005,
    0.0,
    18109.4742,
    18014.0
  ]
}