{
  "syj": [
    58326.7696,
    11772.386299999998,
    0.0,
    58326.7696,
    49463.0
  ],
  "cl": [
    31971.6496,
    5337.785599999998,
    1601.3356799999995,
    30370.31392,
    27113.0
  ],
  "zb": [
    18821.2112,
    2860.2112,
    858.06336,
    17963.14784,
    15961.0
  ],
  "zy": [
    9846.32,
    1496.3200000000002,
    448.896,
    9397.423999999999,
    8350.0
  ],
  "lbc": [
    41986.5952,
    6380.595200000001,
    0.0,
    41986.5952,
    35606.0
  ],
  "lz": [
    33004.6288,
    5015.6288,
    0.0,
    33004.6288,
    27989.0
  ],
  "house": [
    80414.3648,
    12220.364800000001,
    0.0,
    80414.3648,
    68194.0
  ],
  "lhx": [
    0.0,
    0.0,
    0.0,
    0.0,
    0.0
  ],
  "sey": [
    0.0,
    0.0,
    0.0,
    0.0,
    0.0
  ],
  "miao": [
    114.3824,
    17.382400000000004,
    5.214720000000001,
    109.16768,
    97.0
  ],
  "hmk": [
    2488.112,
    378.1120000000001,
    113.43360000000003,
    2374.6784000000002,
    2110.0
  ],
  "wzm": [
    30563.6848,
    620.1816999999962,
    186.05450999999886,
    30377.63029,
    25919.0
  ],
  "lly": [
    9335.7264,
    -655.5275999999999,
    0.0,
    9335.7264,
    7917.0
  ]
}