{
  "syj": [
    44353.4721,
    -2200.9112000000005,
    0.0,
    44353.4721,
    49463.0
  ],
  "cl": [
    24312.2271,
    -2321.6369000000013,
    0.0,
    24312.2271,
    27113.0
  ],
  "zb": [
    14312.228700000001,
    -1648.7712999999992,
    0.0,
    14312.228700000001,
    15961.0
  ],
  "zy": [
    7487.445000000001,
    -862.5549999999996,
    0.0,
    7487.445000000001,
    8350.0
  ],
  "lbc": [
    31927.900200000004,
    -3678.099799999998,
    0.0,
    31927.900200000004,
    35606.0
  ],
  "lz": [
    25097.7363,
    -2891.2636999999986,
    0.0,
    25097.7363,
    27989.0
  ],
  "house": [
    61149.5598,
    -7044.440199999996,
    0.0,
    61149.5598,
    68194.0
  ],
  "lhx": [
    0.0,
    0.0,
    0.0,
    0.0,
    0.0
  ],
  "sey": [
    0.0,
    0.0,
    0.0,
    0.0,
    0.0
  ],
  "miao": [
    86.9799,
    -10.020099999999996,
    0.0,
    86.9799,
    97.0
  ],
  "hmk": [
    1892.037,
    -217.96299999999988,
    0.0,
    1892.037,
    2110.0
  ],
  "wzm": [
    23241.567300000002,
    -6701.935800000003,
    0.0,
    23241.567300000002,
    25919.0
  ],
  "lly": [
    7099.173900000001,
    -2892.0800999999997,
    0.0,
    7099.173900000001,
    7917.0
  ]
}