{
  "syj": [
    43576.903,
    -2977.480300000003,
    0.0,
    43576.903,
    49463.0
  ],
  "cl": [
    23886.553,
    -2747.3110000000024,
    0.0,
    23886.553,
    27113.0
  ],
  "zb": [
    14061.641,
    -1899.359,
    0.0,
    14061.641,
    15961.0
  ],
  "zy": [
    7356.35,
    -993.65,
    0.0,
    7356.35,
    8350.0
  ],
  "lbc": [
    31368.886,
    -4237.114,
    0.0,
    31368.886,
    35606.0
  ],
  "lz": [
    24658.309,
    -3330.691,
    0.0,
    24658.309,
    27989.0
  ],
  "house": [
    60078.914,
    -8115.085999999999,
    0.0,
    60078.914,
    68194.0
  ],
  "lhx": [
    0.0,
    0.0,
    0.0,
    0.0,
    0.0
  ],
  "sey": [
    0.0,
    0.0,
    0.0,
    0.0,
    0.0
  ],
  "miao": [
    85.457,
    -11.543,
    0.0,
    85.457,
    97.0
  ],
  "hmk": [
    1858.91,
    -251.08999999999997,
    0.0,
    1858.91,
    2110.0
  ],
  "wzm": [
    22834.639,
    -7108.864100000004,
    0.0,
    22834.639,
    25919.0
  ],
  "lly": [
    6974.877,
    -3016.377,
    0.0,
    6974.877,
    7917.0
  ]
}