{
  "syj": [
    34975.287299999996,
    -11579.096000000005,
    0.0,
    34975.287299999996,
    49463.0
  ],
  "cl": [
    19171.6023,
    -7462.261700000004,
    0.0,
    19171.6023,
    27113.0
  ],
  "zb": [
    11286.023099999999,
    -4674.976900000001,
    0.0,
    11286.023099999999,
    15961.0
  ],
  "zy": [
    5904.285,
    -2445.7150000000006,
    0.0,
    5904.285,
    8350.0
  ],
  "lbc": [
    25177.0026,
    -10428.997400000002,
    0.0,
    25177.0026,
    35606.0
  ],
  "lz": [
    19791.0219,
    -8197.978100000002,
    0.0,
    19791.0219,
    27989.0
  ],
  "house": [
    48219.977399999996,
    -19974.022600000004,
    0.0,
    48219.977399999996,
    68194.0
  ],
  "lhx": [
    0.0,
    0.0,
    0.0,
    0.0,
    0.0
  ],
  "sey": [
    0.0,
    0.0,
    0.0,
    0.0,
    0.0
  ],
  "miao": [
    68.58869999999999,
    -28.411300000000004,
    0.0,
    68.58869999999999,
    97.0
  ],
  "hmk": [
    1491.981,
    -618.0190000000001,
    0.0,
    1491.981,
    2110.0
  ],
  "wzm": [
    18327.3249,
    -11616.178200000006,
    0.0,
    18327.3249,
    25919.0
  ],
  "lly": [
    5598.110699999999,
    -4393.143300000001,
    0.0,
    5598.110699999999,
    7917.0
  ]
}