{
  "syj": [
    40274.936,
    3120.936000000003,
    0.0,
    40274.936,
    37154.0
  ],
  "cl": [
    18099.548000000003,
    1402.5480000000011,
    420.7644000000003,
    17678.783600000002,
    16697.0
  ],
  "zb": [
    17301.724000000002,
    1340.7240000000013,
    402.2172000000004,
    16899.506800000003,
    15961.0
  ],
  "zy": [
    9051.400000000001,
    701.4000000000007,
    210.4200000000002,
    8840.980000000001,
    8350.0
  ],
  "lbc": [
    38596.904,
    2990.9040000000027,
    0.0,
    38596.904,
    35606.0
  ],
  "lz": [
    30340.076,
    2351.0760000000023,
    0.0,
    30340.076,
    27989.0
  ],
  "house": [
    73922.296,
    5728.296000000005,
    0.0,
    73922.296,
    68194.0
  ],
  "lhx": [
    6036.796,
    467.7960000000004,
    140.3388000000001,
    5896.4572,
    5569.0
  ],
  "sey": [
    7306.160000000001,
    566.1600000000005,
    169.84800000000016,
    7136.312000000001,
    6740.0
  ],
  "miao": [
    35581.216,
    2757.2160000000026,
    827.1648000000008,
    34754.0512,
    32824.0
  ],
  "hmk": [
    2287.2400000000002,
    177.24000000000015,
    53.17200000000005,
    2234.068,
    2110.0
  ],
  "wzm": [
    19527.176000000003,
    -422.8261000000005,
    0.0,
    19527.176000000003,
    18014.0
  ]
}