{
  "syj": [
    41278.094,
    4124.093999999999,
    0.0,
    41278.094,
    37154.0
  ],
  "cl": [
    18550.367,
    1853.3669999999997,
    556.0100999999999,
    17994.3569,
    16697.0
  ],
  "zb": [
    17732.671,
    1771.6709999999998,
    531.5012999999999,
    17201.1697,
    15961.0
  ],
  "zy": [
    9276.85,
    926.8499999999999,
    278.05499999999995,
    8998.795,
    8350.0
  ],
  "lbc": [
    39558.265999999996,
    3952.2659999999996,
    0.0,
    39558.265999999996,
    35606.0
  ],
  "lz": [
    31095.779,
    3106.7789999999995,
    0.0,
    31095.779,
    27989.0
  ],
  "house": [
    75763.534,
    7569.533999999999,
    0.0,
    75763.534,
    68194.0
  ],
  "lhx": [
    6187.159,
    618.1589999999999,
    185.44769999999997,
    6001.7113,
    5569.0
  ],
  "sey": [
    7488.14,
    748.1399999999999,
    224.44199999999995,
    7263.698,
    6740.0
  ],
  "miao": [
    36467.464,
    3643.4639999999995,
    1093.0391999999997,
    35374.4248,
    32824.0
  ],
  "hmk": [
    2344.21,
    234.20999999999998,
    70.26299999999999,
    2273.947,
    2110.0
  ],
  "wzm": [
    20013.554,
    63.5518999999979,
    19.06556999999937,
    19994.48843,
    18014.0
  ]
}