{
  "syj": [
    25438.8209,
    -21115.562400000003,
    0.0,
    25438.8209,
    49463.0
  ],
  "cl": [
    13944.2159,
    -12689.648100000004,
    0.0,
    13944.2159,
    27113.0
  ],
  "zb": [
    8208.7423,
    -7752.2577,
    0.0,
    8208.7423,
    15961.0
  ],
  "zy": [
    4294.405,
    -4055.5950000000003,
    0.0,
    4294.405,
    8350.0
  ],
  "lbc": [
    18312.1658,
    -17293.8342,
    0.0,
    18312.1658,
    35606.0
  ],
  "lz": [
    14394.742699999999,
    -13594.257300000001,
    0.0,
    14394.742699999999,
    27989.0
  ],
  "house": [
    35072.1742,
    -33121.8258,
    0.0,
    35072.1742,
    68194.0
  ],
  "lhx": [
    0.0,
    0.0,
    0.0,
    0.0,
    0.0
  ],
  "sey": [
    0.0,
    0.0,
    0.0,
    0.0,
    0.0
  ],
  "miao": [
    49.8871,
    -47.1129,
    0.0,
    49.8871,
    97.0
  ],
  "hmk": [
    1085.173,
    -1024.827,
    0.0,
    1085.173,
    2110.0
  ],
  "wzm": [
    13330.1417,
    -16613.361400000005,
    0.0,
    13330.1417,
    25919.0
  ],
  "lly": [
    4071.7131,
    -5919.5409,
    0.0,
    4071.7131,
    7917.0
  ]
}