{
  "syj": [
    26759.483,
    -19794.9003,
    0.0,
    26759.483,
    49463.0
  ],
  "cl": [
    14668.133000000002,
    -11965.731000000002,
    0.0,
    14668.133000000002,
    27113.0
  ],
  "zb": [
    8634.901,
    -7326.098999999999,
    0.0,
    8634.901,
    15961.0
  ],
  "zy": [
    4517.35,
    -3832.6499999999996,
    0.0,
    4517.35,
    8350.0
  ],
  "lbc": [
    19262.846,
    -16343.153999999999,
    0.0,
    19262.846,
    35606.0
  ],
  "lz": [
    15142.049,
    -12846.951,
    0.0,
    15142.049,
    27989.0
  ],
  "house": [
    36892.954000000005,
    -31301.046,
    0.0,
    36892.954000000005,
    68194.0
  ],
  "lhx": [
    0.0,
    0.0,
    0.0,
    0.0,
    0.0
  ],
  "sey": [
    0.0,
    0.0,
    0.0,
    0.0,
    0.0
  ],
  "miao": [
    52.477000000000004,
    -44.522999999999996,
    0.0,
    52.477000000000004,
    97.0
  ],
  "hmk": [
    1141.51,
    -968.4899999999999,
    0.0,
    1141.51,
    2110.0
  ],
  "wzm": [
    14022.179,
    -15921.324100000003,
    0.0,
    14022.179,
    25919.0
  ],
  "lly": [
    4283.097000000001,
    -5708.157,
    0.0,
    4283.097000000001,
    7917.0
  ]
}