{
  "syj": [
    25997.7528,
    -20556.630500000007,
    0.0,
    25997.7528,
    49463.0
  ],
  "cl": [
    14250.592799999999,
    -12383.271200000005,
    0.0,
    14250.592799999999,
    27113.0
  ],
  "zb": [
    8389.1016,
    -7571.898400000001,
    0.0,
    8389.1016,
    15961.0
  ],
  "zy": [
    4388.759999999999,
    -3961.2400000000002,
    0.0,
    4388.759999999999,
    8350.0
  ],
  "lbc": [
    18714.5136,
    -16891.4864,
    0.0,
    18714.5136,
    35606.0
  ],
  "lz": [
    14711.018399999999,
    -13277.981600000001,
    0.0,
    14711.018399999999,
    27989.0
  ],
  "house": [
    35842.7664,
    -32351.233600000003,
    0.0,
    35842.7664,
    68194.0
  ],
  "lhx": [
    0.0,
    0.0,
    0.0,
    0.0,
    0.0
  ],
  "sey": [
    0.0,
    0.0,
    0.0,
    0.0,
    0.0
  ],
  "miao": [
    50.9832,
    -46.0168,
    0.0,
    50.9832,
    97.0
  ],
  "hmk": [
    1109.0159999999998,
    -1000.984,
    0.0,
    1109.0159999999998,
    2110.0
  ],
  "wzm": [
    13623.026399999999,
    -16320.476700000005,
    0.0,
    13623.026399999999,
    25919.0
  ],
  "lly": [
    4161.1752,
    -5830.0788,
    0.0,
    4161.1752,
    7917.0
  ]
}