{
  "syj": [
    47276.7354,
    722.3520999999961,
    0.0,
    47276.7354,
    49463.0
  ],
  "cl": [
    25914.6054,
    -719.2586000000031,
    0.0,
    25914.6054,
    27113.0
  ],
  "zb": [
    15255.523799999999,
    -705.4762000000003,
    0.0,
    15255.523799999999,
    15961.0
  ],
  "zy": [
    7980.93,
    -369.07000000000016,
    0.0,
    7980.93,
    8350.0
  ],
  "lbc": [
    34032.2148,
    -1573.7852000000007,
    0.0,
    34032.2148,
    35606.0
  ],
  "lz": [
    26751.8862,
    -1237.1138000000005,
    0.0,
    26751.8862,
    27989.0
  ],
  "house": [
    65179.8252,
    -3014.174800000001,
    0.0,
    65179.8252,
    68194.0
  ],
  "lhx": [
    0.0,
    0.0,
    0.0,
    0.0,
    0.0
  ],
  "sey": [
    0.0,
    0.0,
    0.0,
    0.0,
    0.0
  ],
  "miao": [
    92.7126,
    -4.287400000000002,
    0.0,
    92.7126,
    97.0
  ],
  "hmk": [
    2016.738,
    -93.26200000000003,
    0.0,
    2016.738,
    2110.0
  ],
  "wzm": [
    24773.3802,
    -5170.122900000005,
    0.0,
    24773.3802,
    25919.0
  ],
  "lly": [
    7567.0686,
    -2424.1854000000003,
    0.0,
    7567.0686,
    7917.0
  ]
}