{
  "syj": [
    46750.8782,
    9596.8782,
    0.0,
    46750.8782,
    37154.0
  ],
  "cl": [
    21009.8351,
    4312.835099999999,
    1293.8505299999997,
    19715.98457,
    16697.0
  ],
  "zb": [
    20083.7263,
    4122.726299999999,
    1236.8178899999998,
    18846.90841,
    15961.0
  ],
  "zy": [
    10506.805,
    2156.805,
    647.0414999999999,
    9859.763500000001,
    8350.0
  ],
  "lbc": [
    44803.0298,
    9197.029799999998,
    0.0,
    44803.0298,
    35606.0
  ],
  "lz": [
    35218.5587,
    7229.5587,
    0.0,
    35218.5587,
    27989.0
  ],
  "house": [
    85808.5102,
    17614.510199999997,
    0.0,
    85808.5102,
    68194.0
  ],
  "lhx": [
    7007.4727,
    1438.4726999999998,
    431.54180999999994,
    6575.9308900000005,
    5569.0
  ],
  "sey": [
    8480.942,
    1740.9419999999998,
    522.2825999999999,
    7958.6594,
    6740.0
  ],
  "miao": [
    41302.4392,
    8478.439199999999,
    2543.5317599999994,
    38758.90744,
    32824.0
  ],
  "hmk": [
    2655.013,
    545.0129999999999,
    163.50389999999996,
    2491.5090999999998,
    2110.0
  ],
  "wzm": [
    32613.8777,
    2670.374599999995,
    801.1123799999986,
    31812.765320000002,
    25919.0
  ],
  "lly": [
    9961.9611,
    -29.29290000000029,
    0.0,
    9961.9611,
    7917.0
  ]
}