{
  "syj": [
    42073.189600000005,
    4919.189600000002,
    0.0,
    42073.189600000005,
    37154.0
  ],
  "cl": [
    18907.682800000002,
    2210.6828000000014,
    663.2048400000004,
    18244.47796,
    16697.0
  ],
  "zb": [
    18074.2364,
    2113.236400000001,
    633.9709200000003,
    17440.265480000002,
    15961.0
  ],
  "zy": [
    9455.54,
    1105.5400000000006,
    331.6620000000002,
    9123.878,
    8350.0
  ],
  "lbc": [
    40320.2344,
    4714.234400000003,
    0.0,
    40320.2344,
    35606.0
  ],
  "lz": [
    31694.7436,
    3705.743600000002,
    0.0,
    31694.7436,
    27989.0
  ],
  "house": [
    77222.88560000001,
    9028.885600000005,
    0.0,
    77222.88560000001,
    68194.0
  ],
  "lhx": [
    6306.3356,
    737.3356000000005,
    221.20068000000012,
    6085.13492,
    5569.0
  ],
  "sey": [
    7632.376,
    892.3760000000005,
    267.71280000000013,
    7364.6632,
    6740.0
  ],
  "miao": [
    37169.897600000004,
    4345.897600000002,
    1303.7692800000007,
    35866.12832,
    32824.0
  ],
  "hmk": [
    2389.364,
    279.36400000000015,
    83.80920000000005,
    2305.5548,
    2110.0
  ],
  "wzm": [
    29350.675600000002,
    -592.8275000000026,
    0.0,
    29350.675600000002,
    25919.0
  ],
  "lly": [
    8965.2108,
    -1026.0431999999996,
    0.0,
    8965.2108,
    7917.0
  ]
}