{
  "syj": [
    23623.5288,
    -22930.8545,
    0.0,
    23623.5288,
    49463.0
  ],
  "cl": [
    12949.168800000001,
    -13684.695200000002,
    0.0,
    12949.168800000001,
    27113.0
  ],
  "zb": [
    7622.9736,
    -8338.026399999999,
    0.0,
    7622.9736,
    15961.0
  ],
  "zy": [
    3987.96,
    -4362.04,
    0.0,
    3987.96,
    8350.0
  ],
  "lbc": [
    17005.425600000002,
    -18600.574399999998,
    0.0,
    17005.425600000002,
    35606.0
  ],
  "lz": [
    13367.546400000001,
    -14621.453599999999,
    0.0,
    13367.546400000001,
    27989.0
  ],
  "house": [
    32569.454400000002,
    -35624.5456,
    0.0,
    32569.454400000002,
    68194.0
  ],
  "lhx": [
    0.0,
    0.0,
    0.0,
    0.0,
    0.0
  ],
  "sey": [
    0.0,
    0.0,
    0.0,
    0.0,
    0.0
  ],
  "miao": [
    46.327200000000005,
    -50.672799999999995,
    0.0,
    46.327200000000005,
    97.0
  ],
  "hmk": [
    1007.7360000000001,
    -1102.264,
    0.0,
    1007.7360000000001,
    2110.0
  ],
  "wzm": [
    12378.914400000001,
    -17564.588700000004,
    0.0,
    12378.914400000001,
    25919.0
  ],
  "lly": [
    3781.1592,
    -6210.0948,
    0.0,
    3781.1592,
    7917.0
  ]
}