{
  "syj": [
    42820.1191,
    -3734.264200000002,
    0.0,
    42820.1191,
    49463.0
  ],
  "cl": [
    23471.7241,
    -3162.139900000002,
    0.0,
    23471.7241,
    27113.0
  ],
  "zb": [
    13817.4377,
    -2143.5622999999996,
    0.0,
    13817.4377,
    15961.0
  ],
  "zy": [
    7228.595,
    -1121.4049999999997,
    0.0,
    7228.595,
    8350.0
  ],
  "lbc": [
    30824.1142,
    -4781.885799999999,
    0.0,
    30824.1142,
    35606.0
  ],
  "lz": [
    24230.0773,
    -3758.922699999999,
    0.0,
    24230.0773,
    27989.0
  ],
  "house": [
    59035.5458,
    -9158.454199999998,
    0.0,
    59035.5458,
    68194.0
  ],
  "lhx": [
    0.0,
    0.0,
    0.0,
    0.0,
    0.0
  ],
  "sey": [
    0.0,
    0.0,
    0.0,
    0.0,
    0.0
  ],
  "miao": [
    83.9729,
    -13.027099999999997,
    0.0,
    83.9729,
    97.0
  ],
  "hmk": [
    1826.627,
    -283.37299999999993,
    0.0,
    1826.627,
    2110.0
  ],
  "wzm": [
    22438.0783,
    -7505.424800000003,
    0.0,
    22438.0783,
    25919.0
  ],
  "lly": [
    6853.7469,
    -3137.5071,
    0.0,
    6853.7469,
    7917.0
  ]
}