{
  "syj": [
    30213.632800000003,
    -6940.367199999999,
    0.0,
    30213.632800000003,
    37154.0
  ],
  "cl": [
    22048.2916,
    -4585.572400000002,
    0.0,
    22048.2916,
    27113.0
  ],
  "zb": [
    12979.485200000001,
    -2981.5147999999995,
    0.0,
    12979.485200000001,
    15961.0
  ],
  "zy": [
    6790.22,
    -1559.7799999999997,
    0.0,
    6790.22,
    8350.0
  ],
  "lbc": [
    28954.7992,
    -6651.200799999999,
    0.0,
    28954.7992,
    35606.0
  ],
  "lz": [
    22760.6548,
    -5228.345199999999,
    0.0,
    22760.6548,
    27989.0
  ],
  "house": [
    55455.3608,
    -12738.639199999998,
    0.0,
    55455.3608,
    68194.0
  ],
  "lhx": [
    4528.7108,
    -1040.2891999999997,
    0.0,
    4528.7108,
    5569.0
  ],
  "sey": [
    5480.968,
    -1259.0319999999997,
    0.0,
    5480.968,
    6740.0
  ],
  "miao": [
    78.88040000000001,
    -18.1196,
    0.0,
    78.88040000000001,
    97.0
  ],
  "hmk": [
    1715.852,
    -394.1479999999999,
    0.0,
    1715.852,
    2110.0
  ],
  "wzm": [
    21077.3308,
    -8866.172300000004,
    0.0,
    21077.3308,
    25919.0
  ],
  "lly": [
    6438.1044,
    -3553.1495999999997,
    0.0,
    6438.1044,
    7917.0
  ]
}