{
  "syj": [
    39877.0706,
    -6677.312700000001,
    0.0,
    39877.0706,
    49463.0
  ],
  "cl": [
    21858.5006,
    -4775.363400000002,
    0.0,
    21858.5006,
    27113.0
  ],
  "zb": [
    12867.7582,
    -3093.2418,
    0.0,
    12867.7582,
    15961.0
  ],
  "zy": [
    6731.77,
    -1618.2299999999998,
    0.0,
    6731.77,
    8350.0
  ],
  "lbc": [
    28705.5572,
    -6900.442799999999,
    0.0,
    28705.5572,
    35606.0
  ],
  "lz": [
    22564.7318,
    -5424.2681999999995,
    0.0,
    22564.7318,
    27989.0
  ],
  "house": [
    54978.0028,
    -13215.997199999998,
    0.0,
    54978.0028,
    68194.0
  ],
  "lhx": [
    0.0,
    0.0,
    0.0,
    0.0,
    0.0
  ],
  "sey": [
    0.0,
    0.0,
    0.0,
    0.0,
    0.0
  ],
  "miao": [
    78.2014,
    -18.798599999999997,
    0.0,
    78.2014,
    97.0
  ],
  "hmk": [
    1701.082,
    -408.91799999999995,
    0.0,
    1701.082,
    2110.0
  ],
  "wzm": [
    20895.897800000002,
    -9047.605300000003,
    0.0,
    20895.897800000002,
    25919.0
  ],
  "lly": [
    6382.6854,
    -3608.5686,
    0.0,
    6382.6854,
    7917.0
  ]
}