{
  "syj": [
    23079.4358,
    -23474.947500000002,
    0.0,
    23079.4358,
    49463.0
  ],
  "cl": [
    12650.9258,
    -13982.938200000002,
    0.0,
    12650.9258,
    27113.0
  ],
  "zb": [
    7447.4026,
    -8513.5974,
    0.0,
    7447.4026,
    15961.0
  ],
  "zy": [
    3896.11,
    -4453.89,
    0.0,
    3896.11,
    8350.0
  ],
  "lbc": [
    16613.7596,
    -18992.2404,
    0.0,
    16613.7596,
    35606.0
  ],
  "lz": [
    13059.6674,
    -14929.3326,
    0.0,
    13059.6674,
    27989.0
  ],
  "house": [
    31819.3204,
    -36374.679599999996,
    0.0,
    31819.3204,
    68194.0
  ],
  "lhx": [
    0.0,
    0.0,
    0.0,
    0.0,
    0.0
  ],
  "sey": [
    0.0,
    0.0,
    0.0,
    0.0,
    0.0
  ],
  "miao": [
    45.260200000000005,
    -51.739799999999995,
    0.0,
    45.260200000000005,
    97.0
  ],
  "hmk": [
    984.5260000000001,
    -1125.474,
    0.0,
    984.5260000000001,
    2110.0
  ],
  "wzm": [
    12093.805400000001,
    -17849.697700000004,
    0.0,
    12093.805400000001,
    25919.0
  ],
  "lly": [
    3694.0722,
    -6297.1818,
    0.0,
    3694.0722,
    7917.0
  ]
}