{
  "syj": [
    38244.7916,
    -8309.591700000003,
    0.0,
    38244.7916,
    49463.0
  ],
  "cl": [
    20963.7716,
    -5670.092400000002,
    0.0,
    20963.7716,
    27113.0
  ],
  "zb": [
    12341.0452,
    -3619.9548,
    0.0,
    12341.0452,
    15961.0
  ],
  "zy": [
    6456.22,
    -1893.78,
    0.0,
    6456.22,
    8350.0
  ],
  "lbc": [
    27530.5592,
    -8075.4408,
    0.0,
    27530.5592,
    35606.0
  ],
  "lz": [
    21641.0948,
    -6347.9052,
    0.0,
    21641.0948,
    27989.0
  ],
  "house": [
    52727.6008,
    -15466.3992,
    0.0,
    52727.6008,
    68194.0
  ],
  "lhx": [
    0.0,
    0.0,
    0.0,
    0.0,
    0.0
  ],
  "sey": [
    0.0,
    0.0,
    0.0,
    0.0,
    0.0
  ],
  "miao": [
    75.0004,
    -21.9996,
    0.0,
    75.0004,
    97.0
  ],
  "hmk": [
    1631.452,
    -478.548,
    0.0,
    1631.452,
    2110.0
  ],
  "wzm": [
    20040.5708,
    -9902.932300000004,
    0.0,
    20040.5708,
    25919.0
  ],
  "lly": [
    6121.4244,
    -3869.8296,
    0.0,
    6121.4244,
    7917.0
  ]
}