{
  "syj": [
    37848.7798,
    694.7797999999977,
    0.0,
    37848.7798,
    37154.0
  ],
  "cl": [
    27620.0131,
    986.1490999999958,
    295.8447299999987,
    27324.168370000003,
    27113.0
  ],
  "zb": [
    16259.4707,
    298.470699999999,
    89.5412099999997,
    16169.92949,
    15961.0
  ],
  "zy": [
    8506.144999999999,
    156.1449999999995,
    46.84349999999985,
    8459.3015,
    8350.0
  ],
  "lbc": [
    36271.8322,
    665.8321999999978,
    0.0,
    36271.8322,
    35606.0
  ],
  "lz": [
    28512.3943,
    523.3942999999983,
    0.0,
    28512.3943,
    27989.0
  ],
  "house": [
    69469.2278,
    1275.2277999999958,
    0.0,
    69469.2278,
    68194.0
  ],
  "lhx": [
    5673.1403,
    104.14029999999966,
    31.242089999999894,
    5641.89821,
    5569.0
  ],
  "sey": [
    6866.038,
    126.03799999999958,
    37.81139999999987,
    6828.2266,
    6740.0
  ],
  "miao": [
    33437.8088,
    613.808799999998,
    184.14263999999937,
    33253.66616,
    32824.0
  ],
  "hmk": [
    2149.457,
    39.45699999999987,
    11.837099999999962,
    2137.6199,
    2110.0
  ],
  "wzm": [
    26403.685299999997,
    -3539.817800000006,
    0.0,
    26403.685299999997,
    25919.0
  ],
  "lly": [
    8065.0479,
    -1926.2061000000006,
    0.0,
    8065.0479,
    7917.0
  ]
}