{
  "syj": [
    44170.459,
    -2383.9243000000024,
    0.0,
    44170.459,
    49463.0
  ],
  "cl": [
    24211.909,
    -2421.955000000002,
    0.0,
    24211.909,
    27113.0
  ],
  "zb": [
    14253.173,
    -1707.8269999999998,
    0.0,
    14253.173,
    15961.0
  ],
  "zy": [
    7456.55,
    -893.4499999999998,
    0.0,
    7456.55,
    8350.0
  ],
  "lbc": [
    31796.158,
    -3809.8419999999996,
    0.0,
    31796.158,
    35606.0
  ],
  "lz": [
    24994.177,
    -2994.8229999999994,
    0.0,
    24994.177,
    27989.0
  ],
  "house": [
    60897.242,
    -7296.757999999999,
    0.0,
    60897.242,
    68194.0
  ],
  "lhx": [
    0.0,
    0.0,
    0.0,
    0.0,
    0.0
  ],
  "sey": [
    0.0,
    0.0,
    0.0,
    0.0,
    0.0
  ],
  "miao": [
    86.621,
    -10.378999999999998,
    0.0,
    86.621,
    97.0
  ],
  "hmk": [
    1884.23,
    -225.76999999999995,
    0.0,
    1884.23,
    2110.0
  ],
  "wzm": [
    23145.667,
    -6797.836100000004,
    0.0,
    23145.667,
    25919.0
  ],
  "lly": [
    7069.881,
    -2921.373,
    0.0,
    7069.881,
    7917.0
  ]
}