{
  "syj": [
    38546.5159,
    -8007.867400000004,
    0.0,
    38546.5159,
    49463.0
  ],
  "cl": [
    21129.1609,
    -5504.703100000002,
    0.0,
    21129.1609,
    27113.0
  ],
  "zb": [
    12438.4073,
    -3522.5927,
    0.0,
    12438.4073,
    15961.0
  ],
  "zy": [
    6507.155,
    -1842.845,
    0.0,
    6507.155,
    8350.0
  ],
  "lbc": [
    27747.7558,
    -7858.2442,
    0.0,
    27747.7558,
    35606.0
  ],
  "lz": [
    21811.827699999998,
    -6177.1723,
    0.0,
    21811.827699999998,
    27989.0
  ],
  "house": [
    53143.5842,
    -15050.4158,
    0.0,
    53143.5842,
    68194.0
  ],
  "lhx": [
    0.0,
    0.0,
    0.0,
    0.0,
    0.0
  ],
  "sey": [
    0.0,
    0.0,
    0.0,
    0.0,
    0.0
  ],
  "miao": [
    75.5921,
    -21.4079,
    0.0,
    75.5921,
    97.0
  ],
  "hmk": [
    1644.323,
    -465.677,
    0.0,
    1644.323,
    2110.0
  ],
  "wzm": [
    20198.6767,
    -9744.826400000005,
    0.0,
    20198.6767,
    25919.0
  ],
  "lly": [
    6169.7181,
    -3821.5359000000003,
    0.0,
    6169.7181,
    7917.0
  ]
}