{
  "syj": [
    26769.3756,
    -19785.007700000002,
    0.0,
    26769.3756,
    49463.0
  ],
  "cl": [
    14673.5556,
    -11960.308400000002,
    0.0,
    14673.5556,
    27113.0
  ],
  "zb": [
    8638.0932,
    -7322.9068,
    0.0,
    8638.0932,
    15961.0
  ],
  "zy": [
    4519.02,
    -3830.98,
    0.0,
    4519.02,
    8350.0
  ],
  "lbc": [
    19269.9672,
    -16336.032799999999,
    0.0,
    19269.9672,
    35606.0
  ],
  "lz": [
    15147.6468,
    -12841.3532,
    0.0,
    15147.6468,
    27989.0
  ],
  "house": [
    36906.5928,
    -31287.407199999998,
    0.0,
    36906.5928,
    68194.0
  ],
  "lhx": [
    0.0,
    0.0,
    0.0,
    0.0,
    0.0
  ],
  "sey": [
    0.0,
    0.0,
    0.0,
    0.0,
    0.0
  ],
  "miao": [
    52.4964,
    -44.5036,
    0.0,
    52.4964,
    97.0
  ],
  "hmk": [
    1141.932,
    -968.068,
    0.0,
    1141.932,
    2110.0
  ],
  "wzm": [
    14027.3628,
    -15916.140300000005,
    0.0,
    14027.3628,
    25919.0
  ],
  "lly": [
    4284.6804,
    -5706.5736,
    0.0,
    4284.6804,
    7917.0
  ]
}