{
  "syj": [
    31295.240100000003,
    -15259.1432,
    0.0,
    31295.240100000003,
    49463.0
  ],
  "cl": [
    17154.3951,
    -9479.468900000002,
    0.0,
    17154.3951,
    27113.0
  ],
  "zb": [
    10098.5247,
    -5862.475299999999,
    0.0,
    10098.5247,
    15961.0
  ],
  "zy": [
    5283.045,
    -3066.9549999999995,
    0.0,
    5283.045,
    8350.0
  ],
  "lbc": [
    22527.9162,
    -13078.083799999999,
    0.0,
    22527.9162,
    35606.0
  ],
  "lz": [
    17708.640300000003,
    -10280.359699999999,
    0.0,
    17708.640300000003,
    27989.0
  ],
  "house": [
    43146.3438,
    -25047.656199999998,
    0.0,
    43146.3438,
    68194.0
  ],
  "lhx": [
    0.0,
    0.0,
    0.0,
    0.0,
    0.0
  ],
  "sey": [
    0.0,
    0.0,
    0.0,
    0.0,
    0.0
  ],
  "miao": [
    61.371900000000004,
    -35.628099999999996,
    0.0,
    61.371900000000004,
    97.0
  ],
  "hmk": [
    1334.997,
    -775.0029999999999,
    0.0,
    1334.997,
    2110.0
  ],
  "wzm": [
    16398.9513,
    -13544.551800000003,
    0.0,
    16398.9513,
    25919.0
  ],
  "lly": [
    5009.0859,
    -4982.1681,
    0.0,
    5009.0859,
    7917.0
  ]
}