{
  "syj": [
    35400.3312,
    -1753.6688000000008,
    0.0,
    35400.3312,
    37154.0
  ],
  "cl": [
    15908.9016,
    -788.0984000000003,
    0.0,
    15908.9016,
    16697.0
  ],
  "zb": [
    15207.6408,
    -753.3592000000003,
    0.0,
    15207.6408,
    15961.0
  ],
  "zy": [
    7955.88,
    -394.1200000000002,
    0.0,
    7955.88,
    8350.0
  ],
  "lbc": [
    33925.3968,
    -1680.6032000000007,
    0.0,
    33925.3968,
    35606.0
  ],
  "lz": [
    26667.9192,
    -1321.0808000000006,
    0.0,
    26667.9192,
    27989.0
  ],
  "house": [
    64975.2432,
    -3218.7568000000015,
    0.0,
    64975.2432,
    68194.0
  ],
  "lhx": [
    5306.1431999999995,
    -262.85680000000013,
    0.0,
    5306.1431999999995,
    5569.0
  ],
  "sey": [
    6421.872,
    -318.12800000000016,
    0.0,
    6421.872,
    6740.0
  ],
  "miao": [
    31274.7072,
    -1549.2928000000006,
    0.0,
    31274.7072,
    32824.0
  ],
  "hmk": [
    2010.408,
    -99.59200000000004,
    0.0,
    2010.408,
    2110.0
  ],
  "wzm": [
    24695.623199999998,
    -5247.879900000005,
    0.0,
    24695.623199999998,
    25919.0
  ],
  "lly": [
    7543.317599999999,
    -2447.9364,
    0.0,
    7543.317599999999,
    7917.0
  ]
}