{
  "syj": [
    37438.5447,
    -9115.838600000003,
    0.0,
    37438.5447,
    49463.0
  ],
  "cl": [
    20521.829700000002,
    -6112.034300000002,
    0.0,
    20521.829700000002,
    27113.0
  ],
  "zb": [
    12080.8809,
    -3880.1191,
    0.0,
    12080.8809,
    15961.0
  ],
  "zy": [
    6320.115,
    -2029.8849999999998,
    0.0,
    6320.115,
    8350.0
  ],
  "lbc": [
    26950.1814,
    -8655.818599999999,
    0.0,
    26950.1814,
    35606.0
  ],
  "lz": [
    21184.8741,
    -6804.125899999999,
    0.0,
    21184.8741,
    27989.0
  ],
  "house": [
    51616.0386,
    -16577.9614,
    0.0,
    51616.0386,
    68194.0
  ],
  "lhx": [
    0.0,
    0.0,
    0.0,
    0.0,
    0.0
  ],
  "sey": [
    0.0,
    0.0,
    0.0,
    0.0,
    0.0
  ],
  "miao": [
    73.4193,
    -23.580699999999997,
    0.0,
    73.4193,
    97.0
  ],
  "hmk": [
    1597.059,
    -512.9409999999999,
    0.0,
    1597.059,
    2110.0
  ],
  "wzm": [
    19618.0911,
    -10325.412000000004,
    0.0,
    19618.0911,
    25919.0
  ],
  "lly": [
    5992.3773,
    -3998.8767,
    0.0,
    5992.3773,
    7917.0
  ]
}