{
  "syj": [
    39123.162,
    1969.1619999999975,
    0.0,
    39123.162,
    37154.0
  ],
  "cl": [
    17581.941,
    884.9409999999989,
    265.48229999999967,
    17316.4587,
    16697.0
  ],
  "zb": [
    16806.932999999997,
    845.932999999999,
    253.77989999999969,
    16553.153099999996,
    15961.0
  ],
  "zy": [
    8792.55,
    442.54999999999944,
    132.76499999999982,
    8659.785,
    8350.0
  ],
  "lbc": [
    37493.117999999995,
    1887.1179999999977,
    0.0,
    37493.117999999995,
    35606.0
  ],
  "lz": [
    29472.416999999998,
    1483.416999999998,
    0.0,
    29472.416999999998,
    27989.0
  ],
  "house": [
    71808.28199999999,
    3614.2819999999956,
    0.0,
    71808.28199999999,
    68194.0
  ],
  "lhx": [
    5864.156999999999,
    295.15699999999964,
    88.54709999999989,
    5775.6098999999995,
    5569.0
  ],
  "sey": [
    7097.219999999999,
    357.2199999999996,
    107.16599999999987,
    6990.053999999999,
    6740.0
  ],
  "miao": [
    34563.672,
    1739.671999999998,
    521.9015999999993,
    34041.7704,
    32824.0
  ],
  "hmk": [
    2221.83,
    111.82999999999987,
    33.54899999999996,
    2188.281,
    2110.0
  ],
  "wzm": [
    10539.476999999999,
    556.5003999999998,
    166.95011999999994,
    10372.52688,
    10009.0
  ]
}