{
  "syj": [
    46589.1997,
    34.81639999999489,
    0.0,
    46589.1997,
    49463.0
  ],
  "cl": [
    25537.734699999997,
    -1096.1293000000037,
    0.0,
    25537.734699999997,
    27113.0
  ],
  "zb": [
    15033.6659,
    -927.3341000000006,
    0.0,
    15033.6659,
    15961.0
  ],
  "zy": [
    7864.865,
    -485.13500000000033,
    0.0,
    7864.865,
    8350.0
  ],
  "lbc": [
    33537.2914,
    -2068.7086000000013,
    0.0,
    33537.2914,
    35606.0
  ],
  "lz": [
    26362.839099999997,
    -1626.1609000000012,
    0.0,
    26362.839099999997,
    27989.0
  ],
  "house": [
    64231.9286,
    -3962.0714000000025,
    0.0,
    64231.9286,
    68194.0
  ],
  "lhx": [
    0.0,
    0.0,
    0.0,
    0.0,
    0.0
  ],
  "sey": [
    0.0,
    0.0,
    0.0,
    0.0,
    0.0
  ],
  "miao": [
    91.3643,
    -5.6357000000000035,
    0.0,
    91.3643,
    97.0
  ],
  "hmk": [
    1987.4089999999999,
    -122.59100000000008,
    0.0,
    1987.4089999999999,
    2110.0
  ],
  "wzm": [
    24413.106099999997,
    -5530.397000000005,
    0.0,
    24413.106099999997,
    25919.0
  ],
  "lly": [
    7457.0223,
    -2534.2317000000003,
    0.0,
    7457.0223,
    7917.0
  ]
}