{
  "syj": [
    30958.8917,
    -15595.491600000003,
    0.0,
    30958.8917,
    49463.0
  ],
  "cl": [
    16970.0267,
    -9663.837300000003,
    0.0,
    16970.0267,
    27113.0
  ],
  "zb": [
    9989.9899,
    -5971.0100999999995,
    0.0,
    9989.9899,
    15961.0
  ],
  "zy": [
    5226.265,
    -3123.735,
    0.0,
    5226.265,
    8350.0
  ],
  "lbc": [
    22285.7954,
    -13320.2046,
    0.0,
    22285.7954,
    35606.0
  ],
  "lz": [
    17518.3151,
    -10470.6849,
    0.0,
    17518.3151,
    27989.0
  ],
  "house": [
    42682.6246,
    -25511.3754,
    0.0,
    42682.6246,
    68194.0
  ],
  "lhx": [
    0.0,
    0.0,
    0.0,
    0.0,
    0.0
  ],
  "sey": [
    0.0,
    0.0,
    0.0,
    0.0,
    0.0
  ],
  "miao": [
    60.7123,
    -36.2877,
    0.0,
    60.7123,
    97.0
  ],
  "hmk": [
    1320.6490000000001,
    -789.351,
    0.0,
    1320.6490000000001,
    2110.0
  ],
  "wzm": [
    16222.7021,
    -13720.801000000005,
    0.0,
    16222.7021,
    25919.0
  ],
  "lly": [
    4955.2503,
    -5036.0037,
    0.0,
    4955.2503,
    7917.0
  ]
}