{
  "syj": [
    40426.1099,
    -6128.273400000002,
    0.0,
    40426.1099,
    49463.0
  ],
  "cl": [
    22159.4549,
    -4474.409100000002,
    0.0,
    22159.4549,
    27113.0
  ],
  "zb": [
    13044.9253,
    -2916.0746999999997,
    0.0,
    13044.9253,
    15961.0
  ],
  "zy": [
    6824.455,
    -1525.5449999999998,
    0.0,
    6824.455,
    8350.0
  ],
  "lbc": [
    29100.7838,
    -6505.216199999999,
    0.0,
    29100.7838,
    35606.0
  ],
  "lz": [
    22875.4097,
    -5113.590299999999,
    0.0,
    22875.4097,
    27989.0
  ],
  "house": [
    55734.9562,
    -12459.043799999998,
    0.0,
    55734.9562,
    68194.0
  ],
  "lhx": [
    0.0,
    0.0,
    0.0,
    0.0,
    0.0
  ],
  "sey": [
    0.0,
    0.0,
    0.0,
    0.0,
    0.0
  ],
  "miao": [
    79.27810000000001,
    -17.721899999999998,
    0.0,
    79.27810000000001,
    97.0
  ],
  "hmk": [
    1724.5030000000002,
    -385.49699999999996,
    0.0,
    1724.5030000000002,
    2110.0
  ],
  "wzm": [
    21183.598700000002,
    -8759.904400000003,
    0.0,
    21183.598700000002,
    25919.0
  ],
  "lly": [
    6470.5641000000005,
    -3520.6899,
    0.0,
    6470.5641000000005,
    7917.0
  ]
}