{
  "syj": [
    22090.1758,
    -24464.207500000004,
    0.0,
    22090.1758,
    49463.0
  ],
  "cl": [
    12108.6658,
    -14525.198200000003,
    0.0,
    12108.6658,
    27113.0
  ],
  "zb": [
    7128.1826,
    -8832.8174,
    0.0,
    7128.1826,
    15961.0
  ],
  "zy": [
    3729.11,
    -4620.89,
    0.0,
    3729.11,
    8350.0
  ],
  "lbc": [
    15901.6396,
    -19704.3604,
    0.0,
    15901.6396,
    35606.0
  ],
  "lz": [
    12499.8874,
    -15489.1126,
    0.0,
    12499.8874,
    27989.0
  ],
  "house": [
    30455.4404,
    -37738.5596,
    0.0,
    30455.4404,
    68194.0
  ],
  "lhx": [
    0.0,
    0.0,
    0.0,
    0.0,
    0.0
  ],
  "sey": [
    0.0,
    0.0,
    0.0,
    0.0,
    0.0
  ],
  "miao": [
    43.3202,
    -53.6798,
    0.0,
    43.3202,
    97.0
  ],
  "hmk": [
    942.326,
    -1167.674,
    0.0,
    942.326,
    2110.0
  ],
  "wzm": [
    11575.4254,
    -18368.077700000005,
    0.0,
    11575.4254,
    25919.0
  ],
  "lly": [
    3535.7322,
    -6455.5218,
    0.0,
    3535.7322,
    7917.0
  ]
}