{
  "syj": [
    47007.24080000001,
    9853.240800000003,
    0.0,
    47007.24080000001,
    37154.0
  ],
  "cl": [
    21125.044400000002,
    4428.044400000002,
    1328.4133200000003,
    19796.631080000003,
    16697.0
  ],
  "zb": [
    20193.857200000002,
    4232.857200000001,
    1269.8571600000002,
    18924.000040000003,
    15961.0
  ],
  "zy": [
    10564.42,
    2214.420000000001,
    664.3260000000002,
    9900.094,
    8350.0
  ],
  "lbc": [
    45048.711200000005,
    9442.711200000003,
    0.0,
    45048.711200000005,
    35606.0
  ],
  "lz": [
    35411.6828,
    7422.682800000003,
    0.0,
    35411.6828,
    27989.0
  ],
  "house": [
    86279.0488,
    18085.048800000008,
    0.0,
    86279.0488,
    68194.0
  ],
  "lhx": [
    7045.898800000001,
    1476.8988000000006,
    443.06964000000016,
    6602.829160000001,
    5569.0
  ],
  "sey": [
    8527.448,
    1787.4480000000008,
    536.2344000000002,
    7991.2136,
    6740.0
  ],
  "miao": [
    41528.9248,
    8704.924800000003,
    2611.4774400000006,
    38917.44736,
    32824.0
  ],
  "hmk": [
    2669.572,
    559.5720000000002,
    167.87160000000006,
    2501.7004,
    2110.0
  ],
  "wzm": [
    32792.7188,
    2849.2156999999984,
    854.7647099999995,
    31937.954090000003,
    25919.0
  ],
  "lly": [
    10016.5884,
    25.334400000000727,
    7.600320000000218,
    10008.988080000001,
    7917.0
  ]
}