{
  "syj": [
    40052.012,
    2898.0120000000024,
    0.0,
    40052.012,
    37154.0
  ],
  "cl": [
    17999.366,
    1302.3660000000011,
    390.7098000000003,
    17608.6562,
    16697.0
  ],
  "zb": [
    17205.958000000002,
    1244.958000000001,
    373.48740000000026,
    16832.4706,
    15961.0
  ],
  "zy": [
    9001.300000000001,
    651.3000000000005,
    195.39000000000016,
    8805.910000000002,
    8350.0
  ],
  "lbc": [
    38383.268000000004,
    2777.2680000000023,
    0.0,
    38383.268000000004,
    35606.0
  ],
  "lz": [
    30172.142000000003,
    2183.142000000002,
    0.0,
    30172.142000000003,
    27989.0
  ],
  "house": [
    73513.132,
    5319.132000000005,
    0.0,
    73513.132,
    68194.0
  ],
  "lhx": [
    6003.3820000000005,
    434.3820000000004,
    130.31460000000013,
    5873.067400000001,
    5569.0
  ],
  "sey": [
    7265.72,
    525.7200000000005,
    157.71600000000015,
    7108.004,
    6740.0
  ],
  "miao": [
    35384.272000000004,
    2560.272000000002,
    768.0816000000007,
    34616.19040000001,
    32824.0
  ],
  "hmk": [
    2274.58,
    164.58000000000015,
    49.374000000000045,
    2225.2059999999997,
    2110.0
  ],
  "wzm": [
    19419.092,
    -530.9101000000006,
    0.0,
    19419.092,
    18014.0
  ]
}