{
  "syj": [
    45144.880099999995,
    -1409.5032000000053,
    0.0,
    45144.880099999995,
    49463.0
  ],
  "cl": [
    24746.035099999997,
    -1887.8289000000038,
    0.0,
    24746.035099999997,
    27113.0
  ],
  "zb": [
    14567.6047,
    -1393.3953000000008,
    0.0,
    14567.6047,
    15961.0
  ],
  "zy": [
    7621.045,
    -728.9550000000004,
    0.0,
    7621.045,
    8350.0
  ],
  "lbc": [
    32497.5962,
    -3108.4038000000014,
    0.0,
    32497.5962,
    35606.0
  ],
  "lz": [
    25545.560299999997,
    -2443.4397000000013,
    0.0,
    25545.560299999997,
    27989.0
  ],
  "house": [
    62240.663799999995,
    -5953.336200000003,
    0.0,
    62240.663799999995,
    68194.0
  ],
  "lhx": [
    0.0,
    0.0,
    0.0,
    0.0,
    0.0
  ],
  "sey": [
    0.0,
    0.0,
    0.0,
    0.0,
    0.0
  ],
  "miao": [
    88.5319,
    -8.468100000000005,
    0.0,
    88.5319,
    97.0
  ],
  "hmk": [
    1925.7969999999998,
    -184.2030000000001,
    0.0,
    1925.7969999999998,
    2110.0
  ],
  "wzm": [
    23656.2713,
    -6287.231800000006,
    0.0,
    23656.2713,
    25919.0
  ],
  "lly": [
    7225.845899999999,
    -2765.4081000000006,
    0.0,
    7225.845899999999,
    7917.0
  ]
}