{
  "syj": [
    23534.4954,
    -23019.8879,
    0.0,
    23534.4954,
    49463.0
  ],
  "cl": [
    12900.3654,
    -13733.498600000003,
    0.0,
    12900.3654,
    27113.0
  ],
  "zb": [
    7594.2438,
    -8366.7562,
    0.0,
    7594.2438,
    15961.0
  ],
  "zy": [
    3972.93,
    -4377.07,
    0.0,
    3972.93,
    8350.0
  ],
  "lbc": [
    16941.3348,
    -18664.6652,
    0.0,
    16941.3348,
    35606.0
  ],
  "lz": [
    13317.1662,
    -14671.8338,
    0.0,
    13317.1662,
    27989.0
  ],
  "house": [
    32446.7052,
    -35747.2948,
    0.0,
    32446.7052,
    68194.0
  ],
  "lhx": [
    0.0,
    0.0,
    0.0,
    0.0,
    0.0
  ],
  "sey": [
    0.0,
    0.0,
    0.0,
    0.0,
    0.0
  ],
  "miao": [
    46.1526,
    -50.8474,
    0.0,
    46.1526,
    97.0
  ],
  "hmk": [
    1003.938,
    -1106.062,
    0.0,
    1003.938,
    2110.0
  ],
  "wzm": [
    12332.2602,
    -17611.242900000005,
    0.0,
    12332.2602,
    25919.0
  ],
  "lly": [
    3766.9086,
    -6224.3454,
    0.0,
    3766.9086,
    7917.0
  ]
}