{
  "syj": [
    42634.215,
    5480.214999999998,
    0.0,
    42634.215,
    37154.0
  ],
  "cl": [
    19159.8075,
    2462.8074999999994,
    738.8422499999998,
    18420.965249999997,
    16697.0
  ],
  "zb": [
    18315.247499999998,
    2354.2474999999995,
    706.2742499999998,
    17608.97325,
    15961.0
  ],
  "zy": [
    9581.625,
    1231.6249999999998,
    369.4874999999999,
    9212.1375,
    8350.0
  ],
  "lbc": [
    40857.885,
    5251.884999999998,
    0.0,
    40857.885,
    35606.0
  ],
  "lz": [
    32117.3775,
    4128.377499999999,
    0.0,
    32117.3775,
    27989.0
  ],
  "house": [
    78252.61499999999,
    10058.614999999998,
    0.0,
    78252.61499999999,
    68194.0
  ],
  "lhx": [
    6390.4275,
    821.4274999999998,
    246.42824999999993,
    6143.99925,
    5569.0
  ],
  "sey": [
    7734.15,
    994.1499999999997,
    298.2449999999999,
    7435.905,
    6740.0
  ],
  "miao": [
    37665.54,
    4841.539999999999,
    1452.4619999999998,
    36213.078,
    32824.0
  ],
  "hmk": [
    2421.225,
    311.2249999999999,
    93.36749999999996,
    2327.8575,
    2110.0
  ],
  "wzm": [
    29742.052499999998,
    -201.45060000000535,
    0.0,
    29742.052499999998,
    25919.0
  ],
  "lly": [
    9084.7575,
    -906.4965000000003,
    0.0,
    9084.7575,
    7917.0
  ]
}