{
  "syj": [
    42552.4762,
    5398.476199999999,
    0.0,
    42552.4762,
    37154.0
  ],
  "cl": [
    19123.074099999998,
    2426.0741,
    727.8222299999999,
    18395.251869999996,
    16697.0
  ],
  "zb": [
    18280.1333,
    2319.1333,
    695.7399899999999,
    17584.393310000003,
    15961.0
  ],
  "zy": [
    9563.255,
    1213.2549999999999,
    363.97649999999993,
    9199.278499999999,
    8350.0
  ],
  "lbc": [
    40779.5518,
    5173.551799999999,
    0.0,
    40779.5518,
    35606.0
  ],
  "lz": [
    32055.8017,
    4066.8016999999995,
    0.0,
    32055.8017,
    27989.0
  ],
  "house": [
    78102.5882,
    9908.588199999998,
    0.0,
    78102.5882,
    68194.0
  ],
  "lhx": [
    6378.1757,
    809.1756999999999,
    242.75270999999995,
    6135.42299,
    5569.0
  ],
  "sey": [
    7719.322,
    979.3219999999999,
    293.79659999999996,
    7425.5254,
    6740.0
  ],
  "miao": [
    37593.3272,
    4769.3272,
    1430.7981599999998,
    36162.52904,
    32824.0
  ],
  "hmk": [
    2416.583,
    306.58299999999997,
    91.97489999999999,
    2324.6081,
    2110.0
  ],
  "wzm": [
    29685.0307,
    -258.4724000000048,
    0.0,
    29685.0307,
    25919.0
  ],
  "lly": [
    9067.3401,
    -923.9139000000002,
    0.0,
    9067.3401,
    7917.0
  ]
}