{
  "syj": [
    22174.262899999998,
    -24380.120400000003,
    0.0,
    22174.262899999998,
    49463.0
  ],
  "cl": [
    12154.757899999999,
    -14479.1061,
    0.0,
    12154.757899999999,
    27113.0
  ],
  "zb": [
    7155.3162999999995,
    -8805.683700000001,
    0.0,
    7155.3162999999995,
    15961.0
  ],
  "zy": [
    3743.305,
    -4606.695000000001,
    0.0,
    3743.305,
    8350.0
  ],
  "lbc": [
    15962.1698,
    -19643.830200000004,
    0.0,
    15962.1698,
    35606.0
  ],
  "lz": [
    12547.4687,
    -15441.531300000002,
    0.0,
    12547.4687,
    27989.0
  ],
  "house": [
    30571.370199999998,
    -37622.6298,
    0.0,
    30571.370199999998,
    68194.0
  ],
  "lhx": [
    0.0,
    0.0,
    0.0,
    0.0,
    0.0
  ],
  "sey": [
    0.0,
    0.0,
    0.0,
    0.0,
    0.0
  ],
  "miao": [
    43.485099999999996,
    -53.514900000000004,
    0.0,
    43.485099999999996,
    97.0
  ],
  "hmk": [
    945.9129999999999,
    -1164.0870000000002,
    0.0,
    945.9129999999999,
    2110.0
  ],
  "wzm": [
    11619.4877,
    -18324.015400000008,
    0.0,
    11619.4877,
    25919.0
  ],
  "lly": [
    3549.1911,
    -6442.062900000001,
    0.0,
    3549.1911,
    7917.0
  ]
}