{
  "syj": [
    24988.707599999998,
    -21565.675700000003,
    0.0,
    24988.707599999998,
    49463.0
  ],
  "cl": [
    13697.4876,
    -12936.376400000003,
    0.0,
    13697.4876,
    27113.0
  ],
  "zb": [
    8063.4972,
    -7897.5028,
    0.0,
    8063.4972,
    15961.0
  ],
  "zy": [
    4218.42,
    -4131.58,
    0.0,
    4218.42,
    8350.0
  ],
  "lbc": [
    17988.1512,
    -17617.8488,
    0.0,
    17988.1512,
    35606.0
  ],
  "lz": [
    14140.0428,
    -13848.9572,
    0.0,
    14140.0428,
    27989.0
  ],
  "house": [
    34451.6088,
    -33742.3912,
    0.0,
    34451.6088,
    68194.0
  ],
  "lhx": [
    0.0,
    0.0,
    0.0,
    0.0,
    0.0
  ],
  "sey": [
    0.0,
    0.0,
    0.0,
    0.0,
    0.0
  ],
  "miao": [
    49.0044,
    -47.9956,
    0.0,
    49.0044,
    97.0
  ],
  "hmk": [
    1065.972,
    -1044.028,
    0.0,
    1065.972,
    2110.0
  ],
  "wzm": [
    13094.2788,
    -16849.224300000005,
    0.0,
    13094.2788,
    25919.0
  ],
  "lly": [
    3999.6684,
    -5991.5856,
    0.0,
    3999.6684,
    7917.0
  ]
}