{
  "syj": [
    58964.8423,
    12410.458999999993,
    0.0,
    58964.8423,
    49463.0
  ],
  "cl": [
    32321.4073,
    5687.543299999996,
    1706.2629899999986,
    30615.14431,
    27113.0
  ],
  "zb": [
    19027.108099999998,
    3066.108099999999,
    919.8324299999997,
    18107.27567,
    15961.0
  ],
  "zy": [
    9954.035,
    1604.0349999999994,
    481.2104999999998,
    9472.8245,
    8350.0
  ],
  "lbc": [
    42445.912599999996,
    6839.912599999998,
    0.0,
    42445.912599999996,
    35606.0
  ],
  "lz": [
    33365.6869,
    5376.686899999998,
    0.0,
    33365.6869,
    27989.0
  ],
  "house": [
    81294.0674,
    13100.067399999996,
    0.0,
    81294.0674,
    68194.0
  ],
  "lhx": [
    0.0,
    0.0,
    0.0,
    0.0,
    0.0
  ],
  "sey": [
    0.0,
    0.0,
    0.0,
    0.0,
    0.0
  ],
  "miao": [
    115.63369999999999,
    18.633699999999994,
    5.590109999999998,
    110.04359,
    97.0
  ],
  "hmk": [
    2515.3309999999997,
    405.33099999999985,
    121.59929999999994,
    2393.7317,
    2110.0
  ],
  "wzm": [
    30898.0399,
    954.536799999994,
    286.3610399999982,
    30611.67886,
    25919.0
  ],
  "lly": [
    9437.8557,
    -553.3983000000006,
    0.0,
    9437.8557,
    7917.0
  ]
}