{
  "syj": [
    47062.9718,
    9908.971799999998,
    0.0,
    47062.9718,
    37154.0
  ],
  "cl": [
    21150.0899,
    4453.089899999999,
    1335.9269699999998,
    19814.16293,
    16697.0
  ],
  "zb": [
    20217.7987,
    4256.798699999999,
    1277.0396099999998,
    18940.75909,
    15961.0
  ],
  "zy": [
    10576.945,
    2226.9449999999993,
    668.0834999999997,
    9908.861499999999,
    8350.0
  ],
  "lbc": [
    45102.1202,
    9496.120199999998,
    0.0,
    45102.1202,
    35606.0
  ],
  "lz": [
    35453.6663,
    7464.666299999998,
    0.0,
    35453.6663,
    27989.0
  ],
  "house": [
    86381.3398,
    18187.339799999994,
    0.0,
    86381.3398,
    68194.0
  ],
  "lhx": [
    7054.252299999999,
    1485.2522999999997,
    445.5756899999999,
    6608.6766099999995,
    5569.0
  ],
  "sey": [
    8537.557999999999,
    1797.5579999999995,
    539.2673999999998,
    7998.290599999999,
    6740.0
  ],
  "miao": [
    41578.1608,
    8754.160799999998,
    2626.2482399999994,
    38951.91256,
    32824.0
  ],
  "hmk": [
    2672.737,
    562.7369999999999,
    168.82109999999994,
    2503.9159,
    2110.0
  ],
  "wzm": [
    32831.5973,
    2888.094199999994,
    866.4282599999982,
    31965.169040000004,
    25919.0
  ],
  "lly": [
    10028.463899999999,
    37.209899999999415,
    11.162969999999824,
    10017.30093,
    7917.0
  ]
}