{
  "syj": [
    39783.0909,
    -6771.292400000002,
    0.0,
    39783.0909,
    49463.0
  ],
  "cl": [
    21806.9859,
    -4826.878100000003,
    0.0,
    21806.9859,
    27113.0
  ],
  "zb": [
    12837.4323,
    -3123.5676999999996,
    0.0,
    12837.4323,
    15961.0
  ],
  "zy": [
    6715.905,
    -1634.0949999999998,
    0.0,
    6715.905,
    8350.0
  ],
  "lbc": [
    28637.9058,
    -6968.0942,
    0.0,
    28637.9058,
    35606.0
  ],
  "lz": [
    22511.5527,
    -5477.4473,
    0.0,
    22511.5527,
    27989.0
  ],
  "house": [
    54848.4342,
    -13345.565799999998,
    0.0,
    54848.4342,
    68194.0
  ],
  "lhx": [
    0.0,
    0.0,
    0.0,
    0.0,
    0.0
  ],
  "sey": [
    0.0,
    0.0,
    0.0,
    0.0,
    0.0
  ],
  "miao": [
    78.0171,
    -18.982899999999997,
    0.0,
    78.0171,
    97.0
  ],
  "hmk": [
    1697.073,
    -412.92699999999996,
    0.0,
    1697.073,
    2110.0
  ],
  "wzm": [
    20846.651700000002,
    -9096.851400000003,
    0.0,
    20846.651700000002,
    25919.0
  ],
  "lly": [
    6367.6431,
    -3623.6109,
    0.0,
    6367.6431,
    7917.0
  ]
}