{
  "syj": [
    37423.7058,
    -9130.6775,
    0.0,
    37423.7058,
    49463.0
  ],
  "cl": [
    20513.6958,
    -6120.168200000001,
    0.0,
    20513.6958,
    27113.0
  ],
  "zb": [
    12076.0926,
    -3884.907399999999,
    0.0,
    12076.0926,
    15961.0
  ],
  "zy": [
    6317.610000000001,
    -2032.3899999999996,
    0.0,
    6317.610000000001,
    8350.0
  ],
  "lbc": [
    26939.499600000003,
    -8666.500399999999,
    0.0,
    26939.499600000003,
    35606.0
  ],
  "lz": [
    21176.4774,
    -6812.522599999998,
    0.0,
    21176.4774,
    27989.0
  ],
  "house": [
    51595.580400000006,
    -16598.419599999997,
    0.0,
    51595.580400000006,
    68194.0
  ],
  "lhx": [
    0.0,
    0.0,
    0.0,
    0.0,
    0.0
  ],
  "sey": [
    0.0,
    0.0,
    0.0,
    0.0,
    0.0
  ],
  "miao": [
    73.39020000000001,
    -23.609799999999996,
    0.0,
    73.39020000000001,
    97.0
  ],
  "hmk": [
    1596.4260000000002,
    -513.5739999999998,
    0.0,
    1596.4260000000002,
    2110.0
  ],
  "wzm": [
    19610.3154,
    -10333.187700000004,
    0.0,
    19610.3154,
    25919.0
  ],
  "lly": [
    5990.002200000001,
    -4001.2517999999995,
    0.0,
    5990.002200000001,
    7917.0
  ]
}