{
  "syj": [
    43092.1656,
    -3462.2177000000042,
    0.0,
    43092.1656,
    49463.0
  ],
  "cl": [
    23620.8456,
    -3013.018400000003,
    0.0,
    23620.8456,
    27113.0
  ],
  "zb": [
    13905.2232,
    -2055.7768000000005,
    0.0,
    13905.2232,
    15961.0
  ],
  "zy": [
    7274.5199999999995,
    -1075.4800000000002,
    0.0,
    7274.5199999999995,
    8350.0
  ],
  "lbc": [
    31019.9472,
    -4586.052800000001,
    0.0,
    31019.9472,
    35606.0
  ],
  "lz": [
    24384.016799999998,
    -3604.9832000000006,
    0.0,
    24384.016799999998,
    27989.0
  ],
  "house": [
    59410.612799999995,
    -8783.387200000001,
    0.0,
    59410.612799999995,
    68194.0
  ],
  "lhx": [
    0.0,
    0.0,
    0.0,
    0.0,
    0.0
  ],
  "sey": [
    0.0,
    0.0,
    0.0,
    0.0,
    0.0
  ],
  "miao": [
    84.5064,
    -12.493600000000002,
    0.0,
    84.5064,
    97.0
  ],
  "hmk": [
    1838.232,
    -271.76800000000003,
    0.0,
    1838.232,
    2110.0
  ],
  "wzm": [
    22580.6328,
    -7362.870300000005,
    0.0,
    22580.6328,
    25919.0
  ],
  "lly": [
    6897.2904,
    -3093.9636000000005,
    0.0,
    6897.2904,
    7917.0
  ]
}