{
  "syj": [
    42597.535599999996,
    -3956.847700000005,
    0.0,
    42597.535599999996,
    49463.0
  ],
  "cl": [
    23349.7156,
    -3284.1484000000037,
    0.0,
    23349.7156,
    27113.0
  ],
  "zb": [
    13745.6132,
    -2215.3868000000007,
    0.0,
    13745.6132,
    15961.0
  ],
  "zy": [
    7191.0199999999995,
    -1158.9800000000002,
    0.0,
    7191.0199999999995,
    8350.0
  ],
  "lbc": [
    30663.887199999997,
    -4942.112800000001,
    0.0,
    30663.887199999997,
    35606.0
  ],
  "lz": [
    24104.1268,
    -3884.873200000001,
    0.0,
    24104.1268,
    27989.0
  ],
  "house": [
    58728.6728,
    -9465.327200000002,
    0.0,
    58728.6728,
    68194.0
  ],
  "lhx": [
    0.0,
    0.0,
    0.0,
    0.0,
    0.0
  ],
  "sey": [
    0.0,
    0.0,
    0.0,
    0.0,
    0.0
  ],
  "miao": [
    83.5364,
    -13.463600000000003,
    0.0,
    83.5364,
    97.0
  ],
  "hmk": [
    1817.1319999999998,
    -292.86800000000005,
    0.0,
    1817.1319999999998,
    2110.0
  ],
  "wzm": [
    22321.4428,
    -7622.060300000006,
    0.0,
    22321.4428,
    25919.0
  ],
  "lly": [
    6818.1204,
    -3173.1336000000006,
    0.0,
    6818.1204,
    7917.0
  ]
}