{
  "syj": [
    46412.7768,
    9258.776800000003,
    0.0,
    46412.7768,
    37154.0
  ],
  "cl": [
    20857.8924,
    4160.8924000000015,
    1248.2677200000005,
    19609.62468,
    16697.0
  ],
  "zb": [
    19938.481200000002,
    3977.4812000000015,
    1193.2443600000004,
    18745.23684,
    15961.0
  ],
  "zy": [
    10430.820000000002,
    2080.8200000000006,
    624.2460000000002,
    9806.574,
    8350.0
  ],
  "lbc": [
    44479.0152,
    8873.015200000003,
    0.0,
    44479.0152,
    35606.0
  ],
  "lz": [
    34963.8588,
    6974.858800000003,
    0.0,
    34963.8588,
    27989.0
  ],
  "house": [
    85187.94480000001,
    16993.944800000005,
    0.0,
    85187.94480000001,
    68194.0
  ],
  "lhx": [
    6956.794800000001,
    1387.7948000000006,
    416.33844000000016,
    6540.45636,
    5569.0
  ],
  "sey": [
    8419.608,
    1679.6080000000006,
    503.8824000000002,
    7915.7256,
    6740.0
  ],
  "miao": [
    41003.7408,
    8179.740800000003,
    2453.922240000001,
    38549.81856,
    32824.0
  ],
  "hmk": [
    2635.8120000000004,
    525.8120000000002,
    157.74360000000007,
    2478.0684,
    2110.0
  ],
  "wzm": [
    22503.0888,
    2553.0867,
    765.9260099999999,
    21737.162790000002,
    18014.0
  ]
}