{
  "syj": [
    58415.803,
    11861.419699999999,
    0.0,
    58415.803,
    49463.0
  ],
  "cl": [
    32020.453,
    5386.588999999999,
    1615.9766999999997,
    30404.476300000002,
    27113.0
  ],
  "zb": [
    18849.941000000003,
    2888.9410000000007,
    866.6823000000002,
    17983.258700000002,
    15961.0
  ],
  "zy": [
    9861.35,
    1511.3500000000004,
    453.4050000000001,
    9407.945,
    8350.0
  ],
  "lbc": [
    42050.686,
    6444.6860000000015,
    0.0,
    42050.686,
    35606.0
  ],
  "lz": [
    33055.009,
    5066.009000000002,
    0.0,
    33055.009,
    27989.0
  ],
  "house": [
    80537.114,
    12343.114000000003,
    0.0,
    80537.114,
    68194.0
  ],
  "lhx": [
    0.0,
    0.0,
    0.0,
    0.0,
    0.0
  ],
  "sey": [
    0.0,
    0.0,
    0.0,
    0.0,
    0.0
  ],
  "miao": [
    114.557,
    17.557000000000006,
    5.267100000000002,
    109.2899,
    97.0
  ],
  "hmk": [
    2491.9100000000003,
    381.9100000000001,
    114.57300000000002,
    2377.3370000000004,
    2110.0
  ],
  "wzm": [
    30610.339,
    666.8358999999969,
    200.05076999999906,
    30410.288230000002,
    25919.0
  ],
  "lly": [
    9349.977,
    -641.2769999999997,
    0.0,
    9349.977,
    7917.0
  ]
}