{
  "syj": [
    44848.593400000005,
    7694.5934000000025,
    0.0,
    44848.593400000005,
    37154.0
  ],
  "cl": [
    20154.9487,
    3457.948700000001,
    1037.3846100000003,
    19117.56409,
    16697.0
  ],
  "zb": [
    19266.523100000002,
    3305.523100000001,
    991.6569300000002,
    18274.86617,
    15961.0
  ],
  "zy": [
    10079.285,
    1729.2850000000005,
    518.7855000000002,
    9560.4995,
    8350.0
  ],
  "lbc": [
    42980.0026,
    7374.0026000000025,
    0.0,
    42980.0026,
    35606.0
  ],
  "lz": [
    33785.5219,
    5796.521900000002,
    0.0,
    33785.5219,
    27989.0
  ],
  "house": [
    82316.9774,
    14122.977400000003,
    0.0,
    82316.9774,
    68194.0
  ],
  "lhx": [
    6722.3399,
    1153.3399000000004,
    346.0019700000001,
    6376.33793,
    5569.0
  ],
  "sey": [
    8135.854,
    1395.8540000000005,
    418.75620000000015,
    7717.0978000000005,
    6740.0
  ],
  "miao": [
    39621.8504,
    6797.850400000002,
    2039.3551200000006,
    37582.49528,
    32824.0
  ],
  "hmk": [
    2546.981,
    436.9810000000001,
    131.09430000000003,
    2415.8867,
    2110.0
  ],
  "wzm": [
    21744.6994,
    1794.6972999999991,
    538.4091899999997,
    21206.290210000003,
    18014.0
  ]
}