{
  "syj": [
    32244.9297,
    -14309.4536,
    0.0,
    32244.9297,
    49463.0
  ],
  "cl": [
    17674.9647,
    -8958.899300000001,
    0.0,
    17674.9647,
    27113.0
  ],
  "zb": [
    10404.975900000001,
    -5556.0241,
    0.0,
    10404.975900000001,
    15961.0
  ],
  "zy": [
    5443.365000000001,
    -2906.6349999999998,
    0.0,
    5443.365000000001,
    8350.0
  ],
  "lbc": [
    23211.5514,
    -12394.448599999998,
    0.0,
    23211.5514,
    35606.0
  ],
  "lz": [
    18246.0291,
    -9742.970899999998,
    0.0,
    18246.0291,
    27989.0
  ],
  "house": [
    44455.668600000005,
    -23738.3314,
    0.0,
    44455.668600000005,
    68194.0
  ],
  "lhx": [
    0.0,
    0.0,
    0.0,
    0.0,
    0.0
  ],
  "sey": [
    0.0,
    0.0,
    0.0,
    0.0,
    0.0
  ],
  "miao": [
    63.234300000000005,
    -33.765699999999995,
    0.0,
    63.234300000000005,
    97.0
  ],
  "hmk": [
    1375.509,
    -734.4909999999999,
    0.0,
    1375.509,
    2110.0
  ],
  "wzm": [
    16896.596100000002,
    -13046.907000000003,
    0.0,
    16896.596100000002,
    25919.0
  ],
  "lly": [
    5161.0923,
    -4830.1617,
    0.0,
    5161.0923,
    7917.0
  ]
}