{
  "syj": [
    23742.239999999998,
    -22812.143300000003,
    0.0,
    23742.239999999998,
    49463.0
  ],
  "cl": [
    13014.24,
    -13619.624000000003,
    0.0,
    13014.24,
    27113.0
  ],
  "zb": [
    7661.28,
    -8299.720000000001,
    0.0,
    7661.28,
    15961.0
  ],
  "zy": [
    4008.0,
    -4342.0,
    0.0,
    4008.0,
    8350.0
  ],
  "lbc": [
    17090.88,
    -18515.12,
    0.0,
    17090.88,
    35606.0
  ],
  "lz": [
    13434.72,
    -14554.28,
    0.0,
    13434.72,
    27989.0
  ],
  "house": [
    32733.12,
    -35460.880000000005,
    0.0,
    32733.12,
    68194.0
  ],
  "lhx": [
    0.0,
    0.0,
    0.0,
    0.0,
    0.0
  ],
  "sey": [
    0.0,
    0.0,
    0.0,
    0.0,
    0.0
  ],
  "miao": [
    46.559999999999995,
    -50.440000000000005,
    0.0,
    46.559999999999995,
    97.0
  ],
  "hmk": [
    1012.8,
    -1097.2,
    0.0,
    1012.8,
    2110.0
  ],
  "wzm": [
    12441.119999999999,
    -17502.383100000006,
    0.0,
    12441.119999999999,
    25919.0
  ],
  "lly": [
    3800.16,
    -6191.094,
    0.0,
    3800.16,
    7917.0
  ]
}