{
  "syj": [
    44338.6332,
    -2215.7501000000043,
    0.0,
    44338.6332,
    49463.0
  ],
  "cl": [
    24304.0932,
    -2329.7708000000034,
    0.0,
    24304.0932,
    27113.0
  ],
  "zb": [
    14307.4404,
    -1653.5596000000005,
    0.0,
    14307.4404,
    15961.0
  ],
  "zy": [
    7484.94,
    -865.0600000000002,
    0.0,
    7484.94,
    8350.0
  ],
  "lbc": [
    31917.218399999998,
    -3688.7816000000007,
    0.0,
    31917.218399999998,
    35606.0
  ],
  "lz": [
    25089.3396,
    -2899.6604000000007,
    0.0,
    25089.3396,
    27989.0
  ],
  "house": [
    61129.1016,
    -7064.898400000002,
    0.0,
    61129.1016,
    68194.0
  ],
  "lhx": [
    0.0,
    0.0,
    0.0,
    0.0,
    0.0
  ],
  "sey": [
    0.0,
    0.0,
    0.0,
    0.0,
    0.0
  ],
  "miao": [
    86.9508,
    -10.049200000000003,
    0.0,
    86.9508,
    97.0
  ],
  "hmk": [
    1891.404,
    -218.59600000000006,
    0.0,
    1891.404,
    2110.0
  ],
  "wzm": [
    23233.7916,
    -6709.711500000005,
    0.0,
    23233.7916,
    25919.0
  ],
  "lly": [
    7096.7988,
    -2894.4552000000003,
    0.0,
    7096.7988,
    7917.0
  ]
}