{
  "syj": [
    26601.201399999998,
    -19953.181900000007,
    0.0,
    26601.201399999998,
    49463.0
  ],
  "cl": [
    14581.371399999998,
    -12052.492600000003,
    0.0,
    14581.371399999998,
    27113.0
  ],
  "zb": [
    8583.825799999999,
    -7377.174200000001,
    0.0,
    8583.825799999999,
    15961.0
  ],
  "zy": [
    4490.629999999999,
    -3859.3700000000003,
    0.0,
    4490.629999999999,
    8350.0
  ],
  "lbc": [
    19148.906799999997,
    -16457.093200000003,
    0.0,
    19148.906799999997,
    35606.0
  ],
  "lz": [
    15052.484199999999,
    -12936.515800000001,
    0.0,
    15052.484199999999,
    27989.0
  ],
  "house": [
    36674.733199999995,
    -31519.266800000005,
    0.0,
    36674.733199999995,
    68194.0
  ],
  "lhx": [
    0.0,
    0.0,
    0.0,
    0.0,
    0.0
  ],
  "sey": [
    0.0,
    0.0,
    0.0,
    0.0,
    0.0
  ],
  "miao": [
    52.166599999999995,
    -44.833400000000005,
    0.0,
    52.166599999999995,
    97.0
  ],
  "hmk": [
    1134.7579999999998,
    -975.2420000000001,
    0.0,
    1134.7579999999998,
    2110.0
  ],
  "wzm": [
    13939.238199999998,
    -16004.264900000006,
    0.0,
    13939.238199999998,
    25919.0
  ],
  "lly": [
    4257.762599999999,
    -5733.491400000001,
    0.0,
    4257.762599999999,
    7917.0
  ]
}