{
  "syj": [
    33689.2493,
    -12865.134000000002,
    0.0,
    33689.2493,
    49463.0
  ],
  "cl": [
    18466.6643,
    -8167.199700000002,
    0.0,
    18466.6643,
    27113.0
  ],
  "zb": [
    10871.037100000001,
    -5089.9628999999995,
    0.0,
    10871.037100000001,
    15961.0
  ],
  "zy": [
    5687.185,
    -2662.8149999999996,
    0.0,
    5687.185,
    8350.0
  ],
  "lbc": [
    24251.246600000002,
    -11354.753399999998,
    0.0,
    24251.246600000002,
    35606.0
  ],
  "lz": [
    19063.3079,
    -8925.692099999998,
    0.0,
    19063.3079,
    27989.0
  ],
  "house": [
    46446.9334,
    -21747.0666,
    0.0,
    46446.9334,
    68194.0
  ],
  "lhx": [
    0.0,
    0.0,
    0.0,
    0.0,
    0.0
  ],
  "sey": [
    0.0,
    0.0,
    0.0,
    0.0,
    0.0
  ],
  "miao": [
    66.0667,
    -30.933299999999996,
    0.0,
    66.0667,
    97.0
  ],
  "hmk": [
    1437.121,
    -672.8789999999999,
    0.0,
    1437.121,
    2110.0
  ],
  "wzm": [
    17653.4309,
    -12290.072200000004,
    0.0,
    17653.4309,
    25919.0
  ],
  "lly": [
    5392.2687000000005,
    -4598.985299999999,
    0.0,
    5392.2687000000005,
    7917.0
  ]
}