{
  "syj": [
    42084.3358,
    4930.335800000002,
    0.0,
    42084.3358,
    37154.0
  ],
  "cl": [
    18912.6919,
    2215.6919000000007,
    664.7075700000001,
    18247.984330000003,
    16697.0
  ],
  "zb": [
    18079.0247,
    2118.024700000001,
    635.4074100000003,
    17443.617290000002,
    15961.0
  ],
  "zy": [
    9458.045,
    1108.0450000000003,
    332.41350000000006,
    9125.6315,
    8350.0
  ],
  "lbc": [
    40330.9162,
    4724.9162000000015,
    0.0,
    40330.9162,
    35606.0
  ],
  "lz": [
    31703.140300000003,
    3714.140300000001,
    0.0,
    31703.140300000003,
    27989.0
  ],
  "house": [
    77243.3438,
    9049.343800000002,
    0.0,
    77243.3438,
    68194.0
  ],
  "lhx": [
    6308.0063,
    739.0063000000002,
    221.70189000000008,
    6086.30441,
    5569.0
  ],
  "sey": [
    7634.398,
    894.3980000000003,
    268.3194000000001,
    7366.0786,
    6740.0
  ],
  "miao": [
    37179.7448,
    4355.744800000001,
    1306.7234400000004,
    35873.02136,
    32824.0
  ],
  "hmk": [
    2389.9970000000003,
    279.99700000000007,
    83.99910000000001,
    2305.9979000000003,
    2110.0
  ],
  "wzm": [
    29358.4513,
    -585.0518000000034,
    0.0,
    29358.4513,
    25919.0
  ],
  "lly": [
    8967.5859,
    -1023.6680999999998,
    0.0,
    8967.5859,
    7917.0
  ]
}