{
  "syj": [
    30845.126800000002,
    -15709.256500000001,
    0.0,
    30845.126800000002,
    49463.0
  ],
  "cl": [
    16907.666800000003,
    -9726.1972,
    0.0,
    16907.666800000003,
    27113.0
  ],
  "zb": [
    9953.2796,
    -6007.720399999999,
    0.0,
    9953.2796,
    15961.0
  ],
  "zy": [
    5207.06,
    -3142.9399999999996,
    0.0,
    5207.06,
    8350.0
  ],
  "lbc": [
    22203.9016,
    -13402.098399999999,
    0.0,
    22203.9016,
    35606.0
  ],
  "lz": [
    17453.9404,
    -10535.059599999999,
    0.0,
    17453.9404,
    27989.0
  ],
  "house": [
    42525.7784,
    -25668.221599999997,
    0.0,
    42525.7784,
    68194.0
  ],
  "lhx": [
    0.0,
    0.0,
    0.0,
    0.0,
    0.0
  ],
  "sey": [
    0.0,
    0.0,
    0.0,
    0.0,
    0.0
  ],
  "miao": [
    60.489200000000004,
    -36.510799999999996,
    0.0,
    60.489200000000004,
    97.0
  ],
  "hmk": [
    1315.796,
    -794.204,
    0.0,
    1315.796,
    2110.0
  ],
  "wzm": [
    16163.0884,
    -13780.414700000003,
    0.0,
    16163.0884,
    25919.0
  ],
  "lly": [
    4937.041200000001,
    -5054.212799999999,
    0.0,
    4937.041200000001,
    7917.0
  ]
}