{
  "syj": [
    25028.278000000002,
    -21526.105300000003,
    0.0,
    25028.278000000002,
    49463.0
  ],
  "cl": [
    13719.178,
    -12914.686000000003,
    0.0,
    13719.178,
    27113.0
  ],
  "zb": [
    8076.2660000000005,
    -7884.7339999999995,
    0.0,
    8076.2660000000005,
    15961.0
  ],
  "zy": [
    4225.1,
    -4124.9,
    0.0,
    4225.1,
    8350.0
  ],
  "lbc": [
    18016.636,
    -17589.364,
    0.0,
    18016.636,
    35606.0
  ],
  "lz": [
    14162.434,
    -13826.566,
    0.0,
    14162.434,
    27989.0
  ],
  "house": [
    34506.164,
    -33687.836,
    0.0,
    34506.164,
    68194.0
  ],
  "lhx": [
    0.0,
    0.0,
    0.0,
    0.0,
    0.0
  ],
  "sey": [
    0.0,
    0.0,
    0.0,
    0.0,
    0.0
  ],
  "miao": [
    49.082,
    -47.918,
    0.0,
    49.082,
    97.0
  ],
  "hmk": [
    1067.66,
    -1042.34,
    0.0,
    1067.66,
    2110.0
  ],
  "wzm": [
    13115.014000000001,
    -16828.489100000003,
    0.0,
    13115.014000000001,
    25919.0
  ],
  "lly": [
    4006.002,
    -5985.252,
    0.0,
    4006.002,
    7917.0
  ]
}