{
  "syj": [
    26883.140499999998,
    -19671.242800000004,
    0.0,
    26883.140499999998,
    49463.0
  ],
  "cl": [
    14735.9155,
    -11897.948500000002,
    0.0,
    14735.9155,
    27113.0
  ],
  "zb": [
    8674.8035,
    -7286.1965,
    0.0,
    8674.8035,
    15961.0
  ],
  "zy": [
    4538.224999999999,
    -3811.775,
    0.0,
    4538.224999999999,
    8350.0
  ],
  "lbc": [
    19351.861,
    -16254.139000000001,
    0.0,
    19351.861,
    35606.0
  ],
  "lz": [
    15212.021499999999,
    -12776.978500000001,
    0.0,
    15212.021499999999,
    27989.0
  ],
  "house": [
    37063.439,
    -31130.561,
    0.0,
    37063.439,
    68194.0
  ],
  "lhx": [
    0.0,
    0.0,
    0.0,
    0.0,
    0.0
  ],
  "sey": [
    0.0,
    0.0,
    0.0,
    0.0,
    0.0
  ],
  "miao": [
    52.7195,
    -44.2805,
    0.0,
    52.7195,
    97.0
  ],
  "hmk": [
    1146.7849999999999,
    -963.215,
    0.0,
    1146.7849999999999,
    2110.0
  ],
  "wzm": [
    14086.976499999999,
    -15856.526600000005,
    0.0,
    14086.976499999999,
    25919.0
  ],
  "lly": [
    4302.8895,
    -5688.364500000001,
    0.0,
    4302.8895,
    7917.0
  ]
}