{
  "syj": [
    58811.507000000005,
    12257.1237,
    0.0,
    58811.507000000005,
    49463.0
  ],
  "cl": [
    32237.357,
    5603.492999999999,
    1681.0478999999996,
    30556.3091,
    27113.0
  ],
  "zb": [
    18977.629,
    3016.629000000001,
    904.9887000000002,
    18072.6403,
    15961.0
  ],
  "zy": [
    9928.15,
    1578.1500000000005,
    473.44500000000016,
    9454.705,
    8350.0
  ],
  "lbc": [
    42335.534,
    6729.534000000002,
    0.0,
    42335.534,
    35606.0
  ],
  "lz": [
    33278.921,
    5289.921000000001,
    0.0,
    33278.921,
    27989.0
  ],
  "house": [
    81082.666,
    12888.666000000005,
    0.0,
    81082.666,
    68194.0
  ],
  "lhx": [
    0.0,
    0.0,
    0.0,
    0.0,
    0.0
  ],
  "sey": [
    0.0,
    0.0,
    0.0,
    0.0,
    0.0
  ],
  "miao": [
    115.333,
    18.333000000000006,
    5.499900000000001,
    109.8331,
    97.0
  ],
  "hmk": [
    2508.79,
    398.79000000000013,
    119.63700000000003,
    2389.153,
    2110.0
  ],
  "wzm": [
    30817.691000000003,
    874.1878999999971,
    262.2563699999991,
    30555.434630000003,
    25919.0
  ],
  "lly": [
    9413.313,
    -577.9409999999997,
    0.0,
    9413.313,
    7917.0
  ]
}