{
  "syj": [
    44636.8156,
    7482.815600000001,
    0.0,
    44636.8156,
    37154.0
  ],
  "cl": [
    20059.7758,
    3362.7758000000003,
    1008.8327400000001,
    19050.943059999998,
    16697.0
  ],
  "zb": [
    19175.5454,
    3214.5454000000004,
    964.3636200000001,
    18211.18178,
    15961.0
  ],
  "zy": [
    10031.69,
    1681.6900000000003,
    504.50700000000006,
    9527.183,
    8350.0
  ],
  "lbc": [
    42777.0484,
    7171.048400000001,
    0.0,
    42777.0484,
    35606.0
  ],
  "lz": [
    33625.9846,
    5636.984600000001,
    0.0,
    33625.9846,
    27989.0
  ],
  "house": [
    81928.27160000001,
    13734.271600000002,
    0.0,
    81928.27160000001,
    68194.0
  ],
  "lhx": [
    6690.5966,
    1121.5966,
    336.47898000000004,
    6354.11762,
    5569.0
  ],
  "sey": [
    8097.436000000001,
    1357.4360000000001,
    407.23080000000004,
    7690.2052,
    6740.0
  ],
  "miao": [
    39434.753600000004,
    6610.753600000001,
    1983.2260800000001,
    37451.52752,
    32824.0
  ],
  "hmk": [
    2534.954,
    424.95400000000006,
    127.48620000000001,
    2407.4678000000004,
    2110.0
  ],
  "wzm": [
    21642.0196,
    1692.0174999999986,
    507.60524999999956,
    21134.41435,
    18014.0
  ]
}