{
  "syj": [
    30789.5198,
    -6364.4802,
    0.0,
    30789.5198,
    37154.0
  ],
  "cl": [
    22468.5431,
    -4165.320900000002,
    0.0,
    22468.5431,
    27113.0
  ],
  "zb": [
    13226.8807,
    -2734.1193000000003,
    0.0,
    13226.8807,
    15961.0
  ],
  "zy": [
    6919.6449999999995,
    -1430.355,
    0.0,
    6919.6449999999995,
    8350.0
  ],
  "lbc": [
    29506.6922,
    -6099.3078000000005,
    0.0,
    29506.6922,
    35606.0
  ],
  "lz": [
    23194.4843,
    -4794.5157,
    0.0,
    23194.4843,
    27989.0
  ],
  "house": [
    56512.3678,
    -11681.6322,
    0.0,
    56512.3678,
    68194.0
  ],
  "lhx": [
    4615.0303,
    -953.9697,
    0.0,
    4615.0303,
    5569.0
  ],
  "sey": [
    5585.438,
    -1154.5620000000001,
    0.0,
    5585.438,
    6740.0
  ],
  "miao": [
    80.3839,
    -16.6161,
    0.0,
    80.3839,
    97.0
  ],
  "hmk": [
    1748.557,
    -361.44300000000004,
    0.0,
    1748.557,
    2110.0
  ],
  "wzm": [
    21479.0753,
    -8464.427800000005,
    0.0,
    21479.0753,
    25919.0
  ],
  "lly": [
    6560.8179,
    -3430.4361000000004,
    0.0,
    6560.8179,
    7917.0
  ]
}