{
  "syj": [
    43008.0785,
    -3546.304800000001,
    0.0,
    43008.0785,
    49463.0
  ],
  "cl": [
    23574.753500000003,
    -3059.110500000001,
    0.0,
    23574.753500000003,
    27113.0
  ],
  "zb": [
    13878.0895,
    -2082.910499999999,
    0.0,
    13878.0895,
    15961.0
  ],
  "zy": [
    7260.325000000001,
    -1089.6749999999995,
    0.0,
    7260.325000000001,
    8350.0
  ],
  "lbc": [
    30959.417,
    -4646.582999999998,
    0.0,
    30959.417,
    35606.0
  ],
  "lz": [
    24336.435500000003,
    -3652.5644999999986,
    0.0,
    24336.435500000003,
    27989.0
  ],
  "house": [
    59294.683000000005,
    -8899.316999999997,
    0.0,
    59294.683000000005,
    68194.0
  ],
  "lhx": [
    0.0,
    0.0,
    0.0,
    0.0,
    0.0
  ],
  "sey": [
    0.0,
    0.0,
    0.0,
    0.0,
    0.0
  ],
  "miao": [
    84.34150000000001,
    -12.658499999999995,
    0.0,
    84.34150000000001,
    97.0
  ],
  "hmk": [
    1834.6450000000002,
    -275.3549999999999,
    0.0,
    1834.6450000000002,
    2110.0
  ],
  "wzm": [
    22536.5705,
    -7406.932600000003,
    0.0,
    22536.5705,
    25919.0
  ],
  "lly": [
    6883.8315,
    -3107.4224999999997,
    0.0,
    6883.8315,
    7917.0
  ]
}