{
  "syj": [
    55477.7008,
    8923.317499999994,
    0.0,
    55477.7008,
    49463.0
  ],
  "cl": [
    30409.940799999997,
    3776.0767999999957,
    1132.8230399999986,
    29277.117759999997,
    27113.0
  ],
  "zb": [
    17901.8576,
    1940.857599999999,
    582.2572799999997,
    17319.60032,
    15961.0
  ],
  "zy": [
    9365.359999999999,
    1015.3599999999994,
    304.60799999999983,
    9060.751999999999,
    8350.0
  ],
  "lbc": [
    39935.6896,
    4329.689599999998,
    0.0,
    39935.6896,
    35606.0
  ],
  "lz": [
    31392.462399999997,
    3403.462399999998,
    0.0,
    31392.462399999997,
    27989.0
  ],
  "house": [
    76486.39039999999,
    8292.390399999995,
    0.0,
    76486.39039999999,
    68194.0
  ],
  "lhx": [
    0.0,
    0.0,
    0.0,
    0.0,
    0.0
  ],
  "sey": [
    0.0,
    0.0,
    0.0,
    0.0,
    0.0
  ],
  "miao": [
    108.7952,
    11.795199999999994,
    3.538559999999998,
    105.25663999999999,
    97.0
  ],
  "hmk": [
    2366.576,
    256.57599999999985,
    76.97279999999995,
    2289.6032,
    2110.0
  ],
  "wzm": [
    29070.750399999997,
    -872.7527000000063,
    0.0,
    29070.750399999997,
    25919.0
  ],
  "lly": [
    8879.707199999999,
    -1111.5468000000005,
    0.0,
    8879.707199999999,
    7917.0
  ]
}