{
  "syj": [
    36508.6403,
    -10045.743000000004,
    0.0,
    36508.6403,
    49463.0
  ],
  "cl": [
    20012.1053,
    -6621.758700000003,
    0.0,
    20012.1053,
    27113.0
  ],
  "zb": [
    11780.8141,
    -4180.1859,
    0.0,
    11780.8141,
    15961.0
  ],
  "zy": [
    6163.135,
    -2186.8650000000002,
    0.0,
    6163.135,
    8350.0
  ],
  "lbc": [
    26280.7886,
    -9325.2114,
    0.0,
    26280.7886,
    35606.0
  ],
  "lz": [
    20658.6809,
    -7330.319100000001,
    0.0,
    20658.6809,
    27989.0
  ],
  "house": [
    50333.9914,
    -17860.0086,
    0.0,
    50333.9914,
    68194.0
  ],
  "lhx": [
    0.0,
    0.0,
    0.0,
    0.0,
    0.0
  ],
  "sey": [
    0.0,
    0.0,
    0.0,
    0.0,
    0.0
  ],
  "miao": [
    71.5957,
    -25.404300000000003,
    0.0,
    71.5957,
    97.0
  ],
  "hmk": [
    1557.3909999999998,
    -552.609,
    0.0,
    1557.3909999999998,
    2110.0
  ],
  "wzm": [
    19130.8139,
    -10812.689200000004,
    0.0,
    19130.8139,
    25919.0
  ],
  "lly": [
    5843.5377,
    -4147.7163,
    0.0,
    5843.5377,
    7917.0
  ]
}