{
  "syj": [
    41032.8776,
    3878.8776000000016,
    0.0,
    41032.8776,
    37154.0
  ],
  "cl": [
    18440.1668,
    1743.1668000000009,
    522.9500400000003,
    17917.21676,
    16697.0
  ],
  "zb": [
    17627.328400000002,
    1666.3284000000008,
    499.8985200000002,
    17127.429880000003,
    15961.0
  ],
  "zy": [
    9221.74,
    871.7400000000004,
    261.5220000000001,
    8960.217999999999,
    8350.0
  ],
  "lbc": [
    39323.2664,
    3717.266400000002,
    0.0,
    39323.2664,
    35606.0
  ],
  "lz": [
    30911.051600000003,
    2922.051600000001,
    0.0,
    30911.051600000003,
    27989.0
  ],
  "house": [
    75313.45360000001,
    7119.4536000000035,
    0.0,
    75313.45360000001,
    68194.0
  ],
  "lhx": [
    6150.403600000001,
    581.4036000000003,
    174.4210800000001,
    5975.9825200000005,
    5569.0
  ],
  "sey": [
    7443.656,
    703.6560000000003,
    211.0968000000001,
    7232.5592,
    6740.0
  ],
  "miao": [
    36250.825600000004,
    3426.8256000000015,
    1028.0476800000004,
    35222.77792,
    32824.0
  ],
  "hmk": [
    2330.284,
    220.2840000000001,
    66.08520000000003,
    2264.1988,
    2110.0
  ],
  "wzm": [
    11053.9396,
    1070.9630000000009,
    321.28890000000024,
    10732.6507,
    10009.0
  ]
}