{
  "syj": [
    23593.851,
    -22960.532300000003,
    0.0,
    23593.851,
    49463.0
  ],
  "cl": [
    12932.901,
    -13700.963000000003,
    0.0,
    12932.901,
    27113.0
  ],
  "zb": [
    7613.397,
    -8347.603000000001,
    0.0,
    7613.397,
    15961.0
  ],
  "zy": [
    3982.95,
    -4367.05,
    0.0,
    3982.95,
    8350.0
  ],
  "lbc": [
    16984.061999999998,
    -18621.938000000002,
    0.0,
    16984.061999999998,
    35606.0
  ],
  "lz": [
    13350.752999999999,
    -14638.247000000001,
    0.0,
    13350.752999999999,
    27989.0
  ],
  "house": [
    32528.537999999997,
    -35665.462,
    0.0,
    32528.537999999997,
    68194.0
  ],
  "lhx": [
    0.0,
    0.0,
    0.0,
    0.0,
    0.0
  ],
  "sey": [
    0.0,
    0.0,
    0.0,
    0.0,
    0.0
  ],
  "miao": [
    46.269,
    -50.731,
    0.0,
    46.269,
    97.0
  ],
  "hmk": [
    1006.4699999999999,
    -1103.53,
    0.0,
    1006.4699999999999,
    2110.0
  ],
  "wzm": [
    12363.363,
    -17580.140100000004,
    0.0,
    12363.363,
    25919.0
  ],
  "lly": [
    3776.4089999999997,
    -6214.845,
    0.0,
    3776.4089999999997,
    7917.0
  ]
}