{
  "syj": [
    26853.462700000004,
    -19700.9206,
    0.0,
    26853.462700000004,
    49463.0
  ],
  "cl": [
    14719.647700000001,
    -11914.216300000002,
    0.0,
    14719.647700000001,
    27113.0
  ],
  "zb": [
    8665.226900000001,
    -7295.773099999999,
    0.0,
    8665.226900000001,
    15961.0
  ],
  "zy": [
    4533.215,
    -3816.7849999999994,
    0.0,
    4533.215,
    8350.0
  ],
  "lbc": [
    19330.4974,
    -16275.502599999998,
    0.0,
    19330.4974,
    35606.0
  ],
  "lz": [
    15195.228100000002,
    -12793.771899999998,
    0.0,
    15195.228100000002,
    27989.0
  ],
  "house": [
    37022.522600000004,
    -31171.477399999996,
    0.0,
    37022.522600000004,
    68194.0
  ],
  "lhx": [
    0.0,
    0.0,
    0.0,
    0.0,
    0.0
  ],
  "sey": [
    0.0,
    0.0,
    0.0,
    0.0,
    0.0
  ],
  "miao": [
    52.661300000000004,
    -44.338699999999996,
    0.0,
    52.661300000000004,
    97.0
  ],
  "hmk": [
    1145.519,
    -964.4809999999999,
    0.0,
    1145.519,
    2110.0
  ],
  "wzm": [
    14071.4251,
    -15872.078000000003,
    0.0,
    14071.4251,
    25919.0
  ],
  "lly": [
    4298.139300000001,
    -5693.1147,
    0.0,
    4298.139300000001,
    7917.0
  ]
}