{
  "syj": [
    34200.257,
    -2953.7430000000004,
    0.0,
    34200.257,
    37154.0
  ],
  "cl": [
    24957.516499999998,
    -1676.347500000003,
    0.0,
    24957.516499999998,
    27113.0
  ],
  "zb": [
    14692.1005,
    -1268.8995000000002,
    0.0,
    14692.1005,
    15961.0
  ],
  "zy": [
    7686.175,
    -663.8250000000002,
    0.0,
    7686.175,
    8350.0
  ],
  "lbc": [
    32775.323,
    -2830.6770000000006,
    0.0,
    32775.323,
    35606.0
  ],
  "lz": [
    25763.874499999998,
    -2225.1255000000006,
    0.0,
    25763.874499999998,
    27989.0
  ],
  "house": [
    62772.577,
    -5421.423000000001,
    0.0,
    62772.577,
    68194.0
  ],
  "lhx": [
    5126.2645,
    -442.73550000000006,
    0.0,
    5126.2645,
    5569.0
  ],
  "sey": [
    6204.17,
    -535.8300000000002,
    0.0,
    6204.17,
    6740.0
  ],
  "miao": [
    30214.492,
    -2609.5080000000007,
    0.0,
    30214.492,
    32824.0
  ],
  "hmk": [
    1942.2549999999999,
    -167.74500000000003,
    0.0,
    1942.2549999999999,
    2110.0
  ],
  "wzm": [
    23858.4395,
    -6085.063600000005,
    0.0,
    23858.4395,
    25919.0
  ],
  "lly": [
    7287.5985,
    -2703.6555000000003,
    0.0,
    7287.5985,
    7917.0
  ]
}