{
  "syj": [
    33917.886600000005,
    -3236.1133999999984,
    0.0,
    33917.886600000005,
    37154.0
  ],
  "cl": [
    24751.457700000003,
    -1882.4063000000015,
    0.0,
    24751.457700000003,
    27113.0
  ],
  "zb": [
    14570.796900000001,
    -1390.2030999999993,
    0.0,
    14570.796900000001,
    15961.0
  ],
  "zy": [
    7622.715,
    -727.2849999999996,
    0.0,
    7622.715,
    8350.0
  ],
  "lbc": [
    32504.7174,
    -3101.282599999998,
    0.0,
    32504.7174,
    35606.0
  ],
  "lz": [
    25551.1581,
    -2437.8418999999985,
    0.0,
    25551.1581,
    27989.0
  ],
  "house": [
    62254.3026,
    -5939.697399999997,
    0.0,
    62254.3026,
    68194.0
  ],
  "lhx": [
    5083.9401,
    -485.05989999999974,
    0.0,
    5083.9401,
    5569.0
  ],
  "sey": [
    6152.946,
    -587.0539999999997,
    0.0,
    6152.946,
    6740.0
  ],
  "miao": [
    29965.0296,
    -2858.9703999999983,
    0.0,
    29965.0296,
    32824.0
  ],
  "hmk": [
    1926.219,
    -183.7809999999999,
    0.0,
    1926.219,
    2110.0
  ],
  "wzm": [
    23661.455100000003,
    -6282.048000000003,
    0.0,
    23661.455100000003,
    25919.0
  ],
  "lly": [
    7227.429300000001,
    -2763.8246999999997,
    0.0,
    7227.429300000001,
    7917.0
  ]
}