{
  "syj": [
    23336.6434,
    -23217.739900000004,
    0.0,
    23336.6434,
    49463.0
  ],
  "cl": [
    12791.9134,
    -13841.950600000002,
    0.0,
    12791.9134,
    27113.0
  ],
  "zb": [
    7530.3998,
    -8430.6002,
    0.0,
    7530.3998,
    15961.0
  ],
  "zy": [
    3939.53,
    -4410.47,
    0.0,
    3939.53,
    8350.0
  ],
  "lbc": [
    16798.9108,
    -18807.0892,
    0.0,
    16798.9108,
    35606.0
  ],
  "lz": [
    13205.2102,
    -14783.7898,
    0.0,
    13205.2102,
    27989.0
  ],
  "house": [
    32173.9292,
    -36020.0708,
    0.0,
    32173.9292,
    68194.0
  ],
  "lhx": [
    0.0,
    0.0,
    0.0,
    0.0,
    0.0
  ],
  "sey": [
    0.0,
    0.0,
    0.0,
    0.0,
    0.0
  ],
  "miao": [
    45.7646,
    -51.2354,
    0.0,
    45.7646,
    97.0
  ],
  "hmk": [
    995.498,
    -1114.502,
    0.0,
    995.498,
    2110.0
  ],
  "wzm": [
    12228.5842,
    -17714.918900000004,
    0.0,
    12228.5842,
    25919.0
  ],
  "lly": [
    3735.2406,
    -6256.0134,
    0.0,
    3735.2406,
    7917.0
  ]
}