{
  "syj": [
    22134.6925,
    -24419.690800000004,
    0.0,
    22134.6925,
    49463.0
  ],
  "cl": [
    12133.067500000001,
    -14500.796500000002,
    0.0,
    12133.067500000001,
    27113.0
  ],
  "zb": [
    7142.547500000001,
    -8818.4525,
    0.0,
    7142.547500000001,
    15961.0
  ],
  "zy": [
    3736.625,
    -4613.375,
    0.0,
    3736.625,
    8350.0
  ],
  "lbc": [
    15933.685,
    -19672.315,
    0.0,
    15933.685,
    35606.0
  ],
  "lz": [
    12525.0775,
    -15463.9225,
    0.0,
    12525.0775,
    27989.0
  ],
  "house": [
    30516.815000000002,
    -37677.185,
    0.0,
    30516.815000000002,
    68194.0
  ],
  "lhx": [
    0.0,
    0.0,
    0.0,
    0.0,
    0.0
  ],
  "sey": [
    0.0,
    0.0,
    0.0,
    0.0,
    0.0
  ],
  "miao": [
    43.4075,
    -53.5925,
    0.0,
    43.4075,
    97.0
  ],
  "hmk": [
    944.225,
    -1165.775,
    0.0,
    944.225,
    2110.0
  ],
  "wzm": [
    11598.7525,
    -18344.750600000003,
    0.0,
    11598.7525,
    25919.0
  ],
  "lly": [
    3542.8575,
    -6448.3965,
    0.0,
    3542.8575,
    7917.0
  ]
}