{
  "syj": [
    51261.373799999994,
    14107.373799999998,
    0.0,
    51261.373799999994,
    37154.0
  ],
  "cl": [
    23036.850899999998,
    6339.850899999999,
    1901.9552699999995,
    21134.89563,
    16697.0
  ],
  "zb": [
    22021.3917,
    6060.391699999999,
    1818.1175099999998,
    20203.27419,
    15961.0
  ],
  "zy": [
    11520.494999999999,
    3170.4949999999994,
    951.1484999999998,
    10569.3465,
    8350.0
  ],
  "lbc": [
    49125.5982,
    13519.598199999997,
    0.0,
    49125.5982,
    35606.0
  ],
  "lz": [
    38616.423299999995,
    10627.423299999999,
    0.0,
    38616.423299999995,
    27989.0
  ],
  "house": [
    94087.2618,
    25893.261799999997,
    0.0,
    94087.2618,
    68194.0
  ],
  "lhx": [
    7683.5493,
    2114.5492999999997,
    634.3647899999999,
    7049.18451,
    5569.0
  ],
  "sey": [
    9299.178,
    2559.1779999999994,
    767.7533999999998,
    8531.4246,
    6740.0
  ],
  "miao": [
    45287.2728,
    12463.272799999997,
    3738.981839999999,
    41548.29096,
    32824.0
  ],
  "hmk": [
    2911.167,
    801.1669999999998,
    240.35009999999994,
    2670.8169,
    2110.0
  ],
  "wzm": [
    24853.9158,
    4903.913699999996,
    1471.1741099999988,
    23382.74169,
    18014.0
  ]
}