{
  "syj": [
    28871.5531,
    -17682.830200000004,
    0.0,
    28871.5531,
    49463.0
  ],
  "cl": [
    15825.8581,
    -10808.005900000002,
    0.0,
    15825.8581,
    27113.0
  ],
  "zb": [
    9316.4357,
    -6644.5643,
    0.0,
    9316.4357,
    15961.0
  ],
  "zy": [
    4873.8949999999995,
    -3476.105,
    0.0,
    4873.8949999999995,
    8350.0
  ],
  "lbc": [
    20783.2222,
    -14822.7778,
    0.0,
    20783.2222,
    35606.0
  ],
  "lz": [
    16337.1793,
    -11651.8207,
    0.0,
    16337.1793,
    27989.0
  ],
  "house": [
    39804.8378,
    -28389.1622,
    0.0,
    39804.8378,
    68194.0
  ],
  "lhx": [
    0.0,
    0.0,
    0.0,
    0.0,
    0.0
  ],
  "sey": [
    0.0,
    0.0,
    0.0,
    0.0,
    0.0
  ],
  "miao": [
    56.6189,
    -40.3811,
    0.0,
    56.6189,
    97.0
  ],
  "hmk": [
    1231.607,
    -878.393,
    0.0,
    1231.607,
    2110.0
  ],
  "wzm": [
    15128.9203,
    -14814.582800000004,
    0.0,
    15128.9203,
    25919.0
  ],
  "lly": [
    4621.1529,
    -5370.1011,
    0.0,
    4621.1529,
    7917.0
  ]
}