{
  "syj": [
    50971.5726,
    13817.572599999996,
    0.0,
    50971.5726,
    37154.0
  ],
  "cl": [
    22906.614299999997,
    6209.614299999998,
    1862.8842899999995,
    21043.73001,
    16697.0
  ],
  "zb": [
    21896.8959,
    5935.895899999999,
    1780.7687699999994,
    20116.12713,
    15961.0
  ],
  "zy": [
    11455.365,
    3105.3649999999993,
    931.6094999999998,
    10523.7555,
    8350.0
  ],
  "lbc": [
    48847.871399999996,
    13241.871399999996,
    0.0,
    48847.871399999996,
    35606.0
  ],
  "lz": [
    38398.109099999994,
    10409.109099999998,
    0.0,
    38398.109099999994,
    27989.0
  ],
  "house": [
    93555.3486,
    25361.348599999994,
    0.0,
    93555.3486,
    68194.0
  ],
  "lhx": [
    7640.111099999999,
    2071.1110999999996,
    621.3333299999998,
    7018.77777,
    5569.0
  ],
  "sey": [
    9246.606,
    2506.6059999999993,
    751.9817999999998,
    8494.6242,
    6740.0
  ],
  "miao": [
    45031.245599999995,
    12207.245599999997,
    3662.173679999999,
    41369.071919999995,
    32824.0
  ],
  "hmk": [
    2894.709,
    784.7089999999998,
    235.41269999999994,
    2659.2963,
    2110.0
  ],
  "wzm": [
    24713.4066,
    4763.404499999996,
    1429.0213499999988,
    23284.38525,
    18014.0
  ]
}