{
  "syj": [
    32264.7149,
    -14289.668400000004,
    0.0,
    32264.7149,
    49463.0
  ],
  "cl": [
    17685.8099,
    -8948.054100000003,
    0.0,
    17685.8099,
    27113.0
  ],
  "zb": [
    10411.3603,
    -5549.6397,
    0.0,
    10411.3603,
    15961.0
  ],
  "zy": [
    5446.705,
    -2903.295,
    0.0,
    5446.705,
    8350.0
  ],
  "lbc": [
    23225.7938,
    -12380.2062,
    0.0,
    23225.7938,
    35606.0
  ],
  "lz": [
    18257.2247,
    -9731.775300000001,
    0.0,
    18257.2247,
    27989.0
  ],
  "house": [
    44482.9462,
    -23711.0538,
    0.0,
    44482.9462,
    68194.0
  ],
  "lhx": [
    0.0,
    0.0,
    0.0,
    0.0,
    0.0
  ],
  "sey": [
    0.0,
    0.0,
    0.0,
    0.0,
    0.0
  ],
  "miao": [
    63.2731,
    -33.7269,
    0.0,
    63.2731,
    97.0
  ],
  "hmk": [
    1376.353,
    -733.647,
    0.0,
    1376.353,
    2110.0
  ],
  "wzm": [
    16906.9637,
    -13036.539400000005,
    0.0,
    16906.9637,
    25919.0
  ],
  "lly": [
    5164.2591,
    -4826.994900000001,
    0.0,
    5164.2591,
    7917.0
  ]
}