{
  "syj": [
    27224.4352,
    -19329.9481,
    0.0,
    27224.4352,
    49463.0
  ],
  "cl": [
    14922.9952,
    -11710.868800000002,
    0.0,
    14922.9952,
    27113.0
  ],
  "zb": [
    8784.9344,
    -7176.0656,
    0.0,
    8784.9344,
    15961.0
  ],
  "zy": [
    4595.84,
    -3754.16,
    0.0,
    4595.84,
    8350.0
  ],
  "lbc": [
    19597.5424,
    -16008.4576,
    0.0,
    19597.5424,
    35606.0
  ],
  "lz": [
    15405.1456,
    -12583.8544,
    0.0,
    15405.1456,
    27989.0
  ],
  "house": [
    37533.9776,
    -30660.0224,
    0.0,
    37533.9776,
    68194.0
  ],
  "lhx": [
    0.0,
    0.0,
    0.0,
    0.0,
    0.0
  ],
  "sey": [
    0.0,
    0.0,
    0.0,
    0.0,
    0.0
  ],
  "miao": [
    53.3888,
    -43.6112,
    0.0,
    53.3888,
    97.0
  ],
  "hmk": [
    1161.344,
    -948.656,
    0.0,
    1161.344,
    2110.0
  ],
  "wzm": [
    14265.8176,
    -15677.685500000005,
    0.0,
    14265.8176,
    25919.0
  ],
  "lly": [
    4357.5168,
    -5633.7372000000005,
    0.0,
    4357.5168,
    7917.0
  ]
}