{
  "syj": [
    39703.9501,
    -6850.433200000005,
    0.0,
    39703.9501,
    49463.0
  ],
  "cl": [
    21763.6051,
    -4870.258900000003,
    0.0,
    21763.6051,
    27113.0
  ],
  "zb": [
    12811.894699999999,
    -3149.1053000000006,
    0.0,
    12811.894699999999,
    15961.0
  ],
  "zy": [
    6702.545,
    -1647.4550000000002,
    0.0,
    6702.545,
    8350.0
  ],
  "lbc": [
    28580.9362,
    -7025.063800000001,
    0.0,
    28580.9362,
    35606.0
  ],
  "lz": [
    22466.7703,
    -5522.229700000001,
    0.0,
    22466.7703,
    27989.0
  ],
  "house": [
    54739.3238,
    -13454.676200000002,
    0.0,
    54739.3238,
    68194.0
  ],
  "lhx": [
    0.0,
    0.0,
    0.0,
    0.0,
    0.0
  ],
  "sey": [
    0.0,
    0.0,
    0.0,
    0.0,
    0.0
  ],
  "miao": [
    77.86189999999999,
    -19.1381,
    0.0,
    77.86189999999999,
    97.0
  ],
  "hmk": [
    1693.697,
    -416.30300000000005,
    0.0,
    1693.697,
    2110.0
  ],
  "wzm": [
    20805.1813,
    -9138.321800000005,
    0.0,
    20805.1813,
    25919.0
  ],
  "lly": [
    6354.9758999999995,
    -3636.2781000000004,
    0.0,
    6354.9758999999995,
    7917.0
  ]
}