{
  "syj": [
    25740.5452,
    -20813.838100000004,
    0.0,
    25740.5452,
    49463.0
  ],
  "cl": [
    14109.6052,
    -12524.258800000003,
    0.0,
    14109.6052,
    27113.0
  ],
  "zb": [
    8306.1044,
    -7654.895600000001,
    0.0,
    8306.1044,
    15961.0
  ],
  "zy": [
    4345.34,
    -4004.6600000000003,
    0.0,
    4345.34,
    8350.0
  ],
  "lbc": [
    18529.362399999998,
    -17076.637600000002,
    0.0,
    18529.362399999998,
    35606.0
  ],
  "lz": [
    14565.4756,
    -13423.5244,
    0.0,
    14565.4756,
    27989.0
  ],
  "house": [
    35488.1576,
    -32705.8424,
    0.0,
    35488.1576,
    68194.0
  ],
  "lhx": [
    0.0,
    0.0,
    0.0,
    0.0,
    0.0
  ],
  "sey": [
    0.0,
    0.0,
    0.0,
    0.0,
    0.0
  ],
  "miao": [
    50.4788,
    -46.5212,
    0.0,
    50.4788,
    97.0
  ],
  "hmk": [
    1098.0439999999999,
    -1011.956,
    0.0,
    1098.0439999999999,
    2110.0
  ],
  "wzm": [
    13488.247599999999,
    -16455.255500000007,
    0.0,
    13488.247599999999,
    25919.0
  ],
  "lly": [
    4120.0068,
    -5871.247200000001,
    0.0,
    4120.0068,
    7917.0
  ]
}