{
  "syj": [
    42730.8154,
    5576.815399999996,
    0.0,
    42730.8154,
    37154.0
  ],
  "cl": [
    19203.219699999998,
    2506.2196999999983,
    751.8659099999994,
    18451.353789999997,
    16697.0
  ],
  "zb": [
    18356.746099999997,
    2395.7460999999985,
    718.7238299999996,
    17638.022269999998,
    15961.0
  ],
  "zy": [
    9603.335,
    1253.3349999999991,
    376.0004999999997,
    9227.334499999999,
    8350.0
  ],
  "lbc": [
    40950.4606,
    5344.460599999997,
    0.0,
    40950.4606,
    35606.0
  ],
  "lz": [
    32190.148899999997,
    4201.148899999997,
    0.0,
    32190.148899999997,
    27989.0
  ],
  "house": [
    78429.9194,
    10235.919399999993,
    0.0,
    78429.9194,
    68194.0
  ],
  "lhx": [
    6404.906899999999,
    835.9068999999995,
    250.77206999999984,
    6154.134829999999,
    5569.0
  ],
  "sey": [
    7751.673999999999,
    1011.6739999999993,
    303.5021999999998,
    7448.171799999999,
    6740.0
  ],
  "miao": [
    37750.882399999995,
    4926.882399999997,
    1478.064719999999,
    36272.81767999999,
    32824.0
  ],
  "hmk": [
    2426.711,
    316.7109999999998,
    95.01329999999993,
    2331.6976999999997,
    2110.0
  ],
  "wzm": [
    20717.9014,
    767.8992999999963,
    230.3697899999989,
    20487.53161,
    18014.0
  ]
}