{
  "syj": [
    28525.3121,
    -18029.071200000002,
    0.0,
    28525.3121,
    49463.0
  ],
  "cl": [
    15636.0671,
    -10997.796900000003,
    0.0,
    15636.0671,
    27113.0
  ],
  "zb": [
    9204.7087,
    -6756.2913,
    0.0,
    9204.7087,
    15961.0
  ],
  "zy": [
    4815.445,
    -3534.5550000000003,
    0.0,
    4815.445,
    8350.0
  ],
  "lbc": [
    20533.980199999998,
    -15072.0198,
    0.0,
    20533.980199999998,
    35606.0
  ],
  "lz": [
    16141.2563,
    -11847.7437,
    0.0,
    16141.2563,
    27989.0
  ],
  "house": [
    39327.4798,
    -28866.5202,
    0.0,
    39327.4798,
    68194.0
  ],
  "lhx": [
    0.0,
    0.0,
    0.0,
    0.0,
    0.0
  ],
  "sey": [
    0.0,
    0.0,
    0.0,
    0.0,
    0.0
  ],
  "miao": [
    55.9399,
    -41.0601,
    0.0,
    55.9399,
    97.0
  ],
  "hmk": [
    1216.837,
    -893.163,
    0.0,
    1216.837,
    2110.0
  ],
  "wzm": [
    14947.487299999999,
    -14996.015800000005,
    0.0,
    14947.487299999999,
    25919.0
  ],
  "lly": [
    4565.7339,
    -5425.5201,
    0.0,
    4565.7339,
    7917.0
  ]
}