{
  "syj": [
    43205.9305,
    -3348.4528000000005,
    0.0,
    43205.9305,
    49463.0
  ],
  "cl": [
    23683.2055,
    -2950.658500000001,
    0.0,
    23683.2055,
    27113.0
  ],
  "zb": [
    13941.933500000001,
    -2019.0664999999992,
    0.0,
    13941.933500000001,
    15961.0
  ],
  "zy": [
    7293.725,
    -1056.2749999999996,
    0.0,
    7293.725,
    8350.0
  ],
  "lbc": [
    31101.841,
    -4504.158999999998,
    0.0,
    31101.841,
    35606.0
  ],
  "lz": [
    24448.3915,
    -3540.6084999999985,
    0.0,
    24448.3915,
    27989.0
  ],
  "house": [
    59567.459,
    -8626.540999999996,
    0.0,
    59567.459,
    68194.0
  ],
  "lhx": [
    0.0,
    0.0,
    0.0,
    0.0,
    0.0
  ],
  "sey": [
    0.0,
    0.0,
    0.0,
    0.0,
    0.0
  ],
  "miao": [
    84.7295,
    -12.270499999999995,
    0.0,
    84.7295,
    97.0
  ],
  "hmk": [
    1843.085,
    -266.9149999999999,
    0.0,
    1843.085,
    2110.0
  ],
  "wzm": [
    22640.2465,
    -7303.256600000003,
    0.0,
    22640.2465,
    25919.0
  ],
  "lly": [
    6915.499500000001,
    -3075.7544999999996,
    0.0,
    6915.499500000001,
    7917.0
  ]
}