{
  "syj": [
    29475.0017,
    -17079.381600000004,
    0.0,
    29475.0017,
    49463.0
  ],
  "cl": [
    16156.6367,
    -10477.227300000002,
    0.0,
    16156.6367,
    27113.0
  ],
  "zb": [
    9511.1599,
    -6449.8401,
    0.0,
    9511.1599,
    15961.0
  ],
  "zy": [
    4975.765,
    -3374.235,
    0.0,
    4975.765,
    8350.0
  ],
  "lbc": [
    21217.6154,
    -14388.384600000001,
    0.0,
    21217.6154,
    35606.0
  ],
  "lz": [
    16678.645099999998,
    -11310.3549,
    0.0,
    16678.645099999998,
    27989.0
  ],
  "house": [
    40636.804599999996,
    -27557.1954,
    0.0,
    40636.804599999996,
    68194.0
  ],
  "lhx": [
    0.0,
    0.0,
    0.0,
    0.0,
    0.0
  ],
  "sey": [
    0.0,
    0.0,
    0.0,
    0.0,
    0.0
  ],
  "miao": [
    57.802299999999995,
    -39.197700000000005,
    0.0,
    57.802299999999995,
    97.0
  ],
  "hmk": [
    1257.349,
    -852.6510000000001,
    0.0,
    1257.349,
    2110.0
  ],
  "wzm": [
    15445.132099999999,
    -14498.371000000005,
    0.0,
    15445.132099999999,
    25919.0
  ],
  "lly": [
    4717.7402999999995,
    -5273.5137,
    0.0,
    4717.7402999999995,
    7917.0
  ]
}