{
  "syj": [
    37952.9599,
    -8601.423400000003,
    0.0,
    37952.9599,
    49463.0
  ],
  "cl": [
    20803.8049,
    -5830.059100000003,
    0.0,
    20803.8049,
    27113.0
  ],
  "zb": [
    12246.8753,
    -3714.1247000000003,
    0.0,
    12246.8753,
    15961.0
  ],
  "zy": [
    6406.955,
    -1943.045,
    0.0,
    6406.955,
    8350.0
  ],
  "lbc": [
    27320.483799999998,
    -8285.5162,
    0.0,
    27320.483799999998,
    35606.0
  ],
  "lz": [
    21475.9597,
    -6513.040300000001,
    0.0,
    21475.9597,
    27989.0
  ],
  "house": [
    52325.256199999996,
    -15868.743800000002,
    0.0,
    52325.256199999996,
    68194.0
  ],
  "lhx": [
    0.0,
    0.0,
    0.0,
    0.0,
    0.0
  ],
  "sey": [
    0.0,
    0.0,
    0.0,
    0.0,
    0.0
  ],
  "miao": [
    74.4281,
    -22.571900000000003,
    0.0,
    74.4281,
    97.0
  ],
  "hmk": [
    1619.003,
    -490.997,
    0.0,
    1619.003,
    2110.0
  ],
  "wzm": [
    19887.648699999998,
    -10055.854400000006,
    0.0,
    19887.648699999998,
    25919.0
  ],
  "lly": [
    6074.7141,
    -3916.5399,
    0.0,
    6074.7141,
    7917.0
  ]
}