{
  "syj": [
    50170.3209,
    3615.9375999999957,
    0.0,
    50170.3209,
    49463.0
  ],
  "cl": [
    27500.7159,
    866.8518999999968,
    260.055569999999,
    27240.66033,
    27113.0
  ],
  "zb": [
    16189.2423,
    228.24229999999966,
    68.4726899999999,
    16120.76961,
    15961.0
  ],
  "zy": [
    8469.405,
    119.40499999999983,
    35.82149999999995,
    8433.5835,
    8350.0
  ],
  "lbc": [
    36115.1658,
    509.16579999999925,
    0.0,
    36115.1658,
    35606.0
  ],
  "lz": [
    28389.2427,
    400.24269999999945,
    0.0,
    28389.2427,
    27989.0
  ],
  "house": [
    69169.1742,
    975.1741999999986,
    0.0,
    69169.1742,
    68194.0
  ],
  "lhx": [
    0.0,
    0.0,
    0.0,
    0.0,
    0.0
  ],
  "sey": [
    0.0,
    0.0,
    0.0,
    0.0,
    0.0
  ],
  "miao": [
    98.3871,
    1.387099999999998,
    0.4161299999999994,
    97.97097000000001,
    97.0
  ],
  "hmk": [
    2140.173,
    30.172999999999956,
    9.051899999999986,
    2131.1211,
    2110.0
  ],
  "wzm": [
    26289.6417,
    -3653.861400000005,
    0.0,
    26289.6417,
    25919.0
  ],
  "lly": [
    8030.2131,
    -1961.0409000000002,
    0.0,
    8030.2131,
    7917.0
  ]
}