{
  "syj": [
    39268.6757,
    -7285.707600000001,
    0.0,
    39268.6757,
    49463.0
  ],
  "cl": [
    21525.010700000003,
    -5108.853300000002,
    0.0,
    21525.010700000003,
    27113.0
  ],
  "zb": [
    12671.4379,
    -3289.562099999999,
    0.0,
    12671.4379,
    15961.0
  ],
  "zy": [
    6629.0650000000005,
    -1720.9349999999995,
    0.0,
    6629.0650000000005,
    8350.0
  ],
  "lbc": [
    28267.6034,
    -7338.396599999998,
    0.0,
    28267.6034,
    35606.0
  ],
  "lz": [
    22220.4671,
    -5768.532899999998,
    0.0,
    22220.4671,
    27989.0
  ],
  "house": [
    54139.21660000001,
    -14054.783399999997,
    0.0,
    54139.21660000001,
    68194.0
  ],
  "lhx": [
    0.0,
    0.0,
    0.0,
    0.0,
    0.0
  ],
  "sey": [
    0.0,
    0.0,
    0.0,
    0.0,
    0.0
  ],
  "miao": [
    77.0083,
    -19.991699999999994,
    0.0,
    77.0083,
    97.0
  ],
  "hmk": [
    1675.1290000000001,
    -434.87099999999987,
    0.0,
    1675.1290000000001,
    2110.0
  ],
  "wzm": [
    20577.094100000002,
    -9366.409000000003,
    0.0,
    20577.094100000002,
    25919.0
  ],
  "lly": [
    6285.3063,
    -3705.9476999999997,
    0.0,
    6285.3063,
    7917.0
  ]
}