{
  "syj": [
    27714.1189,
    -18840.264400000004,
    0.0,
    27714.1189,
    49463.0
  ],
  "cl": [
    15191.413900000001,
    -11442.450100000002,
    0.0,
    15191.413900000001,
    27113.0
  ],
  "zb": [
    8942.9483,
    -7018.0517,
    0.0,
    8942.9483,
    15961.0
  ],
  "zy": [
    4678.505,
    -3671.495,
    0.0,
    4678.505,
    8350.0
  ],
  "lbc": [
    19950.0418,
    -15655.9582,
    0.0,
    19950.0418,
    35606.0
  ],
  "lz": [
    15682.236700000001,
    -12306.763299999999,
    0.0,
    15682.236700000001,
    27989.0
  ],
  "house": [
    38209.0982,
    -29984.9018,
    0.0,
    38209.0982,
    68194.0
  ],
  "lhx": [
    0.0,
    0.0,
    0.0,
    0.0,
    0.0
  ],
  "sey": [
    0.0,
    0.0,
    0.0,
    0.0,
    0.0
  ],
  "miao": [
    54.3491,
    -42.6509,
    0.0,
    54.3491,
    97.0
  ],
  "hmk": [
    1182.233,
    -927.7669999999999,
    0.0,
    1182.233,
    2110.0
  ],
  "wzm": [
    14522.415700000001,
    -15421.087400000004,
    0.0,
    14522.415700000001,
    25919.0
  ],
  "lly": [
    4435.8951,
    -5555.3589,
    0.0,
    4435.8951,
    7917.0
  ]
}