{
  "syj": [
    40564.6063,
    -5989.777000000001,
    0.0,
    40564.6063,
    49463.0
  ],
  "cl": [
    22235.371300000003,
    -4398.492700000002,
    0.0,
    22235.371300000003,
    27113.0
  ],
  "zb": [
    13089.616100000001,
    -2871.3838999999994,
    0.0,
    13089.616100000001,
    15961.0
  ],
  "zy": [
    6847.835,
    -1502.1649999999995,
    0.0,
    6847.835,
    8350.0
  ],
  "lbc": [
    29200.480600000003,
    -6405.519399999998,
    0.0,
    29200.480600000003,
    35606.0
  ],
  "lz": [
    22953.7789,
    -5035.221099999999,
    0.0,
    22953.7789,
    27989.0
  ],
  "house": [
    55925.8994,
    -12268.100599999996,
    0.0,
    55925.8994,
    68194.0
  ],
  "lhx": [
    0.0,
    0.0,
    0.0,
    0.0,
    0.0
  ],
  "sey": [
    0.0,
    0.0,
    0.0,
    0.0,
    0.0
  ],
  "miao": [
    79.5497,
    -17.450299999999995,
    0.0,
    79.5497,
    97.0
  ],
  "hmk": [
    1730.411,
    -379.5889999999999,
    0.0,
    1730.411,
    2110.0
  ],
  "wzm": [
    21256.1719,
    -8687.331200000002,
    0.0,
    21256.1719,
    25919.0
  ],
  "lly": [
    6492.7317,
    -3498.5222999999996,
    0.0,
    6492.7317,
    7917.0
  ]
}