{
  "syj": [
    22144.5851,
    -24409.798200000005,
    0.0,
    22144.5851,
    49463.0
  ],
  "cl": [
    12138.490099999999,
    -14495.373900000002,
    0.0,
    12138.490099999999,
    27113.0
  ],
  "zb": [
    7145.7397,
    -8815.2603,
    0.0,
    7145.7397,
    15961.0
  ],
  "zy": [
    3738.295,
    -4611.705,
    0.0,
    3738.295,
    8350.0
  ],
  "lbc": [
    15940.806199999999,
    -19665.1938,
    0.0,
    15940.806199999999,
    35606.0
  ],
  "lz": [
    12530.675299999999,
    -15458.324700000001,
    0.0,
    12530.675299999999,
    27989.0
  ],
  "house": [
    30530.4538,
    -37663.546200000004,
    0.0,
    30530.4538,
    68194.0
  ],
  "lhx": [
    0.0,
    0.0,
    0.0,
    0.0,
    0.0
  ],
  "sey": [
    0.0,
    0.0,
    0.0,
    0.0,
    0.0
  ],
  "miao": [
    43.426899999999996,
    -53.573100000000004,
    0.0,
    43.426899999999996,
    97.0
  ],
  "hmk": [
    944.6469999999999,
    -1165.353,
    0.0,
    944.6469999999999,
    2110.0
  ],
  "wzm": [
    11603.9363,
    -18339.566800000004,
    0.0,
    11603.9363,
    25919.0
  ],
  "lly": [
    3544.4409,
    -6446.8131,
    0.0,
    3544.4409,
    7917.0
  ]
}