{
  "syj": [
    31211.153000000002,
    -15343.230300000003,
    0.0,
    31211.153000000002,
    49463.0
  ],
  "cl": [
    17108.303,
    -9525.561000000003,
    0.0,
    17108.303,
    27113.0
  ],
  "zb": [
    10071.391,
    -5889.6089999999995,
    0.0,
    10071.391,
    15961.0
  ],
  "zy": [
    5268.85,
    -3081.15,
    0.0,
    5268.85,
    8350.0
  ],
  "lbc": [
    22467.386,
    -13138.614,
    0.0,
    22467.386,
    35606.0
  ],
  "lz": [
    17661.059,
    -10327.941,
    0.0,
    17661.059,
    27989.0
  ],
  "house": [
    43030.414,
    -25163.586,
    0.0,
    43030.414,
    68194.0
  ],
  "lhx": [
    0.0,
    0.0,
    0.0,
    0.0,
    0.0
  ],
  "sey": [
    0.0,
    0.0,
    0.0,
    0.0,
    0.0
  ],
  "miao": [
    61.207,
    -35.793,
    0.0,
    61.207,
    97.0
  ],
  "hmk": [
    1331.41,
    -778.59,
    0.0,
    1331.41,
    2110.0
  ],
  "wzm": [
    16354.889000000001,
    -13588.614100000004,
    0.0,
    16354.889000000001,
    25919.0
  ],
  "lly": [
    4995.627,
    -4995.627,
    0.0,
    4995.627,
    7917.0
  ]
}