{
  "syj": [
    42069.474200000004,
    4915.474200000003,
    0.0,
    42069.474200000004,
    37154.0
  ],
  "cl": [
    18906.0131,
    2209.0131000000015,
    662.7039300000005,
    18243.30917,
    16697.0
  ],
  "zb": [
    18072.640300000003,
    2111.6403000000014,
    633.4920900000004,
    17439.148210000003,
    15961.0
  ],
  "zy": [
    9454.705,
    1104.7050000000006,
    331.41150000000016,
    9123.2935,
    8350.0
  ],
  "lbc": [
    40316.673800000004,
    4710.673800000003,
    0.0,
    40316.673800000004,
    35606.0
  ],
  "lz": [
    31691.944700000004,
    3702.9447000000023,
    0.0,
    31691.944700000004,
    27989.0
  ],
  "house": [
    77216.0662,
    9022.066200000007,
    0.0,
    77216.0662,
    68194.0
  ],
  "lhx": [
    6305.778700000001,
    736.7787000000004,
    221.03361000000012,
    6084.74509,
    5569.0
  ],
  "sey": [
    7631.702,
    891.7020000000006,
    267.5106000000002,
    7364.1914,
    6740.0
  ],
  "miao": [
    37166.6152,
    4342.615200000003,
    1302.7845600000007,
    35863.83064,
    32824.0
  ],
  "hmk": [
    2389.1530000000002,
    279.1530000000002,
    83.74590000000005,
    2305.4071000000004,
    2110.0
  ],
  "wzm": [
    29348.083700000003,
    -595.4194000000023,
    0.0,
    29348.083700000003,
    25919.0
  ],
  "lly": [
    8964.419100000001,
    -1026.8348999999994,
    0.0,
    8964.419100000001,
    7917.0
  ]
}