{
  "syj": [
    36172.2919,
    -10382.091400000005,
    0.0,
    36172.2919,
    49463.0
  ],
  "cl": [
    19827.7369,
    -6806.127100000004,
    0.0,
    19827.7369,
    27113.0
  ],
  "zb": [
    11672.279299999998,
    -4288.720700000001,
    0.0,
    11672.279299999998,
    15961.0
  ],
  "zy": [
    6106.355,
    -2243.6450000000004,
    0.0,
    6106.355,
    8350.0
  ],
  "lbc": [
    26038.6678,
    -9567.332200000003,
    0.0,
    26038.6678,
    35606.0
  ],
  "lz": [
    20468.3557,
    -7520.644300000002,
    0.0,
    20468.3557,
    27989.0
  ],
  "house": [
    49870.2722,
    -18323.727800000004,
    0.0,
    49870.2722,
    68194.0
  ],
  "lhx": [
    0.0,
    0.0,
    0.0,
    0.0,
    0.0
  ],
  "sey": [
    0.0,
    0.0,
    0.0,
    0.0,
    0.0
  ],
  "miao": [
    70.9361,
    -26.063900000000004,
    0.0,
    70.9361,
    97.0
  ],
  "hmk": [
    1543.043,
    -566.9570000000001,
    0.0,
    1543.043,
    2110.0
  ],
  "wzm": [
    18954.5647,
    -10988.938400000006,
    0.0,
    18954.5647,
    25919.0
  ],
  "lly": [
    5789.7020999999995,
    -4201.5519,
    0.0,
    5789.7020999999995,
    7917.0
  ]
}