{
  "syj": [
    37408.8669,
    -9145.516400000004,
    0.0,
    37408.8669,
    49463.0
  ],
  "cl": [
    20505.5619,
    -6128.3021000000035,
    0.0,
    20505.5619,
    27113.0
  ],
  "zb": [
    12071.3043,
    -3889.6957,
    0.0,
    12071.3043,
    15961.0
  ],
  "zy": [
    6315.105,
    -2034.8950000000002,
    0.0,
    6315.105,
    8350.0
  ],
  "lbc": [
    26928.8178,
    -8677.182200000001,
    0.0,
    26928.8178,
    35606.0
  ],
  "lz": [
    21168.0807,
    -6820.9193000000005,
    0.0,
    21168.0807,
    27989.0
  ],
  "house": [
    51575.1222,
    -16618.877800000002,
    0.0,
    51575.1222,
    68194.0
  ],
  "lhx": [
    0.0,
    0.0,
    0.0,
    0.0,
    0.0
  ],
  "sey": [
    0.0,
    0.0,
    0.0,
    0.0,
    0.0
  ],
  "miao": [
    73.3611,
    -23.638900000000003,
    0.0,
    73.3611,
    97.0
  ],
  "hmk": [
    1595.793,
    -514.2070000000001,
    0.0,
    1595.793,
    2110.0
  ],
  "wzm": [
    19602.539699999998,
    -10340.963400000006,
    0.0,
    19602.539699999998,
    25919.0
  ],
  "lly": [
    5987.6271,
    -4003.6269,
    0.0,
    5987.6271,
    7917.0
  ]
}