{
  "syj": [
    29944.900200000004,
    -16609.4831,
    0.0,
    29944.900200000004,
    49463.0
  ],
  "cl": [
    16414.2102,
    -10219.653800000002,
    0.0,
    16414.2102,
    27113.0
  ],
  "zb": [
    9662.789400000001,
    -6298.210599999999,
    0.0,
    9662.789400000001,
    15961.0
  ],
  "zy": [
    5055.09,
    -3294.9099999999994,
    0.0,
    5055.09,
    8350.0
  ],
  "lbc": [
    21555.8724,
    -14050.127599999998,
    0.0,
    21555.8724,
    35606.0
  ],
  "lz": [
    16944.5406,
    -11044.459399999998,
    0.0,
    16944.5406,
    27989.0
  ],
  "house": [
    41284.647600000004,
    -26909.352399999996,
    0.0,
    41284.647600000004,
    68194.0
  ],
  "lhx": [
    0.0,
    0.0,
    0.0,
    0.0,
    0.0
  ],
  "sey": [
    0.0,
    0.0,
    0.0,
    0.0,
    0.0
  ],
  "miao": [
    58.723800000000004,
    -38.276199999999996,
    0.0,
    58.723800000000004,
    97.0
  ],
  "hmk": [
    1277.394,
    -832.6059999999999,
    0.0,
    1277.394,
    2110.0
  ],
  "wzm": [
    15691.3626,
    -14252.140500000003,
    0.0,
    15691.3626,
    25919.0
  ],
  "lly": [
    4792.951800000001,
    -5198.3022,
    0.0,
    4792.951800000001,
    7917.0
  ]
}