{
  "syj": [
    54755.541,
    8201.157699999996,
    0.0,
    54755.541,
    49463.0
  ],
  "cl": [
    30014.091,
    3380.226999999997,
    1014.068099999999,
    29000.0229,
    27113.0
  ],
  "zb": [
    17668.827,
    1707.8269999999998,
    512.3480999999999,
    17156.478900000002,
    15961.0
  ],
  "zy": [
    9243.45,
    893.4499999999998,
    268.0349999999999,
    8975.415,
    8350.0
  ],
  "lbc": [
    39415.842,
    3809.8419999999996,
    0.0,
    39415.842,
    35606.0
  ],
  "lz": [
    30983.823,
    2994.8229999999994,
    0.0,
    30983.823,
    27989.0
  ],
  "house": [
    75490.758,
    7296.757999999999,
    0.0,
    75490.758,
    68194.0
  ],
  "lhx": [
    0.0,
    0.0,
    0.0,
    0.0,
    0.0
  ],
  "sey": [
    0.0,
    0.0,
    0.0,
    0.0,
    0.0
  ],
  "miao": [
    107.379,
    10.378999999999998,
    3.1136999999999992,
    104.26530000000001,
    97.0
  ],
  "hmk": [
    2335.77,
    225.76999999999995,
    67.73099999999998,
    2268.039,
    2110.0
  ],
  "wzm": [
    28692.333,
    -1251.1701000000048,
    0.0,
    28692.333,
    25919.0
  ],
  "lly": [
    8764.119,
    -1227.1350000000002,
    0.0,
    8764.119,
    7917.0
  ]
}