{
  "syj": [
    26680.3422,
    -19874.041100000002,
    0.0,
    26680.3422,
    49463.0
  ],
  "cl": [
    14624.752199999999,
    -12009.111800000002,
    0.0,
    14624.752199999999,
    27113.0
  ],
  "zb": [
    8609.3634,
    -7351.6366,
    0.0,
    8609.3634,
    15961.0
  ],
  "zy": [
    4503.99,
    -3846.01,
    0.0,
    4503.99,
    8350.0
  ],
  "lbc": [
    19205.8764,
    -16400.1236,
    0.0,
    19205.8764,
    35606.0
  ],
  "lz": [
    15097.266599999999,
    -12891.733400000001,
    0.0,
    15097.266599999999,
    27989.0
  ],
  "house": [
    36783.8436,
    -31410.1564,
    0.0,
    36783.8436,
    68194.0
  ],
  "lhx": [
    0.0,
    0.0,
    0.0,
    0.0,
    0.0
  ],
  "sey": [
    0.0,
    0.0,
    0.0,
    0.0,
    0.0
  ],
  "miao": [
    52.321799999999996,
    -44.678200000000004,
    0.0,
    52.321799999999996,
    97.0
  ],
  "hmk": [
    1138.134,
    -971.866,
    0.0,
    1138.134,
    2110.0
  ],
  "wzm": [
    13980.7086,
    -15962.794500000005,
    0.0,
    13980.7086,
    25919.0
  ],
  "lly": [
    4270.4298,
    -5720.8242,
    0.0,
    4270.4298,
    7917.0
  ]
}