{
  "syj": [
    46950.2796,
    395.89629999999903,
    0.0,
    46950.2796,
    49463.0
  ],
  "cl": [
    25735.659600000003,
    -898.2044000000014,
    0.0,
    25735.659600000003,
    27113.0
  ],
  "zb": [
    15150.1812,
    -810.8187999999993,
    0.0,
    15150.1812,
    15961.0
  ],
  "zy": [
    7925.820000000001,
    -424.1799999999996,
    0.0,
    7925.820000000001,
    8350.0
  ],
  "lbc": [
    33797.2152,
    -1808.7847999999985,
    0.0,
    33797.2152,
    35606.0
  ],
  "lz": [
    26567.1588,
    -1421.8411999999987,
    0.0,
    26567.1588,
    27989.0
  ],
  "house": [
    64729.7448,
    -3464.255199999997,
    0.0,
    64729.7448,
    68194.0
  ],
  "lhx": [
    0.0,
    0.0,
    0.0,
    0.0,
    0.0
  ],
  "sey": [
    0.0,
    0.0,
    0.0,
    0.0,
    0.0
  ],
  "miao": [
    92.0724,
    -4.9275999999999955,
    0.0,
    92.0724,
    97.0
  ],
  "hmk": [
    2002.8120000000001,
    -107.1879999999999,
    0.0,
    2002.8120000000001,
    2110.0
  ],
  "wzm": [
    24602.3148,
    -5341.188300000003,
    0.0,
    24602.3148,
    25919.0
  ],
  "lly": [
    7514.816400000001,
    -2476.4375999999997,
    0.0,
    7514.816400000001,
    7917.0
  ]
}