{
  "syj": [
    26784.2145,
    -19770.168800000003,
    0.0,
    26784.2145,
    49463.0
  ],
  "cl": [
    14681.689499999999,
    -11952.174500000003,
    0.0,
    14681.689499999999,
    27113.0
  ],
  "zb": [
    8642.8815,
    -7318.1185000000005,
    0.0,
    8642.8815,
    15961.0
  ],
  "zy": [
    4521.525,
    -3828.4750000000004,
    0.0,
    4521.525,
    8350.0
  ],
  "lbc": [
    19280.648999999998,
    -16325.351,
    0.0,
    19280.648999999998,
    35606.0
  ],
  "lz": [
    15156.0435,
    -12832.9565,
    0.0,
    15156.0435,
    27989.0
  ],
  "house": [
    36927.051,
    -31266.949,
    0.0,
    36927.051,
    68194.0
  ],
  "lhx": [
    0.0,
    0.0,
    0.0,
    0.0,
    0.0
  ],
  "sey": [
    0.0,
    0.0,
    0.0,
    0.0,
    0.0
  ],
  "miao": [
    52.5255,
    -44.4745,
    0.0,
    52.5255,
    97.0
  ],
  "hmk": [
    1142.565,
    -967.4350000000001,
    0.0,
    1142.565,
    2110.0
  ],
  "wzm": [
    14035.1385,
    -15908.364600000004,
    0.0,
    14035.1385,
    25919.0
  ],
  "lly": [
    4287.0554999999995,
    -5704.1985,
    0.0,
    4287.0554999999995,
    7917.0
  ]
}