{
  "syj": [
    52067.6156,
    14913.6156,
    0.0,
    52067.6156,
    37154.0
  ],
  "cl": [
    23399.1758,
    6702.1758,
    2010.65274,
    21388.52306,
    16697.0
  ],
  "zb": [
    22367.7454,
    6406.7454,
    1922.02362,
    20445.72178,
    15961.0
  ],
  "zy": [
    11701.69,
    3351.6899999999996,
    1005.5069999999998,
    10696.183,
    8350.0
  ],
  "lbc": [
    49898.2484,
    14292.248399999999,
    0.0,
    49898.2484,
    35606.0
  ],
  "lz": [
    39223.7846,
    11234.784599999999,
    0.0,
    39223.7846,
    27989.0
  ],
  "house": [
    95567.0716,
    27373.0716,
    0.0,
    95567.0716,
    68194.0
  ],
  "lhx": [
    7804.3966,
    2235.3966,
    670.61898,
    7133.77762,
    5569.0
  ],
  "sey": [
    9445.436,
    2705.4359999999997,
    811.6307999999999,
    8633.805199999999,
    6740.0
  ],
  "miao": [
    45999.5536,
    13175.5536,
    3952.6660799999995,
    42046.88752,
    32824.0
  ],
  "hmk": [
    2956.954,
    846.954,
    254.08619999999996,
    2702.8678,
    2110.0
  ],
  "wzm": [
    25244.8196,
    5294.817499999997,
    1588.445249999999,
    23656.37435,
    18014.0
  ]
}