{
  "syj": [
    23574.0658,
    -22980.3175,
    0.0,
    23574.0658,
    49463.0
  ],
  "cl": [
    12922.0558,
    -13711.808200000001,
    0.0,
    12922.0558,
    27113.0
  ],
  "zb": [
    7607.0126,
    -8353.9874,
    0.0,
    7607.0126,
    15961.0
  ],
  "zy": [
    3979.61,
    -4370.389999999999,
    0.0,
    3979.61,
    8350.0
  ],
  "lbc": [
    16969.819600000003,
    -18636.180399999997,
    0.0,
    16969.819600000003,
    35606.0
  ],
  "lz": [
    13339.557400000002,
    -14649.442599999998,
    0.0,
    13339.557400000002,
    27989.0
  ],
  "house": [
    32501.260400000003,
    -35692.7396,
    0.0,
    32501.260400000003,
    68194.0
  ],
  "lhx": [
    0.0,
    0.0,
    0.0,
    0.0,
    0.0
  ],
  "sey": [
    0.0,
    0.0,
    0.0,
    0.0,
    0.0
  ],
  "miao": [
    46.2302,
    -50.7698,
    0.0,
    46.2302,
    97.0
  ],
  "hmk": [
    1005.6260000000001,
    -1104.374,
    0.0,
    1005.6260000000001,
    2110.0
  ],
  "wzm": [
    12352.9954,
    -17590.507700000006,
    0.0,
    12352.9954,
    25919.0
  ],
  "lly": [
    3773.2422,
    -6218.0118,
    0.0,
    3773.2422,
    7917.0
  ]
}