{
  "syj": [
    37586.9337,
    -8967.449600000002,
    0.0,
    37586.9337,
    49463.0
  ],
  "cl": [
    20603.168700000002,
    -6030.695300000002,
    0.0,
    20603.168700000002,
    27113.0
  ],
  "zb": [
    12128.7639,
    -3832.2360999999996,
    0.0,
    12128.7639,
    15961.0
  ],
  "zy": [
    6345.165,
    -2004.8349999999998,
    0.0,
    6345.165,
    8350.0
  ],
  "lbc": [
    27056.9994,
    -8549.0006,
    0.0,
    27056.9994,
    35606.0
  ],
  "lz": [
    21268.8411,
    -6720.158899999999,
    0.0,
    21268.8411,
    27989.0
  ],
  "house": [
    51820.6206,
    -16373.379399999998,
    0.0,
    51820.6206,
    68194.0
  ],
  "lhx": [
    0.0,
    0.0,
    0.0,
    0.0,
    0.0
  ],
  "sey": [
    0.0,
    0.0,
    0.0,
    0.0,
    0.0
  ],
  "miao": [
    73.7103,
    -23.289699999999996,
    0.0,
    73.7103,
    97.0
  ],
  "hmk": [
    1603.3890000000001,
    -506.61099999999993,
    0.0,
    1603.3890000000001,
    2110.0
  ],
  "wzm": [
    19695.8481,
    -10247.655000000004,
    0.0,
    19695.8481,
    25919.0
  ],
  "lly": [
    6016.1283,
    -3975.1257,
    0.0,
    6016.1283,
    7917.0
  ]
}