{
  "syj": [
    31132.012199999997,
    -15422.371100000006,
    0.0,
    31132.012199999997,
    49463.0
  ],
  "cl": [
    17064.922199999997,
    -9568.941800000004,
    0.0,
    17064.922199999997,
    27113.0
  ],
  "zb": [
    10045.8534,
    -5915.146600000001,
    0.0,
    10045.8534,
    15961.0
  ],
  "zy": [
    5255.49,
    -3094.51,
    0.0,
    5255.49,
    8350.0
  ],
  "lbc": [
    22410.4164,
    -13195.583600000002,
    0.0,
    22410.4164,
    35606.0
  ],
  "lz": [
    17616.276599999997,
    -10372.7234,
    0.0,
    17616.276599999997,
    27989.0
  ],
  "house": [
    42921.3036,
    -25272.696400000004,
    0.0,
    42921.3036,
    68194.0
  ],
  "lhx": [
    0.0,
    0.0,
    0.0,
    0.0,
    0.0
  ],
  "sey": [
    0.0,
    0.0,
    0.0,
    0.0,
    0.0
  ],
  "miao": [
    61.05179999999999,
    -35.94820000000001,
    0.0,
    61.05179999999999,
    97.0
  ],
  "hmk": [
    1328.0339999999999,
    -781.9660000000001,
    0.0,
    1328.0339999999999,
    2110.0
  ],
  "wzm": [
    16313.418599999999,
    -13630.084500000006,
    0.0,
    16313.418599999999,
    25919.0
  ],
  "lly": [
    4982.9598,
    -5008.2942,
    0.0,
    4982.9598,
    7917.0
  ]
}