{
  "syj": [
    23519.656499999997,
    -23034.726800000004,
    0.0,
    23519.656499999997,
    49463.0
  ],
  "cl": [
    12892.2315,
    -13741.632500000005,
    0.0,
    12892.2315,
    27113.0
  ],
  "zb": [
    7589.4555,
    -8371.5445,
    0.0,
    7589.4555,
    15961.0
  ],
  "zy": [
    3970.4249999999997,
    -4379.575,
    0.0,
    3970.4249999999997,
    8350.0
  ],
  "lbc": [
    16930.653,
    -18675.346999999998,
    0.0,
    16930.653,
    35606.0
  ],
  "lz": [
    13308.769499999999,
    -14680.2305,
    0.0,
    13308.769499999999,
    27989.0
  ],
  "house": [
    32426.247,
    -35767.753,
    0.0,
    32426.247,
    68194.0
  ],
  "lhx": [
    0.0,
    0.0,
    0.0,
    0.0,
    0.0
  ],
  "sey": [
    0.0,
    0.0,
    0.0,
    0.0,
    0.0
  ],
  "miao": [
    46.1235,
    -50.8765,
    0.0,
    46.1235,
    97.0
  ],
  "hmk": [
    1003.305,
    -1106.695,
    0.0,
    1003.305,
    2110.0
  ],
  "wzm": [
    12324.484499999999,
    -17619.018600000003,
    0.0,
    12324.484499999999,
    25919.0
  ],
  "lly": [
    3764.5335,
    -6226.720499999999,
    0.0,
    3764.5335,
    7917.0
  ]
}