{
  "syj": [
    22198.9944,
    -24355.388900000005,
    0.0,
    22198.9944,
    49463.0
  ],
  "cl": [
    12168.3144,
    -14465.549600000004,
    0.0,
    12168.3144,
    27113.0
  ],
  "zb": [
    7163.2968,
    -8797.7032,
    0.0,
    7163.2968,
    15961.0
  ],
  "zy": [
    3747.48,
    -4602.52,
    0.0,
    3747.48,
    8350.0
  ],
  "lbc": [
    15979.9728,
    -19626.0272,
    0.0,
    15979.9728,
    35606.0
  ],
  "lz": [
    12561.4632,
    -15427.5368,
    0.0,
    12561.4632,
    27989.0
  ],
  "house": [
    30605.4672,
    -37588.5328,
    0.0,
    30605.4672,
    68194.0
  ],
  "lhx": [
    0.0,
    0.0,
    0.0,
    0.0,
    0.0
  ],
  "sey": [
    0.0,
    0.0,
    0.0,
    0.0,
    0.0
  ],
  "miao": [
    43.5336,
    -53.4664,
    0.0,
    43.5336,
    97.0
  ],
  "hmk": [
    946.968,
    -1163.0320000000002,
    0.0,
    946.968,
    2110.0
  ],
  "wzm": [
    11632.447199999999,
    -18311.055900000007,
    0.0,
    11632.447199999999,
    25919.0
  ],
  "lly": [
    3553.1495999999997,
    -6438.1044,
    0.0,
    3553.1495999999997,
    7917.0
  ]
}