{
  "syj": [
    44511.7537,
    -2042.6296000000016,
    0.0,
    44511.7537,
    49463.0
  ],
  "cl": [
    24398.9887,
    -2234.8753000000015,
    0.0,
    24398.9887,
    27113.0
  ],
  "zb": [
    14363.3039,
    -1597.6960999999994,
    0.0,
    14363.3039,
    15961.0
  ],
  "zy": [
    7514.165,
    -835.8349999999997,
    0.0,
    7514.165,
    8350.0
  ],
  "lbc": [
    32041.8394,
    -3564.160599999999,
    0.0,
    32041.8394,
    35606.0
  ],
  "lz": [
    25187.3011,
    -2801.698899999999,
    0.0,
    25187.3011,
    27989.0
  ],
  "house": [
    61367.780600000006,
    -6826.219399999998,
    0.0,
    61367.780600000006,
    68194.0
  ],
  "lhx": [
    0.0,
    0.0,
    0.0,
    0.0,
    0.0
  ],
  "sey": [
    0.0,
    0.0,
    0.0,
    0.0,
    0.0
  ],
  "miao": [
    87.2903,
    -9.709699999999996,
    0.0,
    87.2903,
    97.0
  ],
  "hmk": [
    1898.789,
    -211.21099999999993,
    0.0,
    1898.789,
    2110.0
  ],
  "wzm": [
    23324.5081,
    -6618.9950000000035,
    0.0,
    23324.5081,
    25919.0
  ],
  "lly": [
    7124.5083,
    -2866.7457,
    0.0,
    7124.5083,
    7917.0
  ]
}