{
  "syj": [
    22332.5445,
    -24221.8388,
    0.0,
    22332.5445,
    49463.0
  ],
  "cl": [
    12241.5195,
    -14392.344500000003,
    0.0,
    12241.5195,
    27113.0
  ],
  "zb": [
    7206.391500000001,
    -8754.6085,
    0.0,
    7206.391500000001,
    15961.0
  ],
  "zy": [
    3770.025,
    -4579.974999999999,
    0.0,
    3770.025,
    8350.0
  ],
  "lbc": [
    16076.109,
    -19529.891,
    0.0,
    16076.109,
    35606.0
  ],
  "lz": [
    12637.0335,
    -15351.9665,
    0.0,
    12637.0335,
    27989.0
  ],
  "house": [
    30789.591,
    -37404.409,
    0.0,
    30789.591,
    68194.0
  ],
  "lhx": [
    0.0,
    0.0,
    0.0,
    0.0,
    0.0
  ],
  "sey": [
    0.0,
    0.0,
    0.0,
    0.0,
    0.0
  ],
  "miao": [
    43.795500000000004,
    -53.204499999999996,
    0.0,
    43.795500000000004,
    97.0
  ],
  "hmk": [
    952.6650000000001,
    -1157.335,
    0.0,
    952.6650000000001,
    2110.0
  ],
  "wzm": [
    11702.4285,
    -18241.074600000004,
    0.0,
    11702.4285,
    25919.0
  ],
  "lly": [
    3574.5255,
    -6416.7285,
    0.0,
    3574.5255,
    7917.0
  ]
}