{
  "syj": [
    43032.81,
    -3521.573300000003,
    0.0,
    43032.81,
    49463.0
  ],
  "cl": [
    23588.31,
    -3045.554000000003,
    0.0,
    23588.31,
    27113.0
  ],
  "zb": [
    13886.07,
    -2074.9300000000003,
    0.0,
    13886.07,
    15961.0
  ],
  "zy": [
    7264.5,
    -1085.5,
    0.0,
    7264.5,
    8350.0
  ],
  "lbc": [
    30977.22,
    -4628.78,
    0.0,
    30977.22,
    35606.0
  ],
  "lz": [
    24350.43,
    -3638.57,
    0.0,
    24350.43,
    27989.0
  ],
  "house": [
    59328.78,
    -8865.220000000001,
    0.0,
    59328.78,
    68194.0
  ],
  "lhx": [
    0.0,
    0.0,
    0.0,
    0.0,
    0.0
  ],
  "sey": [
    0.0,
    0.0,
    0.0,
    0.0,
    0.0
  ],
  "miao": [
    84.39,
    -12.610000000000001,
    0.0,
    84.39,
    97.0
  ],
  "hmk": [
    1835.7,
    -274.3,
    0.0,
    1835.7,
    2110.0
  ],
  "wzm": [
    22549.53,
    -7393.973100000005,
    0.0,
    22549.53,
    25919.0
  ],
  "lly": [
    6887.79,
    -3103.464,
    0.0,
    6887.79,
    7917.0
  ]
}