{
  "syj": [
    41004.827,
    -5549.556300000005,
    0.0,
    41004.827,
    49463.0
  ],
  "cl": [
    22476.677,
    -4157.1870000000035,
    0.0,
    22476.677,
    27113.0
  ],
  "zb": [
    13231.669,
    -2729.3310000000006,
    0.0,
    13231.669,
    15961.0
  ],
  "zy": [
    6922.15,
    -1427.8500000000004,
    0.0,
    6922.15,
    8350.0
  ],
  "lbc": [
    29517.374,
    -6088.626000000001,
    0.0,
    29517.374,
    35606.0
  ],
  "lz": [
    23202.880999999998,
    -4786.1190000000015,
    0.0,
    23202.880999999998,
    27989.0
  ],
  "house": [
    56532.825999999994,
    -11661.174000000003,
    0.0,
    56532.825999999994,
    68194.0
  ],
  "lhx": [
    0.0,
    0.0,
    0.0,
    0.0,
    0.0
  ],
  "sey": [
    0.0,
    0.0,
    0.0,
    0.0,
    0.0
  ],
  "miao": [
    80.413,
    -16.587000000000003,
    0.0,
    80.413,
    97.0
  ],
  "hmk": [
    1749.1899999999998,
    -360.81000000000006,
    0.0,
    1749.1899999999998,
    2110.0
  ],
  "wzm": [
    21486.851,
    -8456.652100000005,
    0.0,
    21486.851,
    25919.0
  ],
  "lly": [
    6563.192999999999,
    -3428.0610000000006,
    0.0,
    6563.192999999999,
    7917.0
  ]
}