{
  "syj": [
    35355.7464,
    -1798.2536,
    0.0,
    35355.7464,
    37154.0
  ],
  "cl": [
    15888.8652,
    -808.1347999999999,
    0.0,
    15888.8652,
    16697.0
  ],
  "zb": [
    15188.4876,
    -772.5124,
    0.0,
    15188.4876,
    15961.0
  ],
  "zy": [
    7945.86,
    -404.14,
    0.0,
    7945.86,
    8350.0
  ],
  "lbc": [
    33882.6696,
    -1723.3304,
    0.0,
    33882.6696,
    35606.0
  ],
  "lz": [
    26634.3324,
    -1354.6676,
    0.0,
    26634.3324,
    27989.0
  ],
  "house": [
    64893.4104,
    -3300.5896,
    0.0,
    64893.4104,
    68194.0
  ],
  "lhx": [
    5299.4604,
    -269.5396,
    0.0,
    5299.4604,
    5569.0
  ],
  "sey": [
    6413.784,
    -326.216,
    0.0,
    6413.784,
    6740.0
  ],
  "miao": [
    31235.3184,
    -1588.6816,
    0.0,
    31235.3184,
    32824.0
  ],
  "hmk": [
    2007.876,
    -102.124,
    0.0,
    2007.876,
    2110.0
  ],
  "wzm": [
    24664.5204,
    -5278.982700000004,
    0.0,
    24664.5204,
    25919.0
  ],
  "lly": [
    7533.8172,
    -2457.4368,
    0.0,
    7533.8172,
    7917.0
  ]
}