{
  "syj": [
    23371.267499999998,
    -23183.115800000003,
    0.0,
    23371.267499999998,
    49463.0
  ],
  "cl": [
    12810.8925,
    -13822.971500000001,
    0.0,
    12810.8925,
    27113.0
  ],
  "zb": [
    7541.572499999999,
    -8419.427500000002,
    0.0,
    7541.572499999999,
    15961.0
  ],
  "zy": [
    3945.375,
    -4404.625000000001,
    0.0,
    3945.375,
    8350.0
  ],
  "lbc": [
    16823.835,
    -18782.165000000005,
    0.0,
    16823.835,
    35606.0
  ],
  "lz": [
    13224.8025,
    -14764.197500000002,
    0.0,
    13224.8025,
    27989.0
  ],
  "house": [
    32221.664999999997,
    -35972.33500000001,
    0.0,
    32221.664999999997,
    68194.0
  ],
  "lhx": [
    0.0,
    0.0,
    0.0,
    0.0,
    0.0
  ],
  "sey": [
    0.0,
    0.0,
    0.0,
    0.0,
    0.0
  ],
  "miao": [
    45.832499999999996,
    -51.16750000000001,
    0.0,
    45.832499999999996,
    97.0
  ],
  "hmk": [
    996.9749999999999,
    -1113.025,
    0.0,
    996.9749999999999,
    2110.0
  ],
  "wzm": [
    12246.727499999999,
    -17696.775600000008,
    0.0,
    12246.727499999999,
    25919.0
  ],
  "lly": [
    3740.7825,
    -6250.471500000001,
    0.0,
    3740.7825,
    7917.0
  ]
}