{
  "syj": [
    44826.301,
    7672.300999999997,
    0.0,
    44826.301,
    37154.0
  ],
  "cl": [
    20144.9305,
    3447.9304999999986,
    1034.3791499999995,
    19110.551349999998,
    16697.0
  ],
  "zb": [
    19256.9465,
    3295.9464999999987,
    988.7839499999995,
    18268.162549999997,
    15961.0
  ],
  "zy": [
    10074.275,
    1724.2749999999992,
    517.2824999999997,
    9556.9925,
    8350.0
  ],
  "lbc": [
    42958.638999999996,
    7352.6389999999965,
    0.0,
    42958.638999999996,
    35606.0
  ],
  "lz": [
    33768.7285,
    5779.728499999997,
    0.0,
    33768.7285,
    27989.0
  ],
  "house": [
    82276.06099999999,
    14082.060999999994,
    0.0,
    82276.06099999999,
    68194.0
  ],
  "lhx": [
    6718.9985,
    1149.9984999999995,
    344.99954999999983,
    6373.99895,
    5569.0
  ],
  "sey": [
    8131.8099999999995,
    1391.8099999999993,
    417.5429999999998,
    7714.267,
    6740.0
  ],
  "miao": [
    39602.155999999995,
    6778.155999999997,
    2033.446799999999,
    37568.7092,
    32824.0
  ],
  "hmk": [
    2545.7149999999997,
    435.7149999999998,
    130.71449999999993,
    2415.0004999999996,
    2110.0
  ],
  "wzm": [
    21733.891,
    1783.8888999999965,
    535.1666699999989,
    21198.72433,
    18014.0
  ]
}