{
  "syj": [
    31107.2807,
    -15447.102600000002,
    0.0,
    31107.2807,
    49463.0
  ],
  "cl": [
    17051.365700000002,
    -9582.498300000003,
    0.0,
    17051.365700000002,
    27113.0
  ],
  "zb": [
    10037.8729,
    -5923.1271,
    0.0,
    10037.8729,
    15961.0
  ],
  "zy": [
    5251.3150000000005,
    -3098.685,
    0.0,
    5251.3150000000005,
    8350.0
  ],
  "lbc": [
    22392.613400000002,
    -13213.3866,
    0.0,
    22392.613400000002,
    35606.0
  ],
  "lz": [
    17602.2821,
    -10386.7179,
    0.0,
    17602.2821,
    27989.0
  ],
  "house": [
    42887.2066,
    -25306.7934,
    0.0,
    42887.2066,
    68194.0
  ],
  "lhx": [
    0.0,
    0.0,
    0.0,
    0.0,
    0.0
  ],
  "sey": [
    0.0,
    0.0,
    0.0,
    0.0,
    0.0
  ],
  "miao": [
    61.0033,
    -35.9967,
    0.0,
    61.0033,
    97.0
  ],
  "hmk": [
    1326.979,
    -783.021,
    0.0,
    1326.979,
    2110.0
  ],
  "wzm": [
    16300.4591,
    -13643.044000000004,
    0.0,
    16300.4591,
    25919.0
  ],
  "lly": [
    4979.0013,
    -5012.2527,
    0.0,
    4979.0013,
    7917.0
  ]
}