{
  "syj": [
    36602.62,
    -9951.763300000004,
    0.0,
    36602.62,
    49463.0
  ],
  "cl": [
    20063.62,
    -6570.244000000002,
    0.0,
    20063.62,
    27113.0
  ],
  "zb": [
    11811.14,
    -4149.860000000001,
    0.0,
    11811.14,
    15961.0
  ],
  "zy": [
    6179.0,
    -2171.0,
    0.0,
    6179.0,
    8350.0
  ],
  "lbc": [
    26348.44,
    -9257.56,
    0.0,
    26348.44,
    35606.0
  ],
  "lz": [
    20711.86,
    -7277.14,
    0.0,
    20711.86,
    27989.0
  ],
  "house": [
    50463.56,
    -17730.440000000002,
    0.0,
    50463.56,
    68194.0
  ],
  "lhx": [
    0.0,
    0.0,
    0.0,
    0.0,
    0.0
  ],
  "sey": [
    0.0,
    0.0,
    0.0,
    0.0,
    0.0
  ],
  "miao": [
    71.78,
    -25.220000000000002,
    0.0,
    71.78,
    97.0
  ],
  "hmk": [
    1561.4,
    -548.6,
    0.0,
    1561.4,
    2110.0
  ],
  "wzm": [
    19180.06,
    -10763.443100000004,
    0.0,
    19180.06,
    25919.0
  ],
  "lly": [
    5858.58,
    -4132.674,
    0.0,
    5858.58,
    7917.0
  ]
}