{
  "syj": [
    31762.9546,
    -5391.0454,
    0.0,
    31762.9546,
    37154.0
  ],
  "cl": [
    23178.9037,
    -3454.960300000003,
    0.0,
    23178.9037,
    27113.0
  ],
  "zb": [
    13645.0589,
    -2315.9411,
    0.0,
    13645.0589,
    15961.0
  ],
  "zy": [
    7138.415,
    -1211.585,
    0.0,
    7138.415,
    8350.0
  ],
  "lbc": [
    30439.5694,
    -5166.430600000001,
    0.0,
    30439.5694,
    35606.0
  ],
  "lz": [
    23927.7961,
    -4061.2039,
    0.0,
    23927.7961,
    27989.0
  ],
  "house": [
    58299.0506,
    -9894.949400000001,
    0.0,
    58299.0506,
    68194.0
  ],
  "lhx": [
    4760.9381,
    -808.0619,
    0.0,
    4760.9381,
    5569.0
  ],
  "sey": [
    5762.026,
    -977.974,
    0.0,
    5762.026,
    6740.0
  ],
  "miao": [
    82.9253,
    -14.0747,
    0.0,
    82.9253,
    97.0
  ],
  "hmk": [
    1803.839,
    -306.161,
    0.0,
    1803.839,
    2110.0
  ],
  "wzm": [
    22158.1531,
    -7785.350000000005,
    0.0,
    22158.1531,
    25919.0
  ],
  "lly": [
    6768.2433,
    -3223.0107000000003,
    0.0,
    6768.2433,
    7917.0
  ]
}