{
  "syj": [
    42439.254,
    -4115.129300000004,
    0.0,
    42439.254,
    49463.0
  ],
  "cl": [
    23262.953999999998,
    -3370.910000000003,
    0.0,
    23262.953999999998,
    27113.0
  ],
  "zb": [
    13694.538,
    -2266.4620000000004,
    0.0,
    13694.538,
    15961.0
  ],
  "zy": [
    7164.3,
    -1185.7,
    0.0,
    7164.3,
    8350.0
  ],
  "lbc": [
    30549.948,
    -5056.052000000001,
    0.0,
    30549.948,
    35606.0
  ],
  "lz": [
    24014.561999999998,
    -3974.4380000000006,
    0.0,
    24014.561999999998,
    27989.0
  ],
  "house": [
    58510.452,
    -9683.548,
    0.0,
    58510.452,
    68194.0
  ],
  "lhx": [
    0.0,
    0.0,
    0.0,
    0.0,
    0.0
  ],
  "sey": [
    0.0,
    0.0,
    0.0,
    0.0,
    0.0
  ],
  "miao": [
    83.226,
    -13.774000000000001,
    0.0,
    83.226,
    97.0
  ],
  "hmk": [
    1810.3799999999999,
    -299.62,
    0.0,
    1810.3799999999999,
    2110.0
  ],
  "wzm": [
    22238.502,
    -7705.001100000005,
    0.0,
    22238.502,
    25919.0
  ],
  "lly": [
    6792.786,
    -3198.4680000000003,
    0.0,
    6792.786,
    7917.0
  ]
}