{
  "syj": [
    31671.1589,
    -14883.224400000005,
    0.0,
    31671.1589,
    49463.0
  ],
  "cl": [
    17360.4539,
    -9273.410100000003,
    0.0,
    17360.4539,
    27113.0
  ],
  "zb": [
    10219.8283,
    -5741.1717,
    0.0,
    10219.8283,
    15961.0
  ],
  "zy": [
    5346.505,
    -3003.4950000000003,
    0.0,
    5346.505,
    8350.0
  ],
  "lbc": [
    22798.5218,
    -12807.478200000001,
    0.0,
    22798.5218,
    35606.0
  ],
  "lz": [
    17921.3567,
    -10067.6433,
    0.0,
    17921.3567,
    27989.0
  ],
  "house": [
    43664.6182,
    -24529.381800000003,
    0.0,
    43664.6182,
    68194.0
  ],
  "lhx": [
    0.0,
    0.0,
    0.0,
    0.0,
    0.0
  ],
  "sey": [
    0.0,
    0.0,
    0.0,
    0.0,
    0.0
  ],
  "miao": [
    62.1091,
    -34.8909,
    0.0,
    62.1091,
    97.0
  ],
  "hmk": [
    1351.033,
    -758.9670000000001,
    0.0,
    1351.033,
    2110.0
  ],
  "wzm": [
    16595.935699999998,
    -13347.567400000005,
    0.0,
    16595.935699999998,
    25919.0
  ],
  "lly": [
    5069.255099999999,
    -4921.9989000000005,
    0.0,
    5069.255099999999,
    7917.0
  ]
}