{
  "syj": [
    23267.3952,
    -23286.988100000002,
    0.0,
    23267.3952,
    49463.0
  ],
  "cl": [
    12753.9552,
    -13879.908800000001,
    0.0,
    12753.9552,
    27113.0
  ],
  "zb": [
    7508.0544,
    -8452.945600000001,
    0.0,
    7508.0544,
    15961.0
  ],
  "zy": [
    3927.8399999999997,
    -4422.160000000001,
    0.0,
    3927.8399999999997,
    8350.0
  ],
  "lbc": [
    16749.0624,
    -18856.9376,
    0.0,
    16749.0624,
    35606.0
  ],
  "lz": [
    13166.025599999999,
    -14822.974400000003,
    0.0,
    13166.025599999999,
    27989.0
  ],
  "house": [
    32078.457599999998,
    -36115.542400000006,
    0.0,
    32078.457599999998,
    68194.0
  ],
  "lhx": [
    0.0,
    0.0,
    0.0,
    0.0,
    0.0
  ],
  "sey": [
    0.0,
    0.0,
    0.0,
    0.0,
    0.0
  ],
  "miao": [
    45.6288,
    -51.37120000000001,
    0.0,
    45.6288,
    97.0
  ],
  "hmk": [
    992.544,
    -1117.4560000000001,
    0.0,
    992.544,
    2110.0
  ],
  "wzm": [
    12192.2976,
    -17751.205500000007,
    0.0,
    12192.2976,
    25919.0
  ],
  "lly": [
    3724.1567999999997,
    -6267.097200000001,
    0.0,
    3724.1567999999997,
    7917.0
  ]
}