{
  "syj": [
    37391.785599999996,
    237.78559999999857,
    0.0,
    37391.785599999996,
    37154.0
  ],
  "cl": [
    16803.8608,
    106.86079999999936,
    32.058239999999806,
    16771.80256,
    16697.0
  ],
  "zb": [
    16063.150399999999,
    102.15039999999938,
    30.645119999999814,
    16032.50528,
    15961.0
  ],
  "zy": [
    8403.44,
    53.43999999999968,
    16.031999999999904,
    8387.408000000001,
    8350.0
  ],
  "lbc": [
    35833.8784,
    227.87839999999863,
    0.0,
    35833.8784,
    35606.0
  ],
  "lz": [
    28168.1296,
    179.1295999999989,
    0.0,
    28168.1296,
    27989.0
  ],
  "house": [
    68630.44159999999,
    436.4415999999974,
    0.0,
    68630.44159999999,
    68194.0
  ],
  "lhx": [
    5604.6416,
    35.641599999999784,
    10.692479999999934,
    5593.94912,
    5569.0
  ],
  "sey": [
    6783.1359999999995,
    43.13599999999974,
    12.940799999999921,
    6770.195199999999,
    6740.0
  ],
  "miao": [
    33034.073599999996,
    210.07359999999872,
    63.02207999999961,
    32971.05151999999,
    32824.0
  ],
  "hmk": [
    2123.504,
    13.503999999999918,
    4.051199999999975,
    2119.4528,
    2110.0
  ],
  "wzm": [
    26084.8816,
    -3858.6215000000057,
    0.0,
    26084.8816,
    25919.0
  ],
  "lly": [
    7967.6687999999995,
    -2023.5852000000004,
    0.0,
    7967.6687999999995,
    7917.0
  ]
}