{
  "syj": [
    40999.8807,
    -5554.502600000004,
    0.0,
    40999.8807,
    49463.0
  ],
  "cl": [
    22473.9657,
    -4159.8983000000035,
    0.0,
    22473.9657,
    27113.0
  ],
  "zb": [
    13230.0729,
    -2730.9271000000003,
    0.0,
    13230.0729,
    15961.0
  ],
  "zy": [
    6921.315,
    -1428.6850000000002,
    0.0,
    6921.315,
    8350.0
  ],
  "lbc": [
    29513.8134,
    -6092.186600000001,
    0.0,
    29513.8134,
    35606.0
  ],
  "lz": [
    23200.0821,
    -4788.917900000001,
    0.0,
    23200.0821,
    27989.0
  ],
  "house": [
    56526.0066,
    -11667.993400000001,
    0.0,
    56526.0066,
    68194.0
  ],
  "lhx": [
    0.0,
    0.0,
    0.0,
    0.0,
    0.0
  ],
  "sey": [
    0.0,
    0.0,
    0.0,
    0.0,
    0.0
  ],
  "miao": [
    80.4033,
    -16.596700000000002,
    0.0,
    80.4033,
    97.0
  ],
  "hmk": [
    1748.979,
    -361.0210000000001,
    0.0,
    1748.979,
    2110.0
  ],
  "wzm": [
    21484.2591,
    -8459.244000000006,
    0.0,
    21484.2591,
    25919.0
  ],
  "lly": [
    6562.4012999999995,
    -3428.8527000000004,
    0.0,
    6562.4012999999995,
    7917.0
  ]
}