{
  "syj": [
    61888.1056,
    15333.722300000001,
    0.0,
    61888.1056,
    49463.0
  ],
  "cl": [
    33923.7856,
    7289.9216,
    2186.97648,
    31736.80912,
    27113.0
  ],
  "zb": [
    19970.4032,
    4009.4032000000016,
    1202.8209600000005,
    18767.58224,
    15961.0
  ],
  "zy": [
    10447.52,
    2097.520000000001,
    629.2560000000002,
    9818.264000000001,
    8350.0
  ],
  "lbc": [
    44550.2272,
    8944.227200000003,
    0.0,
    44550.2272,
    35606.0
  ],
  "lz": [
    35019.836800000005,
    7030.836800000003,
    0.0,
    35019.836800000005,
    27989.0
  ],
  "house": [
    85324.3328,
    17130.332800000007,
    0.0,
    85324.3328,
    68194.0
  ],
  "lhx": [
    0.0,
    0.0,
    0.0,
    0.0,
    0.0
  ],
  "sey": [
    0.0,
    0.0,
    0.0,
    0.0,
    0.0
  ],
  "miao": [
    121.36640000000001,
    24.36640000000001,
    7.309920000000003,
    114.05648000000001,
    97.0
  ],
  "hmk": [
    2640.032,
    530.0320000000002,
    159.00960000000003,
    2481.0224000000003,
    2110.0
  ],
  "wzm": [
    32429.8528,
    2486.349699999998,
    745.9049099999994,
    31683.94789,
    25919.0
  ],
  "lly": [
    9905.7504,
    -85.50359999999937,
    0.0,
    9905.7504,
    7917.0
  ]
}