{
  "syj": [
    26848.516399999997,
    -19705.866900000005,
    0.0,
    26848.516399999997,
    49463.0
  ],
  "cl": [
    14716.936399999999,
    -11916.927600000005,
    0.0,
    14716.936399999999,
    27113.0
  ],
  "zb": [
    8663.630799999999,
    -7297.369200000001,
    0.0,
    8663.630799999999,
    15961.0
  ],
  "zy": [
    4532.379999999999,
    -3817.6200000000003,
    0.0,
    4532.379999999999,
    8350.0
  ],
  "lbc": [
    19326.9368,
    -16279.063200000002,
    0.0,
    19326.9368,
    35606.0
  ],
  "lz": [
    15192.429199999999,
    -12796.570800000001,
    0.0,
    15192.429199999999,
    27989.0
  ],
  "house": [
    37015.703199999996,
    -31178.296800000004,
    0.0,
    37015.703199999996,
    68194.0
  ],
  "lhx": [
    0.0,
    0.0,
    0.0,
    0.0,
    0.0
  ],
  "sey": [
    0.0,
    0.0,
    0.0,
    0.0,
    0.0
  ],
  "miao": [
    52.651599999999995,
    -44.348400000000005,
    0.0,
    52.651599999999995,
    97.0
  ],
  "hmk": [
    1145.308,
    -964.6920000000001,
    0.0,
    1145.308,
    2110.0
  ],
  "wzm": [
    14068.8332,
    -15874.669900000006,
    0.0,
    14068.8332,
    25919.0
  ],
  "lly": [
    4297.347599999999,
    -5693.906400000001,
    0.0,
    4297.347599999999,
    7917.0
  ]
}