{
  "syj": [
    47890.0766,
    1335.6932999999945,
    0.0,
    47890.0766,
    49463.0
  ],
  "cl": [
    26250.8066,
    -383.05740000000395,
    0.0,
    26250.8066,
    27113.0
  ],
  "zb": [
    15453.4402,
    -507.5598000000008,
    0.0,
    15453.4402,
    15961.0
  ],
  "zy": [
    8084.469999999999,
    -265.5300000000004,
    0.0,
    8084.469999999999,
    8350.0
  ],
  "lbc": [
    34473.7292,
    -1132.2708000000018,
    0.0,
    34473.7292,
    35606.0
  ],
  "lz": [
    27098.9498,
    -890.0502000000014,
    0.0,
    27098.9498,
    27989.0
  ],
  "house": [
    66025.4308,
    -2168.5692000000035,
    0.0,
    66025.4308,
    68194.0
  ],
  "lhx": [
    0.0,
    0.0,
    0.0,
    0.0,
    0.0
  ],
  "sey": [
    0.0,
    0.0,
    0.0,
    0.0,
    0.0
  ],
  "miao": [
    93.91539999999999,
    -3.084600000000005,
    0.0,
    93.91539999999999,
    97.0
  ],
  "hmk": [
    2042.9019999999998,
    -67.09800000000011,
    0.0,
    2042.9019999999998,
    2110.0
  ],
  "wzm": [
    25094.7758,
    -4848.727300000006,
    0.0,
    25094.7758,
    25919.0
  ],
  "lly": [
    7665.2393999999995,
    -2326.0146000000004,
    0.0,
    7665.2393999999995,
    7917.0
  ]
}