{
  "syj": [
    33000.1828,
    -4153.8172,
    0.0,
    33000.1828,
    37154.0
  ],
  "cl": [
    24081.7666,
    -2552.097400000003,
    0.0,
    24081.7666,
    27113.0
  ],
  "zb": [
    14176.5602,
    -1784.4398,
    0.0,
    14176.5602,
    15961.0
  ],
  "zy": [
    7416.47,
    -933.5300000000001,
    0.0,
    7416.47,
    8350.0
  ],
  "lbc": [
    31625.2492,
    -3980.7508000000003,
    0.0,
    31625.2492,
    35606.0
  ],
  "lz": [
    24859.8298,
    -3129.1702000000005,
    0.0,
    24859.8298,
    27989.0
  ],
  "house": [
    60569.9108,
    -7624.0892,
    0.0,
    60569.9108,
    68194.0
  ],
  "lhx": [
    4946.3858,
    -622.6142000000001,
    0.0,
    4946.3858,
    5569.0
  ],
  "sey": [
    5986.468,
    -753.532,
    0.0,
    5986.468,
    6740.0
  ],
  "miao": [
    29154.2768,
    -3669.7232000000004,
    0.0,
    29154.2768,
    32824.0
  ],
  "hmk": [
    1874.102,
    -235.89800000000002,
    0.0,
    1874.102,
    2110.0
  ],
  "wzm": [
    23021.2558,
    -6922.2473000000045,
    0.0,
    23021.2558,
    25919.0
  ],
  "lly": [
    7031.8794,
    -2959.3746,
    0.0,
    7031.8794,
    7917.0
  ]
}