{
  "syj": [
    25527.8543,
    -21026.529000000002,
    0.0,
    25527.8543,
    49463.0
  ],
  "cl": [
    13993.0193,
    -12640.844700000003,
    0.0,
    13993.0193,
    27113.0
  ],
  "zb": [
    8237.4721,
    -7723.5279,
    0.0,
    8237.4721,
    15961.0
  ],
  "zy": [
    4309.435,
    -4040.565,
    0.0,
    4309.435,
    8350.0
  ],
  "lbc": [
    18376.2566,
    -17229.7434,
    0.0,
    18376.2566,
    35606.0
  ],
  "lz": [
    14445.1229,
    -13543.8771,
    0.0,
    14445.1229,
    27989.0
  ],
  "house": [
    35194.9234,
    -32999.0766,
    0.0,
    35194.9234,
    68194.0
  ],
  "lhx": [
    0.0,
    0.0,
    0.0,
    0.0,
    0.0
  ],
  "sey": [
    0.0,
    0.0,
    0.0,
    0.0,
    0.0
  ],
  "miao": [
    50.0617,
    -46.9383,
    0.0,
    50.0617,
    97.0
  ],
  "hmk": [
    1088.971,
    -1021.029,
    0.0,
    1088.971,
    2110.0
  ],
  "wzm": [
    13376.795900000001,
    -16566.707200000004,
    0.0,
    13376.795900000001,
    25919.0
  ],
  "lly": [
    4085.9637000000002,
    -5905.2903,
    0.0,
    4085.9637000000002,
    7917.0
  ]
}