{
  "syj": [
    31799.762700000003,
    -14754.620600000002,
    0.0,
    31799.762700000003,
    49463.0
  ],
  "cl": [
    17430.9477,
    -9202.916300000003,
    0.0,
    17430.9477,
    27113.0
  ],
  "zb": [
    10261.3269,
    -5699.6731,
    0.0,
    10261.3269,
    15961.0
  ],
  "zy": [
    5368.215,
    -2981.785,
    0.0,
    5368.215,
    8350.0
  ],
  "lbc": [
    22891.097400000002,
    -12714.9026,
    0.0,
    22891.097400000002,
    35606.0
  ],
  "lz": [
    17994.1281,
    -9994.8719,
    0.0,
    17994.1281,
    27989.0
  ],
  "house": [
    43841.922600000005,
    -24352.0774,
    0.0,
    43841.922600000005,
    68194.0
  ],
  "lhx": [
    0.0,
    0.0,
    0.0,
    0.0,
    0.0
  ],
  "sey": [
    0.0,
    0.0,
    0.0,
    0.0,
    0.0
  ],
  "miao": [
    62.3613,
    -34.6387,
    0.0,
    62.3613,
    97.0
  ],
  "hmk": [
    1356.519,
    -753.481,
    0.0,
    1356.519,
    2110.0
  ],
  "wzm": [
    16663.325100000002,
    -13280.178000000004,
    0.0,
    16663.325100000002,
    25919.0
  ],
  "lly": [
    5089.839300000001,
    -4901.4147,
    0.0,
    5089.839300000001,
    7917.0
  ]
}