{
  "syj": [
    36849.3372,
    -304.66279999999944,
    0.0,
    36849.3372,
    37154.0
  ],
  "cl": [
    26890.6734,
    256.8093999999978,
    77.04281999999934,
    26813.63058,
    27113.0
  ],
  "zb": [
    15830.1198,
    -130.88019999999977,
    0.0,
    15830.1198,
    15961.0
  ],
  "zy": [
    8281.53,
    -68.46999999999987,
    0.0,
    8281.53,
    8350.0
  ],
  "lbc": [
    35314.0308,
    -291.9691999999995,
    0.0,
    35314.0308,
    35606.0
  ],
  "lz": [
    27759.4902,
    -229.5097999999996,
    0.0,
    27759.4902,
    27989.0
  ],
  "house": [
    67634.8092,
    -559.190799999999,
    0.0,
    67634.8092,
    68194.0
  ],
  "lhx": [
    5523.3342,
    -45.66579999999992,
    0.0,
    5523.3342,
    5569.0
  ],
  "sey": [
    6684.732,
    -55.2679999999999,
    0.0,
    6684.732,
    6740.0
  ],
  "miao": [
    32554.8432,
    -269.1567999999995,
    0.0,
    32554.8432,
    32824.0
  ],
  "hmk": [
    2092.698,
    -17.301999999999968,
    0.0,
    2092.698,
    2110.0
  ],
  "wzm": [
    25706.464200000002,
    -4237.038900000004,
    0.0,
    25706.464200000002,
    25919.0
  ],
  "lly": [
    7852.0806,
    -2139.1734,
    0.0,
    7852.0806,
    7917.0
  ]
}