{
  "syj": [
    45517.3654,
    8363.365400000002,
    0.0,
    45517.3654,
    37154.0
  ],
  "cl": [
    20455.494700000003,
    3758.494700000001,
    1127.5484100000003,
    19327.946290000004,
    16697.0
  ],
  "zb": [
    19553.8211,
    3592.821100000001,
    1077.8463300000003,
    18475.97477,
    15961.0
  ],
  "zy": [
    10229.585000000001,
    1879.5850000000007,
    563.8755000000002,
    9665.7095,
    8350.0
  ],
  "lbc": [
    43620.9106,
    8014.910600000003,
    0.0,
    43620.9106,
    35606.0
  ],
  "lz": [
    34289.3239,
    6300.323900000002,
    0.0,
    34289.3239,
    27989.0
  ],
  "house": [
    83544.4694,
    15350.469400000005,
    0.0,
    83544.4694,
    68194.0
  ],
  "lhx": [
    6822.5819,
    1253.5819000000004,
    376.0745700000001,
    6446.50733,
    5569.0
  ],
  "sey": [
    8257.174,
    1517.1740000000004,
    455.1522000000001,
    7802.0218,
    6740.0
  ],
  "miao": [
    40212.682400000005,
    7388.682400000002,
    2216.6047200000007,
    37996.07768,
    32824.0
  ],
  "hmk": [
    2584.9610000000002,
    474.9610000000002,
    142.48830000000004,
    2442.4727000000003,
    2110.0
  ],
  "wzm": [
    12262.0259,
    2279.049300000001,
    683.7147900000003,
    11578.31111,
    10009.0
  ]
}