{
  "syj": [
    47248.7418,
    10094.741800000002,
    0.0,
    47248.7418,
    37154.0
  ],
  "cl": [
    21233.5749,
    4536.5749000000005,
    1360.9724700000002,
    19872.60243,
    16697.0
  ],
  "zb": [
    20297.6037,
    4336.603700000001,
    1300.9811100000002,
    18996.62259,
    15961.0
  ],
  "zy": [
    10618.695,
    2268.6950000000006,
    680.6085000000002,
    9938.0865,
    8350.0
  ],
  "lbc": [
    45280.150200000004,
    9674.150200000002,
    0.0,
    45280.150200000004,
    35606.0
  ],
  "lz": [
    35593.611300000004,
    7604.611300000001,
    0.0,
    35593.611300000004,
    27989.0
  ],
  "house": [
    86722.3098,
    18528.309800000003,
    0.0,
    86722.3098,
    68194.0
  ],
  "lhx": [
    7082.0973,
    1513.0973000000004,
    453.9291900000001,
    6628.1681100000005,
    5569.0
  ],
  "sey": [
    8571.258,
    1831.2580000000003,
    549.3774000000001,
    8021.8805999999995,
    6740.0
  ],
  "miao": [
    41742.2808,
    8918.280800000002,
    2675.4842400000007,
    39066.79656,
    32824.0
  ],
  "hmk": [
    2683.2870000000003,
    573.2870000000001,
    171.98610000000005,
    2511.3009,
    2110.0
  ],
  "wzm": [
    32961.1923,
    3017.689199999997,
    905.3067599999991,
    32055.885540000003,
    25919.0
  ],
  "lly": [
    10068.0489,
    76.79490000000033,
    23.038470000000096,
    10045.01043,
    7917.0
  ]
}