{
  "syj": [
    23712.5622,
    -22841.821100000005,
    0.0,
    23712.5622,
    49463.0
  ],
  "cl": [
    12997.9722,
    -13635.891800000005,
    0.0,
    12997.9722,
    27113.0
  ],
  "zb": [
    7651.7034,
    -8309.2966,
    0.0,
    7651.7034,
    15961.0
  ],
  "zy": [
    4002.99,
    -4347.009999999999,
    0.0,
    4002.99,
    8350.0
  ],
  "lbc": [
    17069.5164,
    -18536.4836,
    0.0,
    17069.5164,
    35606.0
  ],
  "lz": [
    13417.9266,
    -14571.0734,
    0.0,
    13417.9266,
    27989.0
  ],
  "house": [
    32692.2036,
    -35501.7964,
    0.0,
    32692.2036,
    68194.0
  ],
  "lhx": [
    0.0,
    0.0,
    0.0,
    0.0,
    0.0
  ],
  "sey": [
    0.0,
    0.0,
    0.0,
    0.0,
    0.0
  ],
  "miao": [
    46.501799999999996,
    -50.4982,
    0.0,
    46.501799999999996,
    97.0
  ],
  "hmk": [
    1011.534,
    -1098.466,
    0.0,
    1011.534,
    2110.0
  ],
  "wzm": [
    12425.5686,
    -17517.934500000003,
    0.0,
    12425.5686,
    25919.0
  ],
  "lly": [
    3795.4098,
    -6195.8442,
    0.0,
    3795.4098,
    7917.0
  ]
}