{
  "syj": [
    22124.799899999998,
    -24429.583400000003,
    0.0,
    22124.799899999998,
    49463.0
  ],
  "cl": [
    12127.6449,
    -14506.219100000004,
    0.0,
    12127.6449,
    27113.0
  ],
  "zb": [
    7139.355299999999,
    -8821.644699999999,
    0.0,
    7139.355299999999,
    15961.0
  ],
  "zy": [
    3734.955,
    -4615.045,
    0.0,
    3734.955,
    8350.0
  ],
  "lbc": [
    15926.5638,
    -19679.4362,
    0.0,
    15926.5638,
    35606.0
  ],
  "lz": [
    12519.4797,
    -15469.520299999998,
    0.0,
    12519.4797,
    27989.0
  ],
  "house": [
    30503.176199999998,
    -37690.8238,
    0.0,
    30503.176199999998,
    68194.0
  ],
  "lhx": [
    0.0,
    0.0,
    0.0,
    0.0,
    0.0
  ],
  "sey": [
    0.0,
    0.0,
    0.0,
    0.0,
    0.0
  ],
  "miao": [
    43.388099999999994,
    -53.6119,
    0.0,
    43.388099999999994,
    97.0
  ],
  "hmk": [
    943.803,
    -1166.197,
    0.0,
    943.803,
    2110.0
  ],
  "wzm": [
    11593.5687,
    -18349.934400000002,
    0.0,
    11593.5687,
    25919.0
  ],
  "lly": [
    3541.2740999999996,
    -6449.9799,
    0.0,
    3541.2740999999996,
    7917.0
  ]
}