{
  "syj": [
    55566.7342,
    9012.350899999994,
    0.0,
    55566.7342,
    49463.0
  ],
  "cl": [
    30458.744199999997,
    3824.880199999996,
    1147.4640599999987,
    29311.28014,
    27113.0
  ],
  "zb": [
    17930.5874,
    1969.5873999999992,
    590.8762199999998,
    17339.711180000002,
    15961.0
  ],
  "zy": [
    9380.39,
    1030.3899999999996,
    309.1169999999999,
    9071.273,
    8350.0
  ],
  "lbc": [
    39999.780399999996,
    4393.780399999999,
    0.0,
    39999.780399999996,
    35606.0
  ],
  "lz": [
    31442.8426,
    3453.8425999999986,
    0.0,
    31442.8426,
    27989.0
  ],
  "house": [
    76609.1396,
    8415.139599999997,
    0.0,
    76609.1396,
    68194.0
  ],
  "lhx": [
    0.0,
    0.0,
    0.0,
    0.0,
    0.0
  ],
  "sey": [
    0.0,
    0.0,
    0.0,
    0.0,
    0.0
  ],
  "miao": [
    108.96979999999999,
    11.969799999999996,
    3.5909399999999985,
    105.37885999999999,
    97.0
  ],
  "hmk": [
    2370.374,
    260.3739999999999,
    78.11219999999997,
    2292.2617999999998,
    2110.0
  ],
  "wzm": [
    29117.404599999998,
    -826.0985000000056,
    0.0,
    29117.404599999998,
    25919.0
  ],
  "lly": [
    8893.9578,
    -1097.2962000000005,
    0.0,
    8893.9578,
    7917.0
  ]
}