{
  "syj": [
    46617.123799999994,
    9463.123799999998,
    0.0,
    46617.123799999994,
    37154.0
  ],
  "cl": [
    20949.725899999998,
    4252.725899999999,
    1275.8177699999994,
    19673.90813,
    16697.0
  ],
  "zb": [
    20026.2667,
    4065.2666999999988,
    1219.5800099999997,
    18806.686690000002,
    15961.0
  ],
  "zy": [
    10476.744999999999,
    2126.7449999999994,
    638.0234999999998,
    9838.7215,
    8350.0
  ],
  "lbc": [
    44674.8482,
    9068.848199999997,
    0.0,
    44674.8482,
    35606.0
  ],
  "lz": [
    35117.798299999995,
    7128.798299999998,
    0.0,
    35117.798299999995,
    27989.0
  ],
  "house": [
    85563.0118,
    17369.011799999997,
    0.0,
    85563.0118,
    68194.0
  ],
  "lhx": [
    6987.4243,
    1418.4242999999997,
    425.5272899999999,
    6561.89701,
    5569.0
  ],
  "sey": [
    8456.678,
    1716.6779999999994,
    515.0033999999998,
    7941.6746,
    6740.0
  ],
  "miao": [
    41184.2728,
    8360.272799999997,
    2508.081839999999,
    38676.19096,
    32824.0
  ],
  "hmk": [
    2647.417,
    537.4169999999998,
    161.22509999999994,
    2486.1919,
    2110.0
  ],
  "wzm": [
    22602.1658,
    2652.163699999997,
    795.649109999999,
    21806.51669,
    18014.0
  ]
}