{
  "syj": [
    31759.2392,
    -5394.7608,
    0.0,
    31759.2392,
    37154.0
  ],
  "cl": [
    23176.1924,
    -3457.6716000000024,
    0.0,
    23176.1924,
    27113.0
  ],
  "zb": [
    13643.4628,
    -2317.5371999999998,
    0.0,
    13643.4628,
    15961.0
  ],
  "zy": [
    7137.58,
    -1212.42,
    0.0,
    7137.58,
    8350.0
  ],
  "lbc": [
    30436.0088,
    -5169.9911999999995,
    0.0,
    30436.0088,
    35606.0
  ],
  "lz": [
    23924.9972,
    -4064.0027999999998,
    0.0,
    23924.9972,
    27989.0
  ],
  "house": [
    58292.2312,
    -9901.7688,
    0.0,
    58292.2312,
    68194.0
  ],
  "lhx": [
    4760.3812,
    -808.6188,
    0.0,
    4760.3812,
    5569.0
  ],
  "sey": [
    5761.352,
    -978.648,
    0.0,
    5761.352,
    6740.0
  ],
  "miao": [
    82.9156,
    -14.084399999999999,
    0.0,
    82.9156,
    97.0
  ],
  "hmk": [
    1803.628,
    -306.372,
    0.0,
    1803.628,
    2110.0
  ],
  "wzm": [
    22155.5612,
    -7787.941900000004,
    0.0,
    22155.5612,
    25919.0
  ],
  "lly": [
    6767.4516,
    -3223.8024,
    0.0,
    6767.4516,
    7917.0
  ]
}