{
  "syj": [
    37492.954,
    -9061.429300000003,
    0.0,
    37492.954,
    49463.0
  ],
  "cl": [
    20551.654,
    -6082.210000000003,
    0.0,
    20551.654,
    27113.0
  ],
  "zb": [
    12098.438,
    -3862.562,
    0.0,
    12098.438,
    15961.0
  ],
  "zy": [
    6329.3,
    -2020.7,
    0.0,
    6329.3,
    8350.0
  ],
  "lbc": [
    26989.348,
    -8616.652,
    0.0,
    26989.348,
    35606.0
  ],
  "lz": [
    21215.662,
    -6773.338,
    0.0,
    21215.662,
    27989.0
  ],
  "house": [
    51691.052,
    -16502.948,
    0.0,
    51691.052,
    68194.0
  ],
  "lhx": [
    0.0,
    0.0,
    0.0,
    0.0,
    0.0
  ],
  "sey": [
    0.0,
    0.0,
    0.0,
    0.0,
    0.0
  ],
  "miao": [
    73.526,
    -23.474,
    0.0,
    73.526,
    97.0
  ],
  "hmk": [
    1599.38,
    -510.62,
    0.0,
    1599.38,
    2110.0
  ],
  "wzm": [
    19646.602,
    -10296.901100000005,
    0.0,
    19646.602,
    25919.0
  ],
  "lly": [
    6001.086,
    -3990.168,
    0.0,
    6001.086,
    7917.0
  ]
}