{
  "syj": [
    33059.6292,
    -4094.370799999999,
    0.0,
    33059.6292,
    37154.0
  ],
  "cl": [
    24125.1474,
    -2508.7166000000016,
    0.0,
    24125.1474,
    27113.0
  ],
  "zb": [
    14202.097800000001,
    -1758.9021999999995,
    0.0,
    14202.097800000001,
    15961.0
  ],
  "zy": [
    7429.83,
    -920.1699999999997,
    0.0,
    7429.83,
    8350.0
  ],
  "lbc": [
    31682.218800000002,
    -3923.7811999999985,
    0.0,
    31682.218800000002,
    35606.0
  ],
  "lz": [
    24904.6122,
    -3084.387799999999,
    0.0,
    24904.6122,
    27989.0
  ],
  "house": [
    60679.0212,
    -7514.978799999997,
    0.0,
    60679.0212,
    68194.0
  ],
  "lhx": [
    4955.2962,
    -613.7037999999998,
    0.0,
    4955.2962,
    5569.0
  ],
  "sey": [
    5997.252,
    -742.7479999999997,
    0.0,
    5997.252,
    6740.0
  ],
  "miao": [
    29206.7952,
    -3617.2047999999986,
    0.0,
    29206.7952,
    32824.0
  ],
  "hmk": [
    1877.478,
    -232.52199999999993,
    0.0,
    1877.478,
    2110.0
  ],
  "wzm": [
    23062.7262,
    -6880.7769000000035,
    0.0,
    23062.7262,
    25919.0
  ],
  "lly": [
    7044.546600000001,
    -2946.7074,
    0.0,
    7044.546600000001,
    7917.0
  ]
}