{
  "syj": [
    27976.2728,
    -18578.110500000003,
    0.0,
    27976.2728,
    49463.0
  ],
  "cl": [
    15335.112799999999,
    -11298.751200000002,
    0.0,
    15335.112799999999,
    27113.0
  ],
  "zb": [
    9027.5416,
    -6933.4584,
    0.0,
    9027.5416,
    15961.0
  ],
  "zy": [
    4722.76,
    -3627.2400000000002,
    0.0,
    4722.76,
    8350.0
  ],
  "lbc": [
    20138.7536,
    -15467.2464,
    0.0,
    20138.7536,
    35606.0
  ],
  "lz": [
    15830.5784,
    -12158.4216,
    0.0,
    15830.5784,
    27989.0
  ],
  "house": [
    38570.5264,
    -29623.4736,
    0.0,
    38570.5264,
    68194.0
  ],
  "lhx": [
    0.0,
    0.0,
    0.0,
    0.0,
    0.0
  ],
  "sey": [
    0.0,
    0.0,
    0.0,
    0.0,
    0.0
  ],
  "miao": [
    54.8632,
    -42.1368,
    0.0,
    54.8632,
    97.0
  ],
  "hmk": [
    1193.416,
    -916.5840000000001,
    0.0,
    1193.416,
    2110.0
  ],
  "wzm": [
    14659.786399999999,
    -15283.716700000004,
    0.0,
    14659.786399999999,
    25919.0
  ],
  "lly": [
    4477.8552,
    -5513.3988,
    0.0,
    4477.8552,
    7917.0
  ]
}