{
  "syj": [
    47059.0982,
    504.71489999999807,
    0.0,
    47059.0982,
    49463.0
  ],
  "cl": [
    25795.3082,
    -838.5558000000019,
    0.0,
    25795.3082,
    27113.0
  ],
  "zb": [
    15185.2954,
    -775.7045999999996,
    0.0,
    15185.2954,
    15961.0
  ],
  "zy": [
    7944.1900000000005,
    -405.80999999999983,
    0.0,
    7944.1900000000005,
    8350.0
  ],
  "lbc": [
    33875.5484,
    -1730.4515999999992,
    0.0,
    33875.5484,
    35606.0
  ],
  "lz": [
    26628.7346,
    -1360.2653999999993,
    0.0,
    26628.7346,
    27989.0
  ],
  "house": [
    64879.7716,
    -3314.2283999999986,
    0.0,
    64879.7716,
    68194.0
  ],
  "lhx": [
    0.0,
    0.0,
    0.0,
    0.0,
    0.0
  ],
  "sey": [
    0.0,
    0.0,
    0.0,
    0.0,
    0.0
  ],
  "miao": [
    92.28580000000001,
    -4.714199999999998,
    0.0,
    92.28580000000001,
    97.0
  ],
  "hmk": [
    2007.454,
    -102.54599999999995,
    0.0,
    2007.454,
    2110.0
  ],
  "wzm": [
    24659.336600000002,
    -5284.166500000004,
    0.0,
    24659.336600000002,
    25919.0
  ],
  "lly": [
    7532.2338,
    -2459.0202,
    0.0,
    7532.2338,
    7917.0
  ]
}