{
  "syj": [
    29524.4647,
    -17029.918600000005,
    0.0,
    29524.4647,
    49463.0
  ],
  "cl": [
    16183.7497,
    -10450.114300000003,
    0.0,
    16183.7497,
    27113.0
  ],
  "zb": [
    9527.1209,
    -6433.8791,
    0.0,
    9527.1209,
    15961.0
  ],
  "zy": [
    4984.115,
    -3365.885,
    0.0,
    4984.115,
    8350.0
  ],
  "lbc": [
    21253.2214,
    -14352.7786,
    0.0,
    21253.2214,
    35606.0
  ],
  "lz": [
    16706.6341,
    -11282.3659,
    0.0,
    16706.6341,
    27989.0
  ],
  "house": [
    40704.9986,
    -27489.0014,
    0.0,
    40704.9986,
    68194.0
  ],
  "lhx": [
    0.0,
    0.0,
    0.0,
    0.0,
    0.0
  ],
  "sey": [
    0.0,
    0.0,
    0.0,
    0.0,
    0.0
  ],
  "miao": [
    57.8993,
    -39.1007,
    0.0,
    57.8993,
    97.0
  ],
  "hmk": [
    1259.459,
    -850.541,
    0.0,
    1259.459,
    2110.0
  ],
  "wzm": [
    15471.051099999999,
    -14472.452000000005,
    0.0,
    15471.051099999999,
    25919.0
  ],
  "lly": [
    4725.6573,
    -5265.5967,
    0.0,
    4725.6573,
    7917.0
  ]
}