{
  "syj": [
    27639.9244,
    -18914.458900000005,
    0.0,
    27639.9244,
    49463.0
  ],
  "cl": [
    15150.7444,
    -11483.119600000004,
    0.0,
    15150.7444,
    27113.0
  ],
  "zb": [
    8919.0068,
    -7041.993200000001,
    0.0,
    8919.0068,
    15961.0
  ],
  "zy": [
    4665.98,
    -3684.0200000000004,
    0.0,
    4665.98,
    8350.0
  ],
  "lbc": [
    19896.6328,
    -15709.3672,
    0.0,
    19896.6328,
    35606.0
  ],
  "lz": [
    15640.2532,
    -12348.7468,
    0.0,
    15640.2532,
    27989.0
  ],
  "house": [
    38106.807199999996,
    -30087.1928,
    0.0,
    38106.807199999996,
    68194.0
  ],
  "lhx": [
    0.0,
    0.0,
    0.0,
    0.0,
    0.0
  ],
  "sey": [
    0.0,
    0.0,
    0.0,
    0.0,
    0.0
  ],
  "miao": [
    54.203599999999994,
    -42.796400000000006,
    0.0,
    54.203599999999994,
    97.0
  ],
  "hmk": [
    1179.068,
    -930.9320000000001,
    0.0,
    1179.068,
    2110.0
  ],
  "wzm": [
    14483.537199999999,
    -15459.965900000005,
    0.0,
    14483.537199999999,
    25919.0
  ],
  "lly": [
    4424.0196,
    -5567.2344,
    0.0,
    4424.0196,
    7917.0
  ]
}