{
  "syj": [
    30774.6582,
    -6379.341799999998,
    0.0,
    30774.6582,
    37154.0
  ],
  "cl": [
    22457.6979,
    -4176.166100000001,
    0.0,
    22457.6979,
    27113.0
  ],
  "zb": [
    13220.4963,
    -2740.5036999999993,
    0.0,
    13220.4963,
    15961.0
  ],
  "zy": [
    6916.305,
    -1433.6949999999997,
    0.0,
    6916.305,
    8350.0
  ],
  "lbc": [
    29492.449800000002,
    -6113.550199999999,
    0.0,
    29492.449800000002,
    35606.0
  ],
  "lz": [
    23183.2887,
    -4805.711299999999,
    0.0,
    23183.2887,
    27989.0
  ],
  "house": [
    56485.090200000006,
    -11708.909799999998,
    0.0,
    56485.090200000006,
    68194.0
  ],
  "lhx": [
    4612.8027,
    -956.1972999999998,
    0.0,
    4612.8027,
    5569.0
  ],
  "sey": [
    5582.742,
    -1157.2579999999998,
    0.0,
    5582.742,
    6740.0
  ],
  "miao": [
    80.3451,
    -16.654899999999998,
    0.0,
    80.3451,
    97.0
  ],
  "hmk": [
    1747.713,
    -362.2869999999999,
    0.0,
    1747.713,
    2110.0
  ],
  "wzm": [
    21468.707700000003,
    -8474.795400000003,
    0.0,
    21468.707700000003,
    25919.0
  ],
  "lly": [
    6557.6511,
    -3433.6029,
    0.0,
    6557.6511,
    7917.0
  ]
}