{
  "syj": [
    35009.9114,
    -11544.471900000004,
    0.0,
    35009.9114,
    49463.0
  ],
  "cl": [
    19190.5814,
    -7443.282600000003,
    0.0,
    19190.5814,
    27113.0
  ],
  "zb": [
    11297.1958,
    -4663.8042000000005,
    0.0,
    11297.1958,
    15961.0
  ],
  "zy": [
    5910.13,
    -2439.8700000000003,
    0.0,
    5910.13,
    8350.0
  ],
  "lbc": [
    25201.9268,
    -10404.0732,
    0.0,
    25201.9268,
    35606.0
  ],
  "lz": [
    19810.6142,
    -8178.3858,
    0.0,
    19810.6142,
    27989.0
  ],
  "house": [
    48267.7132,
    -19926.2868,
    0.0,
    48267.7132,
    68194.0
  ],
  "lhx": [
    0.0,
    0.0,
    0.0,
    0.0,
    0.0
  ],
  "sey": [
    0.0,
    0.0,
    0.0,
    0.0,
    0.0
  ],
  "miao": [
    68.6566,
    -28.343400000000003,
    0.0,
    68.6566,
    97.0
  ],
  "hmk": [
    1493.4579999999999,
    -616.542,
    0.0,
    1493.4579999999999,
    2110.0
  ],
  "wzm": [
    18345.4682,
    -11598.034900000004,
    0.0,
    18345.4682,
    25919.0
  ],
  "lly": [
    5603.652599999999,
    -4387.6014000000005,
    0.0,
    5603.652599999999,
    7917.0
  ]
}