{
  "syj": [
    22278.1352,
    -24276.2481,
    0.0,
    22278.1352,
    49463.0
  ],
  "cl": [
    12211.6952,
    -14422.168800000001,
    0.0,
    12211.6952,
    27113.0
  ],
  "zb": [
    7188.834400000001,
    -8772.1656,
    0.0,
    7188.834400000001,
    15961.0
  ],
  "zy": [
    3760.84,
    -4589.16,
    0.0,
    3760.84,
    8350.0
  ],
  "lbc": [
    16036.9424,
    -19569.0576,
    0.0,
    16036.9424,
    35606.0
  ],
  "lz": [
    12606.2456,
    -15382.7544,
    0.0,
    12606.2456,
    27989.0
  ],
  "house": [
    30714.5776,
    -37479.422399999996,
    0.0,
    30714.5776,
    68194.0
  ],
  "lhx": [
    0.0,
    0.0,
    0.0,
    0.0,
    0.0
  ],
  "sey": [
    0.0,
    0.0,
    0.0,
    0.0,
    0.0
  ],
  "miao": [
    43.6888,
    -53.3112,
    0.0,
    43.6888,
    97.0
  ],
  "hmk": [
    950.344,
    -1159.656,
    0.0,
    950.344,
    2110.0
  ],
  "wzm": [
    11673.9176,
    -18269.585500000005,
    0.0,
    11673.9176,
    25919.0
  ],
  "lly": [
    3565.8168,
    -6425.4372,
    0.0,
    3565.8168,
    7917.0
  ]
}