{
  "syj": [
    38513.8364,
    1359.8363999999988,
    0.0,
    38513.8364,
    37154.0
  ],
  "cl": [
    17308.1102,
    611.1101999999994,
    183.33305999999982,
    17124.77714,
    16697.0
  ],
  "zb": [
    16545.172599999998,
    584.1725999999994,
    175.25177999999983,
    16369.920819999998,
    15961.0
  ],
  "zy": [
    8655.61,
    305.60999999999973,
    91.68299999999992,
    8563.927000000001,
    8350.0
  ],
  "lbc": [
    36909.179599999996,
    1303.1795999999988,
    0.0,
    36909.179599999996,
    35606.0
  ],
  "lz": [
    29013.397399999998,
    1024.3973999999992,
    0.0,
    29013.397399999998,
    27989.0
  ],
  "house": [
    70689.9004,
    2495.9003999999977,
    0.0,
    70689.9004,
    68194.0
  ],
  "lhx": [
    5772.8254,
    203.8253999999998,
    61.14761999999994,
    5711.67778,
    5569.0
  ],
  "sey": [
    6986.684,
    246.68399999999977,
    74.00519999999993,
    6912.678800000001,
    6740.0
  ],
  "miao": [
    34025.3584,
    1201.358399999999,
    360.4075199999997,
    33664.95088,
    32824.0
  ],
  "hmk": [
    2187.226,
    77.22599999999993,
    23.16779999999998,
    2164.0582,
    2110.0
  ],
  "wzm": [
    18673.3124,
    -1276.6897000000024,
    0.0,
    18673.3124,
    18014.0
  ]
}