{
  "syj": [
    41144.3396,
    3990.339599999998,
    0.0,
    41144.3396,
    37154.0
  ],
  "cl": [
    18490.2578,
    1793.257799999999,
    537.9773399999997,
    17952.280459999998,
    16697.0
  ],
  "zb": [
    17675.2114,
    1714.211399999999,
    514.2634199999997,
    17160.94798,
    15961.0
  ],
  "zy": [
    9246.789999999999,
    896.7899999999995,
    269.03699999999986,
    8977.752999999999,
    8350.0
  ],
  "lbc": [
    39430.0844,
    3824.084399999998,
    0.0,
    39430.0844,
    35606.0
  ],
  "lz": [
    30995.0186,
    3006.0185999999985,
    0.0,
    30995.0186,
    27989.0
  ],
  "house": [
    75518.0356,
    7324.035599999996,
    0.0,
    75518.0356,
    68194.0
  ],
  "lhx": [
    6167.1106,
    598.1105999999996,
    179.43317999999988,
    5987.67742,
    5569.0
  ],
  "sey": [
    7463.875999999999,
    723.8759999999996,
    217.1627999999999,
    7246.713199999999,
    6740.0
  ],
  "miao": [
    36349.2976,
    3525.297599999998,
    1057.5892799999995,
    35291.70832,
    32824.0
  ],
  "hmk": [
    2336.614,
    226.61399999999986,
    67.98419999999996,
    2268.6298,
    2110.0
  ],
  "wzm": [
    19948.7036,
    -1.2985000000029605,
    0.0,
    19948.7036,
    18014.0
  ]
}