{
  "syj": [
    30602.758100000003,
    -15951.625200000002,
    0.0,
    30602.758100000003,
    49463.0
  ],
  "cl": [
    16774.8131,
    -9859.050900000002,
    0.0,
    16774.8131,
    27113.0
  ],
  "zb": [
    9875.0707,
    -6085.9293,
    0.0,
    9875.0707,
    15961.0
  ],
  "zy": [
    5166.145,
    -3183.8549999999996,
    0.0,
    5166.145,
    8350.0
  ],
  "lbc": [
    22029.4322,
    -13576.567799999999,
    0.0,
    22029.4322,
    35606.0
  ],
  "lz": [
    17316.7943,
    -10672.205699999999,
    0.0,
    17316.7943,
    27989.0
  ],
  "house": [
    42191.6278,
    -26002.372199999998,
    0.0,
    42191.6278,
    68194.0
  ],
  "lhx": [
    0.0,
    0.0,
    0.0,
    0.0,
    0.0
  ],
  "sey": [
    0.0,
    0.0,
    0.0,
    0.0,
    0.0
  ],
  "miao": [
    60.0139,
    -36.9861,
    0.0,
    60.0139,
    97.0
  ],
  "hmk": [
    1305.457,
    -804.5429999999999,
    0.0,
    1305.457,
    2110.0
  ],
  "wzm": [
    16036.0853,
    -13907.417800000003,
    0.0,
    16036.0853,
    25919.0
  ],
  "lly": [
    4898.2479,
    -5093.0061,
    0.0,
    4898.2479,
    7917.0
  ]
}