{
  "syj": [
    22060.498,
    -24493.8853,
    0.0,
    22060.498,
    49463.0
  ],
  "cl": [
    12092.398000000001,
    -14541.466,
    0.0,
    12092.398000000001,
    27113.0
  ],
  "zb": [
    7118.606,
    -8842.394,
    0.0,
    7118.606,
    15961.0
  ],
  "zy": [
    3724.1,
    -4625.900000000001,
    0.0,
    3724.1,
    8350.0
  ],
  "lbc": [
    15880.276,
    -19725.724000000002,
    0.0,
    15880.276,
    35606.0
  ],
  "lz": [
    12483.094000000001,
    -15505.906,
    0.0,
    12483.094000000001,
    27989.0
  ],
  "house": [
    30414.524,
    -37779.476,
    0.0,
    30414.524,
    68194.0
  ],
  "lhx": [
    0.0,
    0.0,
    0.0,
    0.0,
    0.0
  ],
  "sey": [
    0.0,
    0.0,
    0.0,
    0.0,
    0.0
  ],
  "miao": [
    43.262,
    -53.73800000000001,
    0.0,
    43.262,
    97.0
  ],
  "hmk": [
    941.0600000000001,
    -1168.94,
    0.0,
    941.0600000000001,
    2110.0
  ],
  "wzm": [
    11559.874,
    -18383.629100000006,
    0.0,
    11559.874,
    25919.0
  ],
  "lly": [
    3530.982,
    -6460.272000000001,
    0.0,
    3530.982,
    7917.0
  ]
}