{
  "syj": [
    24919.4594,
    -21634.9239,
    0.0,
    24919.4594,
    49463.0
  ],
  "cl": [
    13659.529400000001,
    -12974.334600000002,
    0.0,
    13659.529400000001,
    27113.0
  ],
  "zb": [
    8041.151800000001,
    -7919.848199999999,
    0.0,
    8041.151800000001,
    15961.0
  ],
  "zy": [
    4206.7300000000005,
    -4143.2699999999995,
    0.0,
    4206.7300000000005,
    8350.0
  ],
  "lbc": [
    17938.3028,
    -17667.6972,
    0.0,
    17938.3028,
    35606.0
  ],
  "lz": [
    14100.8582,
    -13888.1418,
    0.0,
    14100.8582,
    27989.0
  ],
  "house": [
    34356.137200000005,
    -33837.862799999995,
    0.0,
    34356.137200000005,
    68194.0
  ],
  "lhx": [
    0.0,
    0.0,
    0.0,
    0.0,
    0.0
  ],
  "sey": [
    0.0,
    0.0,
    0.0,
    0.0,
    0.0
  ],
  "miao": [
    48.8686,
    -48.1314,
    0.0,
    48.8686,
    97.0
  ],
  "hmk": [
    1063.018,
    -1046.982,
    0.0,
    1063.018,
    2110.0
  ],
  "wzm": [
    13057.9922,
    -16885.510900000005,
    0.0,
    13057.9922,
    25919.0
  ],
  "lly": [
    3988.5846,
    -6002.6694,
    0.0,
    3988.5846,
    7917.0
  ]
}