{
  "syj": [
    28752.841900000003,
    -17801.541400000002,
    0.0,
    28752.841900000003,
    49463.0
  ],
  "cl": [
    15760.786900000001,
    -10873.077100000002,
    0.0,
    15760.786900000001,
    27113.0
  ],
  "zb": [
    9278.1293,
    -6682.8706999999995,
    0.0,
    9278.1293,
    15961.0
  ],
  "zy": [
    4853.8550000000005,
    -3496.1449999999995,
    0.0,
    4853.8550000000005,
    8350.0
  ],
  "lbc": [
    20697.7678,
    -14908.232199999999,
    0.0,
    20697.7678,
    35606.0
  ],
  "lz": [
    16270.005700000002,
    -11718.994299999998,
    0.0,
    16270.005700000002,
    27989.0
  ],
  "house": [
    39641.1722,
    -28552.8278,
    0.0,
    39641.1722,
    68194.0
  ],
  "lhx": [
    0.0,
    0.0,
    0.0,
    0.0,
    0.0
  ],
  "sey": [
    0.0,
    0.0,
    0.0,
    0.0,
    0.0
  ],
  "miao": [
    56.386100000000006,
    -40.613899999999994,
    0.0,
    56.386100000000006,
    97.0
  ],
  "hmk": [
    1226.5430000000001,
    -883.4569999999999,
    0.0,
    1226.5430000000001,
    2110.0
  ],
  "wzm": [
    15066.7147,
    -14876.788400000003,
    0.0,
    15066.7147,
    25919.0
  ],
  "lly": [
    4602.1521,
    -5389.1019,
    0.0,
    4602.1521,
    7917.0
  ]
}