{
  "syj": [
    22139.6388,
    -24414.744500000004,
    0.0,
    22139.6388,
    49463.0
  ],
  "cl": [
    12135.7788,
    -14498.085200000003,
    0.0,
    12135.7788,
    27113.0
  ],
  "zb": [
    7144.1436,
    -8816.8564,
    0.0,
    7144.1436,
    15961.0
  ],
  "zy": [
    3737.46,
    -4612.54,
    0.0,
    3737.46,
    8350.0
  ],
  "lbc": [
    15937.2456,
    -19668.7544,
    0.0,
    15937.2456,
    35606.0
  ],
  "lz": [
    12527.8764,
    -15461.1236,
    0.0,
    12527.8764,
    27989.0
  ],
  "house": [
    30523.6344,
    -37670.3656,
    0.0,
    30523.6344,
    68194.0
  ],
  "lhx": [
    0.0,
    0.0,
    0.0,
    0.0,
    0.0
  ],
  "sey": [
    0.0,
    0.0,
    0.0,
    0.0,
    0.0
  ],
  "miao": [
    43.4172,
    -53.5828,
    0.0,
    43.4172,
    97.0
  ],
  "hmk": [
    944.436,
    -1165.564,
    0.0,
    944.436,
    2110.0
  ],
  "wzm": [
    11601.3444,
    -18342.158700000004,
    0.0,
    11601.3444,
    25919.0
  ],
  "lly": [
    3543.6492,
    -6447.6048,
    0.0,
    3543.6492,
    7917.0
  ]
}