{
  "syj": [
    39201.185399999995,
    2047.1853999999973,
    0.0,
    39201.185399999995,
    37154.0
  ],
  "cl": [
    17617.004699999998,
    920.0046999999988,
    276.0014099999996,
    17341.003289999997,
    16697.0
  ],
  "zb": [
    16840.4511,
    879.4510999999989,
    263.83532999999966,
    16576.61577,
    15961.0
  ],
  "zy": [
    8810.085,
    460.0849999999994,
    138.02549999999982,
    8672.0595,
    8350.0
  ],
  "lbc": [
    37567.8906,
    1961.8905999999974,
    0.0,
    37567.8906,
    35606.0
  ],
  "lz": [
    29531.1939,
    1542.193899999998,
    0.0,
    29531.1939,
    27989.0
  ],
  "house": [
    71951.48939999999,
    3757.489399999995,
    0.0,
    71951.48939999999,
    68194.0
  ],
  "lhx": [
    5875.8519,
    306.8518999999996,
    92.05556999999988,
    5783.79633,
    5569.0
  ],
  "sey": [
    7111.374,
    371.3739999999995,
    111.41219999999986,
    6999.9618,
    6740.0
  ],
  "miao": [
    34632.602399999996,
    1808.6023999999975,
    542.5807199999992,
    34090.02168,
    32824.0
  ],
  "hmk": [
    2226.261,
    116.26099999999984,
    34.87829999999995,
    2191.3827,
    2110.0
  ],
  "wzm": [
    10560.4959,
    577.5192999999997,
    173.2557899999999,
    10387.24011,
    10009.0
  ]
}