{
  "syj": [
    27951.5413,
    -18602.842,
    0.0,
    27951.5413,
    49463.0
  ],
  "cl": [
    15321.556300000002,
    -11312.307700000001,
    0.0,
    15321.556300000002,
    27113.0
  ],
  "zb": [
    9019.5611,
    -6941.438899999999,
    0.0,
    9019.5611,
    15961.0
  ],
  "zy": [
    4718.585,
    -3631.4149999999995,
    0.0,
    4718.585,
    8350.0
  ],
  "lbc": [
    20120.9506,
    -15485.049399999998,
    0.0,
    20120.9506,
    35606.0
  ],
  "lz": [
    15816.583900000001,
    -12172.416099999999,
    0.0,
    15816.583900000001,
    27989.0
  ],
  "house": [
    38536.4294,
    -29657.570599999995,
    0.0,
    38536.4294,
    68194.0
  ],
  "lhx": [
    0.0,
    0.0,
    0.0,
    0.0,
    0.0
  ],
  "sey": [
    0.0,
    0.0,
    0.0,
    0.0,
    0.0
  ],
  "miao": [
    54.8147,
    -42.1853,
    0.0,
    54.8147,
    97.0
  ],
  "hmk": [
    1192.361,
    -917.6389999999999,
    0.0,
    1192.361,
    2110.0
  ],
  "wzm": [
    14646.826900000002,
    -15296.676200000004,
    0.0,
    14646.826900000002,
    25919.0
  ],
  "lly": [
    4473.8967,
    -5517.3573,
    0.0,
    4473.8967,
    7917.0
  ]
}