{
  "syj": [
    39436.8499,
    -7117.533400000003,
    0.0,
    39436.8499,
    49463.0
  ],
  "cl": [
    21617.1949,
    -5016.669100000003,
    0.0,
    21617.1949,
    27113.0
  ],
  "zb": [
    12725.7053,
    -3235.2947,
    0.0,
    12725.7053,
    15961.0
  ],
  "zy": [
    6657.455,
    -1692.5449999999998,
    0.0,
    6657.455,
    8350.0
  ],
  "lbc": [
    28388.663800000002,
    -7217.3362,
    0.0,
    28388.663800000002,
    35606.0
  ],
  "lz": [
    22315.6297,
    -5673.3703,
    0.0,
    22315.6297,
    27989.0
  ],
  "house": [
    54371.0762,
    -13822.923799999999,
    0.0,
    54371.0762,
    68194.0
  ],
  "lhx": [
    0.0,
    0.0,
    0.0,
    0.0,
    0.0
  ],
  "sey": [
    0.0,
    0.0,
    0.0,
    0.0,
    0.0
  ],
  "miao": [
    77.3381,
    -19.6619,
    0.0,
    77.3381,
    97.0
  ],
  "hmk": [
    1682.303,
    -427.697,
    0.0,
    1682.303,
    2110.0
  ],
  "wzm": [
    20665.2187,
    -9278.284400000004,
    0.0,
    20665.2187,
    25919.0
  ],
  "lly": [
    6312.2241,
    -3679.0299,
    0.0,
    6312.2241,
    7917.0
  ]
}