{
  "syj": [
    28169.1785,
    -18385.204800000003,
    0.0,
    28169.1785,
    49463.0
  ],
  "cl": [
    15440.853500000001,
    -11193.010500000002,
    0.0,
    15440.853500000001,
    27113.0
  ],
  "zb": [
    9089.7895,
    -6871.2105,
    0.0,
    9089.7895,
    15961.0
  ],
  "zy": [
    4755.325,
    -3594.6749999999997,
    0.0,
    4755.325,
    8350.0
  ],
  "lbc": [
    20277.617000000002,
    -15328.383,
    0.0,
    20277.617000000002,
    35606.0
  ],
  "lz": [
    15939.7355,
    -12049.2645,
    0.0,
    15939.7355,
    27989.0
  ],
  "house": [
    38836.483,
    -29357.517,
    0.0,
    38836.483,
    68194.0
  ],
  "lhx": [
    0.0,
    0.0,
    0.0,
    0.0,
    0.0
  ],
  "sey": [
    0.0,
    0.0,
    0.0,
    0.0,
    0.0
  ],
  "miao": [
    55.2415,
    -41.7585,
    0.0,
    55.2415,
    97.0
  ],
  "hmk": [
    1201.645,
    -908.355,
    0.0,
    1201.645,
    2110.0
  ],
  "wzm": [
    14760.8705,
    -15182.632600000004,
    0.0,
    14760.8705,
    25919.0
  ],
  "lly": [
    4508.7315,
    -5482.5225,
    0.0,
    4508.7315,
    7917.0
  ]
}