{
  "syj": [
    35014.8577,
    -11539.525600000004,
    0.0,
    35014.8577,
    49463.0
  ],
  "cl": [
    19193.292699999998,
    -7440.571300000003,
    0.0,
    19193.292699999998,
    27113.0
  ],
  "zb": [
    11298.7919,
    -4662.208100000001,
    0.0,
    11298.7919,
    15961.0
  ],
  "zy": [
    5910.965,
    -2439.0350000000003,
    0.0,
    5910.965,
    8350.0
  ],
  "lbc": [
    25205.487399999998,
    -10400.512600000002,
    0.0,
    25205.487399999998,
    35606.0
  ],
  "lz": [
    19813.413099999998,
    -8175.586900000001,
    0.0,
    19813.413099999998,
    27989.0
  ],
  "house": [
    48274.5326,
    -19919.4674,
    0.0,
    48274.5326,
    68194.0
  ],
  "lhx": [
    0.0,
    0.0,
    0.0,
    0.0,
    0.0
  ],
  "sey": [
    0.0,
    0.0,
    0.0,
    0.0,
    0.0
  ],
  "miao": [
    68.66629999999999,
    -28.333700000000004,
    0.0,
    68.66629999999999,
    97.0
  ],
  "hmk": [
    1493.6689999999999,
    -616.331,
    0.0,
    1493.6689999999999,
    2110.0
  ],
  "wzm": [
    18348.0601,
    -11595.443000000005,
    0.0,
    18348.0601,
    25919.0
  ],
  "lly": [
    5604.4443,
    -4386.809700000001,
    0.0,
    5604.4443,
    7917.0
  ]
}