{
  "syj": [
    47813.482599999996,
    10659.482599999998,
    0.0,
    47813.482599999996,
    37154.0
  ],
  "cl": [
    21487.3693,
    4790.3692999999985,
    1437.1107899999995,
    20050.25851,
    16697.0
  ],
  "zb": [
    20540.2109,
    4579.210899999999,
    1373.7632699999997,
    19166.44763,
    15961.0
  ],
  "zy": [
    10745.615,
    2395.6149999999993,
    718.6844999999997,
    10026.9305,
    8350.0
  ],
  "lbc": [
    45821.361399999994,
    10215.361399999998,
    0.0,
    45821.361399999994,
    35606.0
  ],
  "lz": [
    36019.0441,
    8030.044099999998,
    0.0,
    36019.0441,
    27989.0
  ],
  "house": [
    87758.85859999999,
    19564.858599999996,
    0.0,
    87758.85859999999,
    68194.0
  ],
  "lhx": [
    7166.746099999999,
    1597.7460999999996,
    479.3238299999999,
    6687.422269999999,
    5569.0
  ],
  "sey": [
    8673.706,
    1933.7059999999994,
    580.1117999999998,
    8093.5942000000005,
    6740.0
  ],
  "miao": [
    42241.2056,
    9417.205599999998,
    2825.1616799999993,
    39416.043920000004,
    32824.0
  ],
  "hmk": [
    2715.359,
    605.3589999999998,
    181.60769999999994,
    2533.7513,
    2110.0
  ],
  "wzm": [
    33355.1611,
    3411.657999999994,
    1023.4973999999982,
    32331.6637,
    25919.0
  ],
  "lly": [
    10188.3873,
    197.1332999999994,
    59.13998999999981,
    10129.24731,
    7917.0
  ]
}