{
  "syj": [
    38298.343199999996,
    1144.3431999999978,
    0.0,
    38298.343199999996,
    37154.0
  ],
  "cl": [
    17211.2676,
    514.267599999999,
    154.2802799999997,
    17056.98732,
    16697.0
  ],
  "zb": [
    16452.5988,
    491.598799999999,
    147.4796399999997,
    16305.11916,
    15961.0
  ],
  "zy": [
    8607.18,
    257.1799999999995,
    77.15399999999984,
    8530.026,
    8350.0
  ],
  "lbc": [
    36702.6648,
    1096.6647999999977,
    0.0,
    36702.6648,
    35606.0
  ],
  "lz": [
    28851.061199999996,
    862.0611999999983,
    0.0,
    28851.061199999996,
    27989.0
  ],
  "house": [
    70294.3752,
    2100.375199999996,
    0.0,
    70294.3752,
    68194.0
  ],
  "lhx": [
    5740.5252,
    171.52519999999967,
    51.4575599999999,
    5689.06764,
    5569.0
  ],
  "sey": [
    6947.592,
    207.5919999999996,
    62.27759999999987,
    6885.3144,
    6740.0
  ],
  "miao": [
    33834.9792,
    1010.979199999998,
    303.2937599999994,
    33531.68544,
    32824.0
  ],
  "hmk": [
    2174.988,
    64.98799999999987,
    19.496399999999962,
    2155.4916,
    2110.0
  ],
  "wzm": [
    18568.8312,
    -1381.170900000003,
    0.0,
    18568.8312,
    18014.0
  ]
}