{
  "syj": [
    33713.5396,
    -3440.4604000000004,
    0.0,
    33713.5396,
    37154.0
  ],
  "cl": [
    24602.336199999998,
    -2031.527800000003,
    0.0,
    24602.336199999998,
    27113.0
  ],
  "zb": [
    14483.0114,
    -1477.9886000000004,
    0.0,
    14483.0114,
    15961.0
  ],
  "zy": [
    7576.79,
    -773.2100000000002,
    0.0,
    7576.79,
    8350.0
  ],
  "lbc": [
    32308.8844,
    -3297.1156000000005,
    0.0,
    32308.8844,
    35606.0
  ],
  "lz": [
    25397.2186,
    -2591.7814000000003,
    0.0,
    25397.2186,
    27989.0
  ],
  "house": [
    61879.2356,
    -6314.764400000001,
    0.0,
    61879.2356,
    68194.0
  ],
  "lhx": [
    5053.3106,
    -515.6894000000001,
    0.0,
    5053.3106,
    5569.0
  ],
  "sey": [
    6115.876,
    -624.1240000000001,
    0.0,
    6115.876,
    6740.0
  ],
  "miao": [
    29784.4976,
    -3039.5024000000003,
    0.0,
    29784.4976,
    32824.0
  ],
  "hmk": [
    1914.614,
    -195.38600000000002,
    0.0,
    1914.614,
    2110.0
  ],
  "wzm": [
    23518.9006,
    -6424.6025000000045,
    0.0,
    23518.9006,
    25919.0
  ],
  "lly": [
    7183.8858,
    -2807.3682000000003,
    0.0,
    7183.8858,
    7917.0
  ]
}