{
  "syj": [
    35222.6023,
    -11331.781000000004,
    0.0,
    35222.6023,
    49463.0
  ],
  "cl": [
    19307.167299999997,
    -7326.696700000004,
    0.0,
    19307.167299999997,
    27113.0
  ],
  "zb": [
    11365.828099999999,
    -4595.1719,
    0.0,
    11365.828099999999,
    15961.0
  ],
  "zy": [
    5946.035,
    -2403.9650000000006,
    0.0,
    5946.035,
    8350.0
  ],
  "lbc": [
    25355.0326,
    -10250.967400000001,
    0.0,
    25355.0326,
    35606.0
  ],
  "lz": [
    19930.9669,
    -8058.0331000000015,
    0.0,
    19930.9669,
    27989.0
  ],
  "house": [
    48560.9474,
    -19633.052600000003,
    0.0,
    48560.9474,
    68194.0
  ],
  "lhx": [
    0.0,
    0.0,
    0.0,
    0.0,
    0.0
  ],
  "sey": [
    0.0,
    0.0,
    0.0,
    0.0,
    0.0
  ],
  "miao": [
    69.0737,
    -27.926300000000005,
    0.0,
    69.0737,
    97.0
  ],
  "hmk": [
    1502.531,
    -607.469,
    0.0,
    1502.531,
    2110.0
  ],
  "wzm": [
    18456.919899999997,
    -11486.583200000006,
    0.0,
    18456.919899999997,
    25919.0
  ],
  "lly": [
    5637.695699999999,
    -4353.558300000001,
    0.0,
    5637.695699999999,
    7917.0
  ]
}