{
  "syj": [
    42050.8972,
    4896.897199999997,
    0.0,
    42050.8972,
    37154.0
  ],
  "cl": [
    18897.6646,
    2200.6645999999987,
    660.1993799999996,
    18237.465220000002,
    16697.0
  ],
  "zb": [
    18064.659799999998,
    2103.6597999999985,
    631.0979399999995,
    17433.561859999998,
    15961.0
  ],
  "zy": [
    9450.529999999999,
    1100.5299999999993,
    330.15899999999976,
    9120.371,
    8350.0
  ],
  "lbc": [
    40298.8708,
    4692.870799999997,
    0.0,
    40298.8708,
    35606.0
  ],
  "lz": [
    31677.9502,
    3688.9501999999975,
    0.0,
    31677.9502,
    27989.0
  ],
  "house": [
    77181.96919999999,
    8987.969199999994,
    0.0,
    77181.96919999999,
    68194.0
  ],
  "lhx": [
    6302.994199999999,
    733.9941999999995,
    220.19825999999986,
    6082.795939999999,
    5569.0
  ],
  "sey": [
    7628.331999999999,
    888.3319999999994,
    266.4995999999998,
    7361.832399999999,
    6740.0
  ],
  "miao": [
    37150.203199999996,
    4326.203199999997,
    1297.860959999999,
    35852.34224,
    32824.0
  ],
  "hmk": [
    2388.098,
    278.09799999999984,
    83.42939999999994,
    2304.6686,
    2110.0
  ],
  "wzm": [
    29335.1242,
    -608.3789000000066,
    0.0,
    29335.1242,
    25919.0
  ],
  "lly": [
    8960.460599999999,
    -1030.7934000000007,
    0.0,
    8960.460599999999,
    7917.0
  ]
}