{
  "syj": [
    23608.6899,
    -22945.693400000004,
    0.0,
    23608.6899,
    49463.0
  ],
  "cl": [
    12941.0349,
    -13692.829100000004,
    0.0,
    12941.0349,
    27113.0
  ],
  "zb": [
    7618.1853,
    -8342.814699999999,
    0.0,
    7618.1853,
    15961.0
  ],
  "zy": [
    3985.455,
    -4364.544999999999,
    0.0,
    3985.455,
    8350.0
  ],
  "lbc": [
    16994.7438,
    -18611.256199999996,
    0.0,
    16994.7438,
    35606.0
  ],
  "lz": [
    13359.1497,
    -14629.850299999998,
    0.0,
    13359.1497,
    27989.0
  ],
  "house": [
    32548.9962,
    -35645.0038,
    0.0,
    32548.9962,
    68194.0
  ],
  "lhx": [
    0.0,
    0.0,
    0.0,
    0.0,
    0.0
  ],
  "sey": [
    0.0,
    0.0,
    0.0,
    0.0,
    0.0
  ],
  "miao": [
    46.2981,
    -50.701899999999995,
    0.0,
    46.2981,
    97.0
  ],
  "hmk": [
    1007.103,
    -1102.897,
    0.0,
    1007.103,
    2110.0
  ],
  "wzm": [
    12371.1387,
    -17572.364400000002,
    0.0,
    12371.1387,
    25919.0
  ],
  "lly": [
    3778.7841,
    -6212.4699,
    0.0,
    3778.7841,
    7917.0
  ]
}