{
  "syj": [
    39431.540199999996,
    2277.5401999999967,
    0.0,
    39431.540199999996,
    37154.0
  ],
  "cl": [
    17720.5261,
    1023.5260999999985,
    307.0578299999995,
    17413.46827,
    16697.0
  ],
  "zb": [
    16939.4093,
    978.4092999999986,
    293.52278999999953,
    16645.88651,
    15961.0
  ],
  "zy": [
    8861.855,
    511.8549999999992,
    153.55649999999977,
    8708.298499999999,
    8350.0
  ],
  "lbc": [
    37788.6478,
    2182.647799999997,
    0.0,
    37788.6478,
    35606.0
  ],
  "lz": [
    29704.7257,
    1715.7256999999975,
    0.0,
    29704.7257,
    27989.0
  ],
  "house": [
    72374.2922,
    4180.2921999999935,
    0.0,
    72374.2922,
    68194.0
  ],
  "lhx": [
    5910.3796999999995,
    341.3796999999995,
    102.41390999999985,
    5807.965789999999,
    5569.0
  ],
  "sey": [
    7153.161999999999,
    413.1619999999994,
    123.94859999999981,
    7029.2134,
    6740.0
  ],
  "miao": [
    34836.1112,
    2012.111199999997,
    603.6333599999991,
    34232.47784,
    32824.0
  ],
  "hmk": [
    2239.343,
    129.34299999999982,
    38.802899999999944,
    2200.5400999999997,
    2110.0
  ],
  "wzm": [
    27507.8347,
    -2435.668400000007,
    0.0,
    27507.8347,
    25919.0
  ],
  "lly": [
    8402.3121,
    -1588.9419000000007,
    0.0,
    8402.3121,
    7917.0
  ]
}