{
  "syj": [
    42032.3202,
    4878.320199999999,
    0.0,
    42032.3202,
    37154.0
  ],
  "cl": [
    18889.3161,
    2192.3160999999996,
    657.6948299999998,
    18231.62127,
    16697.0
  ],
  "zb": [
    18056.6793,
    2095.6793,
    628.7037899999999,
    17427.97551,
    15961.0
  ],
  "zy": [
    9446.355,
    1096.3549999999998,
    328.90649999999994,
    9117.4485,
    8350.0
  ],
  "lbc": [
    40281.0678,
    4675.067799999999,
    0.0,
    40281.0678,
    35606.0
  ],
  "lz": [
    31663.9557,
    3674.955699999999,
    0.0,
    31663.9557,
    27989.0
  ],
  "house": [
    77147.8722,
    8953.872199999998,
    0.0,
    77147.8722,
    68194.0
  ],
  "lhx": [
    6300.209699999999,
    731.2096999999999,
    219.36290999999997,
    6080.84679,
    5569.0
  ],
  "sey": [
    7624.9619999999995,
    884.9619999999998,
    265.4885999999999,
    7359.4734,
    6740.0
  ],
  "miao": [
    37133.7912,
    4309.791199999999,
    1292.9373599999997,
    35840.85384,
    32824.0
  ],
  "hmk": [
    2387.043,
    277.04299999999995,
    83.11289999999998,
    2303.9301,
    2110.0
  ],
  "wzm": [
    29322.164699999998,
    -621.3384000000052,
    0.0,
    29322.164699999998,
    25919.0
  ],
  "lly": [
    8956.5021,
    -1034.7519000000002,
    0.0,
    8956.5021,
    7917.0
  ]
}