{
  "syj": [
    46218.2272,
    -336.1561000000027,
    0.0,
    46218.2272,
    49463.0
  ],
  "cl": [
    25334.3872,
    -1299.4768000000024,
    0.0,
    25334.3872,
    27113.0
  ],
  "zb": [
    14913.9584,
    -1047.0415999999998,
    0.0,
    14913.9584,
    15961.0
  ],
  "zy": [
    7802.24,
    -547.7599999999999,
    0.0,
    7802.24,
    8350.0
  ],
  "lbc": [
    33270.2464,
    -2335.7535999999996,
    0.0,
    33270.2464,
    35606.0
  ],
  "lz": [
    26152.9216,
    -1836.0783999999999,
    0.0,
    26152.9216,
    27989.0
  ],
  "house": [
    63720.4736,
    -4473.5264,
    0.0,
    63720.4736,
    68194.0
  ],
  "lhx": [
    0.0,
    0.0,
    0.0,
    0.0,
    0.0
  ],
  "sey": [
    0.0,
    0.0,
    0.0,
    0.0,
    0.0
  ],
  "miao": [
    90.6368,
    -6.363199999999999,
    0.0,
    90.6368,
    97.0
  ],
  "hmk": [
    1971.584,
    -138.41599999999997,
    0.0,
    1971.584,
    2110.0
  ],
  "wzm": [
    24218.7136,
    -5724.789500000004,
    0.0,
    24218.7136,
    25919.0
  ],
  "lly": [
    7397.6448,
    -2593.6092,
    0.0,
    7397.6448,
    7917.0
  ]
}