{
  "syj": [
    26151.088099999997,
    -20403.295200000004,
    0.0,
    26151.088099999997,
    49463.0
  ],
  "cl": [
    14334.6431,
    -12299.220900000004,
    0.0,
    14334.6431,
    27113.0
  ],
  "zb": [
    8438.580699999999,
    -7522.4193000000005,
    0.0,
    8438.580699999999,
    15961.0
  ],
  "zy": [
    4414.6449999999995,
    -3935.3550000000005,
    0.0,
    4414.6449999999995,
    8350.0
  ],
  "lbc": [
    18824.8922,
    -16781.1078,
    0.0,
    18824.8922,
    35606.0
  ],
  "lz": [
    14797.7843,
    -13191.2157,
    0.0,
    14797.7843,
    27989.0
  ],
  "house": [
    36054.167799999996,
    -32139.832200000004,
    0.0,
    36054.167799999996,
    68194.0
  ],
  "lhx": [
    0.0,
    0.0,
    0.0,
    0.0,
    0.0
  ],
  "sey": [
    0.0,
    0.0,
    0.0,
    0.0,
    0.0
  ],
  "miao": [
    51.283899999999996,
    -45.716100000000004,
    0.0,
    51.283899999999996,
    97.0
  ],
  "hmk": [
    1115.5569999999998,
    -994.4430000000001,
    0.0,
    1115.5569999999998,
    2110.0
  ],
  "wzm": [
    13703.375299999998,
    -16240.127800000006,
    0.0,
    13703.375299999998,
    25919.0
  ],
  "lly": [
    4185.7179,
    -5805.5361,
    0.0,
    4185.7179,
    7917.0
  ]
}