{
  "syj": [
    38866.7994,
    1712.799400000001,
    0.0,
    38866.7994,
    37154.0
  ],
  "cl": [
    17466.7317,
    769.7317000000005,
    230.91951000000014,
    17235.81219,
    16697.0
  ],
  "zb": [
    16696.8021,
    735.8021000000005,
    220.74063000000012,
    16476.06147,
    15961.0
  ],
  "zy": [
    8734.935,
    384.93500000000023,
    115.48050000000006,
    8619.4545,
    8350.0
  ],
  "lbc": [
    37247.4366,
    1641.4366000000011,
    0.0,
    37247.4366,
    35606.0
  ],
  "lz": [
    29279.2929,
    1290.2929000000008,
    0.0,
    29279.2929,
    27989.0
  ],
  "house": [
    71337.7434,
    3143.743400000002,
    0.0,
    71337.7434,
    68194.0
  ],
  "lhx": [
    5825.7309000000005,
    256.7309000000002,
    77.01927000000005,
    5748.711630000001,
    5569.0
  ],
  "sey": [
    7050.714,
    310.7140000000002,
    93.21420000000006,
    6957.4998,
    6740.0
  ],
  "miao": [
    34337.1864,
    1513.186400000001,
    453.9559200000003,
    33883.23048,
    32824.0
  ],
  "hmk": [
    2207.271,
    97.27100000000006,
    29.181300000000014,
    2178.0897,
    2110.0
  ],
  "wzm": [
    10470.4149,
    487.43830000000077,
    146.23149000000024,
    10324.18341,
    10009.0
  ]
}