{
  "syj": [
    23677.9381,
    -22876.445200000002,
    0.0,
    23677.9381,
    49463.0
  ],
  "cl": [
    12978.9931,
    -13654.870900000002,
    0.0,
    12978.9931,
    27113.0
  ],
  "zb": [
    7640.5307,
    -8320.4693,
    0.0,
    7640.5307,
    15961.0
  ],
  "zy": [
    3997.145,
    -4352.855,
    0.0,
    3997.145,
    8350.0
  ],
  "lbc": [
    17044.5922,
    -18561.4078,
    0.0,
    17044.5922,
    35606.0
  ],
  "lz": [
    13398.3343,
    -14590.6657,
    0.0,
    13398.3343,
    27989.0
  ],
  "house": [
    32644.467800000002,
    -35549.5322,
    0.0,
    32644.467800000002,
    68194.0
  ],
  "lhx": [
    0.0,
    0.0,
    0.0,
    0.0,
    0.0
  ],
  "sey": [
    0.0,
    0.0,
    0.0,
    0.0,
    0.0
  ],
  "miao": [
    46.4339,
    -50.5661,
    0.0,
    46.4339,
    97.0
  ],
  "hmk": [
    1010.057,
    -1099.943,
    0.0,
    1010.057,
    2110.0
  ],
  "wzm": [
    12407.4253,
    -17536.077800000003,
    0.0,
    12407.4253,
    25919.0
  ],
  "lly": [
    3789.8679,
    -6201.3861,
    0.0,
    3789.8679,
    7917.0
  ]
}