{
  "syj": [
    42033.6574,
    -4520.725900000003,
    0.0,
    42033.6574,
    49463.0
  ],
  "cl": [
    23040.6274,
    -3593.2366000000025,
    0.0,
    23040.6274,
    27113.0
  ],
  "zb": [
    13563.6578,
    -2397.3422,
    0.0,
    13563.6578,
    15961.0
  ],
  "zy": [
    7095.83,
    -1254.17,
    0.0,
    7095.83,
    8350.0
  ],
  "lbc": [
    30257.9788,
    -5348.0212,
    0.0,
    30257.9788,
    35606.0
  ],
  "lz": [
    23785.0522,
    -4203.9478,
    0.0,
    23785.0522,
    27989.0
  ],
  "house": [
    57951.2612,
    -10242.7388,
    0.0,
    57951.2612,
    68194.0
  ],
  "lhx": [
    0.0,
    0.0,
    0.0,
    0.0,
    0.0
  ],
  "sey": [
    0.0,
    0.0,
    0.0,
    0.0,
    0.0
  ],
  "miao": [
    82.4306,
    -14.5694,
    0.0,
    82.4306,
    97.0
  ],
  "hmk": [
    1793.078,
    -316.922,
    0.0,
    1793.078,
    2110.0
  ],
  "wzm": [
    22025.9662,
    -7917.536900000005,
    0.0,
    22025.9662,
    25919.0
  ],
  "lly": [
    6727.8666,
    -3263.3874,
    0.0,
    6727.8666,
    7917.0
  ]
}