{
  "syj": [
    45060.3712,
    7906.371200000004,
    0.0,
    45060.3712,
    37154.0
  ],
  "cl": [
    20250.121600000002,
    3553.1216000000018,
    1065.9364800000005,
    19184.185120000002,
    16697.0
  ],
  "zb": [
    19357.5008,
    3396.5008000000016,
    1018.9502400000005,
    18338.55056,
    15961.0
  ],
  "zy": [
    10126.880000000001,
    1776.8800000000008,
    533.0640000000002,
    9593.816,
    8350.0
  ],
  "lbc": [
    43182.9568,
    7576.956800000004,
    0.0,
    43182.9568,
    35606.0
  ],
  "lz": [
    33945.0592,
    5956.059200000002,
    0.0,
    33945.0592,
    27989.0
  ],
  "house": [
    82705.68320000001,
    14511.683200000007,
    0.0,
    82705.68320000001,
    68194.0
  ],
  "lhx": [
    6754.083200000001,
    1185.0832000000005,
    355.52496000000014,
    6398.558240000001,
    5569.0
  ],
  "sey": [
    8174.272000000001,
    1434.2720000000006,
    430.2816000000002,
    7743.990400000001,
    6740.0
  ],
  "miao": [
    39808.9472,
    6984.947200000003,
    2095.484160000001,
    37713.46304,
    32824.0
  ],
  "hmk": [
    2559.0080000000003,
    449.0080000000002,
    134.70240000000007,
    2424.3056,
    2110.0
  ],
  "wzm": [
    31434.563200000004,
    1491.060099999998,
    447.3180299999994,
    30987.245170000006,
    25919.0
  ],
  "lly": [
    9601.7376,
    -389.5163999999993,
    0.0,
    9601.7376,
    7917.0
  ]
}