{
  "syj": [
    45900.0516,
    8746.051600000003,
    0.0,
    45900.0516,
    37154.0
  ],
  "cl": [
    20627.4738,
    3930.473800000001,
    1179.1421400000004,
    19448.33166,
    16697.0
  ],
  "zb": [
    19718.2194,
    3757.219400000001,
    1127.1658200000002,
    18591.05358,
    15961.0
  ],
  "zy": [
    10315.59,
    1965.5900000000004,
    589.6770000000001,
    9725.913,
    8350.0
  ],
  "lbc": [
    43987.6524,
    8381.652400000003,
    0.0,
    43987.6524,
    35606.0
  ],
  "lz": [
    34577.6106,
    6588.610600000002,
    0.0,
    34577.6106,
    27989.0
  ],
  "house": [
    84246.8676,
    16052.867600000003,
    0.0,
    84246.8676,
    68194.0
  ],
  "lhx": [
    6879.9426,
    1310.9426000000003,
    393.28278000000006,
    6486.65982,
    5569.0
  ],
  "sey": [
    8326.596,
    1586.5960000000005,
    475.9788000000001,
    7850.6172,
    6740.0
  ],
  "miao": [
    40550.7696,
    7726.769600000001,
    2318.0308800000003,
    38232.73872,
    32824.0
  ],
  "hmk": [
    2606.694,
    496.69400000000013,
    149.00820000000004,
    2457.6857999999997,
    2110.0
  ],
  "wzm": [
    32020.3326,
    2076.829499999997,
    623.0488499999991,
    31397.283750000002,
    25919.0
  ],
  "lly": [
    9780.6618,
    -210.59219999999965,
    0.0,
    9780.6618,
    7917.0
  ]
}