{
  "syj": [
    41791.2887,
    -4763.094600000004,
    0.0,
    41791.2887,
    49463.0
  ],
  "cl": [
    22907.773699999998,
    -3726.090300000003,
    0.0,
    22907.773699999998,
    27113.0
  ],
  "zb": [
    13485.4489,
    -2475.5511,
    0.0,
    13485.4489,
    15961.0
  ],
  "zy": [
    7054.915,
    -1295.085,
    0.0,
    7054.915,
    8350.0
  ],
  "lbc": [
    30083.5094,
    -5522.490600000001,
    0.0,
    30083.5094,
    35606.0
  ],
  "lz": [
    23647.9061,
    -4341.093900000001,
    0.0,
    23647.9061,
    27989.0
  ],
  "house": [
    57617.1106,
    -10576.889400000002,
    0.0,
    57617.1106,
    68194.0
  ],
  "lhx": [
    0.0,
    0.0,
    0.0,
    0.0,
    0.0
  ],
  "sey": [
    0.0,
    0.0,
    0.0,
    0.0,
    0.0
  ],
  "miao": [
    81.9553,
    -15.044700000000002,
    0.0,
    81.9553,
    97.0
  ],
  "hmk": [
    1782.739,
    -327.261,
    0.0,
    1782.739,
    2110.0
  ],
  "wzm": [
    21898.9631,
    -8044.5400000000045,
    0.0,
    21898.9631,
    25919.0
  ],
  "lly": [
    6689.0733,
    -3302.1807000000003,
    0.0,
    6689.0733,
    7917.0
  ]
}