{
  "syj": [
    29539.3036,
    -17015.079700000006,
    0.0,
    29539.3036,
    49463.0
  ],
  "cl": [
    16191.8836,
    -10441.980400000004,
    0.0,
    16191.8836,
    27113.0
  ],
  "zb": [
    9531.9092,
    -6429.090800000001,
    0.0,
    9531.9092,
    15961.0
  ],
  "zy": [
    4986.62,
    -3363.3800000000006,
    0.0,
    4986.62,
    8350.0
  ],
  "lbc": [
    21263.903199999997,
    -14342.096800000001,
    0.0,
    21263.903199999997,
    35606.0
  ],
  "lz": [
    16715.0308,
    -11273.969200000001,
    0.0,
    16715.0308,
    27989.0
  ],
  "house": [
    40725.4568,
    -27468.543200000004,
    0.0,
    40725.4568,
    68194.0
  ],
  "lhx": [
    0.0,
    0.0,
    0.0,
    0.0,
    0.0
  ],
  "sey": [
    0.0,
    0.0,
    0.0,
    0.0,
    0.0
  ],
  "miao": [
    57.928399999999996,
    -39.071600000000004,
    0.0,
    57.928399999999996,
    97.0
  ],
  "hmk": [
    1260.0919999999999,
    -849.9080000000001,
    0.0,
    1260.0919999999999,
    2110.0
  ],
  "wzm": [
    15478.826799999999,
    -14464.676300000006,
    0.0,
    15478.826799999999,
    25919.0
  ],
  "lly": [
    4728.0324,
    -5263.221600000001,
    0.0,
    4728.0324,
    7917.0
  ]
}