{
  "syj": [
    42731.0857,
    -3823.297600000003,
    0.0,
    42731.0857,
    49463.0
  ],
  "cl": [
    23422.9207,
    -3210.9433000000026,
    0.0,
    23422.9207,
    27113.0
  ],
  "zb": [
    13788.7079,
    -2172.2921,
    0.0,
    13788.7079,
    15961.0
  ],
  "zy": [
    7213.565,
    -1136.435,
    0.0,
    7213.565,
    8350.0
  ],
  "lbc": [
    30760.023400000002,
    -4845.9766,
    0.0,
    30760.023400000002,
    35606.0
  ],
  "lz": [
    24179.6971,
    -3809.3029,
    0.0,
    24179.6971,
    27989.0
  ],
  "house": [
    58912.7966,
    -9281.2034,
    0.0,
    58912.7966,
    68194.0
  ],
  "lhx": [
    0.0,
    0.0,
    0.0,
    0.0,
    0.0
  ],
  "sey": [
    0.0,
    0.0,
    0.0,
    0.0,
    0.0
  ],
  "miao": [
    83.7983,
    -13.2017,
    0.0,
    83.7983,
    97.0
  ],
  "hmk": [
    1822.829,
    -287.171,
    0.0,
    1822.829,
    2110.0
  ],
  "wzm": [
    22391.4241,
    -7552.079000000004,
    0.0,
    22391.4241,
    25919.0
  ],
  "lly": [
    6839.4963,
    -3151.7577,
    0.0,
    6839.4963,
    7917.0
  ]
}