{
  "syj": [
    33605.793,
    -3548.2070000000012,
    0.0,
    33605.793,
    37154.0
  ],
  "cl": [
    24523.7085,
    -2110.1555000000035,
    0.0,
    24523.7085,
    27113.0
  ],
  "zb": [
    14436.7245,
    -1524.2755000000004,
    0.0,
    14436.7245,
    15961.0
  ],
  "zy": [
    7552.575,
    -797.4250000000003,
    0.0,
    7552.575,
    8350.0
  ],
  "lbc": [
    32205.627,
    -3400.373000000001,
    0.0,
    32205.627,
    35606.0
  ],
  "lz": [
    25316.050499999998,
    -2672.9495000000006,
    0.0,
    25316.050499999998,
    27989.0
  ],
  "house": [
    61681.473,
    -6512.527000000002,
    0.0,
    61681.473,
    68194.0
  ],
  "lhx": [
    5037.1605,
    -531.8395000000002,
    0.0,
    5037.1605,
    5569.0
  ],
  "sey": [
    6096.33,
    -643.6700000000002,
    0.0,
    6096.33,
    6740.0
  ],
  "miao": [
    29689.307999999997,
    -3134.692000000001,
    0.0,
    29689.307999999997,
    32824.0
  ],
  "hmk": [
    1908.495,
    -201.50500000000005,
    0.0,
    1908.495,
    2110.0
  ],
  "wzm": [
    23443.7355,
    -6499.767600000006,
    0.0,
    23443.7355,
    25919.0
  ],
  "lly": [
    7160.9265,
    -2830.3275000000003,
    0.0,
    7160.9265,
    7917.0
  ]
}