{
  "syj": [
    29618.4444,
    -16935.938900000005,
    0.0,
    29618.4444,
    49463.0
  ],
  "cl": [
    16235.2644,
    -10398.599600000003,
    0.0,
    16235.2644,
    27113.0
  ],
  "zb": [
    9557.4468,
    -6403.5532,
    0.0,
    9557.4468,
    15961.0
  ],
  "zy": [
    4999.98,
    -3350.02,
    0.0,
    4999.98,
    8350.0
  ],
  "lbc": [
    21320.8728,
    -14285.1272,
    0.0,
    21320.8728,
    35606.0
  ],
  "lz": [
    16759.8132,
    -11229.1868,
    0.0,
    16759.8132,
    27989.0
  ],
  "house": [
    40834.5672,
    -27359.4328,
    0.0,
    40834.5672,
    68194.0
  ],
  "lhx": [
    0.0,
    0.0,
    0.0,
    0.0,
    0.0
  ],
  "sey": [
    0.0,
    0.0,
    0.0,
    0.0,
    0.0
  ],
  "miao": [
    58.0836,
    -38.9164,
    0.0,
    58.0836,
    97.0
  ],
  "hmk": [
    1263.468,
    -846.532,
    0.0,
    1263.468,
    2110.0
  ],
  "wzm": [
    15520.297199999999,
    -14423.205900000004,
    0.0,
    15520.297199999999,
    25919.0
  ],
  "lly": [
    4740.6996,
    -5250.5544,
    0.0,
    4740.6996,
    7917.0
  ]
}