{
  "syj": [
    25404.196799999998,
    -21150.186500000007,
    0.0,
    25404.196799999998,
    49463.0
  ],
  "cl": [
    13925.236799999999,
    -12708.627200000004,
    0.0,
    13925.236799999999,
    27113.0
  ],
  "zb": [
    8197.569599999999,
    -7763.430400000001,
    0.0,
    8197.569599999999,
    15961.0
  ],
  "zy": [
    4288.5599999999995,
    -4061.4400000000005,
    0.0,
    4288.5599999999995,
    8350.0
  ],
  "lbc": [
    18287.241599999998,
    -17318.758400000002,
    0.0,
    18287.241599999998,
    35606.0
  ],
  "lz": [
    14375.150399999999,
    -13613.849600000001,
    0.0,
    14375.150399999999,
    27989.0
  ],
  "house": [
    35024.4384,
    -33169.5616,
    0.0,
    35024.4384,
    68194.0
  ],
  "lhx": [
    0.0,
    0.0,
    0.0,
    0.0,
    0.0
  ],
  "sey": [
    0.0,
    0.0,
    0.0,
    0.0,
    0.0
  ],
  "miao": [
    49.819199999999995,
    -47.180800000000005,
    0.0,
    49.819199999999995,
    97.0
  ],
  "hmk": [
    1083.696,
    -1026.304,
    0.0,
    1083.696,
    2110.0
  ],
  "wzm": [
    13311.998399999999,
    -16631.504700000005,
    0.0,
    13311.998399999999,
    25919.0
  ],
  "lly": [
    4066.1711999999998,
    -5925.0828,
    0.0,
    4066.1711999999998,
    7917.0
  ]
}