{
  "syj": [
    34703.2408,
    -11851.142500000004,
    0.0,
    34703.2408,
    49463.0
  ],
  "cl": [
    19022.4808,
    -7611.383200000003,
    0.0,
    19022.4808,
    27113.0
  ],
  "zb": [
    11198.2376,
    -4762.7624,
    0.0,
    11198.2376,
    15961.0
  ],
  "zy": [
    5858.36,
    -2491.64,
    0.0,
    5858.36,
    8350.0
  ],
  "lbc": [
    24981.1696,
    -10624.8304,
    0.0,
    24981.1696,
    35606.0
  ],
  "lz": [
    19637.0824,
    -8351.9176,
    0.0,
    19637.0824,
    27989.0
  ],
  "house": [
    47844.9104,
    -20349.0896,
    0.0,
    47844.9104,
    68194.0
  ],
  "lhx": [
    0.0,
    0.0,
    0.0,
    0.0,
    0.0
  ],
  "sey": [
    0.0,
    0.0,
    0.0,
    0.0,
    0.0
  ],
  "miao": [
    68.0552,
    -28.9448,
    0.0,
    68.0552,
    97.0
  ],
  "hmk": [
    1480.376,
    -629.624,
    0.0,
    1480.376,
    2110.0
  ],
  "wzm": [
    18184.7704,
    -11758.732700000004,
    0.0,
    18184.7704,
    25919.0
  ],
  "lly": [
    5554.5672,
    -4436.6868,
    0.0,
    5554.5672,
    7917.0
  ]
}