{
  "syj": [
    28391.762,
    -18162.621300000006,
    0.0,
    28391.762,
    49463.0
  ],
  "cl": [
    15562.862,
    -11071.002000000004,
    0.0,
    15562.862,
    27113.0
  ],
  "zb": [
    9161.614,
    -6799.386,
    0.0,
    9161.614,
    15961.0
  ],
  "zy": [
    4792.9,
    -3557.1000000000004,
    0.0,
    4792.9,
    8350.0
  ],
  "lbc": [
    20437.843999999997,
    -15168.156,
    0.0,
    20437.843999999997,
    35606.0
  ],
  "lz": [
    16065.685999999998,
    -11923.314000000002,
    0.0,
    16065.685999999998,
    27989.0
  ],
  "house": [
    39143.356,
    -29050.644000000004,
    0.0,
    39143.356,
    68194.0
  ],
  "lhx": [
    0.0,
    0.0,
    0.0,
    0.0,
    0.0
  ],
  "sey": [
    0.0,
    0.0,
    0.0,
    0.0,
    0.0
  ],
  "miao": [
    55.678,
    -41.322,
    0.0,
    55.678,
    97.0
  ],
  "hmk": [
    1211.1399999999999,
    -898.8600000000001,
    0.0,
    1211.1399999999999,
    2110.0
  ],
  "wzm": [
    14877.506,
    -15065.997100000006,
    0.0,
    14877.506,
    25919.0
  ],
  "lly": [
    4544.357999999999,
    -5446.896000000001,
    0.0,
    4544.357999999999,
    7917.0
  ]
}