{
  "syj": [
    39674.272300000004,
    -6880.111000000002,
    0.0,
    39674.272300000004,
    49463.0
  ],
  "cl": [
    21747.3373,
    -4886.526700000001,
    0.0,
    21747.3373,
    27113.0
  ],
  "zb": [
    12802.3181,
    -3158.6818999999996,
    0.0,
    12802.3181,
    15961.0
  ],
  "zy": [
    6697.535,
    -1652.4649999999997,
    0.0,
    6697.535,
    8350.0
  ],
  "lbc": [
    28559.5726,
    -7046.427399999999,
    0.0,
    28559.5726,
    35606.0
  ],
  "lz": [
    22449.9769,
    -5539.023099999999,
    0.0,
    22449.9769,
    27989.0
  ],
  "house": [
    54698.407400000004,
    -13495.592599999998,
    0.0,
    54698.407400000004,
    68194.0
  ],
  "lhx": [
    0.0,
    0.0,
    0.0,
    0.0,
    0.0
  ],
  "sey": [
    0.0,
    0.0,
    0.0,
    0.0,
    0.0
  ],
  "miao": [
    77.8037,
    -19.196299999999997,
    0.0,
    77.8037,
    97.0
  ],
  "hmk": [
    1692.431,
    -417.5689999999999,
    0.0,
    1692.431,
    2110.0
  ],
  "wzm": [
    20789.6299,
    -9153.873200000004,
    0.0,
    20789.6299,
    25919.0
  ],
  "lly": [
    6350.2257,
    -3641.0283,
    0.0,
    6350.2257,
    7917.0
  ]
}