{
  "syj": [
    35370.608,
    -1783.3920000000016,
    0.0,
    35370.608,
    37154.0
  ],
  "cl": [
    15895.544,
    -801.4560000000007,
    0.0,
    15895.544,
    16697.0
  ],
  "zb": [
    15194.872,
    -766.1280000000007,
    0.0,
    15194.872,
    15961.0
  ],
  "zy": [
    7949.2,
    -400.80000000000035,
    0.0,
    7949.2,
    8350.0
  ],
  "lbc": [
    33896.912,
    -1709.0880000000016,
    0.0,
    33896.912,
    35606.0
  ],
  "lz": [
    26645.528,
    -1343.4720000000011,
    0.0,
    26645.528,
    27989.0
  ],
  "house": [
    64920.687999999995,
    -3273.312000000003,
    0.0,
    64920.687999999995,
    68194.0
  ],
  "lhx": [
    5301.688,
    -267.31200000000024,
    0.0,
    5301.688,
    5569.0
  ],
  "sey": [
    6416.48,
    -323.52000000000027,
    0.0,
    6416.48,
    6740.0
  ],
  "miao": [
    31248.448,
    -1575.5520000000015,
    0.0,
    31248.448,
    32824.0
  ],
  "hmk": [
    2008.7199999999998,
    -101.28000000000009,
    0.0,
    2008.7199999999998,
    2110.0
  ],
  "wzm": [
    24674.888,
    -5268.615100000005,
    0.0,
    24674.888,
    25919.0
  ],
  "lly": [
    7536.9839999999995,
    -2454.2700000000004,
    0.0,
    7536.9839999999995,
    7917.0
  ]
}