{
  "syj": [
    29771.7797,
    -16782.603600000002,
    0.0,
    29771.7797,
    49463.0
  ],
  "cl": [
    16319.314699999999,
    -10314.549300000002,
    0.0,
    16319.314699999999,
    27113.0
  ],
  "zb": [
    9606.9259,
    -6354.0741,
    0.0,
    9606.9259,
    15961.0
  ],
  "zy": [
    5025.865,
    -3324.135,
    0.0,
    5025.865,
    8350.0
  ],
  "lbc": [
    21431.2514,
    -14174.7486,
    0.0,
    21431.2514,
    35606.0
  ],
  "lz": [
    16846.5791,
    -11142.420900000001,
    0.0,
    16846.5791,
    27989.0
  ],
  "house": [
    41045.9686,
    -27148.0314,
    0.0,
    41045.9686,
    68194.0
  ],
  "lhx": [
    0.0,
    0.0,
    0.0,
    0.0,
    0.0
  ],
  "sey": [
    0.0,
    0.0,
    0.0,
    0.0,
    0.0
  ],
  "miao": [
    58.384299999999996,
    -38.615700000000004,
    0.0,
    58.384299999999996,
    97.0
  ],
  "hmk": [
    1270.009,
    -839.991,
    0.0,
    1270.009,
    2110.0
  ],
  "wzm": [
    15600.6461,
    -14342.857000000005,
    0.0,
    15600.6461,
    25919.0
  ],
  "lly": [
    4765.2423,
    -5226.0117,
    0.0,
    4765.2423,
    7917.0
  ]
}