{
  "syj": [
    29593.712900000002,
    -16960.6704,
    0.0,
    29593.712900000002,
    49463.0
  ],
  "cl": [
    16221.707900000001,
    -10412.156100000002,
    0.0,
    16221.707900000001,
    27113.0
  ],
  "zb": [
    9549.4663,
    -6411.533699999999,
    0.0,
    9549.4663,
    15961.0
  ],
  "zy": [
    4995.805,
    -3354.1949999999997,
    0.0,
    4995.805,
    8350.0
  ],
  "lbc": [
    21303.0698,
    -14302.930199999999,
    0.0,
    21303.0698,
    35606.0
  ],
  "lz": [
    16745.8187,
    -11243.181299999998,
    0.0,
    16745.8187,
    27989.0
  ],
  "house": [
    40800.4702,
    -27393.529799999997,
    0.0,
    40800.4702,
    68194.0
  ],
  "lhx": [
    0.0,
    0.0,
    0.0,
    0.0,
    0.0
  ],
  "sey": [
    0.0,
    0.0,
    0.0,
    0.0,
    0.0
  ],
  "miao": [
    58.03510000000001,
    -38.96489999999999,
    0.0,
    58.03510000000001,
    97.0
  ],
  "hmk": [
    1262.413,
    -847.5869999999999,
    0.0,
    1262.413,
    2110.0
  ],
  "wzm": [
    15507.337700000002,
    -14436.165400000004,
    0.0,
    15507.337700000002,
    25919.0
  ],
  "lly": [
    4736.7411,
    -5254.5129,
    0.0,
    4736.7411,
    7917.0
  ]
}