{
  "syj": [
    28990.2643,
    -17564.119000000006,
    0.0,
    28990.2643,
    49463.0
  ],
  "cl": [
    15890.929299999998,
    -10742.934700000003,
    0.0,
    15890.929299999998,
    27113.0
  ],
  "zb": [
    9354.7421,
    -6606.2579000000005,
    0.0,
    9354.7421,
    15961.0
  ],
  "zy": [
    4893.9349999999995,
    -3456.0650000000005,
    0.0,
    4893.9349999999995,
    8350.0
  ],
  "lbc": [
    20868.6766,
    -14737.323400000001,
    0.0,
    20868.6766,
    35606.0
  ],
  "lz": [
    16404.352899999998,
    -11584.647100000002,
    0.0,
    16404.352899999998,
    27989.0
  ],
  "house": [
    39968.503399999994,
    -28225.496600000002,
    0.0,
    39968.503399999994,
    68194.0
  ],
  "lhx": [
    0.0,
    0.0,
    0.0,
    0.0,
    0.0
  ],
  "sey": [
    0.0,
    0.0,
    0.0,
    0.0,
    0.0
  ],
  "miao": [
    56.851699999999994,
    -40.148300000000006,
    0.0,
    56.851699999999994,
    97.0
  ],
  "hmk": [
    1236.6709999999998,
    -873.3290000000001,
    0.0,
    1236.6709999999998,
    2110.0
  ],
  "wzm": [
    15191.1259,
    -14752.377200000006,
    0.0,
    15191.1259,
    25919.0
  ],
  "lly": [
    4640.1537,
    -5351.1003,
    0.0,
    4640.1537,
    7917.0
  ]
}