{
  "syj": [
    29509.6258,
    -17044.757500000003,
    0.0,
    29509.6258,
    49463.0
  ],
  "cl": [
    16175.615800000001,
    -10458.248200000002,
    0.0,
    16175.615800000001,
    27113.0
  ],
  "zb": [
    9522.3326,
    -6438.667399999999,
    0.0,
    9522.3326,
    15961.0
  ],
  "zy": [
    4981.610000000001,
    -3368.39,
    0.0,
    4981.610000000001,
    8350.0
  ],
  "lbc": [
    21242.5396,
    -14363.4604,
    0.0,
    21242.5396,
    35606.0
  ],
  "lz": [
    16698.2374,
    -11290.7626,
    0.0,
    16698.2374,
    27989.0
  ],
  "house": [
    40684.5404,
    -27509.4596,
    0.0,
    40684.5404,
    68194.0
  ],
  "lhx": [
    0.0,
    0.0,
    0.0,
    0.0,
    0.0
  ],
  "sey": [
    0.0,
    0.0,
    0.0,
    0.0,
    0.0
  ],
  "miao": [
    57.870200000000004,
    -39.129799999999996,
    0.0,
    57.870200000000004,
    97.0
  ],
  "hmk": [
    1258.826,
    -851.174,
    0.0,
    1258.826,
    2110.0
  ],
  "wzm": [
    15463.2754,
    -14480.227700000003,
    0.0,
    15463.2754,
    25919.0
  ],
  "lly": [
    4723.282200000001,
    -5267.9718,
    0.0,
    4723.282200000001,
    7917.0
  ]
}