{
  "syj": [
    37035.1072,
    -118.89279999999928,
    0.0,
    37035.1072,
    37154.0
  ],
  "cl": [
    16643.5696,
    -53.43039999999968,
    0.0,
    16643.5696,
    16697.0
  ],
  "zb": [
    15909.9248,
    -51.07519999999969,
    0.0,
    15909.9248,
    15961.0
  ],
  "zy": [
    8323.28,
    -26.71999999999984,
    0.0,
    8323.28,
    8350.0
  ],
  "lbc": [
    35492.0608,
    -113.93919999999932,
    0.0,
    35492.0608,
    35606.0
  ],
  "lz": [
    27899.4352,
    -89.56479999999945,
    0.0,
    27899.4352,
    27989.0
  ],
  "house": [
    67975.7792,
    -218.2207999999987,
    0.0,
    67975.7792,
    68194.0
  ],
  "lhx": [
    5551.1792000000005,
    -17.820799999999892,
    0.0,
    5551.1792000000005,
    5569.0
  ],
  "sey": [
    6718.432,
    -21.56799999999987,
    0.0,
    6718.432,
    6740.0
  ],
  "miao": [
    32718.963200000002,
    -105.03679999999936,
    0.0,
    32718.963200000002,
    32824.0
  ],
  "hmk": [
    2103.248,
    -6.751999999999959,
    0.0,
    2103.248,
    2110.0
  ],
  "wzm": [
    9976.9712,
    -6.005399999999339,
    0.0,
    9976.9712,
    10009.0
  ]
}