{
  "syj": [
    30689.203999999998,
    -6464.796000000001,
    0.0,
    30689.203999999998,
    37154.0
  ],
  "cl": [
    22395.338,
    -4238.5260000000035,
    0.0,
    22395.338,
    27113.0
  ],
  "zb": [
    13183.786,
    -2777.214000000001,
    0.0,
    13183.786,
    15961.0
  ],
  "zy": [
    6897.099999999999,
    -1452.9000000000003,
    0.0,
    6897.099999999999,
    8350.0
  ],
  "lbc": [
    29410.555999999997,
    -6195.444000000001,
    0.0,
    29410.555999999997,
    35606.0
  ],
  "lz": [
    23118.913999999997,
    -4870.086000000001,
    0.0,
    23118.913999999997,
    27989.0
  ],
  "house": [
    56328.244,
    -11865.756000000003,
    0.0,
    56328.244,
    68194.0
  ],
  "lhx": [
    4599.994,
    -969.0060000000002,
    0.0,
    4599.994,
    5569.0
  ],
  "sey": [
    5567.24,
    -1172.7600000000002,
    0.0,
    5567.24,
    6740.0
  ],
  "miao": [
    80.122,
    -16.878000000000004,
    0.0,
    80.122,
    97.0
  ],
  "hmk": [
    1742.86,
    -367.1400000000001,
    0.0,
    1742.86,
    2110.0
  ],
  "wzm": [
    21409.093999999997,
    -8534.409100000006,
    0.0,
    21409.093999999997,
    25919.0
  ],
  "lly": [
    6539.442,
    -3451.8120000000004,
    0.0,
    6539.442,
    7917.0
  ]
}