{
  "syj": [
    34866.4687,
    -11687.914600000004,
    0.0,
    34866.4687,
    49463.0
  ],
  "cl": [
    19111.9537,
    -7521.910300000003,
    0.0,
    19111.9537,
    27113.0
  ],
  "zb": [
    11250.9089,
    -4710.091100000001,
    0.0,
    11250.9089,
    15961.0
  ],
  "zy": [
    5885.915,
    -2464.085,
    0.0,
    5885.915,
    8350.0
  ],
  "lbc": [
    25098.6694,
    -10507.330600000001,
    0.0,
    25098.6694,
    35606.0
  ],
  "lz": [
    19729.446099999997,
    -8259.5539,
    0.0,
    19729.446099999997,
    27989.0
  ],
  "house": [
    48069.9506,
    -20124.049400000004,
    0.0,
    48069.9506,
    68194.0
  ],
  "lhx": [
    0.0,
    0.0,
    0.0,
    0.0,
    0.0
  ],
  "sey": [
    0.0,
    0.0,
    0.0,
    0.0,
    0.0
  ],
  "miao": [
    68.3753,
    -28.624700000000004,
    0.0,
    68.3753,
    97.0
  ],
  "hmk": [
    1487.339,
    -622.6610000000001,
    0.0,
    1487.339,
    2110.0
  ],
  "wzm": [
    18270.3031,
    -11673.200000000004,
    0.0,
    18270.3031,
    25919.0
  ],
  "lly": [
    5580.6933,
    -4410.5607,
    0.0,
    5580.6933,
    7917.0
  ]
}