{
  "syj": [
    35168.193,
    -11386.190300000006,
    0.0,
    35168.193,
    49463.0
  ],
  "cl": [
    19277.343,
    -7356.521000000003,
    0.0,
    19277.343,
    27113.0
  ],
  "zb": [
    11348.270999999999,
    -4612.729,
    0.0,
    11348.270999999999,
    15961.0
  ],
  "zy": [
    5936.849999999999,
    -2413.15,
    0.0,
    5936.849999999999,
    8350.0
  ],
  "lbc": [
    25315.865999999998,
    -10290.134000000002,
    0.0,
    25315.865999999998,
    35606.0
  ],
  "lz": [
    19900.179,
    -8088.821000000001,
    0.0,
    19900.179,
    27989.0
  ],
  "house": [
    48485.934,
    -19708.066000000003,
    0.0,
    48485.934,
    68194.0
  ],
  "lhx": [
    0.0,
    0.0,
    0.0,
    0.0,
    0.0
  ],
  "sey": [
    0.0,
    0.0,
    0.0,
    0.0,
    0.0
  ],
  "miao": [
    68.967,
    -28.033000000000005,
    0.0,
    68.967,
    97.0
  ],
  "hmk": [
    1500.21,
    -609.7900000000001,
    0.0,
    1500.21,
    2110.0
  ],
  "wzm": [
    18428.409,
    -11515.094100000006,
    0.0,
    18428.409,
    25919.0
  ],
  "lly": [
    5628.987,
    -4362.267000000001,
    0.0,
    5628.987,
    7917.0
  ]
}