{
  "syj": [
    40040.86580000001,
    2886.8658000000037,
    0.0,
    40040.86580000001,
    37154.0
  ],
  "cl": [
    17994.356900000002,
    1297.3569000000018,
    389.20707000000056,
    17605.149830000002,
    16697.0
  ],
  "zb": [
    17201.169700000002,
    1240.1697000000017,
    372.0509100000005,
    16829.11879,
    15961.0
  ],
  "zy": [
    8998.795,
    648.7950000000009,
    194.63850000000025,
    8804.1565,
    8350.0
  ],
  "lbc": [
    38372.586200000005,
    2766.586200000004,
    0.0,
    38372.586200000005,
    35606.0
  ],
  "lz": [
    30163.745300000002,
    2174.7453000000028,
    0.0,
    30163.745300000002,
    27989.0
  ],
  "house": [
    73492.6738,
    5298.673800000007,
    0.0,
    73492.6738,
    68194.0
  ],
  "lhx": [
    6001.711300000001,
    432.71130000000056,
    129.81339000000017,
    5871.897910000001,
    5569.0
  ],
  "sey": [
    7263.698,
    523.6980000000007,
    157.1094000000002,
    7106.5886,
    6740.0
  ],
  "miao": [
    35374.4248,
    2550.4248000000034,
    765.127440000001,
    34609.29736,
    32824.0
  ],
  "hmk": [
    2273.947,
    163.94700000000023,
    49.184100000000065,
    2224.7629,
    2110.0
  ],
  "wzm": [
    19413.687800000003,
    -536.3143,
    0.0,
    19413.687800000003,
    18014.0
  ]
}