{
  "syj": [
    40078.0198,
    2924.0197999999996,
    0.0,
    40078.0198,
    37154.0
  ],
  "cl": [
    18011.0539,
    1314.0538999999999,
    394.21617,
    17616.83773,
    16697.0
  ],
  "zb": [
    17217.1307,
    1256.1307,
    376.83921,
    16840.291490000003,
    15961.0
  ],
  "zy": [
    9007.145,
    657.145,
    197.1435,
    8810.0015,
    8350.0
  ],
  "lbc": [
    38408.1922,
    2802.1921999999995,
    0.0,
    38408.1922,
    35606.0
  ],
  "lz": [
    30191.7343,
    2202.7342999999996,
    0.0,
    30191.7343,
    27989.0
  ],
  "house": [
    73560.86779999999,
    5366.867799999999,
    0.0,
    73560.86779999999,
    68194.0
  ],
  "lhx": [
    6007.2803,
    438.28029999999995,
    131.48408999999998,
    5875.79621,
    5569.0
  ],
  "sey": [
    7270.438,
    530.438,
    159.13139999999999,
    7111.3066,
    6740.0
  ],
  "miao": [
    35407.2488,
    2583.2488,
    774.9746399999999,
    34632.27416,
    32824.0
  ],
  "hmk": [
    2276.057,
    166.057,
    49.817099999999996,
    2226.2398999999996,
    2110.0
  ],
  "wzm": [
    19431.7018,
    -518.300300000002,
    0.0,
    19431.7018,
    18014.0
  ]
}