{
  "syj": [
    39080.7163,
    -7473.667000000002,
    0.0,
    39080.7163,
    49463.0
  ],
  "cl": [
    21421.9813,
    -5211.882700000002,
    0.0,
    21421.9813,
    27113.0
  ],
  "zb": [
    12610.786100000001,
    -3350.2138999999997,
    0.0,
    12610.786100000001,
    15961.0
  ],
  "zy": [
    6597.335,
    -1752.6649999999997,
    0.0,
    6597.335,
    8350.0
  ],
  "lbc": [
    28132.300600000002,
    -7473.6993999999995,
    0.0,
    28132.300600000002,
    35606.0
  ],
  "lz": [
    22114.1089,
    -5874.891099999999,
    0.0,
    22114.1089,
    27989.0
  ],
  "house": [
    53880.0794,
    -14313.920599999998,
    0.0,
    53880.0794,
    68194.0
  ],
  "lhx": [
    0.0,
    0.0,
    0.0,
    0.0,
    0.0
  ],
  "sey": [
    0.0,
    0.0,
    0.0,
    0.0,
    0.0
  ],
  "miao": [
    76.6397,
    -20.3603,
    0.0,
    76.6397,
    97.0
  ],
  "hmk": [
    1667.111,
    -442.88899999999995,
    0.0,
    1667.111,
    2110.0
  ],
  "wzm": [
    20478.6019,
    -9464.901200000004,
    0.0,
    20478.6019,
    25919.0
  ],
  "lly": [
    6255.2217,
    -3736.0323,
    0.0,
    6255.2217,
    7917.0
  ]
}