{
  "syj": [
    46490.800200000005,
    9336.800200000003,
    0.0,
    46490.800200000005,
    37154.0
  ],
  "cl": [
    20892.956100000003,
    4195.956100000001,
    1258.7868300000002,
    19634.169270000002,
    16697.0
  ],
  "zb": [
    19971.9993,
    4010.9993000000013,
    1203.2997900000003,
    18768.69951,
    15961.0
  ],
  "zy": [
    10448.355000000001,
    2098.3550000000005,
    629.5065000000001,
    9818.848500000002,
    8350.0
  ],
  "lbc": [
    44553.787800000006,
    8947.787800000004,
    0.0,
    44553.787800000006,
    35606.0
  ],
  "lz": [
    35022.6357,
    7033.6357000000025,
    0.0,
    35022.6357,
    27989.0
  ],
  "house": [
    85331.15220000001,
    17137.152200000004,
    0.0,
    85331.15220000001,
    68194.0
  ],
  "lhx": [
    6968.4897,
    1399.4897000000005,
    419.84691000000015,
    6548.64279,
    5569.0
  ],
  "sey": [
    8433.762,
    1693.7620000000006,
    508.1286000000002,
    7925.633400000001,
    6740.0
  ],
  "miao": [
    41072.671200000004,
    8248.671200000003,
    2474.6013600000006,
    38598.069840000004,
    32824.0
  ],
  "hmk": [
    2640.2430000000004,
    530.2430000000002,
    159.07290000000003,
    2481.1701000000003,
    2110.0
  ],
  "wzm": [
    22540.9182,
    2590.9160999999995,
    777.2748299999998,
    21763.64337,
    18014.0
  ]
}