{
  "syj": [
    38863.084,
    1709.0840000000014,
    0.0,
    38863.084,
    37154.0
  ],
  "cl": [
    17465.062,
    768.0620000000007,
    230.4186000000002,
    17234.6434,
    16697.0
  ],
  "zb": [
    16695.206000000002,
    734.2060000000007,
    220.2618000000002,
    16474.9442,
    15961.0
  ],
  "zy": [
    8734.1,
    384.10000000000036,
    115.2300000000001,
    8618.87,
    8350.0
  ],
  "lbc": [
    37243.876000000004,
    1637.8760000000016,
    0.0,
    37243.876000000004,
    35606.0
  ],
  "lz": [
    29276.494000000002,
    1287.494000000001,
    0.0,
    29276.494000000002,
    27989.0
  ],
  "house": [
    71330.924,
    3136.9240000000027,
    0.0,
    71330.924,
    68194.0
  ],
  "lhx": [
    5825.174,
    256.1740000000002,
    76.85220000000005,
    5748.3218,
    5569.0
  ],
  "sey": [
    7050.04,
    310.04000000000025,
    93.01200000000007,
    6957.028,
    6740.0
  ],
  "miao": [
    34333.904,
    1509.9040000000014,
    452.9712000000004,
    33880.9328,
    32824.0
  ],
  "hmk": [
    2207.06,
    97.06000000000009,
    29.118000000000023,
    2177.942,
    2110.0
  ],
  "wzm": [
    18842.644,
    -1107.358100000001,
    0.0,
    18842.644,
    18014.0
  ]
}