{
  "syj": [
    46762.024399999995,
    9608.024399999998,
    0.0,
    46762.024399999995,
    37154.0
  ],
  "cl": [
    21014.8442,
    4317.844199999999,
    1295.3532599999996,
    19719.49094,
    16697.0
  ],
  "zb": [
    20088.5146,
    4127.514599999999,
    1238.2543799999996,
    18850.26022,
    15961.0
  ],
  "zy": [
    10509.31,
    2159.3099999999995,
    647.7929999999998,
    9861.517,
    8350.0
  ],
  "lbc": [
    44813.711599999995,
    9207.711599999999,
    0.0,
    44813.711599999995,
    35606.0
  ],
  "lz": [
    35226.9554,
    7237.955399999998,
    0.0,
    35226.9554,
    27989.0
  ],
  "house": [
    85828.9684,
    17634.968399999994,
    0.0,
    85828.9684,
    68194.0
  ],
  "lhx": [
    7009.1434,
    1440.1433999999997,
    432.0430199999999,
    6577.10038,
    5569.0
  ],
  "sey": [
    8482.964,
    1742.9639999999997,
    522.8891999999998,
    7960.0748,
    6740.0
  ],
  "miao": [
    41312.2864,
    8488.286399999997,
    2546.485919999999,
    38765.80048,
    32824.0
  ],
  "hmk": [
    2655.6459999999997,
    545.6459999999998,
    163.69379999999995,
    2491.9521999999997,
    2110.0
  ],
  "wzm": [
    32621.6534,
    2678.150299999994,
    803.4450899999981,
    31818.20831,
    25919.0
  ],
  "lly": [
    9964.3362,
    -26.91780000000055,
    0.0,
    9964.3362,
    7917.0
  ]
}