{
  "syj": [
    45921.4492,
    -632.9341000000029,
    0.0,
    45921.4492,
    49463.0
  ],
  "cl": [
    25171.7092,
    -1462.1548000000025,
    0.0,
    25171.7092,
    27113.0
  ],
  "zb": [
    14818.1924,
    -1142.8075999999999,
    0.0,
    14818.1924,
    15961.0
  ],
  "zy": [
    7752.14,
    -597.86,
    0.0,
    7752.14,
    8350.0
  ],
  "lbc": [
    33056.6104,
    -2549.3896,
    0.0,
    33056.6104,
    35606.0
  ],
  "lz": [
    25984.9876,
    -2004.0123999999998,
    0.0,
    25984.9876,
    27989.0
  ],
  "house": [
    63311.3096,
    -4882.6903999999995,
    0.0,
    63311.3096,
    68194.0
  ],
  "lhx": [
    0.0,
    0.0,
    0.0,
    0.0,
    0.0
  ],
  "sey": [
    0.0,
    0.0,
    0.0,
    0.0,
    0.0
  ],
  "miao": [
    90.0548,
    -6.9452,
    0.0,
    90.0548,
    97.0
  ],
  "hmk": [
    1958.924,
    -151.076,
    0.0,
    1958.924,
    2110.0
  ],
  "wzm": [
    24063.1996,
    -5880.3035000000045,
    0.0,
    24063.1996,
    25919.0
  ],
  "lly": [
    7350.1428,
    -2641.1112000000003,
    0.0,
    7350.1428,
    7917.0
  ]
}