{
  "syj": [
    43987.4459,
    -2566.9374000000043,
    0.0,
    43987.4459,
    49463.0
  ],
  "cl": [
    24111.5909,
    -2522.273100000003,
    0.0,
    24111.5909,
    27113.0
  ],
  "zb": [
    14194.1173,
    -1766.8827000000003,
    0.0,
    14194.1173,
    15961.0
  ],
  "zy": [
    7425.655,
    -924.3450000000001,
    0.0,
    7425.655,
    8350.0
  ],
  "lbc": [
    31664.4158,
    -3941.5842000000007,
    0.0,
    31664.4158,
    35606.0
  ],
  "lz": [
    24890.6177,
    -3098.3823000000007,
    0.0,
    24890.6177,
    27989.0
  ],
  "house": [
    60644.9242,
    -7549.075800000001,
    0.0,
    60644.9242,
    68194.0
  ],
  "lhx": [
    0.0,
    0.0,
    0.0,
    0.0,
    0.0
  ],
  "sey": [
    0.0,
    0.0,
    0.0,
    0.0,
    0.0
  ],
  "miao": [
    86.2621,
    -10.737900000000002,
    0.0,
    86.2621,
    97.0
  ],
  "hmk": [
    1876.423,
    -233.57700000000006,
    0.0,
    1876.423,
    2110.0
  ],
  "wzm": [
    23049.7667,
    -6893.736400000005,
    0.0,
    23049.7667,
    25919.0
  ],
  "lly": [
    7040.5881,
    -2950.6659000000004,
    0.0,
    7040.5881,
    7917.0
  ]
}