{
  "syj": [
    38606.721399999995,
    1452.7213999999967,
    0.0,
    38606.721399999995,
    37154.0
  ],
  "cl": [
    17349.8527,
    652.8526999999985,
    195.85580999999956,
    17153.99689,
    16697.0
  ],
  "zb": [
    16585.0751,
    624.0750999999987,
    187.22252999999958,
    16397.85257,
    15961.0
  ],
  "zy": [
    8676.484999999999,
    326.4849999999993,
    97.94549999999978,
    8578.539499999999,
    8350.0
  ],
  "lbc": [
    36998.194599999995,
    1392.1945999999969,
    0.0,
    36998.194599999995,
    35606.0
  ],
  "lz": [
    29083.369899999998,
    1094.3698999999976,
    0.0,
    29083.369899999998,
    27989.0
  ],
  "house": [
    70860.3854,
    2666.385399999994,
    0.0,
    70860.3854,
    68194.0
  ],
  "lhx": [
    5786.747899999999,
    217.7478999999995,
    65.32436999999985,
    5721.423529999999,
    5569.0
  ],
  "sey": [
    7003.534,
    263.5339999999994,
    79.06019999999982,
    6924.4738,
    6740.0
  ],
  "miao": [
    34107.418399999995,
    1283.418399999997,
    385.0255199999991,
    33722.39288,
    32824.0
  ],
  "hmk": [
    2192.5009999999997,
    82.50099999999982,
    24.750299999999946,
    2167.7506999999996,
    2110.0
  ],
  "wzm": [
    18718.3474,
    -1231.6547000000035,
    0.0,
    18718.3474,
    18014.0
  ]
}