{
  "syj": [
    46988.663799999995,
    9834.663799999998,
    0.0,
    46988.663799999995,
    37154.0
  ],
  "cl": [
    21116.6959,
    4419.695899999999,
    1325.9087699999995,
    19790.78713,
    16697.0
  ],
  "zb": [
    20185.8767,
    4224.876699999999,
    1267.4630099999997,
    18918.41369,
    15961.0
  ],
  "zy": [
    10560.244999999999,
    2210.2449999999994,
    663.0734999999999,
    9897.171499999999,
    8350.0
  ],
  "lbc": [
    45030.9082,
    9424.908199999998,
    0.0,
    45030.9082,
    35606.0
  ],
  "lz": [
    35397.6883,
    7408.688299999998,
    0.0,
    35397.6883,
    27989.0
  ],
  "house": [
    86244.9518,
    18050.951799999995,
    0.0,
    86244.9518,
    68194.0
  ],
  "lhx": [
    7043.114299999999,
    1474.1142999999997,
    442.23428999999993,
    6600.880009999999,
    5569.0
  ],
  "sey": [
    8524.078,
    1784.0779999999995,
    535.2233999999999,
    7988.8546,
    6740.0
  ],
  "miao": [
    41512.5128,
    8688.512799999999,
    2606.5538399999996,
    38905.958959999996,
    32824.0
  ],
  "hmk": [
    2668.517,
    558.5169999999998,
    167.55509999999995,
    2500.9619,
    2110.0
  ],
  "wzm": [
    32779.7593,
    2836.256199999994,
    850.8768599999981,
    31928.88244,
    25919.0
  ],
  "lly": [
    10012.6299,
    21.375899999999405,
    6.412769999999822,
    10006.21713,
    7917.0
  ]
}