{
  "syj": [
    31418.8976,
    -15135.485700000003,
    0.0,
    31418.8976,
    49463.0
  ],
  "cl": [
    17222.1776,
    -9411.686400000002,
    0.0,
    17222.1776,
    27113.0
  ],
  "zb": [
    10138.4272,
    -5822.5728,
    0.0,
    10138.4272,
    15961.0
  ],
  "zy": [
    5303.92,
    -3046.08,
    0.0,
    5303.92,
    8350.0
  ],
  "lbc": [
    22616.9312,
    -12989.068800000001,
    0.0,
    22616.9312,
    35606.0
  ],
  "lz": [
    17778.6128,
    -10210.387200000001,
    0.0,
    17778.6128,
    27989.0
  ],
  "house": [
    43316.828799999996,
    -24877.1712,
    0.0,
    43316.828799999996,
    68194.0
  ],
  "lhx": [
    0.0,
    0.0,
    0.0,
    0.0,
    0.0
  ],
  "sey": [
    0.0,
    0.0,
    0.0,
    0.0,
    0.0
  ],
  "miao": [
    61.614399999999996,
    -35.385600000000004,
    0.0,
    61.614399999999996,
    97.0
  ],
  "hmk": [
    1340.272,
    -769.7280000000001,
    0.0,
    1340.272,
    2110.0
  ],
  "wzm": [
    16463.7488,
    -13479.754300000004,
    0.0,
    16463.7488,
    25919.0
  ],
  "lly": [
    5028.8784,
    -4962.3756,
    0.0,
    5028.8784,
    7917.0
  ]
}