{
  "syj": [
    47073.9371,
    519.5537999999964,
    0.0,
    47073.9371,
    49463.0
  ],
  "cl": [
    25803.4421,
    -830.4219000000029,
    0.0,
    25803.4421,
    27113.0
  ],
  "zb": [
    15190.0837,
    -770.9163000000002,
    0.0,
    15190.0837,
    15961.0
  ],
  "zy": [
    7946.695,
    -403.30500000000006,
    0.0,
    7946.695,
    8350.0
  ],
  "lbc": [
    33886.2302,
    -1719.7698000000003,
    0.0,
    33886.2302,
    35606.0
  ],
  "lz": [
    26637.1313,
    -1351.8687000000002,
    0.0,
    26637.1313,
    27989.0
  ],
  "house": [
    64900.2298,
    -3293.770200000001,
    0.0,
    64900.2298,
    68194.0
  ],
  "lhx": [
    0.0,
    0.0,
    0.0,
    0.0,
    0.0
  ],
  "sey": [
    0.0,
    0.0,
    0.0,
    0.0,
    0.0
  ],
  "miao": [
    92.3149,
    -4.685100000000001,
    0.0,
    92.3149,
    97.0
  ],
  "hmk": [
    2008.087,
    -101.91300000000003,
    0.0,
    2008.087,
    2110.0
  ],
  "wzm": [
    24667.1123,
    -5276.390800000005,
    0.0,
    24667.1123,
    25919.0
  ],
  "lly": [
    7534.6089,
    -2456.6451,
    0.0,
    7534.6089,
    7917.0
  ]
}