{
  "syj": [
    22194.0481,
    -24360.335200000005,
    0.0,
    22194.0481,
    49463.0
  ],
  "cl": [
    12165.6031,
    -14468.260900000003,
    0.0,
    12165.6031,
    27113.0
  ],
  "zb": [
    7161.700699999999,
    -8799.2993,
    0.0,
    7161.700699999999,
    15961.0
  ],
  "zy": [
    3746.645,
    -4603.3550000000005,
    0.0,
    3746.645,
    8350.0
  ],
  "lbc": [
    15976.412199999999,
    -19629.5878,
    0.0,
    15976.412199999999,
    35606.0
  ],
  "lz": [
    12558.6643,
    -15430.3357,
    0.0,
    12558.6643,
    27989.0
  ],
  "house": [
    30598.6478,
    -37595.3522,
    0.0,
    30598.6478,
    68194.0
  ],
  "lhx": [
    0.0,
    0.0,
    0.0,
    0.0,
    0.0
  ],
  "sey": [
    0.0,
    0.0,
    0.0,
    0.0,
    0.0
  ],
  "miao": [
    43.5239,
    -53.4761,
    0.0,
    43.5239,
    97.0
  ],
  "hmk": [
    946.757,
    -1163.243,
    0.0,
    946.757,
    2110.0
  ],
  "wzm": [
    11629.8553,
    -18313.647800000006,
    0.0,
    11629.8553,
    25919.0
  ],
  "lly": [
    3552.3579,
    -6438.8961,
    0.0,
    3552.3579,
    7917.0
  ]
}