{
  "syj": [
    61996.9242,
    15442.5409,
    0.0,
    61996.9242,
    49463.0
  ],
  "cl": [
    33983.4342,
    7349.570199999999,
    2204.8710599999995,
    31778.563140000006,
    27113.0
  ],
  "zb": [
    20005.5174,
    4044.517400000001,
    1213.3552200000004,
    18792.16218,
    15961.0
  ],
  "zy": [
    10465.890000000001,
    2115.890000000001,
    634.7670000000002,
    9831.123000000001,
    8350.0
  ],
  "lbc": [
    44628.5604,
    9022.560400000002,
    0.0,
    44628.5604,
    35606.0
  ],
  "lz": [
    35081.4126,
    7092.412600000002,
    0.0,
    35081.4126,
    27989.0
  ],
  "house": [
    85474.35960000001,
    17280.359600000003,
    0.0,
    85474.35960000001,
    68194.0
  ],
  "lhx": [
    0.0,
    0.0,
    0.0,
    0.0,
    0.0
  ],
  "sey": [
    0.0,
    0.0,
    0.0,
    0.0,
    0.0
  ],
  "miao": [
    121.5798,
    24.579800000000006,
    7.373940000000001,
    114.20586,
    97.0
  ],
  "hmk": [
    2644.674,
    534.6740000000001,
    160.40220000000002,
    2484.2718,
    2110.0
  ],
  "wzm": [
    32486.874600000003,
    2543.3714999999975,
    763.0114499999992,
    31723.863150000005,
    25919.0
  ],
  "lly": [
    9923.167800000001,
    -68.08619999999954,
    0.0,
    9923.167800000001,
    7917.0
  ]
}