{
  "syj": [
    38477.267700000004,
    -8077.115600000001,
    0.0,
    38477.267700000004,
    49463.0
  ],
  "cl": [
    21091.2027,
    -5542.661300000002,
    0.0,
    21091.2027,
    27113.0
  ],
  "zb": [
    12416.0619,
    -3544.9380999999994,
    0.0,
    12416.0619,
    15961.0
  ],
  "zy": [
    6495.465,
    -1854.5349999999996,
    0.0,
    6495.465,
    8350.0
  ],
  "lbc": [
    27697.9074,
    -7908.092599999999,
    0.0,
    27697.9074,
    35606.0
  ],
  "lz": [
    21772.6431,
    -6216.356899999999,
    0.0,
    21772.6431,
    27989.0
  ],
  "house": [
    53048.1126,
    -15145.887399999998,
    0.0,
    53048.1126,
    68194.0
  ],
  "lhx": [
    0.0,
    0.0,
    0.0,
    0.0,
    0.0
  ],
  "sey": [
    0.0,
    0.0,
    0.0,
    0.0,
    0.0
  ],
  "miao": [
    75.4563,
    -21.543699999999998,
    0.0,
    75.4563,
    97.0
  ],
  "hmk": [
    1641.3690000000001,
    -468.6309999999999,
    0.0,
    1641.3690000000001,
    2110.0
  ],
  "wzm": [
    20162.3901,
    -9781.113000000003,
    0.0,
    20162.3901,
    25919.0
  ],
  "lly": [
    6158.634300000001,
    -3832.6196999999997,
    0.0,
    6158.634300000001,
    7917.0
  ]
}