{
  "syj": [
    47040.6794,
    9886.6794,
    0.0,
    47040.6794,
    37154.0
  ],
  "cl": [
    21140.0717,
    4443.0717,
    1332.9215100000001,
    19807.15019,
    16697.0
  ],
  "zb": [
    20208.2221,
    4247.2221,
    1274.16663,
    18934.05547,
    15961.0
  ],
  "zy": [
    10571.935,
    2221.935,
    666.5804999999999,
    9905.3545,
    8350.0
  ],
  "lbc": [
    45080.7566,
    9474.7566,
    0.0,
    45080.7566,
    35606.0
  ],
  "lz": [
    35436.8729,
    7447.8729,
    0.0,
    35436.8729,
    27989.0
  ],
  "house": [
    86340.4234,
    18146.4234,
    0.0,
    86340.4234,
    68194.0
  ],
  "lhx": [
    7050.9109,
    1481.9109,
    444.57327000000004,
    6606.33763,
    5569.0
  ],
  "sey": [
    8533.514,
    1793.5140000000001,
    538.0542,
    7995.459799999999,
    6740.0
  ],
  "miao": [
    41558.4664,
    8734.4664,
    2620.33992,
    38938.12648,
    32824.0
  ],
  "hmk": [
    2671.471,
    561.471,
    168.44129999999998,
    2503.0297,
    2110.0
  ],
  "wzm": [
    32816.0459,
    2872.5427999999956,
    861.7628399999986,
    31954.283059999998,
    25919.0
  ],
  "lly": [
    10023.7137,
    32.45969999999994,
    9.737909999999982,
    10013.97579,
    7917.0
  ]
}