{
  "syj": [
    44941.4784,
    7787.4784,
    0.0,
    44941.4784,
    37154.0
  ],
  "cl": [
    20196.6912,
    3499.6912,
    1049.90736,
    19146.78384,
    16697.0
  ],
  "zb": [
    19306.4256,
    3345.4256,
    1003.6276799999999,
    18302.797919999997,
    15961.0
  ],
  "zy": [
    10100.16,
    1750.16,
    525.048,
    9575.112,
    8350.0
  ],
  "lbc": [
    43069.0176,
    7463.0176,
    0.0,
    43069.0176,
    35606.0
  ],
  "lz": [
    33855.4944,
    5866.4944000000005,
    0.0,
    33855.4944,
    27989.0
  ],
  "house": [
    82487.4624,
    14293.4624,
    0.0,
    82487.4624,
    68194.0
  ],
  "lhx": [
    6736.2624,
    1167.2624,
    350.17872,
    6386.08368,
    5569.0
  ],
  "sey": [
    8152.704,
    1412.704,
    423.8112,
    7728.8928,
    6740.0
  ],
  "miao": [
    39703.9104,
    6879.910400000001,
    2063.97312,
    37639.93728,
    32824.0
  ],
  "hmk": [
    2552.256,
    442.25600000000003,
    132.67680000000001,
    2419.5791999999997,
    2110.0
  ],
  "wzm": [
    21789.7344,
    1839.7322999999983,
    551.9196899999995,
    21237.814710000002,
    18014.0
  ]
}