{
  "syj": [
    40954.8542,
    3800.854200000002,
    0.0,
    40954.8542,
    37154.0
  ],
  "cl": [
    18405.1031,
    1708.103100000001,
    512.4309300000002,
    17892.67217,
    16697.0
  ],
  "zb": [
    17593.8103,
    1632.810300000001,
    489.8430900000003,
    17103.967210000003,
    15961.0
  ],
  "zy": [
    9204.205,
    854.2050000000005,
    256.2615000000001,
    8947.9435,
    8350.0
  ],
  "lbc": [
    39248.493800000004,
    3642.493800000002,
    0.0,
    39248.493800000004,
    35606.0
  ],
  "lz": [
    30852.2747,
    2863.2747000000018,
    0.0,
    30852.2747,
    27989.0
  ],
  "house": [
    75170.24620000001,
    6976.246200000004,
    0.0,
    75170.24620000001,
    68194.0
  ],
  "lhx": [
    6138.7087,
    569.7087000000004,
    170.91261000000011,
    5967.79609,
    5569.0
  ],
  "sey": [
    7429.502,
    689.5020000000004,
    206.85060000000013,
    7222.651400000001,
    6740.0
  ],
  "miao": [
    36181.8952,
    3357.8952000000018,
    1007.3685600000005,
    35174.52664,
    32824.0
  ],
  "hmk": [
    2325.853,
    215.85300000000012,
    64.75590000000004,
    2261.0971,
    2110.0
  ],
  "wzm": [
    19856.8322,
    -93.16990000000084,
    0.0,
    19856.8322,
    18014.0
  ]
}