{
  "syj": [
    37042.538,
    -111.4620000000001,
    0.0,
    37042.538,
    37154.0
  ],
  "cl": [
    16646.909,
    -50.091000000000044,
    0.0,
    16646.909,
    16697.0
  ],
  "zb": [
    15913.117,
    -47.883000000000045,
    0.0,
    15913.117,
    15961.0
  ],
  "zy": [
    8324.95,
    -25.050000000000022,
    0.0,
    8324.95,
    8350.0
  ],
  "lbc": [
    35499.182,
    -106.8180000000001,
    0.0,
    35499.182,
    35606.0
  ],
  "lz": [
    27905.033,
    -83.96700000000007,
    0.0,
    27905.033,
    27989.0
  ],
  "house": [
    67989.418,
    -204.5820000000002,
    0.0,
    67989.418,
    68194.0
  ],
  "lhx": [
    5552.293,
    -16.707000000000015,
    0.0,
    5552.293,
    5569.0
  ],
  "sey": [
    6719.78,
    -20.220000000000017,
    0.0,
    6719.78,
    6740.0
  ],
  "miao": [
    32725.528,
    -98.4720000000001,
    0.0,
    32725.528,
    32824.0
  ],
  "hmk": [
    2103.67,
    -6.330000000000005,
    0.0,
    2103.67,
    2110.0
  ],
  "wzm": [
    9978.973,
    -4.003599999999559,
    0.0,
    9978.973,
    10009.0
  ]
}