{
  "syj": [
    31517.738200000003,
    -5636.261799999998,
    0.0,
    31517.738200000003,
    37154.0
  ],
  "cl": [
    22999.9579,
    -3633.906100000001,
    0.0,
    22999.9579,
    27113.0
  ],
  "zb": [
    13539.7163,
    -2421.283699999999,
    0.0,
    13539.7163,
    15961.0
  ],
  "zy": [
    7083.305,
    -1266.6949999999995,
    0.0,
    7083.305,
    8350.0
  ],
  "lbc": [
    30204.5698,
    -5401.430199999998,
    0.0,
    30204.5698,
    35606.0
  ],
  "lz": [
    23743.0687,
    -4245.931299999998,
    0.0,
    23743.0687,
    27989.0
  ],
  "house": [
    57848.9702,
    -10345.029799999997,
    0.0,
    57848.9702,
    68194.0
  ],
  "lhx": [
    4724.1827,
    -844.8172999999997,
    0.0,
    4724.1827,
    5569.0
  ],
  "sey": [
    5717.542,
    -1022.4579999999996,
    0.0,
    5717.542,
    6740.0
  ],
  "miao": [
    82.2851,
    -14.714899999999995,
    0.0,
    82.2851,
    97.0
  ],
  "hmk": [
    1789.913,
    -320.0869999999999,
    0.0,
    1789.913,
    2110.0
  ],
  "wzm": [
    21987.0877,
    -7956.415400000003,
    0.0,
    21987.0877,
    25919.0
  ],
  "lly": [
    6715.9911,
    -3275.2628999999997,
    0.0,
    6715.9911,
    7917.0
  ]
}