{
  "syj": [
    34099.7922,
    -12454.591100000003,
    0.0,
    34099.7922,
    49463.0
  ],
  "cl": [
    18691.7022,
    -7942.161800000003,
    0.0,
    18691.7022,
    27113.0
  ],
  "zb": [
    11003.5134,
    -4957.4866,
    0.0,
    11003.5134,
    15961.0
  ],
  "zy": [
    5756.49,
    -2593.5099999999998,
    0.0,
    5756.49,
    8350.0
  ],
  "lbc": [
    24546.7764,
    -11059.2236,
    0.0,
    24546.7764,
    35606.0
  ],
  "lz": [
    19295.6166,
    -8693.383399999999,
    0.0,
    19295.6166,
    27989.0
  ],
  "house": [
    47012.9436,
    -21181.056399999998,
    0.0,
    47012.9436,
    68194.0
  ],
  "lhx": [
    0.0,
    0.0,
    0.0,
    0.0,
    0.0
  ],
  "sey": [
    0.0,
    0.0,
    0.0,
    0.0,
    0.0
  ],
  "miao": [
    66.87180000000001,
    -30.1282,
    0.0,
    66.87180000000001,
    97.0
  ],
  "hmk": [
    1454.634,
    -655.366,
    0.0,
    1454.634,
    2110.0
  ],
  "wzm": [
    17868.5586,
    -12074.944500000003,
    0.0,
    17868.5586,
    25919.0
  ],
  "lly": [
    5457.9798,
    -4533.2742,
    0.0,
    5457.9798,
    7917.0
  ]
}