{
  "syj": [
    31774.1008,
    -5379.899200000002,
    0.0,
    31774.1008,
    37154.0
  ],
  "cl": [
    23187.0376,
    -3446.8264000000036,
    0.0,
    23187.0376,
    27113.0
  ],
  "zb": [
    13649.8472,
    -2311.1528000000008,
    0.0,
    13649.8472,
    15961.0
  ],
  "zy": [
    7140.92,
    -1209.0800000000004,
    0.0,
    7140.92,
    8350.0
  ],
  "lbc": [
    30450.2512,
    -5155.748800000001,
    0.0,
    30450.2512,
    35606.0
  ],
  "lz": [
    23936.192799999997,
    -4052.807200000001,
    0.0,
    23936.192799999997,
    27989.0
  ],
  "house": [
    58319.508799999996,
    -9874.491200000002,
    0.0,
    58319.508799999996,
    68194.0
  ],
  "lhx": [
    4762.6088,
    -806.3912000000003,
    0.0,
    4762.6088,
    5569.0
  ],
  "sey": [
    5764.048,
    -975.9520000000002,
    0.0,
    5764.048,
    6740.0
  ],
  "miao": [
    82.95439999999999,
    -14.045600000000004,
    0.0,
    82.95439999999999,
    97.0
  ],
  "hmk": [
    1804.472,
    -305.5280000000001,
    0.0,
    1804.472,
    2110.0
  ],
  "wzm": [
    22165.928799999998,
    -7777.574300000006,
    0.0,
    22165.928799999998,
    25919.0
  ],
  "lly": [
    6770.618399999999,
    -3220.6356000000005,
    0.0,
    6770.618399999999,
    7917.0
  ]
}