{
  "syj": [
    27466.8039,
    -19087.579400000002,
    0.0,
    27466.8039,
    49463.0
  ],
  "cl": [
    15055.8489,
    -11578.015100000002,
    0.0,
    15055.8489,
    27113.0
  ],
  "zb": [
    8863.1433,
    -7097.856699999999,
    0.0,
    8863.1433,
    15961.0
  ],
  "zy": [
    4636.755,
    -3713.245,
    0.0,
    4636.755,
    8350.0
  ],
  "lbc": [
    19772.0118,
    -15833.9882,
    0.0,
    19772.0118,
    35606.0
  ],
  "lz": [
    15542.2917,
    -12446.7083,
    0.0,
    15542.2917,
    27989.0
  ],
  "house": [
    37868.1282,
    -30325.871799999997,
    0.0,
    37868.1282,
    68194.0
  ],
  "lhx": [
    0.0,
    0.0,
    0.0,
    0.0,
    0.0
  ],
  "sey": [
    0.0,
    0.0,
    0.0,
    0.0,
    0.0
  ],
  "miao": [
    53.8641,
    -43.1359,
    0.0,
    53.8641,
    97.0
  ],
  "hmk": [
    1171.683,
    -938.317,
    0.0,
    1171.683,
    2110.0
  ],
  "wzm": [
    14392.8207,
    -15550.682400000003,
    0.0,
    14392.8207,
    25919.0
  ],
  "lly": [
    4396.3101,
    -5594.9439,
    0.0,
    4396.3101,
    7917.0
  ]
}