{
  "syj": [
    22258.350000000002,
    -24296.033300000003,
    0.0,
    22258.350000000002,
    49463.0
  ],
  "cl": [
    12200.85,
    -14433.014000000001,
    0.0,
    12200.85,
    27113.0
  ],
  "zb": [
    7182.45,
    -8778.550000000001,
    0.0,
    7182.45,
    15961.0
  ],
  "zy": [
    3757.5,
    -4592.5,
    0.0,
    3757.5,
    8350.0
  ],
  "lbc": [
    16022.7,
    -19583.300000000003,
    0.0,
    16022.7,
    35606.0
  ],
  "lz": [
    12595.050000000001,
    -15393.95,
    0.0,
    12595.050000000001,
    27989.0
  ],
  "house": [
    30687.3,
    -37506.700000000004,
    0.0,
    30687.3,
    68194.0
  ],
  "lhx": [
    0.0,
    0.0,
    0.0,
    0.0,
    0.0
  ],
  "sey": [
    0.0,
    0.0,
    0.0,
    0.0,
    0.0
  ],
  "miao": [
    43.65,
    -53.35,
    0.0,
    43.65,
    97.0
  ],
  "hmk": [
    949.5,
    -1160.5,
    0.0,
    949.5,
    2110.0
  ],
  "wzm": [
    11663.550000000001,
    -18279.953100000006,
    0.0,
    11663.550000000001,
    25919.0
  ],
  "lly": [
    3562.65,
    -6428.604,
    0.0,
    3562.65,
    7917.0
  ]
}