{
  "syj": [
    35435.2932,
    -11119.090100000001,
    0.0,
    35435.2932,
    49463.0
  ],
  "cl": [
    19423.7532,
    -7210.110800000001,
    0.0,
    19423.7532,
    27113.0
  ],
  "zb": [
    11434.4604,
    -4526.539599999999,
    0.0,
    11434.4604,
    15961.0
  ],
  "zy": [
    5981.9400000000005,
    -2368.0599999999995,
    0.0,
    5981.9400000000005,
    8350.0
  ],
  "lbc": [
    25508.1384,
    -10097.861599999998,
    0.0,
    25508.1384,
    35606.0
  ],
  "lz": [
    20051.319600000003,
    -7937.680399999999,
    0.0,
    20051.319600000003,
    27989.0
  ],
  "house": [
    48854.1816,
    -19339.818399999996,
    0.0,
    48854.1816,
    68194.0
  ],
  "lhx": [
    0.0,
    0.0,
    0.0,
    0.0,
    0.0
  ],
  "sey": [
    0.0,
    0.0,
    0.0,
    0.0,
    0.0
  ],
  "miao": [
    69.49080000000001,
    -27.509199999999996,
    0.0,
    69.49080000000001,
    97.0
  ],
  "hmk": [
    1511.604,
    -598.396,
    0.0,
    1511.604,
    2110.0
  ],
  "wzm": [
    18568.371600000002,
    -11375.131500000003,
    0.0,
    18568.371600000002,
    25919.0
  ],
  "lly": [
    5671.7388,
    -4319.5152,
    0.0,
    5671.7388,
    7917.0
  ]
}