{
  "syj": [
    35113.7837,
    -11440.599600000005,
    0.0,
    35113.7837,
    49463.0
  ],
  "cl": [
    19247.5187,
    -7386.345300000004,
    0.0,
    19247.5187,
    27113.0
  ],
  "zb": [
    11330.713899999999,
    -4630.2861,
    0.0,
    11330.713899999999,
    15961.0
  ],
  "zy": [
    5927.665,
    -2422.335,
    0.0,
    5927.665,
    8350.0
  ],
  "lbc": [
    25276.699399999998,
    -10329.3006,
    0.0,
    25276.699399999998,
    35606.0
  ],
  "lz": [
    19869.3911,
    -8119.608900000001,
    0.0,
    19869.3911,
    27989.0
  ],
  "house": [
    48410.9206,
    -19783.079400000002,
    0.0,
    48410.9206,
    68194.0
  ],
  "lhx": [
    0.0,
    0.0,
    0.0,
    0.0,
    0.0
  ],
  "sey": [
    0.0,
    0.0,
    0.0,
    0.0,
    0.0
  ],
  "miao": [
    68.8603,
    -28.1397,
    0.0,
    68.8603,
    97.0
  ],
  "hmk": [
    1497.889,
    -612.1110000000001,
    0.0,
    1497.889,
    2110.0
  ],
  "wzm": [
    18399.8981,
    -11543.605000000005,
    0.0,
    18399.8981,
    25919.0
  ],
  "lly": [
    5620.2783,
    -4370.9757,
    0.0,
    5620.2783,
    7917.0
  ]
}