{
  "syj": [
    22213.8333,
    -24340.550000000003,
    0.0,
    22213.8333,
    49463.0
  ],
  "cl": [
    12176.4483,
    -14457.415700000005,
    0.0,
    12176.4483,
    27113.0
  ],
  "zb": [
    7168.0851,
    -8792.9149,
    0.0,
    7168.0851,
    15961.0
  ],
  "zy": [
    3749.985,
    -4600.014999999999,
    0.0,
    3749.985,
    8350.0
  ],
  "lbc": [
    15990.6546,
    -19615.3454,
    0.0,
    15990.6546,
    35606.0
  ],
  "lz": [
    12569.8599,
    -15419.140099999999,
    0.0,
    12569.8599,
    27989.0
  ],
  "house": [
    30625.9254,
    -37568.07459999999,
    0.0,
    30625.9254,
    68194.0
  ],
  "lhx": [
    0.0,
    0.0,
    0.0,
    0.0,
    0.0
  ],
  "sey": [
    0.0,
    0.0,
    0.0,
    0.0,
    0.0
  ],
  "miao": [
    43.5627,
    -53.43729999999999,
    0.0,
    43.5627,
    97.0
  ],
  "hmk": [
    947.601,
    -1162.399,
    0.0,
    947.601,
    2110.0
  ],
  "wzm": [
    11640.2229,
    -18303.280200000005,
    0.0,
    11640.2229,
    25919.0
  ],
  "lly": [
    3555.5247,
    -6435.7293,
    0.0,
    3555.5247,
    7917.0
  ]
}