{
  "syj": [
    39031.253300000004,
    -7523.130000000002,
    0.0,
    39031.253300000004,
    49463.0
  ],
  "cl": [
    21394.868300000002,
    -5238.995700000002,
    0.0,
    21394.868300000002,
    27113.0
  ],
  "zb": [
    12594.8251,
    -3366.1748999999995,
    0.0,
    12594.8251,
    15961.0
  ],
  "zy": [
    6588.985000000001,
    -1761.0149999999999,
    0.0,
    6588.985000000001,
    8350.0
  ],
  "lbc": [
    28096.694600000003,
    -7509.305399999999,
    0.0,
    28096.694600000003,
    35606.0
  ],
  "lz": [
    22086.1199,
    -5902.880099999999,
    0.0,
    22086.1199,
    27989.0
  ],
  "house": [
    53811.8854,
    -14382.114599999999,
    0.0,
    53811.8854,
    68194.0
  ],
  "lhx": [
    0.0,
    0.0,
    0.0,
    0.0,
    0.0
  ],
  "sey": [
    0.0,
    0.0,
    0.0,
    0.0,
    0.0
  ],
  "miao": [
    76.5427,
    -20.457299999999996,
    0.0,
    76.5427,
    97.0
  ],
  "hmk": [
    1665.001,
    -444.99899999999997,
    0.0,
    1665.001,
    2110.0
  ],
  "wzm": [
    20452.6829,
    -9490.820200000004,
    0.0,
    20452.6829,
    25919.0
  ],
  "lly": [
    6247.304700000001,
    -3743.9492999999998,
    0.0,
    6247.304700000001,
    7917.0
  ]
}