{
  "syj": [
    38454.39,
    1300.389999999997,
    0.0,
    38454.39,
    37154.0
  ],
  "cl": [
    17281.395,
    584.3949999999986,
    175.31849999999957,
    17106.0765,
    16697.0
  ],
  "zb": [
    16519.635,
    558.6349999999987,
    167.59049999999962,
    16352.044499999998,
    15961.0
  ],
  "zy": [
    8642.25,
    292.2499999999993,
    87.6749999999998,
    8554.575,
    8350.0
  ],
  "lbc": [
    36852.21,
    1246.209999999997,
    0.0,
    36852.21,
    35606.0
  ],
  "lz": [
    28968.614999999998,
    979.6149999999977,
    0.0,
    28968.614999999998,
    27989.0
  ],
  "house": [
    70580.79,
    2386.7899999999945,
    0.0,
    70580.79,
    68194.0
  ],
  "lhx": [
    5763.915,
    194.91499999999957,
    58.474499999999864,
    5705.4405,
    5569.0
  ],
  "sey": [
    6975.9,
    235.89999999999947,
    70.76999999999984,
    6905.13,
    6740.0
  ],
  "miao": [
    33972.84,
    1148.8399999999974,
    344.6519999999992,
    33628.187999999995,
    32824.0
  ],
  "hmk": [
    2183.85,
    73.84999999999984,
    22.15499999999995,
    2161.695,
    2110.0
  ],
  "wzm": [
    18644.489999999998,
    -1305.5121000000033,
    0.0,
    18644.489999999998,
    18014.0
  ]
}