{
  "syj": [
    46605.9776,
    9451.977599999998,
    0.0,
    46605.9776,
    37154.0
  ],
  "cl": [
    20944.7168,
    4247.716799999999,
    1274.3150399999997,
    19670.401759999997,
    16697.0
  ],
  "zb": [
    20021.4784,
    4060.4783999999995,
    1218.1435199999999,
    18803.33488,
    15961.0
  ],
  "zy": [
    10474.24,
    2124.24,
    637.2719999999999,
    9836.968,
    8350.0
  ],
  "lbc": [
    44664.1664,
    9058.166399999998,
    0.0,
    44664.1664,
    35606.0
  ],
  "lz": [
    35109.4016,
    7120.401599999999,
    0.0,
    35109.4016,
    27989.0
  ],
  "house": [
    85542.5536,
    17348.553599999996,
    0.0,
    85542.5536,
    68194.0
  ],
  "lhx": [
    6985.7536,
    1416.7535999999998,
    425.0260799999999,
    6560.72752,
    5569.0
  ],
  "sey": [
    8454.655999999999,
    1714.6559999999997,
    514.3967999999999,
    7940.2591999999995,
    6740.0
  ],
  "miao": [
    41174.4256,
    8350.425599999999,
    2505.1276799999996,
    38669.297920000005,
    32824.0
  ],
  "hmk": [
    2646.784,
    536.7839999999999,
    161.03519999999995,
    2485.7488000000003,
    2110.0
  ],
  "wzm": [
    32512.793599999997,
    2569.2904999999946,
    770.7871499999984,
    31742.006449999997,
    25919.0
  ]
}