{
  "syj": [
    32591.170700000002,
    -13963.2126,
    0.0,
    32591.170700000002,
    49463.0
  ],
  "cl": [
    17864.7557,
    -8769.108300000002,
    0.0,
    17864.7557,
    27113.0
  ],
  "zb": [
    10516.7029,
    -5444.2971,
    0.0,
    10516.7029,
    15961.0
  ],
  "zy": [
    5501.8150000000005,
    -2848.1849999999995,
    0.0,
    5501.8150000000005,
    8350.0
  ],
  "lbc": [
    23460.793400000002,
    -12145.206599999998,
    0.0,
    23460.793400000002,
    35606.0
  ],
  "lz": [
    18441.952100000002,
    -9547.0479,
    0.0,
    18441.952100000002,
    27989.0
  ],
  "house": [
    44933.026600000005,
    -23260.9734,
    0.0,
    44933.026600000005,
    68194.0
  ],
  "lhx": [
    0.0,
    0.0,
    0.0,
    0.0,
    0.0
  ],
  "sey": [
    0.0,
    0.0,
    0.0,
    0.0,
    0.0
  ],
  "miao": [
    63.91330000000001,
    -33.08669999999999,
    0.0,
    63.91330000000001,
    97.0
  ],
  "hmk": [
    1390.279,
    -719.7209999999999,
    0.0,
    1390.279,
    2110.0
  ],
  "wzm": [
    17078.0291,
    -12865.474000000004,
    0.0,
    17078.0291,
    25919.0
  ],
  "lly": [
    5216.5113,
    -4774.7427,
    0.0,
    5216.5113,
    7917.0
  ]
}