{
  "syj": [
    22248.4574,
    -24305.925900000006,
    0.0,
    22248.4574,
    49463.0
  ],
  "cl": [
    12195.427399999999,
    -14438.436600000003,
    0.0,
    12195.427399999999,
    27113.0
  ],
  "zb": [
    7179.257799999999,
    -8781.7422,
    0.0,
    7179.257799999999,
    15961.0
  ],
  "zy": [
    3755.83,
    -4594.17,
    0.0,
    3755.83,
    8350.0
  ],
  "lbc": [
    16015.5788,
    -19590.4212,
    0.0,
    16015.5788,
    35606.0
  ],
  "lz": [
    12589.4522,
    -15399.5478,
    0.0,
    12589.4522,
    27989.0
  ],
  "house": [
    30673.6612,
    -37520.338800000005,
    0.0,
    30673.6612,
    68194.0
  ],
  "lhx": [
    0.0,
    0.0,
    0.0,
    0.0,
    0.0
  ],
  "sey": [
    0.0,
    0.0,
    0.0,
    0.0,
    0.0
  ],
  "miao": [
    43.6306,
    -53.3694,
    0.0,
    43.6306,
    97.0
  ],
  "hmk": [
    949.078,
    -1160.922,
    0.0,
    949.078,
    2110.0
  ],
  "wzm": [
    11658.366199999999,
    -18285.136900000005,
    0.0,
    11658.366199999999,
    25919.0
  ],
  "lly": [
    3561.0665999999997,
    -6430.187400000001,
    0.0,
    3561.0665999999997,
    7917.0
  ]
}