{
  "syj": [
    37384.1354,
    -9170.247900000002,
    0.0,
    37384.1354,
    49463.0
  ],
  "cl": [
    20492.005400000002,
    -6141.858600000002,
    0.0,
    20492.005400000002,
    27113.0
  ],
  "zb": [
    12063.3238,
    -3897.6761999999994,
    0.0,
    12063.3238,
    15961.0
  ],
  "zy": [
    6310.93,
    -2039.0699999999997,
    0.0,
    6310.93,
    8350.0
  ],
  "lbc": [
    26911.0148,
    -8694.9852,
    0.0,
    26911.0148,
    35606.0
  ],
  "lz": [
    21154.0862,
    -6834.913799999999,
    0.0,
    21154.0862,
    27989.0
  ],
  "house": [
    51541.025200000004,
    -16652.974799999996,
    0.0,
    51541.025200000004,
    68194.0
  ],
  "lhx": [
    0.0,
    0.0,
    0.0,
    0.0,
    0.0
  ],
  "sey": [
    0.0,
    0.0,
    0.0,
    0.0,
    0.0
  ],
  "miao": [
    73.3126,
    -23.687399999999997,
    0.0,
    73.3126,
    97.0
  ],
  "hmk": [
    1594.738,
    -515.262,
    0.0,
    1594.738,
    2110.0
  ],
  "wzm": [
    19589.5802,
    -10353.922900000003,
    0.0,
    19589.5802,
    25919.0
  ],
  "lly": [
    5983.6686,
    -4007.5854,
    0.0,
    5983.6686,
    7917.0
  ]
}