{
  "syj": [
    35615.8244,
    -1538.1755999999998,
    0.0,
    35615.8244,
    37154.0
  ],
  "cl": [
    25990.5218,
    -643.3422000000024,
    0.0,
    25990.5218,
    27113.0
  ],
  "zb": [
    15300.2146,
    -660.7853999999999,
    0.0,
    15300.2146,
    15961.0
  ],
  "zy": [
    8004.31,
    -345.68999999999994,
    0.0,
    8004.31,
    8350.0
  ],
  "lbc": [
    34131.9116,
    -1474.0883999999996,
    0.0,
    34131.9116,
    35606.0
  ],
  "lz": [
    26830.255400000002,
    -1158.7445999999998,
    0.0,
    26830.255400000002,
    27989.0
  ],
  "house": [
    65370.7684,
    -2823.2315999999996,
    0.0,
    65370.7684,
    68194.0
  ],
  "lhx": [
    5338.4434,
    -230.55659999999995,
    0.0,
    5338.4434,
    5569.0
  ],
  "sey": [
    6460.964,
    -279.03599999999994,
    0.0,
    6460.964,
    6740.0
  ],
  "miao": [
    31465.0864,
    -1358.9135999999999,
    0.0,
    31465.0864,
    32824.0
  ],
  "hmk": [
    2022.646,
    -87.35399999999998,
    0.0,
    2022.646,
    2110.0
  ],
  "wzm": [
    24845.9534,
    -5097.549700000004,
    0.0,
    24845.9534,
    25919.0
  ],
  "lly": [
    7589.2362,
    -2402.0178,
    0.0,
    7589.2362,
    7917.0
  ]
}