{
  "syj": [
    49734.3444,
    12580.3444,
    0.0,
    49734.3444,
    37154.0
  ],
  "cl": [
    22350.6042,
    5653.6042,
    1696.08126,
    20654.522940000003,
    16697.0
  ],
  "zb": [
    21365.3946,
    5404.3946000000005,
    1621.3183800000002,
    19744.07622,
    15961.0
  ],
  "zy": [
    11177.31,
    2827.31,
    848.193,
    10329.117,
    8350.0
  ],
  "lbc": [
    47662.1916,
    12056.1916,
    0.0,
    47662.1916,
    35606.0
  ],
  "lz": [
    37466.0754,
    9477.0754,
    0.0,
    37466.0754,
    27989.0
  ],
  "house": [
    91284.4884,
    23090.488400000002,
    0.0,
    91284.4884,
    68194.0
  ],
  "lhx": [
    7454.6634,
    1885.6634000000001,
    565.69902,
    6888.96438,
    5569.0
  ],
  "sey": [
    9022.164,
    2282.164,
    684.6492000000001,
    8337.5148,
    6740.0
  ],
  "miao": [
    43938.2064,
    11114.206400000001,
    3334.2619200000004,
    40603.944480000006,
    32824.0
  ],
  "hmk": [
    2824.446,
    714.446,
    214.3338,
    2610.1122,
    2110.0
  ],
  "wzm": [
    24113.5404,
    4163.538299999998,
    1249.0614899999994,
    22864.47891,
    18014.0
  ]
}