{
  "syj": [
    22456.202,
    -24098.181300000004,
    0.0,
    22456.202,
    49463.0
  ],
  "cl": [
    12309.302,
    -14324.562,
    0.0,
    12309.302,
    27113.0
  ],
  "zb": [
    7246.294,
    -8714.706,
    0.0,
    7246.294,
    15961.0
  ],
  "zy": [
    3790.9,
    -4559.1,
    0.0,
    3790.9,
    8350.0
  ],
  "lbc": [
    16165.124,
    -19440.876,
    0.0,
    16165.124,
    35606.0
  ],
  "lz": [
    12707.006000000001,
    -15281.994,
    0.0,
    12707.006000000001,
    27989.0
  ],
  "house": [
    30960.076,
    -37233.924000000006,
    0.0,
    30960.076,
    68194.0
  ],
  "lhx": [
    0.0,
    0.0,
    0.0,
    0.0,
    0.0
  ],
  "sey": [
    0.0,
    0.0,
    0.0,
    0.0,
    0.0
  ],
  "miao": [
    44.038000000000004,
    -52.962,
    0.0,
    44.038000000000004,
    97.0
  ],
  "hmk": [
    957.94,
    -1152.0600000000002,
    0.0,
    957.94,
    2110.0
  ],
  "wzm": [
    11767.226,
    -18176.277100000007,
    0.0,
    11767.226,
    25919.0
  ],
  "lly": [
    3594.318,
    -6396.936000000001,
    0.0,
    3594.318,
    7917.0
  ]
}