{
  "syj": [
    40809.9536,
    3655.9536000000016,
    0.0,
    40809.9536,
    37154.0
  ],
  "cl": [
    18339.984800000002,
    1642.9848000000006,
    492.8954400000002,
    17847.08936,
    16697.0
  ],
  "zb": [
    17531.5624,
    1570.5624000000007,
    471.1687200000002,
    17060.393679999997,
    15961.0
  ],
  "zy": [
    9171.640000000001,
    821.6400000000003,
    246.49200000000008,
    8925.148000000001,
    8350.0
  ],
  "lbc": [
    39109.6304,
    3503.6304000000014,
    0.0,
    39109.6304,
    35606.0
  ],
  "lz": [
    30743.1176,
    2754.1176000000014,
    0.0,
    30743.1176,
    27989.0
  ],
  "house": [
    74904.2896,
    6710.289600000003,
    0.0,
    74904.2896,
    68194.0
  ],
  "lhx": [
    6116.9896,
    547.9896000000002,
    164.39688000000007,
    5952.59272,
    5569.0
  ],
  "sey": [
    7403.216,
    663.2160000000002,
    198.96480000000005,
    7204.251200000001,
    6740.0
  ],
  "miao": [
    36053.8816,
    3229.8816000000015,
    968.9644800000004,
    35084.91712,
    32824.0
  ],
  "hmk": [
    2317.6240000000003,
    207.62400000000008,
    62.28720000000002,
    2255.3368,
    2110.0
  ],
  "wzm": [
    19786.5776,
    -163.4245000000011,
    0.0,
    19786.5776,
    18014.0
  ]
}