{
  "syj": [
    29450.270200000003,
    -17104.113100000002,
    0.0,
    29450.270200000003,
    49463.0
  ],
  "cl": [
    16143.0802,
    -10490.783800000001,
    0.0,
    16143.0802,
    27113.0
  ],
  "zb": [
    9503.1794,
    -6457.820599999999,
    0.0,
    9503.1794,
    15961.0
  ],
  "zy": [
    4971.59,
    -3378.41,
    0.0,
    4971.59,
    8350.0
  ],
  "lbc": [
    21199.812400000003,
    -14406.1876,
    0.0,
    21199.812400000003,
    35606.0
  ],
  "lz": [
    16664.6506,
    -11324.3494,
    0.0,
    16664.6506,
    27989.0
  ],
  "house": [
    40602.7076,
    -27591.2924,
    0.0,
    40602.7076,
    68194.0
  ],
  "lhx": [
    0.0,
    0.0,
    0.0,
    0.0,
    0.0
  ],
  "sey": [
    0.0,
    0.0,
    0.0,
    0.0,
    0.0
  ],
  "miao": [
    57.753800000000005,
    -39.246199999999995,
    0.0,
    57.753800000000005,
    97.0
  ],
  "hmk": [
    1256.294,
    -853.7059999999999,
    0.0,
    1256.294,
    2110.0
  ],
  "wzm": [
    15432.172600000002,
    -14511.330500000004,
    0.0,
    15432.172600000002,
    25919.0
  ],
  "lly": [
    4713.781800000001,
    -5277.4722,
    0.0,
    4713.781800000001,
    7917.0
  ]
}