{
  "syj": [
    37769.9468,
    -8784.436500000005,
    0.0,
    37769.9468,
    49463.0
  ],
  "cl": [
    20703.4868,
    -5930.377200000004,
    0.0,
    20703.4868,
    27113.0
  ],
  "zb": [
    12187.819599999999,
    -3773.1804000000006,
    0.0,
    12187.819599999999,
    15961.0
  ],
  "zy": [
    6376.0599999999995,
    -1973.9400000000005,
    0.0,
    6376.0599999999995,
    8350.0
  ],
  "lbc": [
    27188.741599999998,
    -8417.258400000002,
    0.0,
    27188.741599999998,
    35606.0
  ],
  "lz": [
    21372.4004,
    -6616.599600000001,
    0.0,
    21372.4004,
    27989.0
  ],
  "house": [
    52072.9384,
    -16121.061600000005,
    0.0,
    52072.9384,
    68194.0
  ],
  "lhx": [
    0.0,
    0.0,
    0.0,
    0.0,
    0.0
  ],
  "sey": [
    0.0,
    0.0,
    0.0,
    0.0,
    0.0
  ],
  "miao": [
    74.0692,
    -22.930800000000005,
    0.0,
    74.0692,
    97.0
  ],
  "hmk": [
    1611.196,
    -498.8040000000001,
    0.0,
    1611.196,
    2110.0
  ],
  "wzm": [
    19791.7484,
    -10151.754700000005,
    0.0,
    19791.7484,
    25919.0
  ],
  "lly": [
    6045.4212,
    -3945.8328000000006,
    0.0,
    6045.4212,
    7917.0
  ]
}