{
  "syj": [
    37671.020800000006,
    -8883.362500000001,
    0.0,
    37671.020800000006,
    49463.0
  ],
  "cl": [
    20649.2608,
    -5984.603200000001,
    0.0,
    20649.2608,
    27113.0
  ],
  "zb": [
    12155.8976,
    -3805.1023999999993,
    0.0,
    12155.8976,
    15961.0
  ],
  "zy": [
    6359.360000000001,
    -1990.6399999999996,
    0.0,
    6359.360000000001,
    8350.0
  ],
  "lbc": [
    27117.5296,
    -8488.470399999998,
    0.0,
    27117.5296,
    35606.0
  ],
  "lz": [
    21316.422400000003,
    -6672.577599999999,
    0.0,
    21316.422400000003,
    27989.0
  ],
  "house": [
    51936.55040000001,
    -16257.449599999996,
    0.0,
    51936.55040000001,
    68194.0
  ],
  "lhx": [
    0.0,
    0.0,
    0.0,
    0.0,
    0.0
  ],
  "sey": [
    0.0,
    0.0,
    0.0,
    0.0,
    0.0
  ],
  "miao": [
    73.8752,
    -23.124799999999993,
    0.0,
    73.8752,
    97.0
  ],
  "hmk": [
    1606.976,
    -503.0239999999999,
    0.0,
    1606.976,
    2110.0
  ],
  "wzm": [
    19739.9104,
    -10203.592700000003,
    0.0,
    19739.9104,
    25919.0
  ],
  "lly": [
    6029.587200000001,
    -3961.6667999999995,
    0.0,
    6029.587200000001,
    7917.0
  ]
}