{
  "syj": [
    23494.925,
    -23059.458300000006,
    0.0,
    23494.925,
    49463.0
  ],
  "cl": [
    12878.675,
    -13755.189000000004,
    0.0,
    12878.675,
    27113.0
  ],
  "zb": [
    7581.474999999999,
    -8379.525,
    0.0,
    7581.474999999999,
    15961.0
  ],
  "zy": [
    3966.25,
    -4383.75,
    0.0,
    3966.25,
    8350.0
  ],
  "lbc": [
    16912.85,
    -18693.15,
    0.0,
    16912.85,
    35606.0
  ],
  "lz": [
    13294.775,
    -14694.225,
    0.0,
    13294.775,
    27989.0
  ],
  "house": [
    32392.149999999998,
    -35801.85,
    0.0,
    32392.149999999998,
    68194.0
  ],
  "lhx": [
    0.0,
    0.0,
    0.0,
    0.0,
    0.0
  ],
  "sey": [
    0.0,
    0.0,
    0.0,
    0.0,
    0.0
  ],
  "miao": [
    46.074999999999996,
    -50.925000000000004,
    0.0,
    46.074999999999996,
    97.0
  ],
  "hmk": [
    1002.25,
    -1107.75,
    0.0,
    1002.25,
    2110.0
  ],
  "wzm": [
    12311.525,
    -17631.978100000004,
    0.0,
    12311.525,
    25919.0
  ],
  "lly": [
    3760.575,
    -6230.679,
    0.0,
    3760.575,
    7917.0
  ]
}