{
  "syj": [
    42125.2052,
    4971.205199999997,
    0.0,
    42125.2052,
    37154.0
  ],
  "cl": [
    18931.0586,
    2234.0585999999985,
    670.2175799999995,
    18260.84102,
    16697.0
  ],
  "zb": [
    18096.5818,
    2135.5817999999986,
    640.6745399999995,
    17455.90726,
    15961.0
  ],
  "zy": [
    9467.23,
    1117.2299999999993,
    335.1689999999998,
    9132.061,
    8350.0
  ],
  "lbc": [
    40370.0828,
    4764.082799999997,
    0.0,
    40370.0828,
    35606.0
  ],
  "lz": [
    31733.9282,
    3744.9281999999976,
    0.0,
    31733.9282,
    27989.0
  ],
  "house": [
    77318.3572,
    9124.357199999995,
    0.0,
    77318.3572,
    68194.0
  ],
  "lhx": [
    6314.132199999999,
    745.1321999999996,
    223.53965999999986,
    6090.59254,
    5569.0
  ],
  "sey": [
    7641.812,
    901.8119999999994,
    270.5435999999998,
    7371.2684,
    6740.0
  ],
  "miao": [
    37215.8512,
    4391.851199999997,
    1317.5553599999992,
    35898.29584,
    32824.0
  ],
  "hmk": [
    2392.3179999999998,
    282.3179999999998,
    84.69539999999994,
    2307.6225999999997,
    2110.0
  ],
  "wzm": [
    29386.962199999998,
    -556.5409000000066,
    0.0,
    29386.962199999998,
    25919.0
  ],
  "lly": [
    8976.2946,
    -1014.9594000000008,
    0.0,
    8976.2946,
    7917.0
  ]
}