{
  "syj": [
    22362.2223,
    -24192.161000000004,
    0.0,
    22362.2223,
    49463.0
  ],
  "cl": [
    12257.7873,
    -14376.076700000001,
    0.0,
    12257.7873,
    27113.0
  ],
  "zb": [
    7215.9681,
    -8745.0319,
    0.0,
    7215.9681,
    15961.0
  ],
  "zy": [
    3775.035,
    -4574.965,
    0.0,
    3775.035,
    8350.0
  ],
  "lbc": [
    16097.472600000001,
    -19508.527400000003,
    0.0,
    16097.472600000001,
    35606.0
  ],
  "lz": [
    12653.8269,
    -15335.173100000002,
    0.0,
    12653.8269,
    27989.0
  ],
  "house": [
    30830.5074,
    -37363.492600000005,
    0.0,
    30830.5074,
    68194.0
  ],
  "lhx": [
    0.0,
    0.0,
    0.0,
    0.0,
    0.0
  ],
  "sey": [
    0.0,
    0.0,
    0.0,
    0.0,
    0.0
  ],
  "miao": [
    43.8537,
    -53.146300000000004,
    0.0,
    43.8537,
    97.0
  ],
  "hmk": [
    953.931,
    -1156.0690000000002,
    0.0,
    953.931,
    2110.0
  ],
  "wzm": [
    11717.9799,
    -18225.523200000007,
    0.0,
    11717.9799,
    25919.0
  ],
  "lly": [
    3579.2757,
    -6411.978300000001,
    0.0,
    3579.2757,
    7917.0
  ]
}