{
  "syj": [
    29430.484999999997,
    -17123.898300000004,
    0.0,
    29430.484999999997,
    49463.0
  ],
  "cl": [
    16132.234999999999,
    -10501.629000000003,
    0.0,
    16132.234999999999,
    27113.0
  ],
  "zb": [
    9496.795,
    -6464.205000000001,
    0.0,
    9496.795,
    15961.0
  ],
  "zy": [
    4968.25,
    -3381.75,
    0.0,
    4968.25,
    8350.0
  ],
  "lbc": [
    21185.57,
    -14420.43,
    0.0,
    21185.57,
    35606.0
  ],
  "lz": [
    16653.454999999998,
    -11335.545,
    0.0,
    16653.454999999998,
    27989.0
  ],
  "house": [
    40575.43,
    -27618.570000000003,
    0.0,
    40575.43,
    68194.0
  ],
  "lhx": [
    0.0,
    0.0,
    0.0,
    0.0,
    0.0
  ],
  "sey": [
    0.0,
    0.0,
    0.0,
    0.0,
    0.0
  ],
  "miao": [
    57.714999999999996,
    -39.285000000000004,
    0.0,
    57.714999999999996,
    97.0
  ],
  "hmk": [
    1255.45,
    -854.5500000000001,
    0.0,
    1255.45,
    2110.0
  ],
  "wzm": [
    15421.804999999998,
    -14521.698100000005,
    0.0,
    15421.804999999998,
    25919.0
  ],
  "lly": [
    4710.615,
    -5280.639,
    0.0,
    4710.615,
    7917.0
  ]
}