{
  "syj": [
    28545.097299999998,
    -18009.286000000007,
    0.0,
    28545.097299999998,
    49463.0
  ],
  "cl": [
    15646.912299999998,
    -10986.951700000003,
    0.0,
    15646.912299999998,
    27113.0
  ],
  "zb": [
    9211.0931,
    -6749.906900000001,
    0.0,
    9211.0931,
    15961.0
  ],
  "zy": [
    4818.785,
    -3531.2150000000006,
    0.0,
    4818.785,
    8350.0
  ],
  "lbc": [
    20548.222599999997,
    -15057.777400000003,
    0.0,
    20548.222599999997,
    35606.0
  ],
  "lz": [
    16152.451899999998,
    -11836.548100000002,
    0.0,
    16152.451899999998,
    27989.0
  ],
  "house": [
    39354.757399999995,
    -28839.242600000005,
    0.0,
    39354.757399999995,
    68194.0
  ],
  "lhx": [
    0.0,
    0.0,
    0.0,
    0.0,
    0.0
  ],
  "sey": [
    0.0,
    0.0,
    0.0,
    0.0,
    0.0
  ],
  "miao": [
    55.978699999999996,
    -41.021300000000004,
    0.0,
    55.978699999999996,
    97.0
  ],
  "hmk": [
    1217.6809999999998,
    -892.3190000000001,
    0.0,
    1217.6809999999998,
    2110.0
  ],
  "wzm": [
    14957.854899999998,
    -14985.648200000005,
    0.0,
    14957.854899999998,
    25919.0
  ],
  "lly": [
    4568.900699999999,
    -5422.353300000001,
    0.0,
    4568.900699999999,
    7917.0
  ]
}