{
  "syj": [
    44859.7396,
    7705.739600000001,
    0.0,
    44859.7396,
    37154.0
  ],
  "cl": [
    20159.9578,
    3462.9578000000006,
    1038.8873400000002,
    19121.07046,
    16697.0
  ],
  "zb": [
    19271.3114,
    3310.3114000000005,
    993.0934200000002,
    18278.217979999998,
    15961.0
  ],
  "zy": [
    10081.79,
    1731.7900000000002,
    519.537,
    9562.253,
    8350.0
  ],
  "lbc": [
    42990.6844,
    7384.684400000001,
    0.0,
    42990.6844,
    35606.0
  ],
  "lz": [
    33793.9186,
    5804.918600000001,
    0.0,
    33793.9186,
    27989.0
  ],
  "house": [
    82337.4356,
    14143.435600000003,
    0.0,
    82337.4356,
    68194.0
  ],
  "lhx": [
    6724.0106000000005,
    1155.0106,
    346.50318,
    6377.507420000001,
    5569.0
  ],
  "sey": [
    8137.876,
    1397.8760000000002,
    419.36280000000005,
    7718.5132,
    6740.0
  ],
  "miao": [
    39631.6976,
    6807.697600000001,
    2042.3092800000004,
    37589.38832,
    32824.0
  ],
  "hmk": [
    2547.614,
    437.61400000000003,
    131.2842,
    2416.3298,
    2110.0
  ],
  "wzm": [
    21750.103600000002,
    1800.1014999999986,
    540.0304499999995,
    21210.073150000004,
    18014.0
  ]
}