{
  "syj": [
    31275.454899999997,
    -15278.928400000004,
    0.0,
    31275.454899999997,
    49463.0
  ],
  "cl": [
    17143.549899999998,
    -9490.314100000003,
    0.0,
    17143.549899999998,
    27113.0
  ],
  "zb": [
    10092.1403,
    -5868.8597,
    0.0,
    10092.1403,
    15961.0
  ],
  "zy": [
    5279.705,
    -3070.295,
    0.0,
    5279.705,
    8350.0
  ],
  "lbc": [
    22513.6738,
    -13092.326200000001,
    0.0,
    22513.6738,
    35606.0
  ],
  "lz": [
    17697.4447,
    -10291.5553,
    0.0,
    17697.4447,
    27989.0
  ],
  "house": [
    43119.0662,
    -25074.933800000003,
    0.0,
    43119.0662,
    68194.0
  ],
  "lhx": [
    0.0,
    0.0,
    0.0,
    0.0,
    0.0
  ],
  "sey": [
    0.0,
    0.0,
    0.0,
    0.0,
    0.0
  ],
  "miao": [
    61.333099999999995,
    -35.666900000000005,
    0.0,
    61.333099999999995,
    97.0
  ],
  "hmk": [
    1334.153,
    -775.8470000000001,
    0.0,
    1334.153,
    2110.0
  ],
  "wzm": [
    16388.5837,
    -13554.919400000004,
    0.0,
    16388.5837,
    25919.0
  ],
  "lly": [
    5005.9191,
    -4985.334900000001,
    0.0,
    5005.9191,
    7917.0
  ]
}