{
  "syj": [
    47018.387,
    9864.387000000002,
    0.0,
    47018.387,
    37154.0
  ],
  "cl": [
    21130.0535,
    4433.053500000001,
    1329.9160500000003,
    19800.137450000002,
    16697.0
  ],
  "zb": [
    20198.645500000002,
    4237.645500000001,
    1271.2936500000003,
    18927.351850000003,
    15961.0
  ],
  "zy": [
    10566.925000000001,
    2216.9250000000006,
    665.0775000000002,
    9901.847500000002,
    8350.0
  ],
  "lbc": [
    45059.393000000004,
    9453.393000000002,
    0.0,
    45059.393000000004,
    35606.0
  ],
  "lz": [
    35420.0795,
    7431.079500000002,
    0.0,
    35420.0795,
    27989.0
  ],
  "house": [
    86299.507,
    18105.507000000005,
    0.0,
    86299.507,
    68194.0
  ],
  "lhx": [
    7047.5695000000005,
    1478.5695000000003,
    443.57085000000006,
    6603.99865,
    5569.0
  ],
  "sey": [
    8529.470000000001,
    1789.4700000000005,
    536.8410000000001,
    7992.629000000001,
    6740.0
  ],
  "miao": [
    41538.772000000004,
    8714.772000000003,
    2614.431600000001,
    38924.3404,
    32824.0
  ],
  "hmk": [
    2670.205,
    560.2050000000002,
    168.06150000000005,
    2502.1434999999997,
    2110.0
  ],
  "wzm": [
    32800.4945,
    2856.991399999997,
    857.0974199999991,
    31943.397080000002,
    25919.0
  ],
  "lly": [
    10018.9635,
    27.709500000000464,
    8.31285000000014,
    10010.65065,
    7917.0
  ]
}