{
  "syj": [
    27659.709600000002,
    -18894.673700000003,
    0.0,
    27659.709600000002,
    49463.0
  ],
  "cl": [
    15161.589600000001,
    -11472.274400000002,
    0.0,
    15161.589600000001,
    27113.0
  ],
  "zb": [
    8925.3912,
    -7035.608799999999,
    0.0,
    8925.3912,
    15961.0
  ],
  "zy": [
    4669.320000000001,
    -3680.68,
    0.0,
    4669.320000000001,
    8350.0
  ],
  "lbc": [
    19910.875200000002,
    -15695.1248,
    0.0,
    19910.875200000002,
    35606.0
  ],
  "lz": [
    15651.4488,
    -12337.5512,
    0.0,
    15651.4488,
    27989.0
  ],
  "house": [
    38134.084800000004,
    -30059.9152,
    0.0,
    38134.084800000004,
    68194.0
  ],
  "lhx": [
    0.0,
    0.0,
    0.0,
    0.0,
    0.0
  ],
  "sey": [
    0.0,
    0.0,
    0.0,
    0.0,
    0.0
  ],
  "miao": [
    54.2424,
    -42.7576,
    0.0,
    54.2424,
    97.0
  ],
  "hmk": [
    1179.912,
    -930.088,
    0.0,
    1179.912,
    2110.0
  ],
  "wzm": [
    14493.9048,
    -15449.598300000003,
    0.0,
    14493.9048,
    25919.0
  ],
  "lly": [
    4427.1864000000005,
    -5564.067599999999,
    0.0,
    4427.1864000000005,
    7917.0
  ]
}