{
  "syj": [
    26650.664399999998,
    -19903.718900000007,
    0.0,
    26650.664399999998,
    49463.0
  ],
  "cl": [
    14608.4844,
    -12025.379600000004,
    0.0,
    14608.4844,
    27113.0
  ],
  "zb": [
    8599.7868,
    -7361.213200000001,
    0.0,
    8599.7868,
    15961.0
  ],
  "zy": [
    4498.98,
    -3851.0200000000004,
    0.0,
    4498.98,
    8350.0
  ],
  "lbc": [
    19184.512799999997,
    -16421.487200000003,
    0.0,
    19184.512799999997,
    35606.0
  ],
  "lz": [
    15080.473199999999,
    -12908.526800000001,
    0.0,
    15080.473199999999,
    27989.0
  ],
  "house": [
    36742.9272,
    -31451.072800000005,
    0.0,
    36742.9272,
    68194.0
  ],
  "lhx": [
    0.0,
    0.0,
    0.0,
    0.0,
    0.0
  ],
  "sey": [
    0.0,
    0.0,
    0.0,
    0.0,
    0.0
  ],
  "miao": [
    52.2636,
    -44.7364,
    0.0,
    52.2636,
    97.0
  ],
  "hmk": [
    1136.868,
    -973.1320000000001,
    0.0,
    1136.868,
    2110.0
  ],
  "wzm": [
    13965.157199999998,
    -15978.345900000006,
    0.0,
    13965.157199999998,
    25919.0
  ],
  "lly": [
    4265.6795999999995,
    -5725.5744,
    0.0,
    4265.6795999999995,
    7917.0
  ]
}