{
  "syj": [
    41855.590599999996,
    -4698.792700000005,
    0.0,
    41855.590599999996,
    49463.0
  ],
  "cl": [
    22943.0206,
    -3690.843400000004,
    0.0,
    22943.0206,
    27113.0
  ],
  "zb": [
    13506.198199999999,
    -2454.8018000000006,
    0.0,
    13506.198199999999,
    15961.0
  ],
  "zy": [
    7065.7699999999995,
    -1284.2300000000005,
    0.0,
    7065.7699999999995,
    8350.0
  ],
  "lbc": [
    30129.797199999997,
    -5476.202800000002,
    0.0,
    30129.797199999997,
    35606.0
  ],
  "lz": [
    23684.2918,
    -4304.708200000001,
    0.0,
    23684.2918,
    27989.0
  ],
  "house": [
    57705.7628,
    -10488.237200000003,
    0.0,
    57705.7628,
    68194.0
  ],
  "lhx": [
    0.0,
    0.0,
    0.0,
    0.0,
    0.0
  ],
  "sey": [
    0.0,
    0.0,
    0.0,
    0.0,
    0.0
  ],
  "miao": [
    82.0814,
    -14.918600000000005,
    0.0,
    82.0814,
    97.0
  ],
  "hmk": [
    1785.482,
    -324.5180000000001,
    0.0,
    1785.482,
    2110.0
  ],
  "wzm": [
    21932.657799999997,
    -8010.845300000005,
    0.0,
    21932.657799999997,
    25919.0
  ],
  "lly": [
    6699.3654,
    -3291.8886000000007,
    0.0,
    6699.3654,
    7917.0
  ]
}