{
  "syj": [
    36142.6141,
    -10411.769200000002,
    0.0,
    36142.6141,
    49463.0
  ],
  "cl": [
    19811.469100000002,
    -6822.394900000002,
    0.0,
    19811.469100000002,
    27113.0
  ],
  "zb": [
    11662.7027,
    -4298.2973,
    0.0,
    11662.7027,
    15961.0
  ],
  "zy": [
    6101.345,
    -2248.6549999999997,
    0.0,
    6101.345,
    8350.0
  ],
  "lbc": [
    26017.304200000002,
    -9588.6958,
    0.0,
    26017.304200000002,
    35606.0
  ],
  "lz": [
    20451.5623,
    -7537.4376999999995,
    0.0,
    20451.5623,
    27989.0
  ],
  "house": [
    49829.3558,
    -18364.6442,
    0.0,
    49829.3558,
    68194.0
  ],
  "lhx": [
    0.0,
    0.0,
    0.0,
    0.0,
    0.0
  ],
  "sey": [
    0.0,
    0.0,
    0.0,
    0.0,
    0.0
  ],
  "miao": [
    70.8779,
    -26.1221,
    0.0,
    70.8779,
    97.0
  ],
  "hmk": [
    1541.777,
    -568.223,
    0.0,
    1541.777,
    2110.0
  ],
  "wzm": [
    18939.0133,
    -11004.489800000005,
    0.0,
    18939.0133,
    25919.0
  ],
  "lly": [
    5784.9519,
    -4206.3021,
    0.0,
    5784.9519,
    7917.0
  ]
}