{
  "syj": [
    40887.977,
    3733.977000000001,
    0.0,
    40887.977,
    37154.0
  ],
  "cl": [
    18375.0485,
    1678.0485000000006,
    503.41455000000013,
    17871.63395,
    16697.0
  ],
  "zb": [
    17565.0805,
    1604.0805000000005,
    481.2241500000001,
    17083.85635,
    15961.0
  ],
  "zy": [
    9189.175000000001,
    839.1750000000003,
    251.75250000000008,
    8937.4225,
    8350.0
  ],
  "lbc": [
    39184.403,
    3578.403000000001,
    0.0,
    39184.403,
    35606.0
  ],
  "lz": [
    30801.894500000002,
    2812.894500000001,
    0.0,
    30801.894500000002,
    27989.0
  ],
  "house": [
    75047.497,
    6853.497000000002,
    0.0,
    75047.497,
    68194.0
  ],
  "lhx": [
    6128.6845,
    559.6845000000002,
    167.90535000000006,
    5960.77915,
    5569.0
  ],
  "sey": [
    7417.37,
    677.3700000000002,
    203.21100000000007,
    7214.159,
    6740.0
  ],
  "miao": [
    36122.812,
    3298.8120000000013,
    989.6436000000003,
    35133.168399999995,
    32824.0
  ],
  "hmk": [
    2322.0550000000003,
    212.05500000000006,
    63.616500000000016,
    2258.4385,
    2110.0
  ],
  "wzm": [
    19824.407,
    -125.59510000000127,
    0.0,
    19824.407,
    18014.0
  ]
}