{
  "syj": [
    62343.165199999996,
    15788.781899999994,
    0.0,
    62343.165199999996,
    49463.0
  ],
  "cl": [
    34173.2252,
    7539.361199999997,
    2261.808359999999,
    31911.41684,
    27113.0
  ],
  "zb": [
    20117.2444,
    4156.2444,
    1246.87332,
    18870.37108,
    15961.0
  ],
  "zy": [
    10524.34,
    2174.3399999999997,
    652.3019999999999,
    9872.038,
    8350.0
  ],
  "lbc": [
    44877.8024,
    9271.802399999999,
    0.0,
    44877.8024,
    35606.0
  ],
  "lz": [
    35277.3356,
    7288.335599999999,
    0.0,
    35277.3356,
    27989.0
  ],
  "house": [
    85951.7176,
    17757.717599999996,
    0.0,
    85951.7176,
    68194.0
  ],
  "lhx": [
    0.0,
    0.0,
    0.0,
    0.0,
    0.0
  ],
  "sey": [
    0.0,
    0.0,
    0.0,
    0.0,
    0.0
  ],
  "miao": [
    122.2588,
    25.258799999999997,
    7.577639999999999,
    114.68115999999999,
    97.0
  ],
  "hmk": [
    2659.444,
    549.444,
    164.83319999999998,
    2494.6108,
    2110.0
  ],
  "wzm": [
    32668.3076,
    2724.8044999999947,
    817.4413499999984,
    31850.866250000003,
    25919.0
  ],
  "lly": [
    9978.5868,
    -12.667200000000364,
    0.0,
    9978.5868,
    7917.0
  ]
}