{
  "syj": [
    40705.922399999996,
    3551.9223999999967,
    0.0,
    40705.922399999996,
    37154.0
  ],
  "cl": [
    18293.2332,
    1596.2331999999985,
    478.86995999999954,
    17814.36324,
    16697.0
  ],
  "zb": [
    17486.8716,
    1525.8715999999986,
    457.76147999999955,
    17029.110119999998,
    15961.0
  ],
  "zy": [
    9148.259999999998,
    798.2599999999992,
    239.47799999999975,
    8908.782,
    8350.0
  ],
  "lbc": [
    39009.9336,
    3403.9335999999967,
    0.0,
    39009.9336,
    35606.0
  ],
  "lz": [
    30664.748399999997,
    2675.748399999997,
    0.0,
    30664.748399999997,
    27989.0
  ],
  "house": [
    74713.3464,
    6519.346399999994,
    0.0,
    74713.3464,
    68194.0
  ],
  "lhx": [
    6101.3964,
    532.3963999999995,
    159.71891999999986,
    5941.677479999999,
    5569.0
  ],
  "sey": [
    7384.343999999999,
    644.3439999999994,
    193.3031999999998,
    7191.0408,
    6740.0
  ],
  "miao": [
    35961.9744,
    3137.974399999997,
    941.392319999999,
    35020.58208,
    32824.0
  ],
  "hmk": [
    2311.716,
    201.7159999999998,
    60.51479999999994,
    2251.2012,
    2110.0
  ],
  "wzm": [
    19736.1384,
    -213.86370000000355,
    0.0,
    19736.1384,
    18014.0
  ]
}