{
  "syj": [
    42449.1466,
    -4105.236700000005,
    0.0,
    42449.1466,
    49463.0
  ],
  "cl": [
    23268.3766,
    -3365.4874000000036,
    0.0,
    23268.3766,
    27113.0
  ],
  "zb": [
    13697.7302,
    -2263.2698000000005,
    0.0,
    13697.7302,
    15961.0
  ],
  "zy": [
    7165.969999999999,
    -1184.0300000000002,
    0.0,
    7165.969999999999,
    8350.0
  ],
  "lbc": [
    30557.069199999998,
    -5048.930800000001,
    0.0,
    30557.069199999998,
    35606.0
  ],
  "lz": [
    24020.159799999998,
    -3968.840200000001,
    0.0,
    24020.159799999998,
    27989.0
  ],
  "house": [
    58524.0908,
    -9669.909200000002,
    0.0,
    58524.0908,
    68194.0
  ],
  "lhx": [
    0.0,
    0.0,
    0.0,
    0.0,
    0.0
  ],
  "sey": [
    0.0,
    0.0,
    0.0,
    0.0,
    0.0
  ],
  "miao": [
    83.24539999999999,
    -13.754600000000003,
    0.0,
    83.24539999999999,
    97.0
  ],
  "hmk": [
    1810.802,
    -299.1980000000001,
    0.0,
    1810.802,
    2110.0
  ],
  "wzm": [
    22243.6858,
    -7699.817300000005,
    0.0,
    22243.6858,
    25919.0
  ],
  "lly": [
    6794.3694,
    -3196.8846000000003,
    0.0,
    6794.3694,
    7917.0
  ]
}