{
  "syj": [
    24830.426,
    -21723.957300000002,
    0.0,
    24830.426,
    49463.0
  ],
  "cl": [
    13610.726,
    -13023.138000000003,
    0.0,
    13610.726,
    27113.0
  ],
  "zb": [
    8012.4220000000005,
    -7948.5779999999995,
    0.0,
    8012.4220000000005,
    15961.0
  ],
  "zy": [
    4191.7,
    -4158.3,
    0.0,
    4191.7,
    8350.0
  ],
  "lbc": [
    17874.212,
    -17731.788,
    0.0,
    17874.212,
    35606.0
  ],
  "lz": [
    14050.478,
    -13938.522,
    0.0,
    14050.478,
    27989.0
  ],
  "house": [
    34233.388,
    -33960.612,
    0.0,
    34233.388,
    68194.0
  ],
  "lhx": [
    0.0,
    0.0,
    0.0,
    0.0,
    0.0
  ],
  "sey": [
    0.0,
    0.0,
    0.0,
    0.0,
    0.0
  ],
  "miao": [
    48.694,
    -48.306,
    0.0,
    48.694,
    97.0
  ],
  "hmk": [
    1059.22,
    -1050.78,
    0.0,
    1059.22,
    2110.0
  ],
  "wzm": [
    13011.338,
    -16932.165100000006,
    0.0,
    13011.338,
    25919.0
  ],
  "lly": [
    3974.334,
    -6016.92,
    0.0,
    3974.334,
    7917.0
  ]
}