{
  "syj": [
    35381.7542,
    -1772.2457999999988,
    0.0,
    35381.7542,
    37154.0
  ],
  "cl": [
    15900.553100000001,
    -796.4468999999995,
    0.0,
    15900.553100000001,
    16697.0
  ],
  "zb": [
    15199.660300000001,
    -761.3396999999994,
    0.0,
    15199.660300000001,
    15961.0
  ],
  "zy": [
    7951.705,
    -398.29499999999973,
    0.0,
    7951.705,
    8350.0
  ],
  "lbc": [
    33907.5938,
    -1698.4061999999988,
    0.0,
    33907.5938,
    35606.0
  ],
  "lz": [
    26653.9247,
    -1335.075299999999,
    0.0,
    26653.9247,
    27989.0
  ],
  "house": [
    64941.1462,
    -3252.8537999999976,
    0.0,
    64941.1462,
    68194.0
  ],
  "lhx": [
    5303.3587,
    -265.64129999999983,
    0.0,
    5303.3587,
    5569.0
  ],
  "sey": [
    6418.502,
    -321.49799999999976,
    0.0,
    6418.502,
    6740.0
  ],
  "miao": [
    31258.2952,
    -1565.7047999999988,
    0.0,
    31258.2952,
    32824.0
  ],
  "hmk": [
    2009.353,
    -100.64699999999992,
    0.0,
    2009.353,
    2110.0
  ],
  "wzm": [
    24682.6637,
    -5260.8394000000035,
    0.0,
    24682.6637,
    25919.0
  ],
  "lly": [
    7539.359100000001,
    -2451.8949,
    0.0,
    7539.359100000001,
    7917.0
  ]
}