{
  "syj": [
    49794.4021,
    3240.0187999999935,
    0.0,
    49794.4021,
    49463.0
  ],
  "cl": [
    27294.657099999997,
    660.7930999999954,
    198.2379299999986,
    27096.419169999997,
    27113.0
  ],
  "zb": [
    16067.938699999999,
    106.93869999999886,
    32.08160999999966,
    16035.85709,
    15961.0
  ],
  "zy": [
    8405.945,
    55.9449999999994,
    16.78349999999982,
    8389.1615,
    8350.0
  ],
  "lbc": [
    35844.5602,
    238.56019999999745,
    0.0,
    35844.5602,
    35606.0
  ],
  "lz": [
    28176.526299999998,
    187.526299999998,
    0.0,
    28176.526299999998,
    27989.0
  ],
  "house": [
    68650.8998,
    456.8997999999951,
    0.0,
    68650.8998,
    68194.0
  ],
  "lhx": [
    0.0,
    0.0,
    0.0,
    0.0,
    0.0
  ],
  "sey": [
    0.0,
    0.0,
    0.0,
    0.0,
    0.0
  ],
  "miao": [
    97.64989999999999,
    0.649899999999993,
    0.1949699999999979,
    97.45492999999999,
    97.0
  ],
  "hmk": [
    2124.1369999999997,
    14.136999999999848,
    4.241099999999954,
    2119.8959,
    2110.0
  ],
  "wzm": [
    26092.6573,
    -3850.8458000000064,
    0.0,
    26092.6573,
    25919.0
  ],
  "lly": [
    7970.0439,
    -2021.2101000000007,
    0.0,
    7970.0439,
    7917.0
  ]
}