{
  "syj": [
    26774.3219,
    -19780.061400000002,
    0.0,
    26774.3219,
    49463.0
  ],
  "cl": [
    14676.2669,
    -11957.597100000003,
    0.0,
    14676.2669,
    27113.0
  ],
  "zb": [
    8639.6893,
    -7321.3107,
    0.0,
    8639.6893,
    15961.0
  ],
  "zy": [
    4519.8550000000005,
    -3830.145,
    0.0,
    4519.8550000000005,
    8350.0
  ],
  "lbc": [
    19273.5278,
    -16332.4722,
    0.0,
    19273.5278,
    35606.0
  ],
  "lz": [
    15150.4457,
    -12838.5543,
    0.0,
    15150.4457,
    27989.0
  ],
  "house": [
    36913.4122,
    -31280.5878,
    0.0,
    36913.4122,
    68194.0
  ],
  "lhx": [
    0.0,
    0.0,
    0.0,
    0.0,
    0.0
  ],
  "sey": [
    0.0,
    0.0,
    0.0,
    0.0,
    0.0
  ],
  "miao": [
    52.5061,
    -44.4939,
    0.0,
    52.5061,
    97.0
  ],
  "hmk": [
    1142.143,
    -967.857,
    0.0,
    1142.143,
    2110.0
  ],
  "wzm": [
    14029.9547,
    -15913.548400000005,
    0.0,
    14029.9547,
    25919.0
  ],
  "lly": [
    4285.4721,
    -5705.7819,
    0.0,
    4285.4721,
    7917.0
  ]
}