{
  "syj": [
    22916.2079,
    -23638.175400000004,
    0.0,
    22916.2079,
    49463.0
  ],
  "cl": [
    12561.4529,
    -14072.411100000005,
    0.0,
    12561.4529,
    27113.0
  ],
  "zb": [
    7394.7312999999995,
    -8566.268699999999,
    0.0,
    7394.7312999999995,
    15961.0
  ],
  "zy": [
    3868.555,
    -4481.445,
    0.0,
    3868.555,
    8350.0
  ],
  "lbc": [
    16496.2598,
    -19109.7402,
    0.0,
    16496.2598,
    35606.0
  ],
  "lz": [
    12967.3037,
    -15021.6963,
    0.0,
    12967.3037,
    27989.0
  ],
  "house": [
    31594.2802,
    -36599.7198,
    0.0,
    31594.2802,
    68194.0
  ],
  "lhx": [
    0.0,
    0.0,
    0.0,
    0.0,
    0.0
  ],
  "sey": [
    0.0,
    0.0,
    0.0,
    0.0,
    0.0
  ],
  "miao": [
    44.9401,
    -52.0599,
    0.0,
    44.9401,
    97.0
  ],
  "hmk": [
    977.563,
    -1132.437,
    0.0,
    977.563,
    2110.0
  ],
  "wzm": [
    12008.2727,
    -17935.230400000004,
    0.0,
    12008.2727,
    25919.0
  ],
  "lly": [
    3667.9461,
    -6323.3079,
    0.0,
    3667.9461,
    7917.0
  ]
}