{
  "syj": [
    41692.3627,
    -4862.020600000004,
    0.0,
    41692.3627,
    49463.0
  ],
  "cl": [
    22853.5477,
    -3780.316300000003,
    0.0,
    22853.5477,
    27113.0
  ],
  "zb": [
    13453.526899999999,
    -2507.4731,
    0.0,
    13453.526899999999,
    15961.0
  ],
  "zy": [
    7038.215,
    -1311.785,
    0.0,
    7038.215,
    8350.0
  ],
  "lbc": [
    30012.2974,
    -5593.7026000000005,
    0.0,
    30012.2974,
    35606.0
  ],
  "lz": [
    23591.9281,
    -4397.071900000001,
    0.0,
    23591.9281,
    27989.0
  ],
  "house": [
    57480.7226,
    -10713.2774,
    0.0,
    57480.7226,
    68194.0
  ],
  "lhx": [
    0.0,
    0.0,
    0.0,
    0.0,
    0.0
  ],
  "sey": [
    0.0,
    0.0,
    0.0,
    0.0,
    0.0
  ],
  "miao": [
    81.76129999999999,
    -15.238700000000001,
    0.0,
    81.76129999999999,
    97.0
  ],
  "hmk": [
    1778.519,
    -331.48100000000005,
    0.0,
    1778.519,
    2110.0
  ],
  "wzm": [
    21847.1251,
    -8096.378000000005,
    0.0,
    21847.1251,
    25919.0
  ],
  "lly": [
    6673.2393,
    -3318.0147,
    0.0,
    6673.2393,
    7917.0
  ]
}