{
  "syj": [
    37057.3996,
    -96.60040000000174,
    0.0,
    37057.3996,
    37154.0
  ],
  "cl": [
    16653.587799999998,
    -43.41220000000078,
    0.0,
    16653.587799999998,
    16697.0
  ],
  "zb": [
    15919.5014,
    -41.49860000000074,
    0.0,
    15919.5014,
    15961.0
  ],
  "zy": [
    8328.289999999999,
    -21.71000000000039,
    0.0,
    8328.289999999999,
    8350.0
  ],
  "lbc": [
    35513.424399999996,
    -92.57560000000166,
    0.0,
    35513.424399999996,
    35606.0
  ],
  "lz": [
    27916.2286,
    -72.77140000000131,
    0.0,
    27916.2286,
    27989.0
  ],
  "house": [
    68016.69559999999,
    -177.3044000000032,
    0.0,
    68016.69559999999,
    68194.0
  ],
  "lhx": [
    5554.5206,
    -14.47940000000026,
    0.0,
    5554.5206,
    5569.0
  ],
  "sey": [
    6722.476,
    -17.524000000000314,
    0.0,
    6722.476,
    6740.0
  ],
  "miao": [
    32738.6576,
    -85.34240000000153,
    0.0,
    32738.6576,
    32824.0
  ],
  "hmk": [
    2104.514,
    -5.486000000000098,
    0.0,
    2104.514,
    2110.0
  ],
  "wzm": [
    9982.9766,
    0.0,
    0.0,
    9982.9766,
    10009.0
  ]
}