{
  "syj": [
    23643.314,
    -22911.069300000003,
    0.0,
    23643.314,
    49463.0
  ],
  "cl": [
    12960.014,
    -13673.850000000004,
    0.0,
    12960.014,
    27113.0
  ],
  "zb": [
    7629.357999999999,
    -8331.642,
    0.0,
    7629.357999999999,
    15961.0
  ],
  "zy": [
    3991.2999999999997,
    -4358.7,
    0.0,
    3991.2999999999997,
    8350.0
  ],
  "lbc": [
    17019.667999999998,
    -18586.332000000002,
    0.0,
    17019.667999999998,
    35606.0
  ],
  "lz": [
    13378.742,
    -14610.258,
    0.0,
    13378.742,
    27989.0
  ],
  "house": [
    32596.732,
    -35597.268000000004,
    0.0,
    32596.732,
    68194.0
  ],
  "lhx": [
    0.0,
    0.0,
    0.0,
    0.0,
    0.0
  ],
  "sey": [
    0.0,
    0.0,
    0.0,
    0.0,
    0.0
  ],
  "miao": [
    46.366,
    -50.634,
    0.0,
    46.366,
    97.0
  ],
  "hmk": [
    1008.5799999999999,
    -1101.42,
    0.0,
    1008.5799999999999,
    2110.0
  ],
  "wzm": [
    12389.282,
    -17554.221100000006,
    0.0,
    12389.282,
    25919.0
  ],
  "lly": [
    3784.326,
    -6206.928,
    0.0,
    3784.326,
    7917.0
  ]
}