{
  "syj": [
    24800.748199999998,
    -21753.635100000007,
    0.0,
    24800.748199999998,
    49463.0
  ],
  "cl": [
    13594.4582,
    -13039.405800000004,
    0.0,
    13594.4582,
    27113.0
  ],
  "zb": [
    8002.845399999999,
    -7958.154600000001,
    0.0,
    8002.845399999999,
    15961.0
  ],
  "zy": [
    4186.69,
    -4163.31,
    0.0,
    4186.69,
    8350.0
  ],
  "lbc": [
    17852.8484,
    -17753.1516,
    0.0,
    17852.8484,
    35606.0
  ],
  "lz": [
    14033.684599999999,
    -13955.315400000001,
    0.0,
    14033.684599999999,
    27989.0
  ],
  "house": [
    34192.4716,
    -34001.5284,
    0.0,
    34192.4716,
    68194.0
  ],
  "lhx": [
    0.0,
    0.0,
    0.0,
    0.0,
    0.0
  ],
  "sey": [
    0.0,
    0.0,
    0.0,
    0.0,
    0.0
  ],
  "miao": [
    48.635799999999996,
    -48.364200000000004,
    0.0,
    48.635799999999996,
    97.0
  ],
  "hmk": [
    1057.954,
    -1052.046,
    0.0,
    1057.954,
    2110.0
  ],
  "wzm": [
    12995.7866,
    -16947.716500000006,
    0.0,
    12995.7866,
    25919.0
  ],
  "lly": [
    3969.5838,
    -6021.6702000000005,
    0.0,
    3969.5838,
    7917.0
  ]
}