{
  "syj": [
    26878.194199999998,
    -19676.189100000003,
    0.0,
    26878.194199999998,
    49463.0
  ],
  "cl": [
    14733.2042,
    -11900.659800000003,
    0.0,
    14733.2042,
    27113.0
  ],
  "zb": [
    8673.2074,
    -7287.7926,
    0.0,
    8673.2074,
    15961.0
  ],
  "zy": [
    4537.39,
    -3812.61,
    0.0,
    4537.39,
    8350.0
  ],
  "lbc": [
    19348.3004,
    -16257.6996,
    0.0,
    19348.3004,
    35606.0
  ],
  "lz": [
    15209.2226,
    -12779.7774,
    0.0,
    15209.2226,
    27989.0
  ],
  "house": [
    37056.6196,
    -31137.380400000002,
    0.0,
    37056.6196,
    68194.0
  ],
  "lhx": [
    0.0,
    0.0,
    0.0,
    0.0,
    0.0
  ],
  "sey": [
    0.0,
    0.0,
    0.0,
    0.0,
    0.0
  ],
  "miao": [
    52.7098,
    -44.2902,
    0.0,
    52.7098,
    97.0
  ],
  "hmk": [
    1146.574,
    -963.426,
    0.0,
    1146.574,
    2110.0
  ],
  "wzm": [
    14084.3846,
    -15859.118500000004,
    0.0,
    14084.3846,
    25919.0
  ],
  "lly": [
    4302.0978,
    -5689.1562,
    0.0,
    4302.0978,
    7917.0
  ]
}