{
  "syj": [
    47187.702,
    633.3186999999949,
    0.0,
    47187.702,
    49463.0
  ],
  "cl": [
    25865.802,
    -768.0620000000036,
    0.0,
    25865.802,
    27113.0
  ],
  "zb": [
    15226.794,
    -734.2060000000007,
    0.0,
    15226.794,
    15961.0
  ],
  "zy": [
    7965.9,
    -384.10000000000036,
    0.0,
    7965.9,
    8350.0
  ],
  "lbc": [
    33968.123999999996,
    -1637.8760000000016,
    0.0,
    33968.123999999996,
    35606.0
  ],
  "lz": [
    26701.505999999998,
    -1287.494000000001,
    0.0,
    26701.505999999998,
    27989.0
  ],
  "house": [
    65057.075999999994,
    -3136.9240000000027,
    0.0,
    65057.075999999994,
    68194.0
  ],
  "lhx": [
    0.0,
    0.0,
    0.0,
    0.0,
    0.0
  ],
  "sey": [
    0.0,
    0.0,
    0.0,
    0.0,
    0.0
  ],
  "miao": [
    92.538,
    -4.462000000000004,
    0.0,
    92.538,
    97.0
  ],
  "hmk": [
    2012.9399999999998,
    -97.06000000000009,
    0.0,
    2012.9399999999998,
    2110.0
  ],
  "wzm": [
    24726.726,
    -5216.777100000006,
    0.0,
    24726.726,
    25919.0
  ],
  "lly": [
    7552.817999999999,
    -2438.4360000000006,
    0.0,
    7552.817999999999,
    7917.0
  ]
}