{
  "syj": [
    23435.5694,
    -23118.813900000005,
    0.0,
    23435.5694,
    49463.0
  ],
  "cl": [
    12846.1394,
    -13787.724600000003,
    0.0,
    12846.1394,
    27113.0
  ],
  "zb": [
    7562.3218,
    -8398.6782,
    0.0,
    7562.3218,
    15961.0
  ],
  "zy": [
    3956.23,
    -4393.77,
    0.0,
    3956.23,
    8350.0
  ],
  "lbc": [
    16870.1228,
    -18735.8772,
    0.0,
    16870.1228,
    35606.0
  ],
  "lz": [
    13261.1882,
    -14727.8118,
    0.0,
    13261.1882,
    27989.0
  ],
  "house": [
    32310.3172,
    -35883.6828,
    0.0,
    32310.3172,
    68194.0
  ],
  "lhx": [
    0.0,
    0.0,
    0.0,
    0.0,
    0.0
  ],
  "sey": [
    0.0,
    0.0,
    0.0,
    0.0,
    0.0
  ],
  "miao": [
    45.9586,
    -51.0414,
    0.0,
    45.9586,
    97.0
  ],
  "hmk": [
    999.718,
    -1110.282,
    0.0,
    999.718,
    2110.0
  ],
  "wzm": [
    12280.422199999999,
    -17663.080900000004,
    0.0,
    12280.422199999999,
    25919.0
  ],
  "lly": [
    3751.0746,
    -6240.1794,
    0.0,
    3751.0746,
    7917.0
  ]
}