{
  "benchmark": {
    "alpha": 0.0,
    "beta": 1.0,
    "sharpe_ratio": 0.8207601597346292,
    "sortino_ratio": 1.2436902633157556,
    "annual_volatility": 0.9509945052645292,
    "annual_return": 0.44730893393248716,
    "daily_winning_ratio": 0.5027932960893855,
    "max_drawdown": 0.2567406819984138
  },
  "strategy": {
    "alpha": 0.9287595485853823,
    "beta": 0.3946656446280347,
    "sharpe_ratio": 1.60750729799954,
    "sortino_ratio": 2.737810777883783,
    "annual_volatility": 0.600631923501899,
    "annual_return": 1.2847179001849152,
    "daily_winning_ratio": 0.5027932960893855,
    "max_drawdown": 0.2567406819984138
  }
}