{
  "benchmark": {
    "alpha": 0.0,
    "beta": 1.0,
    "sharpe_ratio": 0.6261301017158525,
    "sortino_ratio": 0.95038120799307,
    "annual_volatility": 0.9489754865352954,
    "annual_return": 0.20440842628699474,
    "daily_winning_ratio": 0.4913294797687861,
    "max_drawdown": 0.23676645519429018
  },
  "strategy": {
    "alpha": 1.2509588027194631,
    "beta": 0.391013815453465,
    "sharpe_ratio": 1.7647371305966377,
    "sortino_ratio": 3.1159810541283703,
    "annual_volatility": 0.5919250560663204,
    "annual_return": 1.4864326608892457,
    "daily_winning_ratio": 0.4913294797687861,
    "max_drawdown": 0.23676645519429018
  }
}