{
  "timestamp": 1625011200,
  "pps": 1.5345,
  "pnl_rate": 0.5345,
  "last_day_pnl_rate": 0.02779638312123233,
  "last_1m_pnl_rate": -0.1725532488541386,
  "last_3m_pnl_rate": -0.1210836817687153,
  "last_6m_pnl_rate": 0.5273215885338908,
  "last_12m_pnl_rate": 0.5345,
  "running_days": 181
}