{
  "timestamp": 1624492800,
  "pps": 1.6421,
  "pnl_rate": 0.6420999999999999,
  "last_day_pnl_rate": 0.0353067271924846,
  "last_1m_pnl_rate": -0.07581044574515987,
  "last_3m_pnl_rate": -0.034569933564583565,
  "last_6m_pnl_rate": 0.6420999999999999,
  "last_12m_pnl_rate": 0.6420999999999999,
  "running_days": 175
}