{
  "timestamp": 1624665600,
  "pps": 1.5469,
  "pnl_rate": 0.5468999999999999,
  "last_day_pnl_rate": -0.08396991768816257,
  "last_1m_pnl_rate": -0.12978172817281736,
  "last_3m_pnl_rate": -0.09437386569872959,
  "last_6m_pnl_rate": 0.5468999999999999,
  "last_12m_pnl_rate": 0.5468999999999999,
  "running_days": 177
}