{
  "timestamp": 1624060800,
  "pps": 1.7641,
  "pnl_rate": 0.7641,
  "last_day_pnl_rate": -0.06616907522100471,
  "last_1m_pnl_rate": 0.01935744828383225,
  "last_3m_pnl_rate": 0.022429581546308076,
  "last_6m_pnl_rate": 0.7641,
  "last_12m_pnl_rate": 0.7641,
  "running_days": 170
}