{
  "timestamp": 1624579200,
  "pps": 1.6887,
  "pnl_rate": 0.6887000000000001,
  "last_day_pnl_rate": 0.028378296084282443,
  "last_1m_pnl_rate": -0.038216197744617805,
  "last_3m_pnl_rate": -0.011878291398478633,
  "last_6m_pnl_rate": 0.6887000000000001,
  "last_12m_pnl_rate": 0.6887000000000001,
  "running_days": 176
}