{
  "timestamp": 1624752000,
  "pps": 1.5378,
  "pnl_rate": 0.5378000000000001,
  "last_day_pnl_rate": -0.0058827332083521144,
  "last_1m_pnl_rate": -0.1709526120006469,
  "last_3m_pnl_rate": -0.1117657251776122,
  "last_6m_pnl_rate": 0.5378000000000001,
  "last_12m_pnl_rate": 0.5378000000000001,
  "running_days": 178
}