{
  "cm": [
    2.751602999998649,
    1.038783001496906,
    0.4155132005987624,
    2.3360897993998866,
    1.6299999999991996
  ],
  "syj": [
    56622.520296,
    23080.360296,
    0.0,
    56622.520296,
    33542.16
  ],
  "hxy": [
    3.207389999990174,
    1.3073899999959946,
    0.6536949999979973,
    2.5536949999921763,
    1.8999999999941792
  ],
  "cl": [
    25447.043996999997,
    10372.673996999998,
    4149.0695988,
    21297.974398199996,
    15074.369999999999
  ],
  "zb": [
    24325.18338,
    9915.38338,
    3966.153352,
    20359.030027999997,
    14409.8
  ],
  "zy": [
    12726.146993999999,
    4996.155662,
    1998.4622648000002,
    10727.684729199998,
    7538.74
  ],
  "lbc": [
    54262.96164,
    21664.80164,
    0.0,
    54262.96164,
    32144.4
  ],
  "lz": [
    42655.07960999999,
    17386.97961,
    0.0,
    42655.07960999999,
    25268.1
  ],
  "house": [
    103927.03245,
    13864.924343386616,
    13864.924343386616,
    90062.10810661338,
    61564.5
  ],
  "lhx": [
    8487.597989999998,
    -1512.3923199999997,
    0.0,
    8487.597989999998,
    5027.9
  ],
  "sey": [
    10271.919689999999,
    271.99502999999976,
    108.79801199999991,
    10163.121678,
    6084.9
  ],
  "miao": [
    50023.4673,
    23.706399999997387,
    9.482559999998955,
    50013.98474,
    29633.0
  ],
  "hmk": [
    3215.8305,
    212.97899999999981,
    85.19159999999994,
    3130.6389,
    1905.0
  ]
}