{
  "cm": [
    1.89405999999907,
    0.18124000149732708,
    0.07249600059893084,
    1.8215639994001391,
    1.6299999999991996
  ],
  "syj": [
    38975.98992,
    5433.829919999998,
    0.0,
    38975.98992,
    33542.16
  ],
  "hxy": [
    2.2077999999932363,
    0.3077999999990569,
    0.15389999999952844,
    2.0538999999937078,
    1.8999999999941792
  ],
  "cl": [
    17516.41794,
    2442.0479399999986,
    976.8191759999995,
    16539.598764,
    15074.369999999999
  ],
  "zb": [
    16744.187599999997,
    2334.3875999999987,
    933.7550399999996,
    15810.432559999997,
    14409.8
  ],
  "zy": [
    8760.015879999999,
    1030.0245479999999,
    412.0098192,
    8348.006060799999,
    7538.74
  ],
  "lbc": [
    37351.792799999996,
    4753.632799999999,
    0.0,
    37351.792799999996,
    32144.4
  ],
  "lz": [
    29361.532199999998,
    4093.432199999998,
    0.0,
    29361.532199999998,
    25268.1
  ],
  "house": [
    71537.949,
    -18524.159106613384,
    0.0,
    71537.949,
    61564.5
  ],
  "lhx": [
    5842.419799999999,
    -4157.57051,
    0.0,
    5842.419799999999,
    5027.9
  ],
  "sey": [
    7070.653799999999,
    -2929.27086,
    0.0,
    7070.653799999999,
    6084.9
  ],
  "miao": [
    34433.545999999995,
    -15566.214900000003,
    0.0,
    34433.545999999995,
    29633.0
  ],
  "hmk": [
    2213.6099999999997,
    -789.2415000000002,
    0.0,
    2213.6099999999997,
    1905.0
  ]
}