{
  "cm": [
    2.1095459999989643,
    0.3967260014972214,
    0.1586904005988886,
    1.9508555994000758,
    1.6299999999991996
  ],
  "syj": [
    43410.263472000006,
    9868.103472,
    0.0,
    43410.263472000006,
    33542.16
  ],
  "hxy": [
    2.458979999992467,
    0.5589799999982875,
    0.27948999999914376,
    2.179489999993323,
    1.8999999999941792
  ],
  "cl": [
    19509.249654,
    4434.879654,
    1773.9518616000003,
    17735.2977924,
    15074.369999999999
  ],
  "zb": [
    18649.16316,
    4239.36316,
    1695.7452640000001,
    16953.417896,
    14409.8
  ],
  "zy": [
    9756.637308,
    2026.6459760000007,
    810.6583904000004,
    8945.9789176,
    7538.74
  ],
  "lbc": [
    41601.28248,
    9003.122480000002,
    0.0,
    41601.28248,
    32144.4
  ],
  "lz": [
    32701.975019999998,
    7433.87502,
    0.0,
    32701.975019999998,
    25268.1
  ],
  "house": [
    79676.77590000001,
    -10385.332206613379,
    0.0,
    79676.77590000001,
    61564.5
  ],
  "lhx": [
    6507.108179999999,
    -3492.882129999999,
    0.0,
    6507.108179999999,
    5027.9
  ],
  "sey": [
    7875.077579999999,
    -2124.8470799999996,
    0.0,
    7875.077579999999,
    6084.9
  ],
  "miao": [
    38351.0286,
    -11648.7323,
    0.0,
    38351.0286,
    29633.0
  ],
  "hmk": [
    2465.451,
    -537.4005000000001,
    0.0,
    2465.451,
    1905.0
  ]
}