{
  "cm": [
    1.93480999999905,
    0.22199000149730727,
    0.08879600059892291,
    1.846013999400127,
    1.6299999999991996
  ],
  "syj": [
    39814.543920000004,
    6272.383920000003,
    0.0,
    39814.543920000004,
    33542.16
  ],
  "hxy": [
    2.255299999993091,
    0.3552999999989116,
    0.1776499999994558,
    2.077649999993635,
    1.8999999999941792
  ],
  "cl": [
    17893.27719,
    2818.907190000001,
    1127.5628760000004,
    16765.714314,
    15074.369999999999
  ],
  "zb": [
    17104.4326,
    2694.632600000001,
    1077.8530400000004,
    16026.57956,
    14409.8
  ],
  "zy": [
    8948.48438,
    1218.493048000001,
    487.3972192000004,
    8461.0871608,
    7538.74
  ],
  "lbc": [
    38155.4028,
    5557.242800000004,
    0.0,
    38155.4028,
    32144.4
  ],
  "lz": [
    29993.2347,
    4725.134700000001,
    0.0,
    29993.2347,
    25268.1
  ],
  "house": [
    73077.0615,
    -16985.046606613378,
    0.0,
    73077.0615,
    61564.5
  ],
  "lhx": [
    5968.1173,
    -4031.873009999999,
    0.0,
    5968.1173,
    5027.9
  ],
  "sey": [
    7222.7762999999995,
    -2777.1483599999992,
    0.0,
    7222.7762999999995,
    6084.9
  ],
  "miao": [
    35174.371,
    -14825.389899999998,
    0.0,
    35174.371,
    29633.0
  ],
  "hmk": [
    2261.235,
    -741.6165,
    0.0,
    2261.235,
    1905.0
  ]
}