{
  "cm": [
    2.78958199999863,
    1.0767620014968875,
    0.43070480059875504,
    2.358877199399875
  ],
  "syj": [
    57404.052624,
    23861.892624000004,
    0.0,
    57404.052624
  ],
  "hxy": [
    3.2516599999900384,
    1.3516599999958592,
    0.6758299999979296,
    2.575829999992109
  ],
  "cl": [
    25798.276818,
    10723.906818,
    4289.5627272,
    21508.7140908
  ],
  "zb": [
    24660.93172,
    10251.13172,
    4100.452688,
    20560.479032
  ],
  "zy": [
    12901.799636,
    5171.808304000001,
    2068.7233216000004,
    10833.0763144
  ],
  "lbc": [
    55011.92616,
    22413.766160000003,
    0.0,
    55011.92616
  ],
  "lz": [
    43243.82634,
    17975.72634,
    0.0,
    43243.82634
  ],
  "house": [
    105361.4853,
    15299.377193386623,
    15299.377193386623,
    90062.10810661338
  ],
  "lhx": [
    8604.74806,
    -1395.242249999999,
    0.0,
    8604.74806
  ],
  "sey": [
    10413.69786,
    413.7732000000003,
    165.50928000000013,
    10248.18858
  ],
  "miao": [
    50713.9162,
    714.1553000000004,
    285.66212000000013,
    50428.25408
  ],
  "hmk": [
    3260.217,
    257.3655,
    102.9462,
    3157.2708000000002
  ]
}