{
  "cm": [
    2.102536999998968,
    0.3897170014972249,
    0.15588680059888996,
    1.9466501994000778,
    1.6299999999991996
  ],
  "syj": [
    43266.032184,
    9723.872184000003,
    0.0,
    43266.032184,
    33542.16
  ],
  "hxy": [
    2.450809999992492,
    0.5508099999983126,
    0.2754049999991563,
    2.1754049999933356,
    1.8999999999941792
  ],
  "cl": [
    19444.429863,
    4370.059863,
    1748.0239452000003,
    17696.405917800002,
    15074.369999999999
  ],
  "zb": [
    18587.20102,
    4177.40102,
    1670.9604080000001,
    16916.240612,
    14409.8
  ],
  "zy": [
    9724.220726,
    1994.2293940000009,
    797.6917576000004,
    8926.5289684,
    7538.74
  ],
  "lbc": [
    41463.06156,
    8864.901560000004,
    0.0,
    41463.06156,
    32144.4
  ],
  "lz": [
    32593.32219,
    7325.22219,
    0.0,
    32593.32219,
    25268.1
  ],
  "house": [
    79412.04855,
    -10650.059556613376,
    0.0,
    79412.04855,
    61564.5
  ],
  "lhx": [
    6485.4882099999995,
    -3514.502099999999,
    0.0,
    6485.4882099999995,
    5027.9
  ],
  "sey": [
    7848.91251,
    -2151.0121499999996,
    0.0,
    7848.91251,
    6084.9
  ],
  "miao": [
    38223.606700000004,
    -11776.154199999999,
    0.0,
    38223.606700000004,
    29633.0
  ],
  "hmk": [
    2457.2595,
    -545.592,
    0.0,
    2457.2595,
    1905.0
  ]
}