{
  "cm": [
    1.9292679999990527,
    0.2164480014973099,
    0.08657920059892396,
    1.8426887994001289,
    1.6299999999991996
  ],
  "syj": [
    39700.500576000006,
    6158.3405760000005,
    0.0,
    39700.500576000006,
    33542.16
  ],
  "hxy": [
    2.2488399999931104,
    0.3488399999989313,
    0.17441999999946564,
    2.0744199999936446,
    1.8999999999941792
  ],
  "cl": [
    17842.024331999997,
    2767.6543319999996,
    1107.0617327999998,
    16734.962599199996,
    15074.369999999999
  ],
  "zb": [
    17055.43928,
    2645.63928,
    1058.255712,
    15997.183567999999,
    14409.8
  ],
  "zy": [
    8922.852664,
    1192.8613320000004,
    477.1445328000002,
    8445.7081312,
    7538.74
  ],
  "lbc": [
    38046.11184,
    5447.9518400000015,
    0.0,
    38046.11184,
    32144.4
  ],
  "lz": [
    29907.323159999996,
    4639.22316,
    0.0,
    29907.323159999996,
    25268.1
  ],
  "house": [
    72867.7422,
    -17194.36590661338,
    0.0,
    72867.7422,
    61564.5
  ],
  "lhx": [
    5951.02244,
    -4048.967869999999,
    0.0,
    5951.02244,
    5027.9
  ],
  "sey": [
    7202.08764,
    -2797.83702,
    0.0,
    7202.08764,
    6084.9
  ],
  "miao": [
    35073.6188,
    -14926.142100000001,
    0.0,
    35073.6188,
    29633.0
  ],
  "hmk": [
    2254.758,
    -748.0935000000001,
    0.0,
    2254.758,
    1905.0
  ]
}