{
  "cm": [
    12785.173668,
    3047.9844563999995,
    2031.9896375999997,
    10753.1840304
  ],
  "syj": [
    58484.11017600001,
    24941.950176000002,
    0.0,
    58484.11017600001
  ],
  "hxy": [
    3.312839999989851,
    0.7064199999978359,
    0.7064199999978359,
    2.606419999992015
  ],
  "cl": [
    26283.671532,
    6725.5809192,
    4483.7206128,
    21799.9509192
  ],
  "zb": [
    25124.92728,
    6429.076368,
    4286.050912000001,
    20838.876367999997
  ],
  "zy": [
    13144.547064,
    3248.7334392000002,
    2165.8222928000005,
    10978.724771199999
  ],
  "lbc": [
    56046.97584000001,
    23448.815840000003,
    0.0,
    56046.97584000001
  ],
  "lz": [
    44057.45916,
    18789.35916,
    0.0,
    44057.45916
  ],
  "house": [
    97883.0886,
    0.0,
    16590.029826585982,
    81293.05877341403
  ],
  "lhx": [
    8766.64644,
    -1233.3438699999992,
    0,
    8766.64644
  ],
  "sey": [
    10609.63164,
    365.8241880000002,
    243.88279200000017,
    10365.748848
  ],
  "miao": [
    51668.0988,
    1001.0027400000002,
    667.3351600000002,
    51000.76364
  ]
}