{
  "cm": [
    2.214517999998913,
    0.5016980014971699,
    0.20067920059886799,
    2.013838799400045,
    1.6299999999991996
  ],
  "syj": [
    45570.378576,
    12028.218576000003,
    0.0,
    45570.378576,
    33542.16
  ],
  "hxy": [
    2.581339999992092,
    0.6813399999979127,
    0.34066999999895636,
    2.240669999993136,
    1.8999999999941792
  ],
  "cl": [
    20480.039082,
    5405.669082,
    2162.2676328000002,
    18317.771449199998,
    15074.369999999999
  ],
  "zb": [
    19577.15428,
    5167.3542800000005,
    2066.9417120000003,
    17510.212568,
    14409.8
  ],
  "zy": [
    10242.132164,
    2512.1408320000005,
    1004.8563328000002,
    9237.2758312,
    7538.74
  ],
  "lbc": [
    43671.38184,
    11073.221840000002,
    0.0,
    43671.38184,
    32144.4
  ],
  "lz": [
    34329.240659999996,
    9061.140660000001,
    0.0,
    34329.240659999996,
    25268.1
  ],
  "house": [
    83641.5297,
    -6420.578406613377,
    0.0,
    83641.5297,
    61564.5
  ],
  "lhx": [
    6830.904939999999,
    -3169.085369999999,
    0.0,
    6830.904939999999,
    5027.9
  ],
  "sey": [
    8266.94514,
    -1732.9795199999996,
    0.0,
    8266.94514,
    6084.9
  ],
  "miao": [
    40259.3938,
    -9740.3671,
    0.0,
    40259.3938,
    29633.0
  ],
  "hmk": [
    2588.1330000000003,
    -414.7185,
    0.0,
    2588.1330000000003,
    1905.0
  ]
}