{
  "cm": [
    1.855102999999089,
    0.14228300149734616,
    0.056913200598938465,
    1.7981897994001503,
    1.6299999999991996
  ],
  "syj": [
    38174.332296,
    4632.172295999997,
    0.0,
    38174.332296,
    33542.16
  ],
  "hxy": [
    2.1623899999933753,
    0.26238999999919593,
    0.13119499999959797,
    2.0311949999937773,
    1.8999999999941792
  ],
  "cl": [
    17156.140496999997,
    2081.770496999998,
    832.7081987999993,
    16323.432298199998,
    15074.369999999999
  ],
  "zb": [
    16399.79338,
    1989.9933799999983,
    795.9973519999994,
    15603.796028,
    14409.8
  ],
  "zy": [
    8579.839993999998,
    849.8486619999996,
    339.9394647999999,
    8239.900529199998,
    7538.74
  ],
  "lbc": [
    36583.541639999996,
    3985.381639999998,
    0.0,
    36583.541639999996,
    32144.4
  ],
  "lz": [
    28757.624609999995,
    3489.524609999997,
    0.0,
    28757.624609999995,
    25268.1
  ],
  "house": [
    70066.55745,
    -19995.550656613384,
    0.0,
    70066.55745,
    61564.5
  ],
  "lhx": [
    5722.252989999999,
    -4277.737319999999,
    0.0,
    5722.252989999999,
    5027.9
  ],
  "sey": [
    6925.224689999999,
    -3074.69997,
    0.0,
    6925.224689999999,
    6084.9
  ],
  "miao": [
    33725.317299999995,
    -16274.443600000004,
    0.0,
    33725.317299999995,
    29633.0
  ],
  "hmk": [
    2168.0804999999996,
    -834.7710000000003,
    0.0,
    2168.0804999999996,
    1905.0
  ]
}