{
  "cm": [
    1.9586079999990382,
    0.24578800149729552,
    0.09831520059891821,
    1.86029279940012,
    1.6299999999991996
  ],
  "syj": [
    40304.25945600001,
    6762.099456000001,
    0.0,
    40304.25945600001,
    33542.16
  ],
  "hxy": [
    2.2830399999930058,
    0.38303999999882654,
    0.19151999999941327,
    2.0915199999935927,
    1.8999999999941792
  ],
  "cl": [
    18113.362992,
    3038.992992,
    1215.5971968000001,
    16897.765795199997,
    15074.369999999999
  ],
  "zb": [
    17314.81568,
    2905.01568,
    1162.006272,
    16152.809408,
    14409.8
  ],
  "zy": [
    9058.549984,
    1328.5586520000006,
    531.4234608000003,
    8527.126523199999,
    7538.74
  ],
  "lbc": [
    38624.71104,
    6026.551040000002,
    0.0,
    38624.71104,
    32144.4
  ],
  "lz": [
    30362.14896,
    5094.04896,
    0.0,
    30362.14896,
    25268.1
  ],
  "house": [
    73975.9032,
    -16086.204906613379,
    0.0,
    73975.9032,
    61564.5
  ],
  "lhx": [
    6041.52464,
    -3958.465669999999,
    0.0,
    6041.52464,
    5027.9
  ],
  "sey": [
    7311.6158399999995,
    -2688.3088199999997,
    0.0,
    7311.6158399999995,
    6084.9
  ],
  "miao": [
    35607.0128,
    -14392.7481,
    0.0,
    35607.0128,
    29633.0
  ],
  "hmk": [
    2289.0480000000002,
    -713.8035000000001,
    0.0,
    2289.0480000000002,
    1905.0
  ]
}