{
  "cm": [
    12012.314466,
    4307.114892,
    1722.8459567999998,
    10289.4685092
  ],
  "syj": [
    54948.76651200001,
    21406.606512000006,
    0.0,
    54948.76651200001
  ],
  "hxy": [
    3.1125799999904644,
    1.2125799999962854,
    0.6062899999981427,
    2.5062899999923216
  ],
  "cl": [
    24694.832934,
    9620.462934000001,
    3848.185173600001,
    20846.647760399996
  ],
  "zb": [
    23606.13436,
    9196.33436,
    3678.5337440000003,
    19927.600616
  ],
  "zy": [
    12349.963868,
    4619.972536000001,
    1847.9890144000005,
    10501.9748536
  ],
  "lbc": [
    52658.95608,
    20060.796080000004,
    0.0,
    52658.95608
  ],
  "lz": [
    41394.20142,
    16126.10142,
    0.0,
    41394.20142
  ],
  "house": [
    91966.0907,
    10673.031926585985,
    10673.031926585985,
    81293.05877341401
  ],
  "lhx": [
    8236.70578,
    -1763.2845299999988,
    0.0,
    8236.70578
  ],
  "sey": [
    9968.28318,
    -31.641479999999216,
    0.0,
    9968.28318
  ],
  "miao": [
    48544.780600000006,
    -1454.9802999999977,
    0.0,
    48544.780600000006
  ]
}