{
  "cm": [
    2.2673299999988865,
    0.5545100014971439,
    0.22180400059885758,
    2.045525999400029,
    1.6299999999991996
  ],
  "syj": [
    46657.14456000001,
    13114.984560000003,
    0.0,
    46657.14456000001,
    33542.16
  ],
  "hxy": [
    2.6428999999919034,
    0.7428999999977242,
    0.3714499999988621,
    2.2714499999930413,
    1.8999999999941792
  ],
  "cl": [
    20968.448669999998,
    5894.07867,
    2357.631468,
    18610.817202,
    15074.369999999999
  ],
  "zb": [
    20044.0318,
    5634.2318,
    2253.69272,
    17790.33908,
    14409.8
  ],
  "zy": [
    10486.38734,
    2756.3960080000006,
    1102.5584032000004,
    9383.828936799999,
    7538.74
  ],
  "lbc": [
    44712.860400000005,
    12114.700400000002,
    0.0,
    44712.860400000005,
    32144.4
  ],
  "lz": [
    35147.9271,
    9879.8271,
    0.0,
    35147.9271,
    25268.1
  ],
  "house": [
    85636.2195,
    -4425.888606613378,
    0.0,
    85636.2195,
    61564.5
  ],
  "lhx": [
    6993.8089,
    -3006.1814099999992,
    0.0,
    6993.8089,
    5027.9
  ],
  "sey": [
    8464.0959,
    -1535.8287599999996,
    0.0,
    8464.0959,
    6084.9
  ],
  "miao": [
    41219.503,
    -8780.2579,
    0.0,
    41219.503,
    29633.0
  ],
  "hmk": [
    2649.855,
    -352.9965,
    0.0,
    2649.855,
    1905.0
  ]
}