{
  "cm": [
    1.7931629999991197,
    0.08034300149737686,
    0.03213720059895075,
    1.761025799400169,
    1.6299999999991996
  ],
  "syj": [
    36899.730216,
    3357.570216000003,
    0.0,
    36899.730216,
    33542.16
  ],
  "hxy": [
    2.090189999993597,
    0.1901899999994175,
    0.09509499999970875,
    1.995094999993888,
    1.8999999999941792
  ],
  "cl": [
    16583.314437,
    1508.944437000001,
    603.5777748000004,
    15979.7366622,
    15074.369999999999
  ],
  "zb": [
    15852.22098,
    1442.420980000001,
    576.9683920000004,
    15275.252588,
    14409.8
  ],
  "zy": [
    8293.367874,
    563.3765420000011,
    225.35061680000047,
    8068.017257199999,
    7538.74
  ],
  "lbc": [
    35362.05444000001,
    2763.894440000004,
    0.0,
    35362.05444000001,
    32144.4
  ],
  "lz": [
    27797.43681,
    2529.3368100000016,
    0.0,
    27797.43681,
    25268.1
  ],
  "house": [
    67727.10645,
    -22335.001656613375,
    0.0,
    67727.10645,
    61564.5
  ],
  "lhx": [
    5531.19279,
    -4468.797519999999,
    0.0,
    5531.19279,
    5027.9
  ],
  "sey": [
    6693.99849,
    -3305.9261699999993,
    0.0,
    6693.99849,
    6084.9
  ],
  "miao": [
    32599.263300000002,
    -17400.4976,
    0.0,
    32599.263300000002,
    29633.0
  ],
  "hmk": [
    2095.6905,
    -907.161,
    0.0,
    2095.6905,
    1905.0
  ]
}