{
  "cm": [
    1.81207099999911,
    0.0992510014973673,
    0.039700400598946924,
    1.772370599400163,
    1.6299999999991996
  ],
  "syj": [
    37288.819272,
    3746.6592719999976,
    0.0,
    37288.819272,
    33542.16
  ],
  "hxy": [
    2.112229999993529,
    0.21222999999934966,
    0.10611499999967483,
    2.006114999993854,
    1.8999999999941792
  ],
  "cl": [
    16758.177128999996,
    1683.8071289999984,
    673.5228515999994,
    16084.654277399997,
    15074.369999999999
  ],
  "zb": [
    16019.374659999998,
    1609.5746599999986,
    643.8298639999995,
    15375.544795999998,
    14409.8
  ],
  "zy": [
    8380.817258,
    650.8259259999999,
    260.33037039999994,
    8120.486887599999,
    7538.74
  ],
  "lbc": [
    35734.92948,
    3136.7694799999986,
    0.0,
    35734.92948,
    32144.4
  ],
  "lz": [
    28090.546769999997,
    2822.4467699999977,
    0.0,
    28090.546769999997,
    25268.1
  ],
  "house": [
    68441.25464999999,
    -21620.853456613386,
    0.0,
    68441.25464999999,
    61564.5
  ],
  "lhx": [
    5589.516429999999,
    -4410.47388,
    0.0,
    5589.516429999999,
    5027.9
  ],
  "sey": [
    6764.5833299999995,
    -3235.34133,
    0.0,
    6764.5833299999995,
    6084.9
  ],
  "miao": [
    32943.0061,
    -17056.754800000002,
    0.0,
    32943.0061,
    29633.0
  ],
  "hmk": [
    2117.7884999999997,
    -885.0630000000002,
    0.0,
    2117.7884999999997,
    1905.0
  ]
}