{
  "cm": [
    2.7090599999986695,
    0.9962400014969269,
    0.39849600059877077,
    2.310563999399899
  ],
  "syj": [
    55747.06992,
    22204.90992,
    0.0,
    55747.06992
  ],
  "hxy": [
    3.157799999990326,
    1.2577999999961464,
    0.6288999999980732,
    2.5288999999922526
  ],
  "cl": [
    25053.602939999997,
    9979.232939999998,
    3991.6931759999993,
    21061.909763999996
  ],
  "zb": [
    23949.0876,
    9539.287599999998,
    3815.715039999999,
    20133.37256
  ],
  "zy": [
    12529.38588,
    4799.394548,
    1919.7578192,
    10609.6280608
  ],
  "lbc": [
    53423.9928,
    20825.8328,
    0.0,
    53423.9928
  ],
  "lz": [
    41995.5822,
    16727.4822,
    0.0,
    41995.5822
  ],
  "house": [
    102320.199,
    12258.090893386616,
    12258.090893386616,
    90062.10810661338
  ],
  "lhx": [
    8356.369799999999,
    -1643.6205099999997,
    0.0,
    8356.369799999999
  ],
  "sey": [
    10113.103799999999,
    113.17913999999969,
    45.27165599999988,
    10067.832144
  ],
  "miao": [
    49250.045999999995,
    -749.714900000003,
    0.0,
    49250.045999999995
  ],
  "hmk": [
    3166.1099999999997,
    163.2584999999998,
    65.30339999999993,
    3100.8066
  ]
}