{
  "cm": [
    2.060645999998988,
    0.3478260014972454,
    0.13913040059889817,
    1.9215155994000899,
    1.6299999999991996
  ],
  "syj": [
    42403.998672,
    8861.838672,
    0.0,
    42403.998672,
    33542.16
  ],
  "hxy": [
    2.4019799999926414,
    0.5019799999984621,
    0.25098999999923105,
    2.1509899999934103,
    1.8999999999941792
  ],
  "cl": [
    19057.018554,
    3982.6485539999994,
    1593.0594216,
    17463.9591324,
    15074.369999999999
  ],
  "zb": [
    18216.86916,
    3807.0691599999996,
    1522.827664,
    16694.041495999998,
    14409.8
  ],
  "zy": [
    9530.475108,
    1800.4837760000005,
    720.1935104000003,
    8810.2815976,
    7538.74
  ],
  "lbc": [
    40636.95048,
    8038.7904800000015,
    0.0,
    40636.95048,
    32144.4
  ],
  "lz": [
    31943.932019999997,
    6675.832019999999,
    0.0,
    31943.932019999997,
    25268.1
  ],
  "house": [
    77829.8409,
    -12232.26720661338,
    0.0,
    77829.8409,
    61564.5
  ],
  "lhx": [
    6356.27118,
    -3643.719129999999,
    0.0,
    6356.27118,
    5027.9
  ],
  "sey": [
    7692.53058,
    -2307.3940799999996,
    0.0,
    7692.53058,
    6084.9
  ],
  "miao": [
    37462.0386,
    -12537.722300000001,
    0.0,
    37462.0386,
    29633.0
  ],
  "hmk": [
    2408.301,
    -594.5505,
    0.0,
    2408.301,
    1905.0
  ]
}