{
  "cm": [
    2.209464999998915,
    0.4966450014971722,
    0.1986580005988689,
    2.010806999400046,
    1.6299999999991996
  ],
  "syj": [
    45466.397880000004,
    11924.237879999999,
    0.0,
    45466.397880000004,
    33542.16
  ],
  "hxy": [
    2.57544999999211,
    0.6754499999979305,
    0.33772499999896527,
    2.237724999993145,
    1.8999999999941792
  ],
  "cl": [
    20433.308534999996,
    5358.938534999998,
    2143.5754139999995,
    18289.733120999997,
    15074.369999999999
  ],
  "zb": [
    19532.4839,
    5122.683899999999,
    2049.07356,
    17483.41034,
    14409.8
  ],
  "zy": [
    10218.762069999999,
    2488.7707379999997,
    995.5082951999999,
    9223.2537748,
    7538.74
  ],
  "lbc": [
    43571.7342,
    10973.5742,
    0.0,
    43571.7342,
    32144.4
  ],
  "lz": [
    34250.90955,
    8982.809549999998,
    0.0,
    34250.90955,
    25268.1
  ],
  "house": [
    83450.67975,
    -6611.428356613384,
    0.0,
    83450.67975,
    61564.5
  ],
  "lhx": [
    6815.318449999999,
    -3184.6718599999995,
    0.0,
    6815.318449999999,
    5027.9
  ],
  "sey": [
    8248.08195,
    -1751.8427100000001,
    0.0,
    8248.08195,
    6084.9
  ],
  "miao": [
    40167.5315,
    -9832.229400000002,
    0.0,
    40167.5315,
    29633.0
  ],
  "hmk": [
    2582.2275,
    -420.6240000000002,
    0.0,
    2582.2275,
    1905.0
  ]
}