{
  "cm": [
    1.8360319999990986,
    0.1232120014973558,
    0.04928480059894232,
    1.7867471994001562,
    1.6299999999991996
  ],
  "syj": [
    37781.889024000004,
    4239.729024000003,
    0.0,
    37781.889024000004,
    33542.16
  ],
  "hxy": [
    2.1401599999934438,
    0.24015999999926438,
    0.12007999999963219,
    2.0200799999938117,
    1.8999999999941792
  ],
  "cl": [
    16979.770368,
    1905.400368000001,
    762.1601472000004,
    16217.610220800001,
    15074.369999999999
  ],
  "zb": [
    16231.19872,
    1821.3987200000008,
    728.5594880000003,
    15502.639232,
    14409.8
  ],
  "zy": [
    8491.636736,
    761.645404000001,
    304.6581616000004,
    8186.9785744,
    7538.74
  ],
  "lbc": [
    36207.45216,
    3609.2921600000036,
    0.0,
    36207.45216,
    32144.4
  ],
  "lz": [
    28461.98784,
    3193.8878400000017,
    0.0,
    28461.98784,
    25268.1
  ],
  "house": [
    69346.2528,
    -20715.855306613375,
    0.0,
    69346.2528,
    61564.5
  ],
  "lhx": [
    5663.42656,
    -4336.563749999998,
    0.0,
    5663.42656,
    5027.9
  ],
  "sey": [
    6854.03136,
    -3145.8932999999993,
    0.0,
    6854.03136,
    6084.9
  ],
  "miao": [
    33378.6112,
    -16621.149699999998,
    0.0,
    33378.6112,
    29633.0
  ],
  "hmk": [
    2145.792,
    -857.0595,
    0.0,
    2145.792,
    1905.0
  ]
}