{
  "cm": [
    6553.672168999999,
    2184.7937577274247,
    873.91750309097,
    5679.7546659090285
  ],
  "syj": [
    52872.506808000006,
    19330.346808000002,
    0.0,
    52872.506808000006
  ],
  "hxy": [
    2.9949699999908246,
    1.0949699999966456,
    0.5474849999983228,
    2.447484999992502
  ],
  "cl": [
    23761.729431,
    8687.359431,
    3474.9437724000004,
    20286.785658599998
  ],
  "zb": [
    22714.16774,
    8304.36774,
    3321.747096,
    19392.420644
  ],
  "zy": [
    11883.315862,
    4153.324530000001,
    1661.3298120000004,
    10221.98605
  ],
  "lbc": [
    50669.21772,
    18071.057720000004,
    0.0,
    50669.21772
  ],
  "lz": [
    39830.106029999995,
    14562.00603,
    0.0,
    39830.106029999995
  ],
  "house": [
    90493.01855000001,
    7198.058776585991,
    7198.058776585991,
    83294.95977341401
  ],
  "lhx": [
    7925.47877,
    -2074.511539999999,
    0.0,
    7925.47877
  ],
  "sey": [
    9591.62787,
    -408.2967899999996,
    0.0,
    9591.62787
  ],
  "miao": [
    46710.4979,
    -3289.2629999999995,
    0.0,
    46710.4979
  ],
  "hmk": [
    3002.8515,
    0.0,
    0.0,
    3002.8515
  ]
}