{
  "cm": [
    2.781431999998634,
    1.0686120014968914,
    0.42744480059875656,
    2.3539871993998776,
    1.6299999999991996
  ],
  "syj": [
    57236.341824,
    23694.181824,
    0.0,
    57236.341824,
    33542.16
  ],
  "hxy": [
    3.242159999990067,
    1.342159999995888,
    0.671079999997944,
    2.571079999992123,
    1.8999999999941792
  ],
  "cl": [
    25722.904967999995,
    10648.534967999998,
    4259.4139872,
    21463.490980799994,
    15074.369999999999
  ],
  "zb": [
    24588.882719999998,
    10179.082719999999,
    4071.6330879999996,
    20517.249632,
    14409.8
  ],
  "zy": [
    12864.105935999998,
    5134.114603999999,
    2053.6458416,
    10810.460094399998,
    7538.74
  ],
  "lbc": [
    54851.20416,
    22253.04416,
    0.0,
    54851.20416,
    32144.4
  ],
  "lz": [
    43117.485839999994,
    17849.385839999995,
    0.0,
    43117.485839999994,
    25268.1
  ],
  "house": [
    105053.66279999999,
    14991.554693386615,
    14991.554693386615,
    90062.10810661338,
    61564.5
  ],
  "lhx": [
    8579.608559999999,
    -1420.3817499999998,
    0.0,
    8579.608559999999,
    5027.9
  ],
  "sey": [
    10383.27336,
    383.34869999999967,
    153.33947999999987,
    10229.933879999999,
    6084.9
  ],
  "miao": [
    50565.7512,
    565.9902999999969,
    226.39611999999875,
    50339.35508,
    29633.0
  ],
  "hmk": [
    3250.692,
    247.84049999999976,
    99.13619999999992,
    3151.5558,
    1905.0
  ]
}