{
  "cm": [
    1.9095449999990624,
    0.19672500149731956,
    0.07869000059892783,
    1.8308549994001346,
    1.6299999999991996
  ],
  "syj": [
    39294.64044,
    5752.48044,
    0.0,
    39294.64044,
    33542.16
  ],
  "hxy": [
    2.225849999993181,
    0.3258499999990017,
    0.16292499999950086,
    2.06292499999368,
    1.8999999999941792
  ],
  "cl": [
    17659.624454999997,
    2585.254455,
    1034.101782,
    16625.522672999996,
    15074.369999999999
  ],
  "zb": [
    16881.0807,
    2471.2807,
    988.5122799999999,
    15892.56842,
    14409.8
  ],
  "zy": [
    8831.63391,
    1101.6425780000004,
    440.6570312000002,
    8390.9768788,
    7538.74
  ],
  "lbc": [
    37657.164600000004,
    5059.004600000001,
    0.0,
    37657.164600000004,
    32144.4
  ],
  "lz": [
    29601.579149999998,
    4333.479149999999,
    0.0,
    29601.579149999998,
    25268.1
  ],
  "house": [
    72122.81175,
    -17939.29635661338,
    0.0,
    72122.81175,
    61564.5
  ],
  "lhx": [
    5890.18485,
    -4109.80546,
    0.0,
    5890.18485,
    5027.9
  ],
  "sey": [
    7128.460349999999,
    -2871.46431,
    0.0,
    7128.460349999999,
    6084.9
  ],
  "miao": [
    34715.0595,
    -15284.701400000002,
    0.0,
    34715.0595,
    29633.0
  ],
  "hmk": [
    2231.7075,
    -771.1440000000001,
    0.0,
    2231.7075,
    1905.0
  ]
}