{
  "cm": [
    2.761219999998644,
    1.0484000014969013,
    0.41936000059876055,
    2.341859999399883
  ],
  "syj": [
    56820.41904,
    23278.25904,
    0.0,
    56820.41904
  ],
  "hxy": [
    3.2185999999901393,
    1.3185999999959603,
    0.6592999999979802,
    2.559299999992159
  ],
  "cl": [
    25535.98278,
    10461.612779999998,
    4184.645111999999,
    21351.337668
  ],
  "zb": [
    24410.2012,
    10000.401199999998,
    4000.1604799999996,
    20410.04072
  ],
  "zy": [
    12770.625559999999,
    5040.634228,
    2016.2536912,
    10754.371868799999
  ],
  "lbc": [
    54452.613600000004,
    21854.4536,
    0.0,
    54452.613600000004
  ],
  "lz": [
    42804.1614,
    17536.0614,
    0.0,
    42804.1614
  ],
  "house": [
    104290.26299999999,
    14228.154893386618,
    14228.154893386618,
    90062.10810661338
  ],
  "lhx": [
    8517.2626,
    -1482.7277099999997,
    0.0,
    8517.2626
  ],
  "sey": [
    10307.8206,
    307.8959399999998,
    123.15837599999993,
    10184.662224
  ],
  "miao": [
    50198.301999999996,
    198.54109999999787,
    79.41643999999916,
    50118.885559999995
  ],
  "hmk": [
    3227.0699999999997,
    224.21849999999984,
    89.68739999999994,
    3137.3826
  ]
}