{
  "cm": [
    2.2264169999989067,
    0.5135970014971638,
    0.20543880059886555,
    2.0209781994000413,
    1.6299999999991996
  ],
  "syj": [
    45815.236344000004,
    12273.076343999997,
    0.0,
    45815.236344000004,
    33542.16
  ],
  "hxy": [
    2.5952099999920493,
    0.69520999999787,
    0.347604999998935,
    2.247604999993114,
    1.8999999999941792
  ],
  "cl": [
    20590.081982999996,
    5515.711982999998,
    2206.2847931999995,
    18383.797189799996,
    15074.369999999999
  ],
  "zb": [
    19682.34582,
    5272.5458199999985,
    2109.0183279999997,
    17573.327492,
    14409.8
  ],
  "zy": [
    10297.164965999998,
    2567.1736339999998,
    1026.8694536,
    9270.295512399998,
    7538.74
  ],
  "lbc": [
    43906.03596,
    11307.875959999998,
    0.0,
    43906.03596,
    32144.4
  ],
  "lz": [
    34513.69779,
    9245.597789999996,
    0.0,
    34513.69779,
    25268.1
  ],
  "house": [
    84090.95055,
    -5971.157556613386,
    0.0,
    84090.95055,
    61564.5
  ],
  "lhx": [
    6867.608609999999,
    -3132.3817,
    0.0,
    6867.608609999999,
    5027.9
  ],
  "sey": [
    8311.364909999998,
    -1688.5597500000003,
    0.0,
    8311.364909999998,
    6084.9
  ],
  "miao": [
    40475.7147,
    -9524.046200000004,
    0.0,
    40475.7147,
    29633.0
  ],
  "hmk": [
    2602.0395,
    -400.8120000000003,
    0.0,
    2602.0395,
    1905.0
  ]
}