{
  "cm": [
    14143.176743999999,
    6437.977169999999,
    2575.1908679999997,
    11567.985875999999,
    1.05080981503226,
    7332.629999999999,
    0.8355367188312622,
    1358.003076
  ],
  "syj": [
    64696.11820800001,
    31153.958208000007,
    0.0,
    64696.11820800001,
    1.0,
    33542.16,
    0.9288000000000001,
    6212.008032000005
  ],
  "hxy": [
    3.664719999988773,
    1.7647199999945937,
    0.8823599999972969,
    2.782359999991476,
    1.0,
    1.8999999999941792,
    0.9288000000000001,
    0.35187999999892194
  ],
  "cl": [
    29075.444856,
    14001.074856,
    5600.4299424,
    23475.014913599996,
    1.0,
    15074.369999999999,
    0.9288000000000001,
    2791.773324
  ],
  "zb": [
    27793.62224,
    13383.82224,
    5353.528896,
    22440.093344,
    1.0,
    14409.8,
    0.9288000000000001,
    2668.694959999999
  ],
  "zy": [
    14540.721712,
    6810.730380000001,
    2724.2921520000004,
    11816.42956,
    1.0253691375481844,
    7538.74,
    0.8810786568162741,
    1396.1746480000002
  ],
  "lbc": [
    62000.118720000006,
    29401.958720000006,
    0.0,
    62000.118720000006,
    1.0141163001953684,
    32144.4,
    0.9019514819241333,
    5953.142880000003
  ],
  "lz": [
    48737.11128,
    23469.01128,
    0.0,
    48737.11128,
    1.0,
    25268.1,
    0.9288000000000001,
    4679.652119999999
  ],
  "house": [
    108279.9388,
    26986.880026585983,
    26986.880026585983,
    81293.05877341403,
    1.4480803508005027,
    56138.5,
    0.33197028668592476,
    10396.8502
  ],
  "lhx": [
    9697.81352,
    -302.1767899999991,
    0,
    9697.81352,
    1.9889,
    5027.9,
    -0.030217708280959234,
    931.1670800000002
  ],
  "sey": [
    11736.555119999999,
    1736.6304600000005,
    694.6521840000003,
    11041.902935999999,
    1.6434,
    6084.9,
    0.173664354387246,
    1126.9234800000002
  ],
  "miao": [
    57156.1304,
    7156.369500000002,
    2862.5478000000007,
    54293.5826,
    1.6873,
    29633.0,
    0.143128074438452,
    5488.031600000001
  ]
}