{
  "cm": [
    1.9419819999990464,
    0.22916200149730367,
    0.09166480059892147,
    1.8503171994001248,
    1.6299999999991996
  ],
  "syj": [
    39962.129424000006,
    6419.969424000001,
    0.0,
    39962.129424000006,
    33542.16
  ],
  "hxy": [
    2.2636599999930653,
    0.36365999999888593,
    0.18182999999944296,
    2.0818299999936225,
    1.8999999999941792
  ],
  "cl": [
    17959.604418,
    2885.234418,
    1154.0937672,
    16805.5106508,
    15074.369999999999
  ],
  "zb": [
    17167.83572,
    2758.03572,
    1103.214288,
    16064.621432,
    14409.8
  ],
  "zy": [
    8981.654836,
    1251.6635040000006,
    500.6654016000002,
    8480.989434399999,
    7538.74
  ],
  "lbc": [
    38296.83816,
    5698.678160000002,
    0.0,
    38296.83816,
    32144.4
  ],
  "lz": [
    30104.41434,
    4836.31434,
    0.0,
    30104.41434,
    25268.1
  ],
  "house": [
    73347.9453,
    -16714.162806613378,
    0.0,
    73347.9453,
    61564.5
  ],
  "lhx": [
    5990.24006,
    -4009.750249999999,
    0.0,
    5990.24006,
    5027.9
  ],
  "sey": [
    7249.54986,
    -2750.3747999999996,
    0.0,
    7249.54986,
    6084.9
  ],
  "miao": [
    35304.7562,
    -14695.0047,
    0.0,
    35304.7562,
    29633.0
  ],
  "hmk": [
    2269.617,
    -733.2345,
    0.0,
    2269.617,
    1905.0
  ]
}