{
  "cm": [
    2.172952999998933,
    0.46013300149719016,
    0.1840532005988761,
    1.9888997994000568,
    1.6299999999991996
  ],
  "syj": [
    44715.053496,
    11172.893495999999,
    0.0,
    44715.053496,
    33542.16
  ],
  "hxy": [
    2.53288999999224,
    0.6328899999980611,
    0.31644499999903053,
    2.2164449999932097,
    1.8999999999941792
  ],
  "cl": [
    20095.642646999997,
    5021.272646999999,
    2008.5090587999996,
    18087.1335882,
    15074.369999999999
  ],
  "zb": [
    19209.70438,
    4799.904379999999,
    1919.9617519999997,
    17289.742628,
    14409.8
  ],
  "zy": [
    10049.894294,
    2319.902962,
    927.9611848000001,
    9121.9331092,
    7538.74
  ],
  "lbc": [
    42851.69964,
    10253.53964,
    0.0,
    42851.69964,
    32144.4
  ],
  "lz": [
    33684.904109999996,
    8416.80411,
    0.0,
    33684.904109999996,
    25268.1
  ],
  "house": [
    82071.63494999999,
    -7990.473156613382,
    0.0,
    82071.63494999999,
    61564.5
  ],
  "lhx": [
    6702.69349,
    -3297.2968199999996,
    0.0,
    6702.69349,
    5027.9
  ],
  "sey": [
    8111.7801899999995,
    -1888.14447,
    0.0,
    8111.7801899999995,
    6084.9
  ],
  "miao": [
    39503.7523,
    -10496.008600000003,
    0.0,
    39503.7523,
    29633.0
  ],
  "hmk": [
    2539.5555,
    -463.29600000000016,
    0.0,
    2539.5555,
    1905.0
  ]
}