{
  "cm": [
    1.9571409999990392,
    0.24432100149729638,
    0.09772840059891856,
    1.8594125994001207,
    1.6299999999991996
  ],
  "syj": [
    40274.07151200001,
    6731.911512000004,
    0.0,
    40274.07151200001,
    33542.16
  ],
  "hxy": [
    2.281329999993011,
    0.38132999999883194,
    0.19066499999941597,
    2.090664999993595,
    1.8999999999941792
  ],
  "cl": [
    18099.796059,
    3025.4260590000013,
    1210.1704236000005,
    16889.6256354,
    15074.369999999999
  ],
  "zb": [
    17301.84686,
    2892.0468600000013,
    1156.8187440000006,
    16145.028116000001,
    14409.8
  ],
  "zy": [
    9051.765118000001,
    1321.7737860000013,
    528.7095144000006,
    8523.0556036,
    7538.74
  ],
  "lbc": [
    38595.78108000001,
    5997.621080000004,
    0.0,
    38595.78108000001,
    32144.4
  ],
  "lz": [
    30339.40767,
    5071.307670000002,
    0.0,
    30339.40767,
    25268.1
  ],
  "house": [
    73920.49515,
    -16141.612956613373,
    0.0,
    73920.49515,
    61564.5
  ],
  "lhx": [
    6036.99953,
    -3962.9907799999987,
    0.0,
    6036.99953,
    5027.9
  ],
  "sey": [
    7306.13943,
    -2693.785229999999,
    0.0,
    7306.13943,
    6084.9
  ],
  "miao": [
    35580.343100000006,
    -14419.417799999997,
    0.0,
    35580.343100000006,
    29633.0
  ],
  "hmk": [
    2287.3335,
    -715.5179999999999,
    0.0,
    2287.3335,
    1905.0
  ]
}