{
  "cm": [
    12652.453065,
    4947.253490999999,
    1978.9013963999996,
    10673.551668600001
  ],
  "syj": [
    57876.99708000001,
    24334.837080000005,
    0.0,
    57876.99708000001
  ],
  "hxy": [
    3.2784499999899563,
    1.378449999995777,
    0.6892249999978886,
    2.5892249999920676
  ],
  "cl": [
    26010.825435,
    10936.455435,
    4374.582174,
    21636.243261
  ],
  "zb": [
    24864.1099,
    10454.3099,
    4181.72396,
    20682.38594
  ],
  "zy": [
    13008.09587,
    5278.1045380000005,
    2111.2418152000005,
    10896.854054799998
  ],
  "lbc": [
    55465.162200000006,
    22867.002200000003,
    0.0,
    55465.162200000006
  ],
  "lz": [
    43600.10655,
    18332.00655,
    0.0,
    43600.10655
  ],
  "house": [
    96866.98175,
    15573.922976585982,
    15573.922976585982,
    81293.05877341403
  ],
  "lhx": [
    8675.64145,
    -1324.3488599999991,
    0.0,
    8675.64145
  ],
  "sey": [
    10499.49495,
    499.57029000000034,
    199.82811600000014,
    10299.666834
  ],
  "miao": [
    51131.741500000004,
    1131.9806000000003,
    452.79224000000016,
    50678.94926
  ]
}