{
  "cm": [
    12992.687096999998,
    3172.4925137999994,
    2114.9950091999995,
    10877.692087799998
  ],
  "syj": [
    59433.353304000004,
    25891.193304000004,
    0.0,
    59433.353304000004
  ],
  "hxy": [
    3.366609999989686,
    0.7333049999977536,
    0.7333049999977536,
    2.6333049999919327
  ],
  "cl": [
    26710.276202999998,
    6981.5437218,
    4654.362481200001,
    22055.913721799996
  ],
  "zb": [
    25532.72462,
    6673.754771999999,
    4449.1698480000005,
    21083.554772
  ],
  "zy": [
    13357.893406,
    3376.7412444,
    2251.1608296000004,
    11106.732576399998
  ],
  "lbc": [
    56956.66236,
    24358.502360000002,
    0.0,
    56956.66236
  ],
  "lz": [
    44772.546389999996,
    19504.44639,
    0.0,
    44772.546389999996
  ],
  "house": [
    99471.80815,
    0.0,
    18178.749376585984,
    81293.05877341401
  ],
  "lhx": [
    8908.93601,
    -1091.054299999999,
    0,
    8908.93601
  ],
  "sey": [
    10781.83431,
    469.14579000000015,
    312.76386000000014,
    10469.07045
  ],
  "miao": [
    52506.712700000004,
    1504.17108,
    1002.7807200000002,
    51503.93198
  ]
}