{
  "cm": [
    1.810766999999111,
    0.0979470014973681,
    0.03917880059894724,
    1.7715881994001637,
    1.6299999999991996
  ],
  "syj": [
    37261.985544,
    3719.8255440000003,
    0.0,
    37261.985544,
    33542.16
  ],
  "hxy": [
    2.1107099999935337,
    0.21070999999935447,
    0.10535499999967723,
    2.0053549999938562,
    1.8999999999941792
  ],
  "cl": [
    16746.117632999998,
    1671.747633,
    668.6990532,
    16077.418579799998,
    15074.369999999999
  ],
  "zb": [
    16007.846819999999,
    1598.0468199999998,
    639.2187279999999,
    15368.628091999999,
    14409.8
  ],
  "zy": [
    8374.786266,
    644.7949340000005,
    257.9179736000002,
    8116.868292399999,
    7538.74
  ],
  "lbc": [
    35709.21396,
    3111.0539600000016,
    0.0,
    35709.21396,
    32144.4
  ],
  "lz": [
    28070.33229,
    2802.23229,
    0.0,
    28070.33229,
    25268.1
  ],
  "house": [
    68392.00305,
    -21670.105056613378,
    0.0,
    68392.00305,
    61564.5
  ],
  "lhx": [
    5585.49411,
    -4414.4962,
    0.0,
    5585.49411,
    5027.9
  ],
  "sey": [
    6759.71541,
    -3240.2092499999994,
    0.0,
    6759.71541,
    6084.9
  ],
  "miao": [
    32919.2997,
    -17080.4612,
    0.0,
    32919.2997,
    29633.0
  ],
  "hmk": [
    2116.2644999999998,
    -886.5870000000001,
    0.0,
    2116.2644999999998,
    1905.0
  ]
}