{
  "cm": [
    2.8132169999986187,
    1.1003970014968758,
    0.44015880059875034,
    2.3730581993998685,
    1.6299999999991996
  ],
  "syj": [
    57890.41394400001,
    24348.253944000004,
    0.0,
    57890.41394400001,
    33542.16
  ],
  "hxy": [
    3.2792099999899538,
    1.3792099999957748,
    0.6896049999978874,
    2.5896049999920665,
    1.8999999999941792
  ],
  "cl": [
    26016.855183,
    10942.485182999999,
    4376.9940732,
    21639.8611098,
    15074.369999999999
  ],
  "zb": [
    24869.873819999997,
    10460.07382,
    4184.029528,
    20685.844291999998,
    14409.8
  ],
  "zy": [
    13011.111366,
    5281.1200340000005,
    2112.4480136,
    10898.663352399999,
    7538.74
  ],
  "lbc": [
    55478.019960000005,
    22879.85996,
    0.0,
    55478.019960000005,
    32144.4
  ],
  "lz": [
    43610.213789999994,
    18342.11379,
    0.0,
    43610.213789999994,
    25268.1
  ],
  "house": [
    106254.17055,
    16192.06244338662,
    16192.06244338662,
    90062.10810661338,
    61564.5
  ],
  "lhx": [
    8677.65261,
    -1322.3376999999994,
    0.0,
    8677.65261,
    5027.9
  ],
  "sey": [
    10501.928909999999,
    502.00425000000007,
    200.80170000000004,
    10301.127209999999,
    6084.9
  ],
  "miao": [
    51143.5947,
    1143.833799999999,
    457.5335199999996,
    50686.061180000004,
    29633.0
  ],
  "hmk": [
    3287.8395,
    284.98799999999994,
    113.99519999999998,
    3173.8443,
    1905.0
  ]
}