{
  "cm": [
    12948.691316999999,
    5243.491742999999,
    2097.3966971999994,
    10851.294619799999
  ],
  "syj": [
    59232.100344000006,
    25689.940344000002,
    0.0,
    59232.100344000006
  ],
  "hxy": [
    3.355209999989721,
    1.455209999995542,
    0.727604999997771,
    2.6276049999919504
  ],
  "cl": [
    26619.829983,
    11545.459982999999,
    4618.183993199999,
    22001.6459898
  ],
  "zb": [
    25446.26582,
    11036.46582,
    4414.586328,
    21031.679492
  ],
  "zy": [
    13312.660966,
    5582.669634000001,
    2233.0678536000005,
    11079.593112399998
  ],
  "lbc": [
    56763.79596,
    24165.635960000003,
    0.0,
    56763.79596
  ],
  "lz": [
    44620.937789999996,
    19352.837789999998,
    0.0,
    44620.937789999996
  ],
  "house": [
    99134.97715,
    17841.91837658598,
    17841.91837658598,
    81293.05877341403
  ],
  "lhx": [
    8878.76861,
    -1121.2216999999991,
    0.0,
    8878.76861
  ],
  "sey": [
    10745.32491,
    745.4002500000003,
    298.1601000000001,
    10447.164809999998
  ],
  "miao": [
    52328.9147,
    2329.1538,
    931.6615200000001,
    51397.25318
  ]
}