{
  "cm": [
    1.8774339999990781,
    0.16461400149733527,
    0.06584560059893411,
    1.811588399400144,
    1.6299999999991996
  ],
  "syj": [
    38633.859888,
    5091.699887999998,
    0.0,
    38633.859888,
    33542.16
  ],
  "hxy": [
    2.1884199999932954,
    0.28841999999911627,
    0.14420999999955814,
    2.044209999993737,
    1.8999999999941792
  ],
  "cl": [
    17362.659365999996,
    2288.289365999999,
    915.3157463999996,
    16447.343619599997,
    15074.369999999999
  ],
  "zb": [
    16597.207639999997,
    2187.407639999999,
    874.9630559999996,
    15722.244583999996,
    14409.8
  ],
  "zy": [
    8683.120732,
    953.1294,
    381.25176000000005,
    8301.868972,
    7538.74
  ],
  "lbc": [
    37023.91992,
    4425.7599199999995,
    0.0,
    37023.91992,
    32144.4
  ],
  "lz": [
    29103.797579999995,
    3835.697579999998,
    0.0,
    29103.797579999995,
    25268.1
  ],
  "house": [
    70909.9911,
    -19152.11700661338,
    0.0,
    70909.9911,
    61564.5
  ],
  "lhx": [
    5791.135219999999,
    -4208.855089999999,
    0.0,
    5791.135219999999,
    5027.9
  ],
  "sey": [
    7008.587819999999,
    -2991.33684,
    0.0,
    7008.587819999999,
    6084.9
  ],
  "miao": [
    34131.2894,
    -15868.471500000003,
    0.0,
    34131.2894,
    29633.0
  ],
  "hmk": [
    2194.179,
    -808.6725000000002,
    0.0,
    2194.179,
    1905.0
  ]
}