{
  "cm": [
    2.2409239999988997,
    0.5281040014971569,
    0.21124160059886277,
    2.029682399400037,
    1.6299999999991996
  ],
  "syj": [
    46113.76156800001,
    12571.601568000002,
    0.0,
    46113.76156800001,
    33542.16
  ],
  "hxy": [
    2.6121199999919975,
    0.7121199999978184,
    0.3560599999989092,
    2.2560599999930884,
    1.8999999999941792
  ],
  "cl": [
    20724.243876,
    5649.873876,
    2259.9495504,
    18464.2943256,
    15074.369999999999
  ],
  "zb": [
    19810.59304,
    5400.7930400000005,
    2160.3172160000004,
    17650.275824,
    14409.8
  ],
  "zy": [
    10364.259752,
    2634.268420000001,
    1053.7073680000003,
    9310.552383999999,
    7538.74
  ],
  "lbc": [
    44192.12112,
    11593.961120000002,
    0.0,
    44192.12112,
    32144.4
  ],
  "lz": [
    34738.58388,
    9470.48388,
    0.0,
    34738.58388,
    25268.1
  ],
  "house": [
    84638.8746,
    -5423.233506613378,
    0.0,
    84638.8746,
    61564.5
  ],
  "lhx": [
    6912.356919999999,
    -3087.633389999999,
    0.0,
    6912.356919999999,
    5027.9
  ],
  "sey": [
    8365.52052,
    -1634.4041399999996,
    0.0,
    8365.52052,
    6084.9
  ],
  "miao": [
    40739.4484,
    -9260.3125,
    0.0,
    40739.4484,
    29633.0
  ],
  "hmk": [
    2618.994,
    -383.8575,
    0.0,
    2618.994,
    1905.0
  ]
}