{
  "cm": [
    11710.210109999998,
    4005.010535999999,
    1602.0042143999997,
    10108.205895599998
  ],
  "syj": [
    53566.82952000001,
    20024.66952,
    0.0,
    53566.82952000001
  ],
  "hxy": [
    3.0342999999907043,
    1.1342999999965249,
    0.5671499999982624,
    2.4671499999924418
  ],
  "cl": [
    24073.76889,
    8999.398889999999,
    3599.7595559999995,
    20474.009334
  ],
  "zb": [
    23012.4506,
    8602.650599999999,
    3441.06024,
    19571.39036
  ],
  "zy": [
    12039.367779999999,
    4309.376448,
    1723.7505792000002,
    10315.6172008
  ],
  "lbc": [
    51334.6068,
    18736.4468,
    0.0,
    51334.6068
  ],
  "lz": [
    40353.155699999996,
    15085.055699999999,
    0.0,
    40353.155699999996
  ],
  "house": [
    89653.1845,
    8360.125726585979,
    8360.125726585979,
    81293.05877341403
  ],
  "lhx": [
    8029.556299999999,
    -1970.4340099999995,
    0.0,
    8029.556299999999
  ],
  "sey": [
    9717.585299999999,
    -282.33935999999994,
    0.0,
    9717.585299999999
  ],
  "miao": [
    47323.901,
    -2675.8599000000013,
    0.0,
    47323.901
  ]
}