{
  "cm": [
    1.8971569999990683,
    0.18433700149732557,
    0.07373480059893023,
    1.823422199400138,
    1.6299999999991996
  ],
  "syj": [
    39039.720024,
    5497.5600239999985,
    0.0,
    39039.720024,
    33542.16
  ],
  "hxy": [
    2.2114099999932253,
    0.31140999999904584,
    0.15570499999952292,
    2.0557049999937025,
    1.8999999999941792
  ],
  "cl": [
    17545.059242999996,
    2470.689242999999,
    988.2756971999996,
    16556.783545799997,
    15074.369999999999
  ],
  "zb": [
    16771.566219999997,
    2361.766219999999,
    944.7064879999997,
    15826.859731999997,
    14409.8
  ],
  "zy": [
    8774.339485999999,
    1044.348154,
    417.7392616,
    8356.6002244,
    7538.74
  ],
  "lbc": [
    37412.86716,
    4814.707159999999,
    0.0,
    37412.86716,
    32144.4
  ],
  "lz": [
    29409.541589999997,
    4141.4415899999985,
    0.0,
    29409.541589999997,
    25268.1
  ],
  "house": [
    71654.92155,
    -18407.186556613382,
    0.0,
    71654.92155,
    61564.5
  ],
  "lhx": [
    5851.972809999999,
    -4148.0175,
    0.0,
    5851.972809999999,
    5027.9
  ],
  "sey": [
    7082.215109999999,
    -2917.70955,
    0.0,
    7082.215109999999,
    6084.9
  ],
  "miao": [
    34489.848699999995,
    -15509.912200000002,
    0.0,
    34489.848699999995,
    29633.0
  ],
  "hmk": [
    2217.2295,
    -785.6220000000002,
    0.0,
    2217.2295,
    1905.0
  ]
}