{
  "cm": [
    12785.173668,
    3047.9844563999995,
    2031.9896375999997,
    10753.1840304,
    1.05080981503226,
    7332.629999999999,
    0.6592916958493306,
    -207.51342899999963
  ],
  "syj": [
    58484.11017600001,
    24941.950176000002,
    0.0,
    58484.11017600001,
    1.0,
    33542.16,
    0.7436,
    -949.2431280000019
  ],
  "hxy": [
    3.312839999989851,
    0.7064199999978359,
    0.7064199999978359,
    2.606419999992015,
    1.0,
    1.8999999999941792,
    0.7436,
    -0.05376999999983534
  ],
  "cl": [
    26283.671532,
    6725.5809192,
    4483.7206128,
    21799.9509192,
    1.0,
    15074.369999999999,
    0.7436,
    -426.60467100000096
  ],
  "zb": [
    25124.92728,
    6429.076368,
    4286.050912000001,
    20838.876367999997,
    1.0,
    14409.8,
    0.7436,
    -407.79733999999917
  ],
  "zy": [
    13144.547064,
    3248.7334392000002,
    2165.8222928000005,
    10978.724771199999,
    1.0253691375481844,
    7538.74,
    0.70046077666158,
    -213.34634199999982
  ],
  "lbc": [
    56046.97584000001,
    23448.815840000003,
    0.0,
    56046.97584000001,
    1.0141163001953684,
    32144.4,
    0.7193294296365195,
    -909.6865199999993
  ],
  "lz": [
    44057.45916,
    18789.35916,
    0.0,
    44057.45916,
    1.0,
    25268.1,
    0.7436,
    -715.087230000001
  ],
  "house": [
    97883.0886,
    0.0,
    16590.029826585982,
    81293.05877341403,
    1.4480803508005027,
    56138.5,
    0.20407683112068561,
    -1588.7195500000016
  ],
  "lhx": [
    8766.64644,
    -1233.3438699999992,
    0,
    8766.64644,
    1.9889,
    5027.9,
    -0.12333450651113674,
    -142.28957000000014
  ],
  "sey": [
    10609.63164,
    365.8241880000002,
    243.88279200000017,
    10365.748848,
    1.6434,
    6084.9,
    0.060971157356699564,
    -172.2026699999999
  ],
  "miao": [
    51668.0988,
    1001.0027400000002,
    667.3351600000002,
    51000.76364,
    1.6873,
    29633.0,
    0.033366917560599785,
    -838.6138999999998
  ]
}