{
  "cm": [
    1.8192429999991069,
    0.10642300149736408,
    0.04256920059894564,
    1.7766737994001613,
    1.6299999999991996
  ],
  "syj": [
    37436.40477600001,
    3894.2447760000036,
    0.0,
    37436.40477600001,
    33542.16
  ],
  "hxy": [
    2.120589999993504,
    0.22058999999932438,
    0.11029499999966219,
    2.0102949999938415,
    1.8999999999941792
  ],
  "cl": [
    16824.504357,
    1750.1343570000013,
    700.0537428000006,
    16124.450614200001,
    15074.369999999999
  ],
  "zb": [
    16082.77778,
    1672.9777800000013,
    669.1911120000005,
    15413.586668,
    14409.8
  ],
  "zy": [
    8413.987714,
    683.9963820000012,
    273.5985528000005,
    8140.389161200001,
    7538.74
  ],
  "lbc": [
    35876.36484,
    3278.2048400000044,
    0.0,
    35876.36484,
    32144.4
  ],
  "lz": [
    28201.72641,
    2933.626410000002,
    0.0,
    28201.72641,
    25268.1
  ],
  "house": [
    68712.13845,
    -21349.969656613375,
    0.0,
    68712.13845,
    61564.5
  ],
  "lhx": [
    5611.63919,
    -4388.351119999998,
    0.0,
    5611.63919,
    5027.9
  ],
  "sey": [
    6791.35689,
    -3208.567769999999,
    0.0,
    6791.35689,
    6084.9
  ],
  "miao": [
    33073.3913,
    -16926.369599999998,
    0.0,
    33073.3913,
    29633.0
  ],
  "hmk": [
    2126.1705,
    -876.6809999999999,
    0.0,
    2126.1705,
    1905.0
  ]
}