{
  "cm": [
    2.052984999998992,
    0.34016500149724926,
    0.1360660005988997,
    1.9169189994000924,
    1.6299999999991996
  ],
  "syj": [
    42246.35052000001,
    8704.190520000004,
    0.0,
    42246.35052000001,
    33542.16
  ],
  "hxy": [
    2.3930499999926687,
    0.49304999999848964,
    0.24652499999924482,
    2.146524999993424,
    1.8999999999941792
  ],
  "cl": [
    18986.169015,
    3911.7990150000005,
    1564.7196060000003,
    17421.449409,
    15074.369999999999
  ],
  "zb": [
    18149.1431,
    3739.343100000001,
    1495.7372400000004,
    16653.40586,
    14409.8
  ],
  "zy": [
    9495.04303,
    1765.051698000001,
    706.0206792000004,
    8789.0223508,
    7538.74
  ],
  "lbc": [
    40485.8718,
    7887.711800000004,
    0.0,
    40485.8718,
    32144.4
  ],
  "lz": [
    31825.17195,
    6557.071950000001,
    0.0,
    31825.17195,
    25268.1
  ],
  "house": [
    77540.48775,
    -12521.620356613375,
    0.0,
    77540.48775,
    61564.5
  ],
  "lhx": [
    6332.64005,
    -3667.350259999999,
    0.0,
    6332.64005,
    5027.9
  ],
  "sey": [
    7663.93155,
    -2335.9931099999994,
    0.0,
    7663.93155,
    6084.9
  ],
  "miao": [
    37322.7635,
    -12676.997399999998,
    0.0,
    37322.7635,
    29633.0
  ],
  "hmk": [
    2399.3475000000003,
    -603.5039999999999,
    0.0,
    2399.3475000000003,
    1905.0
  ]
}