{
  "cm": [
    2.7930049999986286,
    1.080185001496886,
    0.4320740005987544,
    2.360930999399874,
    1.6299999999991996
  ],
  "syj": [
    57474.491160000005,
    23932.33116,
    0.0,
    57474.491160000005,
    33542.16
  ],
  "hxy": [
    3.2556499999900264,
    1.355649999995847,
    0.6778249999979234,
    2.577824999992103,
    1.8999999999941792
  ],
  "cl": [
    25829.932995,
    10755.562995,
    4302.225198,
    21527.707797,
    15074.369999999999
  ],
  "zb": [
    24691.1923,
    10281.3923,
    4112.55692,
    20578.63538,
    14409.8
  ],
  "zy": [
    12917.63099,
    5187.639658000001,
    2075.0558632000007,
    10842.575126799999,
    7538.74
  ],
  "lbc": [
    55079.4294,
    22481.269400000005,
    0.0,
    55079.4294,
    32144.4
  ],
  "lz": [
    43296.88935,
    18028.78935,
    0.0,
    43296.88935,
    25268.1
  ],
  "house": [
    105490.77075,
    15428.662643386622,
    15428.662643386622,
    90062.10810661338,
    61564.5
  ],
  "lhx": [
    8615.306649999999,
    -1384.6836599999992,
    0.0,
    8615.306649999999,
    5027.9
  ],
  "sey": [
    10426.47615,
    426.5514900000003,
    170.62059600000012,
    10255.855554,
    6084.9
  ],
  "miao": [
    50776.1455,
    776.3846,
    310.55384000000004,
    50465.59166,
    29633.0
  ],
  "hmk": [
    3264.2175,
    261.366,
    104.5464,
    3159.6711,
    1905.0
  ]
}