{
  "cm": [
    2.7931679999986287,
    1.0803480014968858,
    0.4321392005987543,
    2.3610287993998744
  ],
  "syj": [
    57477.845376000005,
    23935.685376,
    0.0,
    57477.845376000005
  ],
  "hxy": [
    3.2558399999900254,
    1.3558399999958464,
    0.6779199999979232,
    2.577919999992102
  ],
  "cl": [
    25831.440432,
    10757.070431999999,
    4302.828172799999,
    21528.6122592
  ],
  "zb": [
    24692.63328,
    10282.833279999999,
    4113.133312,
    20579.499967999996
  ],
  "zy": [
    12918.384864,
    5188.393532,
    2075.3574128,
    10843.0274512
  ],
  "lbc": [
    55082.643840000004,
    22484.483840000004,
    0.0,
    55082.643840000004
  ],
  "lz": [
    43299.41616,
    18031.31616,
    0.0,
    43299.41616
  ],
  "house": [
    105496.9272,
    15434.81909338662,
    15434.81909338662,
    90062.10810661339
  ],
  "lhx": [
    8615.809439999999,
    -1384.1808699999992,
    0.0,
    8615.809439999999
  ],
  "sey": [
    10427.08464,
    427.15998000000025,
    170.8639920000001,
    10256.220647999999
  ],
  "miao": [
    50779.1088,
    779.3478999999998,
    311.7391599999999,
    50467.369640000004
  ],
  "hmk": [
    3264.408,
    261.55649999999997,
    104.62259999999999,
    3159.7853999999998
  ]
}