{
  "cm": [
    1.9641499999990357,
    0.2513300014972929,
    0.10053200059891716,
    1.8636179994001185,
    1.6299999999991996
  ],
  "syj": [
    40418.302800000005,
    6876.142800000003,
    0.0,
    40418.302800000005,
    33542.16
  ],
  "hxy": [
    2.289499999992986,
    0.38949999999880686,
    0.19474999999940343,
    2.0947499999935824,
    1.8999999999941792
  ],
  "cl": [
    18164.61585,
    3090.2458500000007,
    1236.0983400000005,
    16928.517509999998,
    15074.369999999999
  ],
  "zb": [
    17363.809,
    2954.009000000001,
    1181.6036000000004,
    16182.2054,
    14409.8
  ],
  "zy": [
    9084.181700000001,
    1354.190368000001,
    541.6761472000004,
    8542.505552800001,
    7538.74
  ],
  "lbc": [
    38734.002,
    6135.842000000004,
    0.0,
    38734.002,
    32144.4
  ],
  "lz": [
    30448.0605,
    5179.960500000001,
    0.0,
    30448.0605,
    25268.1
  ],
  "house": [
    74185.2225,
    -15876.885606613376,
    0.0,
    74185.2225,
    61564.5
  ],
  "lhx": [
    6058.6195,
    -3941.370809999999,
    0.0,
    6058.6195,
    5027.9
  ],
  "sey": [
    7332.3045,
    -2667.620159999999,
    0.0,
    7332.3045,
    6084.9
  ],
  "miao": [
    35707.765,
    -14291.995899999998,
    0.0,
    35707.765,
    29633.0
  ],
  "hmk": [
    2295.525,
    -707.3264999999999,
    0.0,
    2295.525,
    1905.0
  ]
}