{
  "cm": [
    12372.346598999999,
    2800.2882149999996,
    1866.8588099999997,
    10505.487788999999
  ],
  "syj": [
    56595.686568000005,
    23053.526568000005,
    0.0,
    56595.686568000005
  ],
  "hxy": [
    3.2058699999901785,
    0.6529349999979998,
    0.6529349999979998,
    2.552934999992179
  ],
  "cl": [
    25434.984501,
    6216.3687006,
    4144.2458004,
    21290.7387006
  ],
  "zb": [
    24313.65554,
    5942.313324,
    3961.5422160000003,
    20352.113323999998
  ],
  "zy": [
    12720.116002,
    2994.074802,
    1996.049868,
    10724.066134
  ],
  "lbc": [
    54237.24612,
    21639.086120000004,
    0.0,
    54237.24612
  ],
  "lz": [
    42634.86513,
    17366.76513,
    0.0,
    42634.86513
  ],
  "house": [
    94722.49105,
    0.0,
    13429.432276585982,
    81293.05877341401
  ],
  "lhx": [
    8483.57567,
    -1516.4146399999993,
    0,
    8483.57567
  ],
  "sey": [
    10267.05177,
    160.27626600000016,
    106.85084400000012,
    10160.200926
  ],
  "miao": [
    49999.7609,
    0.0,
    0,
    49999.7609
  ]
}