{
  "cm": [
    12970.689206999998,
    5265.489632999998,
    2106.1958531999994,
    10864.493353799999
  ],
  "syj": [
    59332.726824000005,
    25790.566824,
    0.0,
    59332.726824000005
  ],
  "hxy": [
    3.3609099999897034,
    1.4609099999955242,
    0.7304549999977621,
    2.630454999991941
  ],
  "cl": [
    26665.053093,
    11590.683092999998,
    4636.273237199999,
    22028.7798558
  ],
  "zb": [
    25489.495219999997,
    11079.695219999998,
    4431.8780879999995,
    21057.617132
  ],
  "zy": [
    13335.277186,
    5605.285854,
    2242.1143416,
    11093.1628444
  ],
  "lbc": [
    56860.22916,
    24262.06916,
    0.0,
    56860.22916
  ],
  "lz": [
    44696.74208999999,
    19428.642089999998,
    0.0,
    44696.74208999999
  ],
  "house": [
    99303.39265,
    18010.333876585977,
    18010.333876585977,
    81293.05877341401
  ],
  "lhx": [
    8893.852309999998,
    -1106.1379999999997,
    0.0,
    8893.852309999998
  ],
  "sey": [
    10763.579609999999,
    763.6549499999996,
    305.46197999999987,
    10458.117629999999
  ],
  "miao": [
    52417.8137,
    2418.0527999999968,
    967.2211199999988,
    51450.59258
  ]
}