{
  "cm": [
    1.9949569999990204,
    0.2821370014972776,
    0.11285480059891105,
    1.8821021994001095,
    1.6299999999991996
  ],
  "syj": [
    41052.249624000004,
    7510.089624,
    0.0,
    41052.249624000004,
    33542.16
  ],
  "hxy": [
    2.325409999992876,
    0.4254099999986967,
    0.21270499999934836,
    2.112704999993528,
    1.8999999999941792
  ],
  "cl": [
    18449.521442999998,
    3375.1514429999997,
    1350.0605772,
    17099.4608658,
    15074.369999999999
  ],
  "zb": [
    17636.15422,
    3226.3542199999997,
    1290.541688,
    16345.612532000001,
    14409.8
  ],
  "zy": [
    9226.663886,
    1496.6725540000004,
    598.6690216000002,
    8627.9948644,
    7538.74
  ],
  "lbc": [
    39341.53116,
    6743.3711600000015,
    0.0,
    39341.53116,
    32144.4
  ],
  "lz": [
    30925.627589999996,
    5657.52759,
    0.0,
    30925.627589999996,
    25268.1
  ],
  "house": [
    75348.79155,
    -14713.31655661338,
    0.0,
    75348.79155,
    61564.5
  ],
  "lhx": [
    6153.646809999999,
    -3846.343499999999,
    0.0,
    6153.646809999999,
    5027.9
  ],
  "sey": [
    7447.309109999999,
    -2552.6155499999995,
    0.0,
    7447.309109999999,
    6084.9
  ],
  "miao": [
    36267.8287,
    -13731.932200000001,
    0.0,
    36267.8287,
    29633.0
  ],
  "hmk": [
    2331.5295,
    -671.3220000000001,
    0.0,
    2331.5295,
    1905.0
  ]
}