{
  "cm": [
    1.9801239999990279,
    0.2673040014972851,
    0.10692160059891405,
    1.873202399400114,
    1.6299999999991996
  ],
  "syj": [
    40747.01596800001,
    7204.855968000004,
    0.0,
    40747.01596800001,
    33542.16
  ],
  "hxy": [
    2.308119999992929,
    0.40811999999874987,
    0.20405999999937494,
    2.104059999993554,
    1.8999999999941792
  ],
  "cl": [
    18312.344676,
    3237.974676000001,
    1295.1898704000005,
    17017.1548056,
    15074.369999999999
  ],
  "zb": [
    17505.02504,
    3095.225040000001,
    1238.0900160000006,
    16266.935024,
    14409.8
  ],
  "zy": [
    9158.061352,
    1428.0700200000013,
    571.2280080000005,
    8586.833344,
    7538.74
  ],
  "lbc": [
    39049.017120000004,
    6450.857120000005,
    0.0,
    39049.017120000004,
    32144.4
  ],
  "lz": [
    30695.68788,
    5427.587880000002,
    0.0,
    30695.68788,
    25268.1
  ],
  "house": [
    74788.5546,
    -15273.553506613373,
    0.0,
    74788.5546,
    61564.5
  ],
  "lhx": [
    6107.89292,
    -3892.0973899999985,
    0.0,
    6107.89292,
    5027.9
  ],
  "sey": [
    7391.93652,
    -2607.988139999999,
    0.0,
    7391.93652,
    6084.9
  ],
  "miao": [
    35998.1684,
    -14001.592499999997,
    0.0,
    35998.1684,
    29633.0
  ],
  "hmk": [
    2314.1940000000004,
    -688.6574999999999,
    0.0,
    2314.1940000000004,
    1905.0
  ]
}