{
  "cm": [
    1.8226659999991053,
    0.10984600149736239,
    0.04393840059894496,
    1.7787275994001603,
    1.6299999999991996
  ],
  "syj": [
    37506.843312000005,
    3964.6833120000033,
    0.0,
    37506.843312000005,
    33542.16
  ],
  "hxy": [
    2.1245799999934913,
    0.22457999999931214,
    0.11228999999965607,
    2.0122899999938353,
    1.8999999999941792
  ],
  "cl": [
    16856.160534,
    1781.7905340000011,
    712.7162136000005,
    16143.444320399998,
    15074.369999999999
  ],
  "zb": [
    16113.03836,
    1703.2383600000012,
    681.2953440000006,
    15431.743016,
    14409.8
  ],
  "zy": [
    8429.819068,
    699.8277360000011,
    279.93109440000046,
    8149.8879736,
    7538.74
  ],
  "lbc": [
    35943.86808000001,
    3345.708080000004,
    0.0,
    35943.86808000001,
    32144.4
  ],
  "lz": [
    28254.78942,
    2986.689420000002,
    0.0,
    28254.78942,
    25268.1
  ],
  "house": [
    68841.42390000001,
    -21220.684206613376,
    0.0,
    68841.42390000001,
    61564.5
  ],
  "lhx": [
    5622.19778,
    -4377.792529999999,
    0.0,
    5622.19778,
    5027.9
  ],
  "sey": [
    6804.13518,
    -3195.789479999999,
    0.0,
    6804.13518,
    6084.9
  ],
  "miao": [
    33135.6206,
    -16864.1403,
    0.0,
    33135.6206,
    29633.0
  ],
  "hmk": [
    2130.1710000000003,
    -872.6804999999999,
    0.0,
    2130.1710000000003,
    1905.0
  ]
}