{
  "cm": [
    1.8091369999991118,
    0.09631700149736908,
    0.038526800598947634,
    1.7706101994001642,
    1.6299999999991996
  ],
  "syj": [
    37228.443384000006,
    3686.283384000004,
    0.0,
    37228.443384000006,
    33542.16
  ],
  "hxy": [
    2.10880999999354,
    0.2088099999993605,
    0.10440499999968025,
    2.00440499999386,
    1.8999999999941792
  ],
  "cl": [
    16731.043263,
    1656.6732630000015,
    662.6693052000006,
    16068.373957799999,
    15074.369999999999
  ],
  "zb": [
    15993.437020000001,
    1583.6370200000015,
    633.4548080000006,
    15359.982212,
    14409.8
  ],
  "zy": [
    8367.247526000001,
    637.2561940000013,
    254.90247760000054,
    8112.3450484,
    7538.74
  ],
  "lbc": [
    35677.06956,
    3078.909560000005,
    0.0,
    35677.06956,
    32144.4
  ],
  "lz": [
    28045.06419,
    2776.9641900000024,
    0.0,
    28045.06419,
    25268.1
  ],
  "house": [
    68330.43855,
    -21731.66955661337,
    0.0,
    68330.43855,
    61564.5
  ],
  "lhx": [
    5580.4662100000005,
    -4419.524099999999,
    0.0,
    5580.4662100000005,
    5027.9
  ],
  "sey": [
    6753.63051,
    -3246.294149999999,
    0.0,
    6753.63051,
    6084.9
  ],
  "miao": [
    32889.6667,
    -17110.094199999996,
    0.0,
    32889.6667,
    29633.0
  ],
  "hmk": [
    2114.3595,
    -888.4919999999998,
    0.0,
    2114.3595,
    1905.0
  ]
}