{
  "cm": [
    2.0024549999990167,
    0.28963500149727384,
    0.11585400059890955,
    1.8866009994001072,
    1.6299999999991996
  ],
  "syj": [
    41206.54356,
    7664.383559999998,
    0.0,
    41206.54356,
    33542.16
  ],
  "hxy": [
    2.334149999992849,
    0.4341499999986698,
    0.2170749999993349,
    2.117074999993514,
    1.8999999999941792
  ],
  "cl": [
    18518.863544999997,
    3444.4935449999984,
    1377.7974179999994,
    17141.066127,
    15074.369999999999
  ],
  "zb": [
    17702.4393,
    3292.639299999999,
    1317.0557199999996,
    16385.383579999998,
    14409.8
  ],
  "zy": [
    9261.342089999998,
    1531.350758,
    612.5403032,
    8648.801786799999,
    7538.74
  ],
  "lbc": [
    39489.3954,
    6891.2354,
    0.0,
    39489.3954,
    32144.4
  ],
  "lz": [
    31041.860849999997,
    5773.760849999998,
    0.0,
    31041.860849999997,
    25268.1
  ],
  "house": [
    75631.98825,
    -14430.119856613384,
    0.0,
    75631.98825,
    61564.5
  ],
  "lhx": [
    6176.7751499999995,
    -3823.2151599999997,
    0.0,
    6176.7751499999995,
    5027.9
  ],
  "sey": [
    7475.299649999999,
    -2524.62501,
    0.0,
    7475.299649999999,
    6084.9
  ],
  "miao": [
    36404.1405,
    -13595.620400000003,
    0.0,
    36404.1405,
    29633.0
  ],
  "hmk": [
    2340.2925,
    -662.5590000000002,
    0.0,
    2340.2925,
    1905.0
  ]
}