{
  "cm": [
    2.26064699999889,
    0.5478270014971472,
    0.21913080059885892,
    2.041516199400031,
    1.6299999999991996
  ],
  "syj": [
    46519.621704000005,
    12977.461704000001,
    0.0,
    46519.621704000005,
    33542.16
  ],
  "hxy": [
    2.6351099999919274,
    0.735109999997748,
    0.367554999998874,
    2.2675549999930533,
    1.8999999999941792
  ],
  "cl": [
    20906.643753,
    5832.2737529999995,
    2332.9095012,
    18573.7342518,
    15074.369999999999
  ],
  "zb": [
    19984.95162,
    5575.15162,
    2230.060648,
    17754.890972,
    14409.8
  ],
  "zy": [
    10455.478506,
    2725.487174000001,
    1090.1948696000004,
    9365.2836364,
    7538.74
  ],
  "lbc": [
    44581.068360000005,
    11982.908360000003,
    0.0,
    44581.068360000005,
    32144.4
  ],
  "lz": [
    35044.32789,
    9776.22789,
    0.0,
    35044.32789,
    25268.1
  ],
  "house": [
    85383.80505,
    -4678.303056613378,
    0.0,
    85383.80505,
    61564.5
  ],
  "lhx": [
    6973.194509999999,
    -3026.795799999999,
    0.0,
    6973.194509999999,
    5027.9
  ],
  "sey": [
    8439.14781,
    -1560.7768499999995,
    0.0,
    8439.14781,
    6084.9
  ],
  "miao": [
    41098.0077,
    -8901.7532,
    0.0,
    41098.0077,
    29633.0
  ],
  "hmk": [
    2642.0445,
    -360.807,
    0.0,
    2642.0445,
    1905.0
  ]
}