{
  "cm": [
    2.793493999998628,
    1.0806740014968856,
    0.4322696005987543,
    2.361224399399874,
    1.6299999999991996
  ],
  "syj": [
    57484.553808000004,
    23942.393808,
    0.0,
    57484.553808000004,
    33542.16
  ],
  "hxy": [
    3.2562199999900243,
    1.356219999995845,
    0.6781099999979225,
    2.578109999992102,
    1.8999999999941792
  ],
  "cl": [
    25834.455306,
    10760.085305999999,
    4304.034122399999,
    21530.4211836,
    15074.369999999999
  ],
  "zb": [
    24695.515239999997,
    10285.71524,
    4114.286096,
    20581.229143999997,
    14409.8
  ],
  "zy": [
    12919.892612,
    5189.90128,
    2075.960512,
    10843.9321,
    7538.74
  ],
  "lbc": [
    55089.072720000004,
    22490.91272,
    0.0,
    55089.072720000004,
    32144.4
  ],
  "lz": [
    43304.46978,
    18036.369779999997,
    0.0,
    43304.46978,
    25268.1
  ],
  "house": [
    105509.2401,
    15447.13199338662,
    15447.13199338662,
    90062.10810661338,
    61564.5
  ],
  "lhx": [
    8616.81502,
    -1383.1752899999994,
    0.0,
    8616.81502,
    5027.9
  ],
  "sey": [
    10428.30162,
    428.3769600000001,
    171.35078400000006,
    10256.950836,
    6084.9
  ],
  "miao": [
    50785.0354,
    785.2744999999991,
    314.10979999999967,
    50470.9256,
    29633.0
  ],
  "hmk": [
    3264.7889999999998,
    261.93749999999994,
    104.77499999999998,
    3160.0139999999997,
    1905.0
  ]
}