{
  "cm": [
    2.2125619999989135,
    0.4997420014971707,
    0.19989680059886827,
    2.012665199400045,
    1.6299999999991996
  ],
  "syj": [
    45530.127984000006,
    11987.967983999999,
    0.0,
    45530.127984000006,
    33542.16
  ],
  "hxy": [
    2.579059999992099,
    0.6790599999979196,
    0.3395299999989598,
    2.239529999993139,
    1.8999999999941792
  ],
  "cl": [
    20461.949837999997,
    5387.579837999999,
    2155.0319351999997,
    18306.917902799996,
    15074.369999999999
  ],
  "zb": [
    19559.86252,
    5150.062519999999,
    2060.0250079999996,
    17499.837512,
    14409.8
  ],
  "zy": [
    10233.085675999999,
    2503.094344,
    1001.2377376000001,
    9231.847938399998,
    7538.74
  ],
  "lbc": [
    43632.80856,
    11034.64856,
    0.0,
    43632.80856,
    32144.4
  ],
  "lz": [
    34298.918939999996,
    9030.818939999997,
    0.0,
    34298.918939999996,
    25268.1
  ],
  "house": [
    83567.6523,
    -6494.455806613383,
    0.0,
    83567.6523,
    61564.5
  ],
  "lhx": [
    6824.871459999999,
    -3175.1188499999994,
    0.0,
    6824.871459999999,
    5027.9
  ],
  "sey": [
    8259.643259999999,
    -1740.2814,
    0.0,
    8259.643259999999,
    6084.9
  ],
  "miao": [
    40223.8342,
    -9775.926700000002,
    0.0,
    40223.8342,
    29633.0
  ],
  "hmk": [
    2585.8469999999998,
    -417.0045000000002,
    0.0,
    2585.8469999999998,
    1905.0
  ]
}