{
  "cm": [
    1.9604009999990375,
    0.24758100149729478,
    0.09903240059891792,
    1.8613685994001197,
    1.6299999999991996
  ],
  "syj": [
    40341.155832000004,
    6798.995832000004,
    0.0,
    40341.155832000004,
    33542.16
  ],
  "hxy": [
    2.2851299999929995,
    0.3851299999988203,
    0.19256499999941015,
    2.092564999993589,
    1.8999999999941792
  ],
  "cl": [
    18129.944799,
    3055.5747990000013,
    1222.2299196000006,
    16907.7148794,
    15074.369999999999
  ],
  "zb": [
    17330.66646,
    2920.8664600000016,
    1168.3465840000006,
    16162.319876,
    14409.8
  ],
  "zy": [
    9066.842598000001,
    1336.8512660000013,
    534.7405064000005,
    8532.1020916,
    7538.74
  ],
  "lbc": [
    38660.06988,
    6061.909880000005,
    0.0,
    38660.06988,
    32144.4
  ],
  "lz": [
    30389.94387,
    5121.843870000002,
    0.0,
    30389.94387,
    25268.1
  ],
  "house": [
    74043.62415,
    -16018.483956613372,
    0.0,
    74043.62415,
    61564.5
  ],
  "lhx": [
    6047.05533,
    -3952.9349799999986,
    0.0,
    6047.05533,
    5027.9
  ],
  "sey": [
    7318.30923,
    -2681.615429999999,
    0.0,
    7318.30923,
    6084.9
  ],
  "miao": [
    35639.6091,
    -14360.151799999998,
    0.0,
    35639.6091,
    29633.0
  ],
  "hmk": [
    2291.1435,
    -711.7079999999999,
    0.0,
    2291.1435,
    1905.0
  ]
}