{
  "cm": [
    12554.195822999998,
    4848.996248999998,
    1939.5984995999993,
    10614.5973234
  ],
  "syj": [
    57427.532136,
    23885.372136,
    0.0,
    57427.532136
  ],
  "hxy": [
    3.2529899999900342,
    1.352989999995855,
    0.6764949999979275,
    2.5764949999921067
  ],
  "cl": [
    25808.828876999996,
    10734.458877,
    4293.7835508,
    21515.045326199997
  ],
  "zb": [
    24671.018579999996,
    10261.218579999999,
    4104.487432,
    20566.531147999995
  ],
  "zy": [
    12907.076754,
    5177.085422,
    2070.8341688,
    10836.2425852
  ],
  "lbc": [
    55034.427240000005,
    22436.26724,
    0.0,
    55034.427240000005
  ],
  "lz": [
    43261.51401,
    17993.414009999997,
    0.0,
    43261.51401
  ],
  "house": [
    96114.72585,
    14821.667076585978,
    14821.667076585978,
    81293.05877341403
  ],
  "lhx": [
    8608.26759,
    -1391.7227199999995,
    0.0,
    8608.26759
  ],
  "sey": [
    10417.957289999998,
    418.03262999999987,
    167.21305199999995,
    10250.744238
  ],
  "miao": [
    50734.6593,
    734.898399999998,
    293.9593599999992,
    50440.69994
  ]
}