{
  "cm": [
    1.8588519999990873,
    0.1460320014973446,
    0.058412800598937845,
    1.8004391994001494,
    1.6299999999991996
  ],
  "syj": [
    38251.47926400001,
    4709.319264000003,
    0.0,
    38251.47926400001,
    33542.16
  ],
  "hxy": [
    2.166759999993362,
    0.26675999999918293,
    0.13337999999959146,
    2.033379999993771,
    1.8999999999941792
  ],
  "cl": [
    17190.811548,
    2116.441548000001,
    846.5766192000006,
    16344.2349288,
    15074.369999999999
  ],
  "zb": [
    16432.93592,
    2023.135920000001,
    809.2543680000005,
    15623.681552,
    14409.8
  ],
  "zy": [
    8597.179096,
    867.1877640000012,
    346.8751056000005,
    8250.3039904,
    7538.74
  ],
  "lbc": [
    36657.47376,
    4059.313760000004,
    0.0,
    36657.47376,
    32144.4
  ],
  "lz": [
    28815.74124,
    3547.6412400000017,
    0.0,
    28815.74124,
    25268.1
  ],
  "house": [
    70208.15580000001,
    -19853.952306613373,
    0.0,
    70208.15580000001,
    61564.5
  ],
  "lhx": [
    5733.81716,
    -4266.173149999999,
    0.0,
    5733.81716,
    5027.9
  ],
  "sey": [
    6939.21996,
    -3060.7046999999993,
    0.0,
    6939.21996,
    6084.9
  ],
  "miao": [
    33793.4732,
    -16206.287699999999,
    0.0,
    33793.4732,
    29633.0
  ],
  "hmk": [
    2172.462,
    -830.3894999999999,
    0.0,
    2172.462,
    1905.0
  ]
}