{
  "cm": [
    13330.721339999998,
    5625.521765999999,
    2250.2087063999998,
    11080.5126336
  ],
  "syj": [
    60979.64688000001,
    27437.486880000004,
    0.0,
    60979.64688000001
  ],
  "hxy": [
    3.454199999989418,
    1.5541999999952387,
    0.7770999999976194,
    2.677099999991799
  ],
  "cl": [
    27405.20466,
    12330.83466,
    4932.333864,
    22472.870796
  ],
  "zb": [
    26197.0164,
    11787.216400000001,
    4714.886560000001,
    21482.12984
  ],
  "zy": [
    13705.42932,
    5975.437988000001,
    2390.1751952000004,
    11315.254124799998
  ],
  "lbc": [
    58438.5192,
    25840.359200000006,
    0.0,
    58438.5192
  ],
  "lz": [
    45937.4058,
    20669.305800000002,
    0.0,
    45937.4058
  ],
  "house": [
    102059.793,
    20766.734226585984,
    20766.734226585984,
    81293.05877341403
  ],
  "lhx": [
    9140.7222,
    -859.2681099999991,
    0.0,
    9140.7222
  ],
  "sey": [
    11062.3482,
    1062.4235400000005,
    424.9694160000002,
    10637.378784
  ],
  "miao": [
    53872.794,
    3873.033100000001,
    1549.2132400000005,
    52323.580760000004
  ]
}