{
  "cm": [
    2.303189999998869,
    0.5903700014971264,
    0.23614800059885055,
    2.0670419994000184,
    1.6299999999991996
  ],
  "syj": [
    47395.072080000005,
    13852.912080000002,
    0.0,
    47395.072080000005,
    33542.16
  ],
  "hxy": [
    2.6846999999917753,
    0.7846999999975961,
    0.39234999999879805,
    2.292349999992977,
    1.8999999999941792
  ],
  "cl": [
    21300.08481,
    6225.71481,
    2490.2859240000003,
    18809.798886,
    15074.369999999999
  ],
  "zb": [
    20361.0474,
    5951.2474,
    2380.4989600000004,
    17980.54844,
    14409.8
  ],
  "zy": [
    10652.23962,
    2922.2482880000007,
    1168.8993152000003,
    9483.3403048,
    7538.74
  ],
  "lbc": [
    45420.037200000006,
    12821.877200000003,
    0.0,
    45420.037200000006,
    32144.4
  ],
  "lz": [
    35703.8253,
    10435.7253,
    0.0,
    35703.8253,
    25268.1
  ],
  "house": [
    86990.6385,
    -3071.4696066133774,
    0.0,
    86990.6385,
    61564.5
  ],
  "lhx": [
    7104.4227,
    -2895.567609999999,
    0.0,
    7104.4227,
    5027.9
  ],
  "sey": [
    8597.9637,
    -1401.9609599999994,
    0.0,
    8597.9637,
    6084.9
  ],
  "miao": [
    41871.429000000004,
    -8128.331899999999,
    0.0,
    41871.429000000004,
    29633.0
  ],
  "hmk": [
    2691.765,
    -311.0865,
    0.0,
    2691.765,
    1905.0
  ]
}