{
  "cm": [
    2.1889269999989254,
    0.4761070014971824,
    0.19044280059887297,
    1.9984841994000524,
    1.6299999999991996
  ],
  "syj": [
    45043.766664,
    11501.606664,
    0.0,
    45043.766664,
    33542.16
  ],
  "hxy": [
    2.551509999992183,
    0.6515099999980041,
    0.32575499999900204,
    2.225754999993181,
    1.8999999999941792
  ],
  "cl": [
    20243.371473,
    5169.001472999999,
    2067.6005892,
    18175.7708838,
    15074.369999999999
  ],
  "zb": [
    19350.92042,
    4941.120419999999,
    1976.448168,
    17374.472252,
    14409.8
  ],
  "zy": [
    10123.773946,
    2393.782614,
    957.5130456000002,
    9166.260900399999,
    7538.74
  ],
  "lbc": [
    43166.71476,
    10568.55476,
    0.0,
    43166.71476,
    32144.4
  ],
  "lz": [
    33932.53149,
    8664.431489999999,
    0.0,
    33932.53149,
    25268.1
  ],
  "house": [
    82674.96704999999,
    -7387.141056613381,
    0.0,
    82674.96704999999,
    61564.5
  ],
  "lhx": [
    6751.966909999999,
    -3248.023399999999,
    0.0,
    6751.966909999999,
    5027.9
  ],
  "sey": [
    8171.4122099999995,
    -1828.5124499999997,
    0.0,
    8171.4122099999995,
    6084.9
  ],
  "miao": [
    39794.1557,
    -10205.605200000002,
    0.0,
    39794.1557,
    29633.0
  ],
  "hmk": [
    2558.2245,
    -444.6270000000001,
    0.0,
    2558.2245,
    1905.0
  ]
}