{
  "cm": [
    2.1845259999989275,
    0.47170600149718467,
    0.18868240059887387,
    1.9958435994000536,
    1.6299999999991996
  ],
  "syj": [
    44953.20283200001,
    11411.042832000003,
    0.0,
    44953.20283200001,
    33542.16
  ],
  "hxy": [
    2.546379999992199,
    0.6463799999980199,
    0.32318999999900994,
    2.2231899999931892,
    1.8999999999941792
  ],
  "cl": [
    20202.670674,
    5128.300674,
    2051.3202696000003,
    18151.3504044,
    15074.369999999999
  ],
  "zb": [
    19312.01396,
    4902.213960000001,
    1960.8855840000006,
    17351.128376,
    14409.8
  ],
  "zy": [
    10103.419348,
    2373.4280160000008,
    949.3712064000003,
    9154.048141599998,
    7538.74
  ],
  "lbc": [
    43079.924880000006,
    10481.764880000004,
    0.0,
    43079.924880000006,
    32144.4
  ],
  "lz": [
    33864.30762,
    8596.207620000001,
    0.0,
    33864.30762,
    25268.1
  ],
  "house": [
    82508.7429,
    -7553.365206613375,
    0.0,
    82508.7429,
    61564.5
  ],
  "lhx": [
    6738.3915799999995,
    -3261.598729999999,
    0.0,
    6738.3915799999995,
    5027.9
  ],
  "sey": [
    8154.98298,
    -1844.9416799999995,
    0.0,
    8154.98298,
    6084.9
  ],
  "miao": [
    39714.1466,
    -10285.6143,
    0.0,
    39714.1466,
    29633.0
  ],
  "hmk": [
    2553.081,
    -449.77049999999997,
    0.0,
    2553.081,
    1905.0
  ]
}