{
  "cm": [
    1.9268229999990538,
    0.214003001497311,
    0.0856012005989244,
    1.8412217994001294,
    1.6299999999991996
  ],
  "syj": [
    39650.187336,
    6108.027335999998,
    0.0,
    39650.187336,
    33542.16
  ],
  "hxy": [
    2.245989999993119,
    0.3459899999989399,
    0.17299499999946996,
    2.0729949999936492,
    1.8999999999941792
  ],
  "cl": [
    17819.412776999998,
    2745.0427769999988,
    1098.0171107999995,
    16721.3956662,
    15074.369999999999
  ],
  "zb": [
    17033.824579999997,
    2624.024579999999,
    1049.6098319999996,
    15984.214747999997,
    14409.8
  ],
  "zy": [
    8911.544554,
    1181.553222,
    472.6212888,
    8438.9232652,
    7538.74
  ],
  "lbc": [
    37997.89524,
    5399.735239999999,
    0.0,
    37997.89524,
    32144.4
  ],
  "lz": [
    29869.42101,
    4601.321009999998,
    0.0,
    29869.42101,
    25268.1
  ],
  "house": [
    72775.39545,
    -17286.712656613385,
    0.0,
    72775.39545,
    61564.5
  ],
  "lhx": [
    5943.480589999999,
    -4056.5097199999996,
    0.0,
    5943.480589999999,
    5027.9
  ],
  "sey": [
    7192.960289999999,
    -2806.96437,
    0.0,
    7192.960289999999,
    6084.9
  ],
  "miao": [
    35029.1693,
    -14970.591600000003,
    0.0,
    35029.1693,
    29633.0
  ],
  "hmk": [
    2251.9004999999997,
    -750.9510000000002,
    0.0,
    2251.9004999999997,
    1905.0
  ]
}