{
  "cm": [
    2.083302999998977,
    0.3704830014972343,
    0.1481932005988937,
    1.9351097994000834,
    1.6299999999991996
  ],
  "syj": [
    42870.23469600001,
    9328.074696000001,
    0.0,
    42870.23469600001,
    33542.16
  ],
  "hxy": [
    2.4283899999925604,
    0.5283899999983813,
    0.26419499999919066,
    2.1641949999933696,
    1.8999999999941792
  ],
  "cl": [
    19266.552297,
    4192.182297,
    1676.8729188000002,
    17589.6793782,
    15074.369999999999
  ],
  "zb": [
    18417.16538,
    4007.36538,
    1602.9461520000002,
    16814.219227999998,
    14409.8
  ],
  "zy": [
    9635.263594,
    1905.2722620000006,
    762.1089048000003,
    8873.1546892,
    7538.74
  ],
  "lbc": [
    41083.75764,
    8485.597640000002,
    0.0,
    41083.75764,
    32144.4
  ],
  "lz": [
    32295.15861,
    7027.05861,
    0.0,
    32295.15861,
    25268.1
  ],
  "house": [
    78685.58745,
    -11376.520656613378,
    0.0,
    78685.58745,
    61564.5
  ],
  "lhx": [
    6426.15899,
    -3573.8313199999993,
    0.0,
    6426.15899,
    5027.9
  ],
  "sey": [
    7777.1106899999995,
    -2222.8139699999997,
    0.0,
    7777.1106899999995,
    6084.9
  ],
  "miao": [
    37873.9373,
    -12125.8236,
    0.0,
    37873.9373,
    29633.0
  ],
  "hmk": [
    2434.7805,
    -568.071,
    0.0,
    2434.7805,
    1905.0
  ]
}