{
  "cm": [
    1.918672999999058,
    0.20585300149731517,
    0.08234120059892608,
    1.8363317994001318,
    1.6299999999991996
  ],
  "syj": [
    39482.476536,
    5940.316536000002,
    0.0,
    39482.476536,
    33542.16
  ],
  "hxy": [
    2.2364899999931485,
    0.3364899999989692,
    0.1682449999994846,
    2.068244999993664,
    1.8999999999941792
  ],
  "cl": [
    17744.040927,
    2669.6709270000006,
    1067.8683708000003,
    16676.1725562,
    15074.369999999999
  ],
  "zb": [
    16961.77558,
    2551.9755800000003,
    1020.7902320000002,
    15940.985348000002,
    14409.8
  ],
  "zy": [
    8873.850854,
    1143.8595220000009,
    457.54380880000036,
    8416.3070452,
    7538.74
  ],
  "lbc": [
    37837.173240000004,
    5239.013240000003,
    0.0,
    37837.173240000004,
    32144.4
  ],
  "lz": [
    29743.08051,
    4474.98051,
    0.0,
    29743.08051,
    25268.1
  ],
  "house": [
    72467.57295,
    -17594.535156613376,
    0.0,
    72467.57295,
    61564.5
  ],
  "lhx": [
    5918.34109,
    -4081.649219999999,
    0.0,
    5918.34109,
    5027.9
  ],
  "sey": [
    7162.53579,
    -2837.3888699999993,
    0.0,
    7162.53579,
    6084.9
  ],
  "miao": [
    34881.0043,
    -15118.756599999999,
    0.0,
    34881.0043,
    29633.0
  ],
  "hmk": [
    2242.3755,
    -760.476,
    0.0,
    2242.3755,
    1905.0
  ]
}