{
  "cm": [
    2.6912929999986788,
    0.9784730014969357,
    0.3913892005987743,
    2.2999037993999045
  ],
  "syj": [
    55381.460376,
    21839.300376000003,
    0.0,
    55381.460376
  ],
  "hxy": [
    3.137089999990389,
    1.2370899999962102,
    0.6185449999981051,
    2.518544999992284
  ],
  "cl": [
    24889.292307,
    9814.922306999999,
    3925.9689227999997,
    20963.3233842
  ],
  "zb": [
    23792.02078,
    9382.22078,
    3752.888312,
    20039.132468
  ],
  "zy": [
    12447.213614,
    4717.222282000001,
    1886.8889128000003,
    10560.3247012
  ],
  "lbc": [
    53073.61884,
    20475.458840000003,
    0.0,
    53073.61884
  ],
  "lz": [
    41720.159909999995,
    16452.05991,
    0.0,
    41720.159909999995
  ],
  "house": [
    101649.14595,
    11587.03784338662,
    11587.03784338662,
    90062.10810661339
  ],
  "lhx": [
    8301.56569,
    -1698.4246199999993,
    0.0,
    8301.56569
  ],
  "sey": [
    10046.77839,
    46.85373000000024,
    18.741492000000097,
    10028.036898
  ],
  "miao": [
    48927.0463,
    -1072.7146000000002,
    0.0,
    48927.0463
  ],
  "hmk": [
    3145.3455,
    142.49399999999997,
    56.99759999999999,
    3088.3478999999998
  ]
}