{
  "cm": [
    2.8037629999986233,
    1.0909430014968804,
    0.4363772005987522,
    2.3673857993998713,
    1.6299999999991996
  ],
  "syj": [
    57695.869416,
    24153.709416,
    0.0,
    57695.869416,
    33542.16
  ],
  "hxy": [
    3.2681899999899877,
    1.3681899999958085,
    0.6840949999979042,
    2.5840949999920833,
    1.8999999999941792
  ],
  "cl": [
    25929.423837,
    10855.053837,
    4342.0215348,
    21587.402302199996,
    15074.369999999999
  ],
  "zb": [
    24786.29698,
    10376.496979999998,
    4150.598792,
    20635.698188,
    14409.8
  ],
  "zy": [
    12967.386674,
    5237.395342,
    2094.9581368,
    10872.4285372,
    7538.74
  ],
  "lbc": [
    55291.58244,
    22693.422440000002,
    0.0,
    55291.58244,
    32144.4
  ],
  "lz": [
    43463.65880999999,
    18195.55881,
    0.0,
    43463.65880999999,
    25268.1
  ],
  "house": [
    105897.09645,
    15834.988343386618,
    15834.988343386618,
    90062.10810661338,
    61564.5
  ],
  "lhx": [
    8648.49079,
    -1351.4995199999996,
    0.0,
    8648.49079,
    5027.9
  ],
  "sey": [
    10466.636489999999,
    466.7118299999999,
    186.68473199999997,
    10279.951758,
    6084.9
  ],
  "miao": [
    50971.7233,
    971.9623999999982,
    388.7849599999993,
    50582.93834,
    29633.0
  ],
  "hmk": [
    3276.7905,
    273.93899999999985,
    109.57559999999995,
    3167.2149,
    1905.0
  ]
}