{
  "cm": [
    12778.574300999999,
    5073.3747269999985,
    2029.3498907999995,
    10749.224410199999
  ],
  "syj": [
    58453.922232000004,
    24911.762232,
    0.0,
    58453.922232000004
  ],
  "hxy": [
    3.311129999989856,
    1.4111299999956768,
    0.7055649999978384,
    2.6055649999920174
  ],
  "cl": [
    26270.104599,
    11195.734598999998,
    4478.293839599999,
    21791.8107594
  ],
  "zb": [
    25111.958459999998,
    10702.158459999999,
    4280.863383999999,
    20831.095075999998
  ],
  "zy": [
    13137.762197999999,
    5407.770866,
    2163.1083464,
    10974.653851599998
  ],
  "lbc": [
    56018.04588,
    23419.885879999998,
    0.0,
    56018.04588
  ],
  "lz": [
    44034.71786999999,
    18766.61787,
    0.0,
    44034.71786999999
  ],
  "house": [
    97832.56395,
    16539.505176585975,
    16539.505176585975,
    81293.05877341403
  ],
  "lhx": [
    8762.121329999998,
    -1237.8689799999997,
    0.0,
    8762.121329999998
  ],
  "sey": [
    10604.155229999998,
    604.2305699999996,
    241.69222799999986,
    10362.463001999999
  ],
  "miao": [
    51641.429099999994,
    1641.668199999997,
    656.6672799999988,
    50984.76181999999
  ]
}