{
  "cm": [
    1.8844429999990746,
    0.17162300149733176,
    0.0686492005989327,
    1.8157937994001419,
    1.6299999999991996
  ],
  "syj": [
    38778.091176,
    5235.931175999997,
    0.0,
    38778.091176,
    33542.16
  ],
  "hxy": [
    2.1965899999932703,
    0.2965899999990912,
    0.1482949999995456,
    2.0482949999937246,
    1.8999999999941792
  ],
  "cl": [
    17427.479156999998,
    2353.1091569999985,
    941.2436627999995,
    16486.2354942,
    15074.369999999999
  ],
  "zb": [
    16659.169779999997,
    2249.3697799999986,
    899.7479119999995,
    15759.421867999998,
    14409.8
  ],
  "zy": [
    8715.537314,
    985.5459819999998,
    394.21839279999995,
    8321.3189212,
    7538.74
  ],
  "lbc": [
    37162.14084,
    4563.980839999998,
    0.0,
    37162.14084,
    32144.4
  ],
  "lz": [
    29212.450409999998,
    3944.3504099999973,
    0.0,
    29212.450409999998,
    25268.1
  ],
  "house": [
    71174.71845,
    -18887.389656613384,
    0.0,
    71174.71845,
    61564.5
  ],
  "lhx": [
    5812.755189999999,
    -4187.235119999999,
    0.0,
    5812.755189999999,
    5027.9
  ],
  "sey": [
    7034.752889999999,
    -2965.1717700000004,
    0.0,
    7034.752889999999,
    6084.9
  ],
  "miao": [
    34258.711299999995,
    -15741.049600000004,
    0.0,
    34258.711299999995,
    29633.0
  ],
  "hmk": [
    2202.3705,
    -800.4810000000002,
    0.0,
    2202.3705,
    1905.0
  ]
}