{
  "cm": [
    1.9048179999990649,
    0.19199800149732205,
    0.07679920059892882,
    1.828018799400136,
    1.6299999999991996
  ],
  "syj": [
    39197.368176,
    5655.208176000004,
    0.0,
    39197.368176,
    33542.16
  ],
  "hxy": [
    2.220339999993198,
    0.3203399999990188,
    0.1601699999995094,
    2.060169999993689,
    1.8999999999941792
  ],
  "cl": [
    17615.908782,
    2541.538782000001,
    1016.6155128000005,
    16599.2932692,
    15074.369999999999
  ],
  "zb": [
    16839.29228,
    2429.4922800000013,
    971.7969120000006,
    15867.495368000002,
    14409.8
  ],
  "zy": [
    8809.771564,
    1079.7802320000012,
    431.9120928000005,
    8377.8594712,
    7538.74
  ],
  "lbc": [
    37563.94584000001,
    4965.785840000004,
    0.0,
    37563.94584000001,
    32144.4
  ],
  "lz": [
    29528.30166,
    4260.2016600000015,
    0.0,
    29528.30166,
    25268.1
  ],
  "house": [
    71944.27470000001,
    -18117.833406613376,
    0.0,
    71944.27470000001,
    61564.5
  ],
  "lhx": [
    5875.60394,
    -4124.386369999998,
    0.0,
    5875.60394,
    5027.9
  ],
  "sey": [
    7110.81414,
    -2889.1105199999993,
    0.0,
    7110.81414,
    6084.9
  ],
  "miao": [
    34629.1238,
    -15370.637099999998,
    0.0,
    34629.1238,
    29633.0
  ],
  "hmk": [
    2226.183,
    -776.6684999999999,
    0.0,
    2226.183,
    1905.0
  ]
}