{
  "cm": [
    2.001476999999017,
    0.2886570014972744,
    0.11546280059890977,
    1.8860141994001074,
    1.6299999999991996
  ],
  "syj": [
    41186.41826400001,
    7644.258264000001,
    0.0,
    41186.41826400001,
    33542.16
  ],
  "hxy": [
    2.3330099999928526,
    0.43300999999867346,
    0.21650499999933673,
    2.116504999993516,
    1.8999999999941792
  ],
  "cl": [
    18509.818923,
    3435.4489229999995,
    1374.1795691999998,
    17135.639353799997,
    15074.369999999999
  ],
  "zb": [
    17693.793419999998,
    3283.99342,
    1313.597368,
    16380.196051999998,
    14409.8
  ],
  "zy": [
    9256.818846,
    1526.8275140000005,
    610.7310056000002,
    8646.0878404,
    7538.74
  ],
  "lbc": [
    39470.10876,
    6871.948760000001,
    0.0,
    39470.10876,
    32144.4
  ],
  "lz": [
    31026.699989999997,
    5758.59999,
    0.0,
    31026.699989999997,
    25268.1
  ],
  "house": [
    75595.04955,
    -14467.05855661338,
    0.0,
    75595.04955,
    61564.5
  ],
  "lhx": [
    6173.7584099999995,
    -3826.2318999999993,
    0.0,
    6173.7584099999995,
    5027.9
  ],
  "sey": [
    7471.6487099999995,
    -2528.2759499999997,
    0.0,
    7471.6487099999995,
    6084.9
  ],
  "miao": [
    36386.3607,
    -13613.4002,
    0.0,
    36386.3607,
    29633.0
  ],
  "hmk": [
    2339.1495,
    -663.7020000000001,
    0.0,
    2339.1495,
    1905.0
  ]
}