{
  "cm": [
    1.9354619999990497,
    0.2226420014973069,
    0.08905680059892276,
    1.846405199400127,
    1.6299999999991996
  ],
  "syj": [
    39827.960784,
    6285.800784000001,
    0.0,
    39827.960784,
    33542.16
  ],
  "hxy": [
    2.2560599999930884,
    0.3560599999989092,
    0.1780299999994546,
    2.0780299999936336,
    1.8999999999941792
  ],
  "cl": [
    17899.306937999998,
    2824.936938,
    1129.9747752,
    16769.332162799998,
    15074.369999999999
  ],
  "zb": [
    17110.196519999998,
    2700.3965200000002,
    1080.1586080000002,
    16030.037911999998,
    14409.8
  ],
  "zy": [
    8951.499876,
    1221.5085440000005,
    488.6034176000002,
    8462.8964584,
    7538.74
  ],
  "lbc": [
    38168.26056,
    5570.100560000002,
    0.0,
    38168.26056,
    32144.4
  ],
  "lz": [
    30003.34194,
    4735.24194,
    0.0,
    30003.34194,
    25268.1
  ],
  "house": [
    73101.6873,
    -16960.42080661338,
    0.0,
    73101.6873,
    61564.5
  ],
  "lhx": [
    5970.12846,
    -4029.8618499999993,
    0.0,
    5970.12846,
    5027.9
  ],
  "sey": [
    7225.21026,
    -2774.7143999999994,
    0.0,
    7225.21026,
    6084.9
  ],
  "miao": [
    35186.2242,
    -14813.5367,
    0.0,
    35186.2242,
    29633.0
  ],
  "hmk": [
    2261.997,
    -740.8545,
    0.0,
    2261.997,
    1905.0
  ]
}