{
  "cm": [
    2.169366999998935,
    0.45654700149719196,
    0.1826188005988768,
    1.9867481994000582,
    1.6299999999991996
  ],
  "syj": [
    44641.26074400001,
    11099.100744,
    0.0,
    44641.26074400001,
    33542.16
  ],
  "hxy": [
    2.528709999992253,
    0.6287099999980739,
    0.31435499999903693,
    2.2143549999932164,
    1.8999999999941792
  ],
  "cl": [
    20062.479033,
    4988.109032999999,
    1995.2436131999996,
    18067.2354198,
    15074.369999999999
  ],
  "zb": [
    19178.002819999998,
    4768.2028199999995,
    1907.2811279999999,
    17270.721692,
    14409.8
  ],
  "zy": [
    10033.309066,
    2303.317734,
    921.3270936000001,
    9111.981972399999,
    7538.74
  ],
  "lbc": [
    42780.981960000005,
    10182.821960000001,
    0.0,
    42780.981960000005,
    32144.4
  ],
  "lz": [
    33629.314289999995,
    8361.214289999998,
    0.0,
    33629.314289999995,
    25268.1
  ],
  "house": [
    81936.19305,
    -8125.915056613381,
    0.0,
    81936.19305,
    61564.5
  ],
  "lhx": [
    6691.63211,
    -3308.358199999999,
    0.0,
    6691.63211,
    5027.9
  ],
  "sey": [
    8098.39341,
    -1901.53125,
    0.0,
    8098.39341,
    6084.9
  ],
  "miao": [
    39438.5597,
    -10561.201200000001,
    0.0,
    39438.5597,
    29633.0
  ],
  "hmk": [
    2535.3645,
    -467.48700000000014,
    0.0,
    2535.3645,
    1905.0
  ]
}