{
  "cm": [
    2.772629999998639,
    1.0598100014968959,
    0.42392400059875834,
    2.3487059993998805
  ],
  "syj": [
    57055.21416000001,
    23513.054160000003,
    0.0,
    57055.21416000001
  ],
  "hxy": [
    3.231899999990099,
    1.3318999999959198,
    0.6659499999979599,
    2.565949999992139
  ],
  "cl": [
    25641.50337,
    10567.13337,
    4226.853348,
    21414.650021999998
  ],
  "zb": [
    24511.0698,
    10101.2698,
    4040.50792,
    20470.56188
  ],
  "zy": [
    12823.39674,
    5093.4054080000005,
    2037.3621632000004,
    10786.0345768
  ],
  "lbc": [
    54677.62440000001,
    22079.464400000004,
    0.0,
    54677.62440000001
  ],
  "lz": [
    42981.0381,
    17712.9381,
    0.0,
    42981.0381
  ],
  "house": [
    104721.2145,
    14659.106393386624,
    14659.106393386624,
    90062.10810661338
  ],
  "lhx": [
    8552.4579,
    -1447.532409999999,
    0.0,
    8552.4579
  ],
  "sey": [
    10350.4149,
    350.49024000000054,
    140.1960960000002,
    10210.218804
  ],
  "miao": [
    50405.733,
    405.9721000000013,
    162.38884000000053,
    50243.34416
  ],
  "hmk": [
    3240.405,
    237.55350000000007,
    95.02140000000003,
    3145.3836
  ]
}