{
  "benchmark": {
    "alpha": 0.0,
    "beta": 1.0,
    "sharpe_ratio": 2.0489000707799394,
    "sortino_ratio": 3.353851150682085,
    "annual_volatility": 0.8923597160391125,
    "annual_return": 3.3561953075979387,
    "daily_winning_ratio": 0.518796992481203,
    "max_drawdown": 0.1452949090136657
  },
  "strategy": {
    "alpha": -0.06820068396606627,
    "beta": 0.332756982582137,
    "sharpe_ratio": 1.5658635449498433,
    "sortino_ratio": 2.9113510703017864,
    "annual_volatility": 0.34343171879192386,
    "annual_return": 0.6762275684966654,
    "daily_winning_ratio": 0.518796992481203,
    "max_drawdown": 0.1452949090136657
  }
}