{
  "benchmark": {
    "alpha": 0.0,
    "beta": 0.9999999999999998,
    "sharpe_ratio": 0.9089249630049498,
    "sortino_ratio": 1.4067107194239001,
    "annual_volatility": 0.942599040713438,
    "annual_return": 0.5764782817359198,
    "daily_winning_ratio": 0.49411764705882355,
    "max_drawdown": 0.20378106634567728
  },
  "strategy": {
    "alpha": 0.0573914418276833,
    "beta": 0.25110084040531216,
    "sharpe_ratio": 0.8066295329946341,
    "sortino_ratio": 1.3069023394615977,
    "annual_volatility": 0.335891909347303,
    "annual_return": 0.2865093821498794,
    "daily_winning_ratio": 0.49411764705882355,
    "max_drawdown": 0.20378106634567728
  }
}