{
  "benchmark": {
    "alpha": 0.0,
    "beta": 0.9999999999999997,
    "sharpe_ratio": 3.417873009394138,
    "sortino_ratio": 5.517769374469476,
    "annual_volatility": 0.9942081510688424,
    "skew": -0.27319480980988425,
    "annual_return": 17.91733778881607,
    "daily_winning_ratio": 0.5526315789473685,
    "max_drawdown": 0.1938118477495553
  },
  "strategy": {
    "alpha": 1.9519447083488117,
    "beta": 0.40767776037939146,
    "sharpe_ratio": 3.921601803180236,
    "sortino_ratio": 12.04057138193629,
    "annual_volatility": 0.629689473997555,
    "skew": 3.2996292626228514,
    "annual_return": 9.160250218016051,
    "daily_winning_ratio": 0.5526315789473685,
    "max_drawdown": 0.063066531175197
  }
}