{
  "benchmark": {
    "alpha": 0.0,
    "beta": 1.0000000000000002,
    "sharpe_ratio": 3.6570846230672807,
    "sortino_ratio": 6.470483274596396,
    "annual_volatility": 0.9594695276634548,
    "annual_return": 20.886948075305188,
    "daily_winning_ratio": 0.5555555555555556,
    "max_drawdown": 0.1938118477495553
  },
  "strategy": {
    "alpha": 0.043033218129626905,
    "beta": 0.3865668383150187,
    "sharpe_ratio": 3.3824910561525177,
    "sortino_ratio": 6.955615332550799,
    "annual_volatility": 0.4134659440579466,
    "annual_return": 2.857371617643439,
    "daily_winning_ratio": 0.5555555555555556,
    "max_drawdown": 0.06786420334969145
  }
}