{
  "benchmark": {
    "alpha": 0.0,
    "beta": 0.9999999999999999,
    "sharpe_ratio": 3.1532583272241097,
    "sortino_ratio": 5.073851722435491,
    "annual_volatility": 1.0283524403790352,
    "skew": -0.2452493895223486,
    "annual_return": 14.700931867232274,
    "daily_winning_ratio": 0.5428571428571428,
    "max_drawdown": 0.1938118477495553
  },
  "strategy": {
    "alpha": 2.396320708089395,
    "beta": 0.41426391865926365,
    "sharpe_ratio": 3.916541157680728,
    "sortino_ratio": 12.020447289992942,
    "annual_volatility": 0.6556959853600922,
    "skew": 3.170932186516996,
    "annual_return": 10.04397643065555,
    "daily_winning_ratio": 0.5428571428571428,
    "max_drawdown": 0.063066531175197
  }
}