{
  "benchmark": {
    "alpha": 0.0,
    "beta": 1.0,
    "sharpe_ratio": 3.288339532131476,
    "sortino_ratio": 5.75509161963538,
    "annual_volatility": 0.9575023237856359,
    "annual_return": 14.331343774202436,
    "daily_winning_ratio": 0.5465116279069767,
    "max_drawdown": 0.1938118477495553
  },
  "strategy": {
    "alpha": 0.06575200845989726,
    "beta": 0.3789475977842883,
    "sharpe_ratio": 3.101546619061108,
    "sortino_ratio": 6.303942991386496,
    "annual_volatility": 0.4052293992400619,
    "annual_return": 2.360022754783794,
    "daily_winning_ratio": 0.5465116279069767,
    "max_drawdown": 0.06786166078324052
  }
}