{
  "benchmark": {
    "alpha": 0.0,
    "beta": 1.0000000000000004,
    "sharpe_ratio": 3.3282605906839398,
    "sortino_ratio": 5.8027145600171774,
    "annual_volatility": 0.8933565894056252,
    "annual_return": 12.63002708953644,
    "daily_winning_ratio": 0.5588235294117647,
    "max_drawdown": 0.1938118477495553
  },
  "strategy": {
    "alpha": -0.008438385524707104,
    "beta": 0.3693377194214975,
    "sharpe_ratio": 2.924270602390572,
    "sortino_ratio": 5.946991472881689,
    "annual_volatility": 0.3726352954027948,
    "annual_return": 1.8789670232948454,
    "daily_winning_ratio": 0.5588235294117647,
    "max_drawdown": 0.06786166078324052
  }
}