{
  "benchmark": {
    "alpha": 0.0,
    "beta": 1.0000000000000002,
    "sharpe_ratio": 2.6919297557372426,
    "sortino_ratio": 4.597392321722705,
    "annual_volatility": 0.8791951818844981,
    "annual_return": 6.547240713728785,
    "daily_winning_ratio": 0.5357142857142857,
    "max_drawdown": 0.12207038164695894
  },
  "strategy": {
    "alpha": -0.1275529109124769,
    "beta": 0.36604397815523415,
    "sharpe_ratio": 1.994780598365332,
    "sortino_ratio": 3.82112001908265,
    "annual_volatility": 0.36590495722234617,
    "annual_return": 1.0153034783371964,
    "daily_winning_ratio": 0.5357142857142857,
    "max_drawdown": 0.12207038164695894
  }
}