{
  "benchmark": {
    "alpha": 0.0,
    "beta": 0.9999999999999998,
    "sharpe_ratio": 2.757429168746134,
    "sortino_ratio": 4.8045569524271565,
    "annual_volatility": 0.8757931974975809,
    "annual_return": 6.943378921365667,
    "daily_winning_ratio": 0.5245901639344263,
    "max_drawdown": 0.13828506691212916
  },
  "strategy": {
    "alpha": -0.1493512868777791,
    "beta": 0.3495531114234249,
    "sharpe_ratio": 1.9361549534884948,
    "sortino_ratio": 3.7074697930548695,
    "annual_volatility": 0.3524660034113457,
    "annual_return": 0.9309507286764613,
    "daily_winning_ratio": 0.5245901639344263,
    "max_drawdown": 0.13828506691212916
  }
}