{
  "benchmark": {
    "alpha": 0.0,
    "beta": 1.0,
    "sharpe_ratio": 1.0704242299834525,
    "sortino_ratio": 1.6480136922989082,
    "annual_volatility": 0.9398235340012314,
    "annual_return": 0.8334724766143329,
    "daily_winning_ratio": 0.506578947368421,
    "max_drawdown": 0.1457905544147845
  },
  "strategy": {
    "alpha": 0.38113201842247135,
    "beta": 0.24296413691138977,
    "sharpe_ratio": 1.7492631696028225,
    "sortino_ratio": 3.243456680060519,
    "annual_volatility": 0.3244055394290051,
    "annual_return": 0.7372486265688034,
    "daily_winning_ratio": 0.506578947368421,
    "max_drawdown": 0.1457905544147845
  }
}