{
  "benchmark": {
    "alpha": 0.0,
    "beta": 0.9999999999999998,
    "sharpe_ratio": 3.2978750796758907,
    "sortino_ratio": 5.750725841827794,
    "annual_volatility": 0.8892301732122546,
    "annual_return": 12.136079691466632,
    "daily_winning_ratio": 0.5533980582524272,
    "max_drawdown": 0.1938118477495553
  },
  "strategy": {
    "alpha": -0.003624027935330121,
    "beta": 0.36927015762576165,
    "sharpe_ratio": 2.9103236210100043,
    "sortino_ratio": 5.91900118149779,
    "annual_volatility": 0.3708453576237214,
    "annual_return": 1.8510649909189736,
    "daily_winning_ratio": 0.5533980582524272,
    "max_drawdown": 0.06786166078324052
  }
}