{
  "benchmark": {
    "alpha": 0.0,
    "beta": 1.0,
    "sharpe_ratio": 3.8343401191001747,
    "sortino_ratio": 6.794756694298905,
    "annual_volatility": 1.052524163365424,
    "skew": 0.35642877573855936,
    "annual_return": 32.82062482385739,
    "daily_winning_ratio": 0.5535714285714286,
    "max_drawdown": 0.1938118477495553
  },
  "strategy": {
    "alpha": 0.42569111747264055,
    "beta": 0.39013002400643515,
    "sharpe_ratio": 4.214482827718862,
    "sortino_ratio": 9.42499873031398,
    "annual_volatility": 0.4577763786018289,
    "skew": 1.3966433689310807,
    "annual_return": 5.4283350413985945,
    "daily_winning_ratio": 0.5535714285714286,
    "max_drawdown": 0.06281744278659984
  }
}