{
  "benchmark": {
    "alpha": 0.0,
    "beta": 1.0,
    "sharpe_ratio": 3.204077136493164,
    "sortino_ratio": 5.602293812296213,
    "annual_volatility": 0.8792835651165228,
    "annual_return": 10.814339315173669,
    "daily_winning_ratio": 0.5462962962962963,
    "max_drawdown": 0.1938118477495553
  },
  "strategy": {
    "alpha": -0.1051234699621505,
    "beta": 0.3639411407889142,
    "sharpe_ratio": 2.504179650354304,
    "sortino_ratio": 5.023722112629775,
    "annual_volatility": 0.3650999919506096,
    "annual_return": 1.4233087364838473,
    "daily_winning_ratio": 0.5462962962962963,
    "max_drawdown": 0.06786166078324052
  }
}