{
  "benchmark": {
    "alpha": 0.0,
    "beta": 0.9999999999999999,
    "sharpe_ratio": 3.441594355441813,
    "sortino_ratio": 6.020058450416312,
    "annual_volatility": 1.0552342609866778,
    "skew": 0.3818779858140409,
    "annual_return": 21.595343685540687,
    "daily_winning_ratio": 0.543859649122807,
    "max_drawdown": 0.1938118477495553
  },
  "strategy": {
    "alpha": 0.386433191456647,
    "beta": 0.39144343636966394,
    "sharpe_ratio": 3.8071465982516566,
    "sortino_ratio": 8.284918821236714,
    "annual_volatility": 0.45926290919640855,
    "skew": 1.391631804394612,
    "annual_return": 4.3658342841397815,
    "daily_winning_ratio": 0.543859649122807,
    "max_drawdown": 0.06281744278659984
  }
}