{
  "benchmark": {
    "alpha": 0.0,
    "beta": 1.0,
    "sharpe_ratio": 1.0525732333185964,
    "sortino_ratio": 1.6383105388702734,
    "annual_volatility": 0.9409617252881335,
    "annual_return": 0.8044492233269449,
    "daily_winning_ratio": 0.4970414201183432,
    "max_drawdown": 0.14734829710401487
  },
  "strategy": {
    "alpha": 0.19095332572890622,
    "beta": 0.24323502775752426,
    "sharpe_ratio": 1.2910522780225517,
    "sortino_ratio": 2.2629900373028895,
    "annual_volatility": 0.3219881106180616,
    "annual_return": 0.493791297947336,
    "daily_winning_ratio": 0.4970414201183432,
    "max_drawdown": 0.14734829710401487
  }
}