{
  "benchmark": {
    "alpha": 0.0,
    "beta": 0.9999999999999999,
    "sharpe_ratio": 2.3802482579933315,
    "sortino_ratio": 3.752383343245111,
    "annual_volatility": 1.0533190439636275,
    "skew": -0.18165144551117657,
    "kurtosis": 0.07044082519291672,
    "annual_return": 6.387635552155329,
    "daily_winning_ratio": 0.5161290322580645,
    "max_drawdown": 0.1938118477495553
  },
  "strategy": {
    "alpha": 4.832744862299799,
    "beta": 0.4510004532873497,
    "sharpe_ratio": 4.164186927761104,
    "sortino_ratio": 12.77418861306801,
    "annual_volatility": 0.6960507330046402,
    "skew": 2.949295345479913,
    "kurtosis": 12.029192211489637,
    "annual_return": 13.972171969764688,
    "daily_winning_ratio": 0.5161290322580645,
    "max_drawdown": 0.063066531175197
  }
}