{
  "benchmark": {
    "alpha": 0.0,
    "beta": 1.0,
    "sharpe_ratio": 1.9668750080281767,
    "sortino_ratio": 3.031976071524256,
    "annual_volatility": 1.0804271098190712,
    "skew": -0.26778462810715375,
    "kurtosis": 0.04109356319796342,
    "annual_return": 3.922701791149527,
    "daily_winning_ratio": 0.48,
    "max_drawdown": 0.18718931091525037
  },
  "strategy": {
    "alpha": 10.218994259048232,
    "beta": 0.5206610856104936,
    "sharpe_ratio": 4.569050414350117,
    "sortino_ratio": 14.066733749260209,
    "annual_volatility": 0.7730427445657376,
    "skew": 2.6000338166803902,
    "kurtosis": 9.306859953907505,
    "annual_return": 25.733059228763906,
    "daily_winning_ratio": 0.48,
    "max_drawdown": 0.063066531175197
  }
}