{
  "benchmark": {
    "alpha": 0.0,
    "beta": 1.0,
    "sharpe_ratio": 4.663569155320775,
    "sortino_ratio": 8.804705149353346,
    "annual_volatility": 1.036867800223329,
    "skew": 0.08396571801245692,
    "kurtosis": -1.1235707112767859,
    "annual_return": 76.12733323643067,
    "daily_winning_ratio": 0.5,
    "max_drawdown": 0.12699039212932106
  },
  "strategy": {
    "alpha": 8.030920117370147,
    "beta": 0.6526376859468369,
    "sharpe_ratio": 6.047168236394227,
    "sortino_ratio": 20.396860132188277,
    "annual_volatility": 0.8868835914869445,
    "skew": 2.1943072853657934,
    "kurtosis": 6.543397085392656,
    "annual_return": 150.17580857649259,
    "daily_winning_ratio": 0.5,
    "max_drawdown": 0.05745191186231857
  }
}