{
  "benchmark": {
    "alpha": 0.0,
    "beta": 1.0,
    "sharpe_ratio": 5.098349335985656,
    "sortino_ratio": 9.800875327553042,
    "annual_volatility": 1.0256373398989755,
    "skew": 0.4228028176133084,
    "annual_return": 112.3713818181328,
    "daily_winning_ratio": 0.5660377358490566,
    "max_drawdown": 0.1938118477495553
  },
  "strategy": {
    "alpha": 0.5287447799444072,
    "beta": 0.386176306658209,
    "sharpe_ratio": 5.464231650899735,
    "sortino_ratio": 14.381956419507636,
    "annual_volatility": 0.4472782500701905,
    "skew": 1.5896696550366936,
    "annual_return": 9.777445875536246,
    "daily_winning_ratio": 0.5660377358490566,
    "max_drawdown": 0.06281634968691763
  }
}