{
  "benchmark": {
    "alpha": 0.0,
    "beta": 1.0,
    "sharpe_ratio": 3.7435987884035318,
    "sortino_ratio": 6.623909405686141,
    "annual_volatility": 0.964330323717327,
    "annual_return": 23.08789179305782,
    "daily_winning_ratio": 0.5625,
    "max_drawdown": 0.1938118477495553
  },
  "strategy": {
    "alpha": 0.06524702676819505,
    "beta": 0.3860931837189422,
    "sharpe_ratio": 3.509659270154064,
    "sortino_ratio": 7.2342816518502175,
    "annual_volatility": 0.41514970357062647,
    "annual_return": 3.0861091860155465,
    "daily_winning_ratio": 0.5625,
    "max_drawdown": 0.06786420334969145
  }
}