{
  "benchmark": {
    "alpha": 0.0,
    "beta": 1.0,
    "sharpe_ratio": 2.422688926312482,
    "sortino_ratio": 3.4799645202693155,
    "annual_volatility": 0.8326222328071298,
    "skew": -2.203259585287167,
    "kurtosis": 36.54856108839042,
    "annual_return": 4.290771362993226,
    "daily_winning_ratio": 0.5828877005347594,
    "max_drawdown": 0.5072125107848322
  },
  "strategy": {
    "alpha": 2.8808134093350026,
    "beta": 0.18908767182866643,
    "sharpe_ratio": 3.782465353065686,
    "sortino_ratio": 16.66070710209249,
    "annual_volatility": 0.4600152196051019,
    "skew": 5.493837031505124,
    "kurtosis": 38.54390508112498,
    "annual_return": 4.342717422646573,
    "daily_winning_ratio": 0.5614973262032086,
    "max_drawdown": 0.05077222220317357
  }
}