{
  "benchmark": {
    "alpha": 0.0,
    "beta": 0.9999999999999998,
    "sharpe_ratio": 3.32654013257935,
    "sortino_ratio": 5.802651951894836,
    "annual_volatility": 0.9641767893037582,
    "annual_return": 15.154693572665042,
    "daily_winning_ratio": 0.5487804878048781,
    "max_drawdown": 0.1938118477495553
  },
  "strategy": {
    "alpha": 0.0763345238497013,
    "beta": 0.38471046995407226,
    "sharpe_ratio": 3.1645312242915984,
    "sortino_ratio": 6.444182857482039,
    "annual_volatility": 0.4131666022437627,
    "annual_return": 2.5231038851490175,
    "daily_winning_ratio": 0.5487804878048781,
    "max_drawdown": 0.06786420334969145
  }
}