{
  "benchmark": {
    "alpha": 0.0,
    "beta": 1.0,
    "sharpe_ratio": 3.6637546163807597,
    "sortino_ratio": 6.480092602549733,
    "annual_volatility": 0.9912447806880536,
    "annual_return": 23.005627838389685,
    "daily_winning_ratio": 0.5466666666666666,
    "max_drawdown": 0.1938118477495553
  },
  "strategy": {
    "alpha": 0.03488784887640928,
    "beta": 0.3838829226324367,
    "sharpe_ratio": 3.3644732941800304,
    "sortino_ratio": 6.954166191195426,
    "annual_volatility": 0.4245638396769354,
    "annual_return": 2.9567137519866216,
    "daily_winning_ratio": 0.5466666666666666,
    "max_drawdown": 0.06786420334969145
  }
}