{
  "benchmark": {
    "alpha": 0.0,
    "beta": 1.0,
    "sharpe_ratio": 3.4058720005187553,
    "sortino_ratio": 5.954430922773658,
    "annual_volatility": 0.9119435251400753,
    "annual_return": 14.302773468558472,
    "daily_winning_ratio": 0.5625,
    "max_drawdown": 0.1938118477495553
  },
  "strategy": {
    "alpha": 0.0006685871914542396,
    "beta": 0.3756465242606898,
    "sharpe_ratio": 3.0414849102916848,
    "sortino_ratio": 6.182501040936959,
    "annual_volatility": 0.3838297981361625,
    "annual_return": 2.0983516297224525,
    "daily_winning_ratio": 0.5625,
    "max_drawdown": 0.06786166078324052
  }
}