{
  "benchmark": {
    "alpha": 0.0,
    "beta": 1.0,
    "sharpe_ratio": 1.0716882597272306,
    "sortino_ratio": 1.6681366636301502,
    "annual_volatility": 0.9436671202922446,
    "annual_return": 0.8378427204649859,
    "daily_winning_ratio": 0.5,
    "max_drawdown": 0.1457905544147845
  },
  "strategy": {
    "alpha": 0.20759133131451923,
    "beta": 0.24308504687669977,
    "sharpe_ratio": 1.3465094729046294,
    "sortino_ratio": 2.362651153046596,
    "annual_volatility": 0.3226954817931233,
    "annual_return": 0.5217844235876388,
    "daily_winning_ratio": 0.5,
    "max_drawdown": 0.1457905544147845
  }
}