{
  "benchmark": {
    "alpha": 0.0,
    "beta": 0.9999999999999998,
    "sharpe_ratio": 2.5240191751606247,
    "sortino_ratio": 4.288949231630257,
    "annual_volatility": 0.8791174515181203,
    "annual_return": 5.515570032840262,
    "daily_winning_ratio": 0.5309734513274337,
    "max_drawdown": 0.13007151455073296
  },
  "strategy": {
    "alpha": -0.10970855858686934,
    "beta": 0.36498466116877576,
    "sharpe_ratio": 1.9014054145256705,
    "sortino_ratio": 3.6339284527421936,
    "annual_volatility": 0.36482485243159907,
    "annual_return": 0.9444817119183126,
    "daily_winning_ratio": 0.5309734513274337,
    "max_drawdown": 0.13007151455073296
  }
}