{
  "benchmark": {
    "alpha": 0.0,
    "beta": 0.9999999999999999,
    "sharpe_ratio": 4.271144839481356,
    "sortino_ratio": 7.9903246635205,
    "annual_volatility": 1.0908178287074686,
    "skew": 0.46297525203979945,
    "annual_return": 59.62253041843439,
    "daily_winning_ratio": 0.5454545454545454,
    "max_drawdown": 0.1938118477495553
  },
  "strategy": {
    "alpha": 1.640079339612563,
    "beta": 0.4434070165667683,
    "sharpe_ratio": 4.589588141266321,
    "sortino_ratio": 14.98233531854365,
    "annual_volatility": 0.6619227084360115,
    "skew": 2.7925965047841657,
    "annual_return": 16.50660986170171,
    "daily_winning_ratio": 0.5454545454545454,
    "max_drawdown": 0.063066531175197
  }
}