{
  "benchmark": {
    "alpha": 0.0,
    "beta": 1.0000000000000002,
    "sharpe_ratio": 3.5091023123419185,
    "sortino_ratio": 6.160433164121132,
    "annual_volatility": 0.8909285783576757,
    "annual_return": 14.897773511258675,
    "daily_winning_ratio": 0.5576923076923077,
    "max_drawdown": 0.1938118477495553
  },
  "strategy": {
    "alpha": -0.07526573841058581,
    "beta": 0.3626375064676902,
    "sharpe_ratio": 2.858412420003825,
    "sortino_ratio": 5.812071151762534,
    "annual_volatility": 0.36925908168786287,
    "annual_return": 1.7858072452465796,
    "daily_winning_ratio": 0.5576923076923077,
    "max_drawdown": 0.06786166078324052
  }
}