{
  "benchmark": {
    "alpha": 0.0,
    "beta": 0.9999999999999998,
    "sharpe_ratio": 2.3831218030739767,
    "sortino_ratio": 4.044580616843296,
    "annual_volatility": 0.8731472757170708,
    "annual_return": 4.708134750623173,
    "daily_winning_ratio": 0.5217391304347826,
    "max_drawdown": 0.13524038801954263
  },
  "strategy": {
    "alpha": -0.09173059491959579,
    "beta": 0.36442334888200506,
    "sharpe_ratio": 1.8298494104748064,
    "sortino_ratio": 3.495918327655635,
    "annual_volatility": 0.3618311329479585,
    "annual_return": 0.8861082367399717,
    "daily_winning_ratio": 0.5217391304347826,
    "max_drawdown": 0.13524038801954263
  }
}