{
  "benchmark": {
    "alpha": 0.0,
    "beta": 1.0000000000000002,
    "sharpe_ratio": 4.42595007323205,
    "sortino_ratio": 8.278664169885717,
    "annual_volatility": 1.1011497114643145,
    "skew": 0.4313035542306919,
    "annual_return": 73.15650738312468,
    "daily_winning_ratio": 0.5581395348837209,
    "max_drawdown": 0.1938118477495553
  },
  "strategy": {
    "alpha": 1.788739668302226,
    "beta": 0.44232262880204115,
    "sharpe_ratio": 4.765867688073081,
    "sortino_ratio": 15.637884838013736,
    "annual_volatility": 0.6678218187998746,
    "skew": 2.7542674995712106,
    "annual_return": 19.14119732596912,
    "daily_winning_ratio": 0.5581395348837209,
    "max_drawdown": 0.063066531175197
  }
}