{
  "benchmark": {
    "alpha": 0.0,
    "beta": 1.0,
    "sharpe_ratio": 3.429470808630686,
    "sortino_ratio": 6.011532462864165,
    "annual_volatility": 0.9427226730943289,
    "annual_return": 15.894085918358702,
    "daily_winning_ratio": 0.550561797752809,
    "max_drawdown": 0.1938118477495553
  },
  "strategy": {
    "alpha": 0.02555005757673423,
    "beta": 0.3780249699639842,
    "sharpe_ratio": 3.1312820788031237,
    "sortino_ratio": 6.364741300768229,
    "annual_volatility": 0.3983671088398246,
    "annual_return": 2.337320375921028,
    "daily_winning_ratio": 0.550561797752809,
    "max_drawdown": 0.06786166078324052
  }
}