{
  "benchmark": {
    "alpha": 0.0,
    "beta": 1.0,
    "sharpe_ratio": 3.255153172391997,
    "sortino_ratio": 5.69187153266189,
    "annual_volatility": 1.039510955706376,
    "skew": 0.42159173961661706,
    "annual_return": 16.949648764926792,
    "daily_winning_ratio": 0.5254237288135594,
    "max_drawdown": 0.1938118477495553
  },
  "strategy": {
    "alpha": 0.3886134761242357,
    "beta": 0.3913618460344365,
    "sharpe_ratio": 3.6554119695110425,
    "sortino_ratio": 7.953279110028344,
    "annual_volatility": 0.45213259376321,
    "skew": 1.4394319712386743,
    "annual_return": 3.892900244184733,
    "daily_winning_ratio": 0.5254237288135594,
    "max_drawdown": 0.06405341374903073
  }
}