{
  "benchmark": {
    "alpha": 0.0,
    "beta": 1.0,
    "sharpe_ratio": 1.184341040939219,
    "sortino_ratio": 1.8496751225201287,
    "annual_volatility": 0.9437327663852104,
    "annual_return": 1.0435981522113655,
    "daily_winning_ratio": 0.5029940119760479,
    "max_drawdown": 0.1457905544147845
  },
  "strategy": {
    "alpha": 0.31635049626155953,
    "beta": 0.23859019633004694,
    "sharpe_ratio": 1.7175807046080618,
    "sortino_ratio": 3.1791773172765394,
    "annual_volatility": 0.3153501066765121,
    "annual_return": 0.697701469877291,
    "daily_winning_ratio": 0.5029940119760479,
    "max_drawdown": 0.1457905544147845
  }
}