{
  "benchmark": {
    "alpha": 0.0,
    "beta": 1.0,
    "sharpe_ratio": 1.209292010504826,
    "sortino_ratio": 1.8887994013582345,
    "annual_volatility": 0.9464137353865836,
    "annual_return": 1.093722674975817,
    "daily_winning_ratio": 0.5060240963855421,
    "max_drawdown": 0.1457905544147845
  },
  "strategy": {
    "alpha": 0.3430833562717144,
    "beta": 0.2383174904739803,
    "sharpe_ratio": 1.7980728892007862,
    "sortino_ratio": 3.3366643591169427,
    "annual_volatility": 0.3158043953855763,
    "annual_return": 0.7424621298836969,
    "daily_winning_ratio": 0.5060240963855421,
    "max_drawdown": 0.1457905544147845
  }
}