{
  "benchmark": {
    "alpha": 0.0,
    "beta": 0.9999999999999999,
    "sharpe_ratio": 2.6307599251482094,
    "sortino_ratio": 4.285396989231383,
    "annual_volatility": 0.8418486984212084,
    "annual_return": 5.661224200385167,
    "daily_winning_ratio": 0.5603112840466926,
    "max_drawdown": 0.1457905544147845
  },
  "strategy": {
    "alpha": 0.7979729050799094,
    "beta": -0.011226260485810075,
    "sharpe_ratio": 1.7175807046080618,
    "sortino_ratio": 3.1791773172765394,
    "annual_volatility": 0.3153501066765121,
    "annual_return": 0.697701469877291,
    "daily_winning_ratio": 0.6167664670658682,
    "max_drawdown": 0.1457905544147845
  }
}