{
  "benchmark": {
    "alpha": 0.0,
    "beta": 0.9999999999999998,
    "sharpe_ratio": 0.9703128037650829,
    "sortino_ratio": 1.4910009486830822,
    "annual_volatility": 0.9444697594377921,
    "annual_return": 0.6696209882477617,
    "daily_winning_ratio": 0.5033557046979866,
    "max_drawdown": 0.1457905544147845
  },
  "strategy": {
    "alpha": 0.4092443041597362,
    "beta": 0.24426002622086707,
    "sharpe_ratio": 1.7316870722676512,
    "sortino_ratio": 3.2115218788445077,
    "annual_volatility": 0.3274623711250109,
    "annual_return": 0.7348733960066376,
    "daily_winning_ratio": 0.5033557046979866,
    "max_drawdown": 0.1457905544147845
  }
}