{
  "benchmark": {
    "alpha": 0.0,
    "beta": 1.0,
    "sharpe_ratio": 0.9090383882632802,
    "sortino_ratio": 1.4014967391578903,
    "annual_volatility": 0.9398712602262707,
    "annual_return": 0.5764574435057359,
    "daily_winning_ratio": 0.5,
    "max_drawdown": 0.1457905544147845
  },
  "strategy": {
    "alpha": 0.34932023905492193,
    "beta": 0.23881811717370757,
    "sharpe_ratio": 1.5943756159000597,
    "sortino_ratio": 2.942273512380628,
    "annual_volatility": 0.3159638951677165,
    "annual_return": 0.6344111414960625,
    "daily_winning_ratio": 0.5,
    "max_drawdown": 0.1457905544147845
  }
}