{
  "benchmark": {
    "alpha": 0.0,
    "beta": 1.0000000000000002,
    "sharpe_ratio": 3.2992439027946965,
    "sortino_ratio": 5.850762958822316,
    "annual_volatility": 1.0351284885949017,
    "skew": 0.44360426100396433,
    "annual_return": 17.595275040545346,
    "daily_winning_ratio": 0.515625,
    "max_drawdown": 0.1938118477495553
  },
  "strategy": {
    "alpha": 0.3416868570533558,
    "beta": 0.37956786855904506,
    "sharpe_ratio": 3.6265553384681395,
    "sortino_ratio": 7.898252970082296,
    "annual_volatility": 0.43852191024139114,
    "skew": 1.4742700539550537,
    "annual_return": 3.624114080551431,
    "daily_winning_ratio": 0.515625,
    "max_drawdown": 0.06786420334969145
  }
}