{
  "benchmark": {
    "alpha": 0.0,
    "beta": 0.9999999999999996,
    "sharpe_ratio": 2.5730985757117404,
    "sortino_ratio": 4.447747708747518,
    "annual_volatility": 0.8792693852946902,
    "annual_return": 5.8035529944245505,
    "daily_winning_ratio": 0.5196850393700787,
    "max_drawdown": 0.13828506691212916
  },
  "strategy": {
    "alpha": -0.11693170942734854,
    "beta": 0.3409159196241004,
    "sharpe_ratio": 1.8650690350451686,
    "sortino_ratio": 3.5621181966267446,
    "annual_volatility": 0.3468893423194812,
    "annual_return": 0.8672833618140858,
    "daily_winning_ratio": 0.5196850393700787,
    "max_drawdown": 0.13828506691212916
  }
}