{
  "benchmark": {
    "alpha": 0.0,
    "beta": 1.0000000000000002,
    "sharpe_ratio": 2.6119301496335643,
    "sortino_ratio": 4.145587789643689,
    "annual_volatility": 1.0291599676708647,
    "skew": -0.1910032579751787,
    "annual_return": 8.049187917449109,
    "daily_winning_ratio": 0.5294117647058824,
    "max_drawdown": 0.1938118477495553
  },
  "strategy": {
    "alpha": 3.3912239760238228,
    "beta": 0.42975737702089656,
    "sharpe_ratio": 3.9655118449235807,
    "sortino_ratio": 12.169399995827611,
    "annual_volatility": 0.6651951427545216,
    "skew": 3.117343757798703,
    "annual_return": 10.771780677049863,
    "daily_winning_ratio": 0.5294117647058824,
    "max_drawdown": 0.063066531175197
  }
}