{
  "benchmark": {
    "alpha": 0.0,
    "beta": 1.0,
    "sharpe_ratio": 2.5321608564077995,
    "sortino_ratio": 4.358612787264869,
    "annual_volatility": 0.8675107143220265,
    "annual_return": 5.435115651035624,
    "daily_winning_ratio": 0.5227272727272727,
    "max_drawdown": 0.13828506691212916
  },
  "strategy": {
    "alpha": -0.1151439772914219,
    "beta": 0.33941522478462993,
    "sharpe_ratio": 1.8287310239167671,
    "sortino_ratio": 3.4853355768215364,
    "annual_volatility": 0.3408241357543821,
    "annual_return": 0.8272859630003881,
    "daily_winning_ratio": 0.5227272727272727,
    "max_drawdown": 0.13828506691212916
  }
}