{
  "benchmark": {
    "alpha": 0.0,
    "beta": 1.0,
    "sharpe_ratio": 4.973080378246479,
    "sortino_ratio": 9.382318938009409,
    "annual_volatility": 1.0084889812995796,
    "skew": 0.05467939876873057,
    "kurtosis": -1.001612360882374,
    "annual_return": 93.45126386087993,
    "daily_winning_ratio": 0.5263157894736842,
    "max_drawdown": 0.12699039212932106
  },
  "strategy": {
    "alpha": 5.9046951892405435,
    "beta": 0.6500331165432188,
    "sharpe_ratio": 6.024441130126088,
    "sortino_ratio": 20.308328077123722,
    "annual_volatility": 0.8627246583951427,
    "skew": 2.2699840664351627,
    "kurtosis": 7.041833655247366,
    "annual_return": 129.63952735478284,
    "daily_winning_ratio": 0.5263157894736842,
    "max_drawdown": 0.05745191186231857
  }
}