{
  "benchmark": {
    "alpha": 0.0,
    "beta": 0.9999999999999998,
    "sharpe_ratio": 3.4525159276552273,
    "sortino_ratio": 6.061439002257287,
    "annual_volatility": 0.8872788730554196,
    "annual_return": 13.981038132979048,
    "daily_winning_ratio": 0.5523809523809524,
    "max_drawdown": 0.1938118477495553
  },
  "strategy": {
    "alpha": -0.07912313865908882,
    "beta": 0.3627273958968024,
    "sharpe_ratio": 2.7973146525557757,
    "sortino_ratio": 5.6849322631407295,
    "annual_volatility": 0.36775959587873386,
    "annual_return": 1.7138983253054878,
    "daily_winning_ratio": 0.5523809523809524,
    "max_drawdown": 0.06786166078324052
  }
}