{
  "benchmark": {
    "alpha": 0.0,
    "beta": 1.0,
    "sharpe_ratio": 2.0992297472748103,
    "sortino_ratio": 2.9692215027017452,
    "annual_volatility": 0.8265203842961839,
    "skew": -2.2954314921543233,
    "kurtosis": 38.25310976394686,
    "annual_return": 3.0110960996505742,
    "daily_winning_ratio": 0.5776566757493188,
    "max_drawdown": 0.5072125107848322
  },
  "strategy": {
    "alpha": 1.8760336735324734,
    "beta": 0.14108016800070708,
    "sharpe_ratio": 3.576248508539387,
    "sortino_ratio": 12.458917691453419,
    "annual_volatility": 0.3642712228514645,
    "skew": 4.751070510420715,
    "kurtosis": 30.222805265645608,
    "annual_return": 2.5775253082123974,
    "daily_winning_ratio": 0.555858310626703,
    "max_drawdown": 0.05077222220317357
  }
}