{
  "benchmark": {
    "alpha": 0.0,
    "beta": 1.0,
    "sharpe_ratio": 2.057475864347885,
    "sortino_ratio": 3.3677150068343287,
    "annual_volatility": 0.8856792482541938,
    "annual_return": 3.3548492007189328,
    "daily_winning_ratio": 0.5259259259259259,
    "max_drawdown": 0.1457905544147845
  },
  "strategy": {
    "alpha": -0.07569081134537925,
    "beta": 0.33276830636667226,
    "sharpe_ratio": 1.5479974372851821,
    "sortino_ratio": 2.8781670836660376,
    "annual_volatility": 0.3408865072952061,
    "annual_return": 0.6608423359375719,
    "daily_winning_ratio": 0.5259259259259259,
    "max_drawdown": 0.1457905544147845
  }
}