{
  "benchmark": {
    "alpha": 0.0,
    "beta": 0.9999999999999998,
    "sharpe_ratio": 1.5567070837823491,
    "sortino_ratio": 2.4978108246778223,
    "annual_volatility": 0.8869491749727387,
    "annual_return": 1.8007667537246443,
    "daily_winning_ratio": 0.5107913669064749,
    "max_drawdown": 0.1457905544147845
  },
  "strategy": {
    "alpha": 0.1094132580362206,
    "beta": 0.32048793779168705,
    "sharpe_ratio": 1.6258875383589948,
    "sortino_ratio": 3.023761654699701,
    "annual_volatility": 0.33603195914861345,
    "annual_return": 0.6947542792515,
    "daily_winning_ratio": 0.5107913669064749,
    "max_drawdown": 0.1457905544147845
  }
}