{
  "benchmark": {
    "alpha": 0.0,
    "beta": 0.9999999999999996,
    "sharpe_ratio": 2.36909874415564,
    "sortino_ratio": 3.672820353278344,
    "annual_volatility": 1.1197893096382145,
    "skew": -0.3361079222630963,
    "kurtosis": -0.08555169628983395,
    "annual_return": 6.994976392808256,
    "daily_winning_ratio": 0.4782608695652174,
    "max_drawdown": 0.18718931091525037
  },
  "strategy": {
    "alpha": 11.302733503390762,
    "beta": 0.521853846847275,
    "sharpe_ratio": 4.853236733670145,
    "sortino_ratio": 14.95136637592339,
    "annual_volatility": 0.8041833015160772,
    "skew": 2.4619033324431348,
    "kurtosis": 8.376474212567405,
    "annual_return": 36.80107667138266,
    "daily_winning_ratio": 0.4782608695652174,
    "max_drawdown": 0.063066531175197
  }
}