{
  "benchmark": {
    "alpha": 0.0,
    "beta": 1.0000000000000002,
    "sharpe_ratio": 1.936585313281962,
    "sortino_ratio": 3.0305902256666726,
    "annual_volatility": 1.0459559151620963,
    "skew": -0.11779186147348925,
    "annual_return": 3.608797447544972,
    "daily_winning_ratio": 0.5,
    "max_drawdown": 0.1938118477495553
  },
  "strategy": {
    "alpha": 5.519250571734034,
    "beta": 0.4469977030240184,
    "sharpe_ratio": 4.062416094860721,
    "sortino_ratio": 12.464752016358682,
    "annual_volatility": 0.6855558838457934,
    "skew": 3.007819375750314,
    "annual_return": 12.461720660491757,
    "daily_winning_ratio": 0.5,
    "max_drawdown": 0.063066531175197
  }
}