{
  "benchmark": {
    "alpha": 0.0,
    "beta": 1.0000000000000002,
    "sharpe_ratio": 3.9718181717867966,
    "sortino_ratio": 7.339982535624042,
    "annual_volatility": 1.1007985913598268,
    "skew": 0.49216230517590265,
    "annual_return": 44.2112175485741,
    "daily_winning_ratio": 0.5476190476190477,
    "max_drawdown": 0.1938118477495553
  },
  "strategy": {
    "alpha": 1.6234242495936209,
    "beta": 0.43840751583937987,
    "sharpe_ratio": 4.3163356696838955,
    "sortino_ratio": 13.99724343039142,
    "annual_volatility": 0.6678231375027733,
    "skew": 2.8741239561033076,
    "annual_return": 13.959602333384874,
    "daily_winning_ratio": 0.5476190476190477,
    "max_drawdown": 0.063066531175197
  }
}