{
  "benchmark": {
    "alpha": 0.0,
    "beta": 1.0,
    "sharpe_ratio": 2.1992590479303797,
    "sortino_ratio": 3.1287769761809936,
    "annual_volatility": 0.8279763032256713,
    "skew": -2.2518361546494168,
    "kurtosis": 37.61481900631697,
    "annual_return": 3.36652316637018,
    "daily_winning_ratio": 0.5795148247978437,
    "max_drawdown": 0.5072125107848322
  },
  "strategy": {
    "alpha": 2.3764103399752075,
    "beta": 0.17012845272181185,
    "sharpe_ratio": 3.56004180484624,
    "sortino_ratio": 14.578123216983906,
    "annual_volatility": 0.4293872007830419,
    "skew": 5.753358952855388,
    "kurtosis": 44.26339599603615,
    "annual_return": 3.3819693299150666,
    "daily_winning_ratio": 0.5579514824797843,
    "max_drawdown": 0.05077222220317357
  }
}