{
  "benchmark": {
    "alpha": 0.0,
    "beta": 1.0000000000000002,
    "sharpe_ratio": 3.9102842312415476,
    "sortino_ratio": 6.984623572509931,
    "annual_volatility": 0.9969464393232671,
    "skew": 0.3843029678149532,
    "annual_return": 30.11927248108224,
    "daily_winning_ratio": 0.5571428571428572,
    "max_drawdown": 0.1938118477495553
  },
  "strategy": {
    "alpha": 0.10735176948511538,
    "beta": 0.3744204998979924,
    "sharpe_ratio": 3.724677762435119,
    "sortino_ratio": 8.111026072634422,
    "annual_volatility": 0.41925922286553896,
    "skew": 1.5469669838807933,
    "annual_return": 3.5288800410980903,
    "daily_winning_ratio": 0.5571428571428572,
    "max_drawdown": 0.06786420334969145
  }
}