{
  "benchmark": {
    "alpha": 0.0,
    "beta": 1.0,
    "sharpe_ratio": 3.312204602828949,
    "sortino_ratio": 5.87303168422174,
    "annual_volatility": 1.01919993559349,
    "skew": 0.4562102742171722,
    "annual_return": 17.16219977802529,
    "daily_winning_ratio": 0.5303030303030303,
    "max_drawdown": 0.1938118477495553
  },
  "strategy": {
    "alpha": 0.31156779920517463,
    "beta": 0.3796247007684585,
    "sharpe_ratio": 3.595647953613754,
    "sortino_ratio": 7.831769222538118,
    "annual_volatility": 0.43187225444373734,
    "skew": 1.5084025093886881,
    "annual_return": 3.4669602720391977,
    "daily_winning_ratio": 0.5303030303030303,
    "max_drawdown": 0.06786420334969145
  }
}