{
  "benchmark": {
    "alpha": 0.0,
    "beta": 1.0,
    "sharpe_ratio": 0.6187609581553327,
    "sortino_ratio": 0.9313234457284513,
    "annual_volatility": 0.9499473946370346,
    "annual_return": 0.19494150760741502,
    "daily_winning_ratio": 0.4971751412429379,
    "max_drawdown": 0.21461445868441553
  },
  "strategy": {
    "alpha": 0.0926797047960084,
    "beta": 0.24307771082407204,
    "sharpe_ratio": 0.7016370125122308,
    "sortino_ratio": 1.1333544137860476,
    "annual_volatility": 0.3299749262210664,
    "annual_return": 0.239195565250093,
    "daily_winning_ratio": 0.4971751412429379,
    "max_drawdown": 0.21461445868441553
  }
}