{
  "benchmark": {
    "alpha": 0.0,
    "beta": 1.0000000000000002,
    "sharpe_ratio": 4.884123736293773,
    "sortino_ratio": 9.213046426277826,
    "annual_volatility": 1.0654490171296318,
    "skew": 0.023373223051536607,
    "kurtosis": -1.2375486790446062,
    "annual_return": 107.08525709782978,
    "daily_winning_ratio": 0.5294117647058824,
    "max_drawdown": 0.12699039212932106
  },
  "strategy": {
    "alpha": 9.088663898586505,
    "beta": 0.6508972037527136,
    "sharpe_ratio": 6.264644587990991,
    "sortino_ratio": 21.093947514323855,
    "annual_volatility": 0.9108059468609597,
    "skew": 2.1041531775215003,
    "kurtosis": 6.044852144264556,
    "annual_return": 207.2577359999702,
    "daily_winning_ratio": 0.5294117647058824,
    "max_drawdown": 0.05745191186231857
  }
}