{
  "benchmark": {
    "alpha": 0.0,
    "beta": 1.0,
    "sharpe_ratio": 3.7585501302198003,
    "sortino_ratio": 6.650769282123846,
    "annual_volatility": 0.9851479338859277,
    "annual_return": 24.902161788908508,
    "daily_winning_ratio": 0.5526315789473685,
    "max_drawdown": 0.1938118477495553
  },
  "strategy": {
    "alpha": 0.05646499486489498,
    "beta": 0.3842163338488381,
    "sharpe_ratio": 3.498725654936447,
    "sortino_ratio": 7.241232097547362,
    "annual_volatility": 0.4223197931285472,
    "annual_return": 3.158923555253142,
    "daily_winning_ratio": 0.5526315789473685,
    "max_drawdown": 0.06786420334969145
  }
}