{
  "benchmark": {
    "alpha": 0.0,
    "beta": 0.9999999999999997,
    "sharpe_ratio": 1.0293354685360419,
    "sortino_ratio": 1.5929027075099929,
    "annual_volatility": 0.9397067995567835,
    "annual_return": 0.764847267864579,
    "daily_winning_ratio": 0.5030674846625767,
    "max_drawdown": 0.1457905544147845
  },
  "strategy": {
    "alpha": 0.35079961185108766,
    "beta": 0.23875808723154737,
    "sharpe_ratio": 1.6807903585521395,
    "sortino_ratio": 3.1109725819484746,
    "annual_volatility": 0.3163779435291022,
    "annual_return": 0.6805464603389499,
    "daily_winning_ratio": 0.5030674846625767,
    "max_drawdown": 0.1457905544147845
  }
}