{
  "benchmark": {
    "alpha": 0.0,
    "beta": 1.0,
    "sharpe_ratio": 6.7059141110495935,
    "sortino_ratio": 13.703449633444501,
    "annual_volatility": 1.0774393014060517,
    "skew": -0.0947637634286469,
    "kurtosis": -1.204863216295589,
    "annual_return": 786.9085962123307,
    "daily_winning_ratio": 0.5714285714285714,
    "max_drawdown": 0.12699039212932106
  },
  "strategy": {
    "alpha": 13.725078809559488,
    "beta": 0.6582094753075521,
    "sharpe_ratio": 7.748934311353216,
    "sortino_ratio": 30.909052559903277,
    "annual_volatility": 0.9620924088737709,
    "skew": 2.01902440148736,
    "kurtosis": 5.384060358609042,
    "annual_return": 1122.345846123803,
    "daily_winning_ratio": 0.5714285714285714,
    "max_drawdown": 0.05745191186231857
  }
}