{
  "benchmark": {
    "alpha": 0.0,
    "beta": 1.0,
    "sharpe_ratio": 3.4513838308174853,
    "sortino_ratio": 6.059447193464327,
    "annual_volatility": 0.8830830606252558,
    "annual_return": 13.805224507455586,
    "daily_winning_ratio": 0.5566037735849056,
    "max_drawdown": 0.1938118477495553
  },
  "strategy": {
    "alpha": -0.07673572139299178,
    "beta": 0.36271272537787946,
    "sharpe_ratio": 2.802305692702781,
    "sortino_ratio": 5.694875479946227,
    "annual_volatility": 0.36600791714942366,
    "annual_return": 1.7072584877886698,
    "daily_winning_ratio": 0.5566037735849056,
    "max_drawdown": 0.06786166078324052
  }
}