{
  "benchmark": {
    "alpha": 0.0,
    "beta": 1.0,
    "sharpe_ratio": 1.209966288296165,
    "sortino_ratio": 1.8778369582658567,
    "annual_volatility": 0.948316008695664,
    "annual_return": 1.0956066333825216,
    "daily_winning_ratio": 0.5103448275862069,
    "max_drawdown": 0.1457905544147845
  },
  "strategy": {
    "alpha": 0.29683270044105825,
    "beta": 0.2515829045778985,
    "sharpe_ratio": 1.655249315297588,
    "sortino_ratio": 3.0667581991090023,
    "annual_volatility": 0.33148562374525825,
    "annual_return": 0.7011705617696624,
    "daily_winning_ratio": 0.5103448275862069,
    "max_drawdown": 0.1457905544147845
  }
}