{
  "benchmark": {
    "alpha": 0.0,
    "beta": 1.0,
    "sharpe_ratio": 2.598171772779057,
    "sortino_ratio": 4.486289467264218,
    "annual_volatility": 0.883008197127596,
    "annual_return": 6.0018489465382086,
    "daily_winning_ratio": 0.5213675213675214,
    "max_drawdown": 0.13828506691212916
  },
  "strategy": {
    "alpha": -0.12092028229656016,
    "beta": 0.3559976980133546,
    "sharpe_ratio": 1.9126401913217947,
    "sortino_ratio": 3.661356823278285,
    "annual_volatility": 0.35964707889384645,
    "annual_return": 0.9367170211687248,
    "daily_winning_ratio": 0.5213675213675214,
    "max_drawdown": 0.13828506691212916
  }
}