{
  "benchmark": {
    "alpha": 0.0,
    "beta": 0.9999999999999998,
    "sharpe_ratio": 1.1736690670882193,
    "sortino_ratio": 1.821160605568468,
    "annual_volatility": 0.9453443796824527,
    "annual_return": 1.0234354665849725,
    "daily_winning_ratio": 0.5068493150684932,
    "max_drawdown": 0.1457905544147845
  },
  "strategy": {
    "alpha": 0.3106198000972773,
    "beta": 0.2514066551541852,
    "sharpe_ratio": 1.663558086213033,
    "sortino_ratio": 3.0820830338226477,
    "annual_volatility": 0.3303410298332726,
    "annual_return": 0.7032377700535621,
    "daily_winning_ratio": 0.5068493150684932,
    "max_drawdown": 0.1457905544147845
  }
}