{
  "benchmark": {
    "alpha": 0.0,
    "beta": 0.9999999999999998,
    "sharpe_ratio": 2.9109105736646694,
    "sortino_ratio": 5.010438736375942,
    "annual_volatility": 0.8850549436031809,
    "annual_return": 8.250395218889112,
    "daily_winning_ratio": 0.5412844036697247,
    "max_drawdown": 0.1938118477495553
  },
  "strategy": {
    "alpha": -0.14678424516666944,
    "beta": 0.36748131235983517,
    "sharpe_ratio": 2.1304389238086543,
    "sortino_ratio": 4.098784508185368,
    "annual_volatility": 0.3698954181093728,
    "annual_return": 1.1326987427314235,
    "daily_winning_ratio": 0.5412844036697247,
    "max_drawdown": 0.08376868659763215
  }
}