{
  "benchmark": {
    "alpha": 0.0,
    "beta": 0.9999999999999997,
    "sharpe_ratio": 4.955478708292762,
    "sortino_ratio": 9.521340240851334,
    "annual_volatility": 1.034921196313908,
    "skew": 0.43539833138090783,
    "annual_return": 100.76856431791963,
    "daily_winning_ratio": 0.5576923076923077,
    "max_drawdown": 0.1938118477495553
  },
  "strategy": {
    "alpha": 0.5410365658172653,
    "beta": 0.3862962688957824,
    "sharpe_ratio": 5.346362963449183,
    "sortino_ratio": 14.069671027911323,
    "annual_volatility": 0.45149264587031274,
    "skew": 1.5878593340418503,
    "annual_return": 9.440724288083791,
    "daily_winning_ratio": 0.5576923076923077,
    "max_drawdown": 0.06281634968691763
  }
}