{
  "benchmark": {
    "alpha": 0.0,
    "beta": 0.9999999999999998,
    "sharpe_ratio": 1.0970540971897023,
    "sortino_ratio": 1.6825711315680374,
    "annual_volatility": 0.9142011709656815,
    "annual_return": 0.8705168316362171,
    "daily_winning_ratio": 0.5071428571428571,
    "max_drawdown": 0.1457905544147845
  },
  "strategy": {
    "alpha": 0.3311473987772684,
    "beta": 0.29356136287204265,
    "sharpe_ratio": 1.7305200160238572,
    "sortino_ratio": 3.224711919294693,
    "annual_volatility": 0.33549125895748855,
    "annual_return": 0.7539618654683526,
    "daily_winning_ratio": 0.5071428571428571,
    "max_drawdown": 0.1457905544147845
  }
}