{
  "benchmark": {
    "alpha": 0.0,
    "beta": 1.0,
    "sharpe_ratio": 3.494099999736801,
    "sortino_ratio": 6.126040067073811,
    "annual_volatility": 0.9376572534019245,
    "annual_return": 16.71371484179961,
    "daily_winning_ratio": 0.5555555555555556,
    "max_drawdown": 0.1938118477495553
  },
  "strategy": {
    "alpha": 0.00864839078470414,
    "beta": 0.37781515897499185,
    "sharpe_ratio": 3.1465855760979973,
    "sortino_ratio": 6.395448601400528,
    "annual_volatility": 0.39612305888236526,
    "annual_return": 2.3369477732810364,
    "daily_winning_ratio": 0.5555555555555556,
    "max_drawdown": 0.06786166078324052
  }
}