{
  "benchmark": {
    "alpha": 0.0,
    "beta": 0.9999999999999998,
    "sharpe_ratio": 3.110611689520582,
    "sortino_ratio": 5.40589836692757,
    "annual_volatility": 0.9084880076207429,
    "annual_return": 10.623880508814366,
    "daily_winning_ratio": 0.5510204081632653,
    "max_drawdown": 0.1938118477495553
  },
  "strategy": {
    "alpha": 0.08352555182293386,
    "beta": 0.37229730130837485,
    "sharpe_ratio": 2.979268889501811,
    "sortino_ratio": 6.057326524971693,
    "annual_volatility": 0.3800676652475754,
    "annual_return": 1.9959596899022523,
    "daily_winning_ratio": 0.5510204081632653,
    "max_drawdown": 0.06786166078324052
  }
}