{
  "benchmark": {
    "alpha": 0.0,
    "beta": 0.9999999999999998,
    "sharpe_ratio": 0.8217657491366618,
    "sortino_ratio": 1.2509760052069954,
    "annual_volatility": 0.9436031853630805,
    "annual_return": 0.4504596668130443,
    "daily_winning_ratio": 0.5,
    "max_drawdown": 0.21461445868441553
  },
  "strategy": {
    "alpha": 0.061044668110414424,
    "beta": 0.2458748035280481,
    "sharpe_ratio": 0.7557911922501205,
    "sortino_ratio": 1.2219782983937093,
    "annual_volatility": 0.33066699212408407,
    "annual_return": 0.261901459379009,
    "daily_winning_ratio": 0.5,
    "max_drawdown": 0.21461445868441553
  }
}