{
  "benchmark": {
    "alpha": 0.0,
    "beta": 0.9999999999999996,
    "sharpe_ratio": 2.6693792448585105,
    "sortino_ratio": 4.645514030518336,
    "annual_volatility": 0.8735311786488271,
    "annual_return": 6.327145107636288,
    "daily_winning_ratio": 0.5203252032520326,
    "max_drawdown": 0.13828506691212916
  },
  "strategy": {
    "alpha": -0.13347242236852874,
    "beta": 0.3489277787965716,
    "sharpe_ratio": 1.9094688424437147,
    "sortino_ratio": 3.6561993218598134,
    "annual_volatility": 0.35108804149233847,
    "annual_return": 0.9087797240102862,
    "daily_winning_ratio": 0.5203252032520326,
    "max_drawdown": 0.13828506691212916
  }
}