{
  "benchmark": {
    "alpha": 0.0,
    "beta": 1.0000000000000004,
    "sharpe_ratio": 1.0260194892517465,
    "sortino_ratio": 1.5790776167600902,
    "annual_volatility": 0.9371690052614513,
    "annual_return": 0.7582288400091772,
    "daily_winning_ratio": 0.5032679738562091,
    "max_drawdown": 0.1457905544147845
  },
  "strategy": {
    "alpha": 0.3846484631025364,
    "beta": 0.24291121615285421,
    "sharpe_ratio": 1.729114977230404,
    "sortino_ratio": 3.2060051976144877,
    "annual_volatility": 0.3233813829884011,
    "annual_return": 0.7234519971175233,
    "daily_winning_ratio": 0.5032679738562091,
    "max_drawdown": 0.1457905544147845
  }
}