{
  "benchmark": {
    "alpha": 0.0,
    "beta": 1.0,
    "sharpe_ratio": 1.1269706063326252,
    "sortino_ratio": 1.7325744685897857,
    "annual_volatility": 0.928720447255568,
    "annual_return": 0.9285462021504078,
    "daily_winning_ratio": 0.5104895104895105,
    "max_drawdown": 0.1457905544147845
  },
  "strategy": {
    "alpha": 0.32598848990369067,
    "beta": 0.273066342645952,
    "sharpe_ratio": 1.7075997777016187,
    "sortino_ratio": 3.177098596593947,
    "annual_volatility": 0.3326714136062696,
    "annual_return": 0.7337648727260175,
    "daily_winning_ratio": 0.5104895104895105,
    "max_drawdown": 0.1457905544147845
  }
}