{
  "benchmark": {
    "alpha": 0.0,
    "beta": 1.0,
    "sharpe_ratio": 6.7059141110495935,
    "sortino_ratio": 13.703449633444501,
    "annual_volatility": 1.0774393014060517,
    "skew": -0.0947637634286469,
    "kurtosis": -1.204863216295589,
    "annual_return": 786.9085962123307,
    "daily_winning_ratio": 0.5714285714285714,
    "max_drawdown": 0.12699039212932106
  },
  "strategy": {
    "alpha": -0.8123793007366273,
    "beta": 0.420903244714289,
    "sharpe_ratio": 2.7266088264767925,
    "sortino_ratio": 4.700139191571536,
    "annual_volatility": 0.5030474147827649,
    "skew": 0.4087914379665266,
    "kurtosis": 1.2096985306469152,
    "annual_return": 2.630623662734998,
    "daily_winning_ratio": 0.5714285714285714,
    "max_drawdown": 0.0904496320190229
  }
}