{
  "timestamp": 1623715200,
  "pps": 1.2873,
  "pnl_rate": 0.2873000000000001,
  "last_day_pnl_rate": 0.00964705882352957,
  "last_1m_pnl_rate": 0.06081582200247226,
  "last_3m_pnl_rate": -0.06296404134517383,
  "last_6m_pnl_rate": 0.2873000000000001,
  "last_12m_pnl_rate": 0.2873000000000001,
  "running_days": 166
}