{
  "timestamp": 1619827200,
  "pps": 1.2456,
  "pnl_rate": 0.24560000000000004,
  "last_day_pnl_rate": 0.008419689119170955,
  "last_1m_pnl_rate": -0.07466012926231337,
  "last_3m_pnl_rate": 0.09938217122683145,
  "last_6m_pnl_rate": 0.24560000000000004,
  "last_12m_pnl_rate": 0.24560000000000004,
  "running_days": 121
}