{
  "timestamp": 1617580800,
  "pps": 1.3445,
  "pnl_rate": 0.34450000000000003,
  "last_day_pnl_rate": 0.0017136045298762992,
  "last_1m_pnl_rate": 0.025787747005416993,
  "last_3m_pnl_rate": 0.2310016480498077,
  "last_6m_pnl_rate": 0.34450000000000003,
  "last_12m_pnl_rate": 0.34450000000000003,
  "running_days": 95
}