{
  "timestamp": 1623024000,
  "pps": 1.2488,
  "pnl_rate": 0.2487999999999999,
  "last_day_pnl_rate": 0.0012828736369466193,
  "last_1m_pnl_rate": -0.003908431044109537,
  "last_3m_pnl_rate": -0.06344682765861707,
  "last_6m_pnl_rate": 0.2487999999999999,
  "last_12m_pnl_rate": 0.2487999999999999,
  "running_days": 158
}