{
  "timestamp": 1622592000,
  "pps": 1.2563,
  "pnl_rate": 0.2563,
  "last_day_pnl_rate": -0.0018274273001747726,
  "last_1m_pnl_rate": 0.008833212880430336,
  "last_3m_pnl_rate": -0.03952599388379211,
  "last_6m_pnl_rate": 0.2563,
  "last_12m_pnl_rate": 0.2563,
  "running_days": 153
}