{
  "timestamp": 1615593600,
  "pps": 1.3515,
  "pnl_rate": 0.3514999999999999,
  "last_day_pnl_rate": -0.005372387400647692,
  "last_1m_pnl_rate": 0.05166913080694111,
  "last_3m_pnl_rate": 0.3514999999999999,
  "last_6m_pnl_rate": 0.3514999999999999,
  "last_12m_pnl_rate": 0.3514999999999999,
  "running_days": 72
}