{
  "timestamp": 1611532800,
  "pps": 1.2524,
  "pnl_rate": 0.25239999999999996,
  "last_day_pnl_rate": 0.0010390856046677778,
  "last_1m_pnl_rate": 0.25239999999999996,
  "last_3m_pnl_rate": 0.25239999999999996,
  "last_6m_pnl_rate": 0.25239999999999996,
  "last_12m_pnl_rate": 0.25239999999999996,
  "running_days": 25
}