{
  "timestamp": 1617148800,
  "pps": 1.346,
  "pnl_rate": 0.3460000000000001,
  "last_day_pnl_rate": 0.00327966607036388,
  "last_1m_pnl_rate": 0.023340682733977172,
  "last_3m_pnl_rate": 0.3460000000000001,
  "last_6m_pnl_rate": 0.3460000000000001,
  "last_12m_pnl_rate": 0.3460000000000001,
  "running_days": 90
}