{
  "timestamp": 1619222400,
  "pps": 1.2259,
  "pnl_rate": 0.2259,
  "last_day_pnl_rate": -0.0021976233110857276,
  "last_1m_pnl_rate": -0.06498360155594535,
  "last_3m_pnl_rate": 0.08515535097813585,
  "last_6m_pnl_rate": 0.2259,
  "last_12m_pnl_rate": 0.2259,
  "running_days": 114
}