{
  "timestamp": 1617753600,
  "pps": 1.3447,
  "pnl_rate": 0.3447,
  "last_day_pnl_rate": -0.0012626262626262885,
  "last_1m_pnl_rate": 0.014867924528301926,
  "last_3m_pnl_rate": 0.12161147718742174,
  "last_6m_pnl_rate": 0.3447,
  "last_12m_pnl_rate": 0.3447,
  "running_days": 97
}