{
  "timestamp": 1610582400,
  "pps": 1.0507,
  "pnl_rate": 0.05069999999999997,
  "last_day_pnl_rate": 0.06378454996456408,
  "last_1m_pnl_rate": 0.05069999999999997,
  "last_3m_pnl_rate": 0.05069999999999997,
  "last_6m_pnl_rate": 0.05069999999999997,
  "last_12m_pnl_rate": 0.05069999999999997,
  "running_days": 14
}