{
  "timestamp": 1616630400,
  "pps": 1.3161,
  "pnl_rate": 0.31610000000000005,
  "last_day_pnl_rate": -0.009632026488072784,
  "last_1m_pnl_rate": -0.004462934947049937,
  "last_3m_pnl_rate": 0.31610000000000005,
  "last_6m_pnl_rate": 0.31610000000000005,
  "last_12m_pnl_rate": 0.31610000000000005,
  "running_days": 84
}