{
  "timestamp": 1622073600,
  "pps": 1.2335,
  "pnl_rate": 0.23350000000000004,
  "last_day_pnl_rate": -0.003151769839987081,
  "last_1m_pnl_rate": -0.00492094223943207,
  "last_3m_pnl_rate": -0.046533199350699564,
  "last_6m_pnl_rate": 0.23350000000000004,
  "last_12m_pnl_rate": 0.23350000000000004,
  "running_days": 147
}