{
  "timestamp": 1611705600,
  "pps": 1.2535,
  "pnl_rate": 0.25350000000000006,
  "last_day_pnl_rate": 0.0011181215557863333,
  "last_1m_pnl_rate": 0.25350000000000006,
  "last_3m_pnl_rate": 0.25350000000000006,
  "last_6m_pnl_rate": 0.25350000000000006,
  "last_12m_pnl_rate": 0.25350000000000006,
  "running_days": 27
}