{
  "timestamp": 1613174400,
  "pps": 1.4121,
  "pnl_rate": 0.4120999999999999,
  "last_day_pnl_rate": -0.008635214827295843,
  "last_1m_pnl_rate": 0.05412063302478353,
  "last_3m_pnl_rate": 0.4120999999999999,
  "last_6m_pnl_rate": 0.4120999999999999,
  "last_12m_pnl_rate": 0.4120999999999999,
  "running_days": 44
}