{
  "timestamp": 1619654400,
  "pps": 1.239,
  "pnl_rate": 0.2390000000000001,
  "last_day_pnl_rate": -0.0004840271055178557,
  "last_1m_pnl_rate": -0.07949479940564634,
  "last_3m_pnl_rate": 0.09162995594713665,
  "last_6m_pnl_rate": 0.2390000000000001,
  "last_12m_pnl_rate": 0.2390000000000001,
  "running_days": 119
}