{
  "timestamp": 1624579200,
  "pps": 1.1187,
  "pnl_rate": 0.11870000000000003,
  "last_day_pnl_rate": 0.0026888948642109114,
  "last_1m_pnl_rate": -0.0930685042561816,
  "last_3m_pnl_rate": -0.1615828524319868,
  "last_6m_pnl_rate": 0.11870000000000003,
  "last_12m_pnl_rate": 0.11870000000000003,
  "running_days": 176
}