{
  "timestamp": 1621382400,
  "pps": 1.2225,
  "pnl_rate": 0.22249999999999992,
  "last_day_pnl_rate": 0.0016386726751331437,
  "last_1m_pnl_rate": -0.022234663680716665,
  "last_3m_pnl_rate": -0.10037530355434549,
  "last_6m_pnl_rate": 0.22249999999999992,
  "last_12m_pnl_rate": 0.22249999999999992,
  "running_days": 139
}