{
  "timestamp": 1615852800,
  "pps": 1.3266,
  "pnl_rate": 0.3266,
  "last_day_pnl_rate": -0.03294940953491756,
  "last_1m_pnl_rate": 0.024322446143155034,
  "last_3m_pnl_rate": 0.3266,
  "last_6m_pnl_rate": 0.3266,
  "last_12m_pnl_rate": 0.3266,
  "running_days": 75
}