{
  "timestamp": 1621728000,
  "pps": 1.2406,
  "pnl_rate": 0.24059999999999993,
  "last_day_pnl_rate": 0.0,
  "last_1m_pnl_rate": 0.01199119014601512,
  "last_3m_pnl_rate": -0.09938294010889294,
  "last_6m_pnl_rate": 0.24059999999999993,
  "last_12m_pnl_rate": 0.24059999999999993,
  "running_days": 143
}