{
  "timestamp": 1624320000,
  "pps": 1.1092,
  "pnl_rate": 0.10919999999999996,
  "last_day_pnl_rate": -0.01202458359312378,
  "last_1m_pnl_rate": -0.11419900974285259,
  "last_3m_pnl_rate": -0.1572709314693816,
  "last_6m_pnl_rate": 0.10919999999999996,
  "last_12m_pnl_rate": 0.10919999999999996,
  "running_days": 173
}