{
  "timestamp": 1618272000,
  "pps": 1.344,
  "pnl_rate": 0.3440000000000001,
  "last_day_pnl_rate": 0.0001488316713796532,
  "last_1m_pnl_rate": -0.02026534480244921,
  "last_3m_pnl_rate": 0.14130434782608706,
  "last_6m_pnl_rate": 0.3440000000000001,
  "last_12m_pnl_rate": 0.3440000000000001,
  "running_days": 103
}