{
  "timestamp": 1610928000,
  "pps": 1.2808,
  "pnl_rate": 0.28079999999999994,
  "last_day_pnl_rate": -0.0011697730640256234,
  "last_1m_pnl_rate": 0.28079999999999994,
  "last_3m_pnl_rate": 0.28079999999999994,
  "last_6m_pnl_rate": 0.28079999999999994,
  "last_12m_pnl_rate": 0.28079999999999994,
  "running_days": 18
}