{
  "timestamp": 1620172800,
  "pps": 1.231,
  "pnl_rate": 0.2310000000000001,
  "last_day_pnl_rate": -0.011483176744559526,
  "last_1m_pnl_rate": -0.0857100415923945,
  "last_3m_pnl_rate": 0.08353137927999293,
  "last_6m_pnl_rate": 0.2310000000000001,
  "last_12m_pnl_rate": 0.2310000000000001,
  "running_days": 125
}