{
  "timestamp": 1612828800,
  "pps": 1.3945,
  "pnl_rate": 0.3945000000000001,
  "last_day_pnl_rate": 0.10150078988941552,
  "last_1m_pnl_rate": 0.057561049598058606,
  "last_3m_pnl_rate": 0.3945000000000001,
  "last_6m_pnl_rate": 0.3945000000000001,
  "last_12m_pnl_rate": 0.3945000000000001,
  "running_days": 40
}