{
  "timestamp": 1621296000,
  "pps": 1.2205,
  "pnl_rate": 0.22049999999999992,
  "last_day_pnl_rate": 0.005768438401318414,
  "last_1m_pnl_rate": -0.026559259850055916,
  "last_3m_pnl_rate": -0.10500843293979614,
  "last_6m_pnl_rate": 0.22049999999999992,
  "last_12m_pnl_rate": 0.22049999999999992,
  "running_days": 138
}