{
  "timestamp": 1611273600,
  "pps": 1.241,
  "pnl_rate": 0.2410000000000001,
  "last_day_pnl_rate": -0.02895148669796551,
  "last_1m_pnl_rate": 0.2410000000000001,
  "last_3m_pnl_rate": 0.2410000000000001,
  "last_6m_pnl_rate": 0.2410000000000001,
  "last_12m_pnl_rate": 0.2410000000000001,
  "running_days": 22
}