{
  "timestamp": 1623542400,
  "pps": 1.247,
  "pnl_rate": 0.2470000000000001,
  "last_day_pnl_rate": -0.011023871837576178,
  "last_1m_pnl_rate": 0.03365384615384631,
  "last_3m_pnl_rate": -0.060003015226895745,
  "last_6m_pnl_rate": 0.2470000000000001,
  "last_12m_pnl_rate": 0.2470000000000001,
  "running_days": 164
}