{
  "timestamp": 1624060800,
  "pps": 1.1245,
  "pnl_rate": 0.12450000000000006,
  "last_day_pnl_rate": -0.06618501909981721,
  "last_1m_pnl_rate": -0.08480507853829239,
  "last_3m_pnl_rate": -0.1666049062476839,
  "last_6m_pnl_rate": 0.12450000000000006,
  "last_12m_pnl_rate": 0.12450000000000006,
  "running_days": 170
}