{
  "timestamp": 1611360000,
  "pps": 1.2572,
  "pnl_rate": 0.2572000000000001,
  "last_day_pnl_rate": 0.013053988718775174,
  "last_1m_pnl_rate": 0.2572000000000001,
  "last_3m_pnl_rate": 0.2572000000000001,
  "last_6m_pnl_rate": 0.2572000000000001,
  "last_12m_pnl_rate": 0.2572000000000001,
  "running_days": 23
}