{
  "timestamp": 1613520000,
  "pps": 1.4456,
  "pnl_rate": 0.4456,
  "last_day_pnl_rate": 0.01745495495495491,
  "last_1m_pnl_rate": 0.12175060138123694,
  "last_3m_pnl_rate": 0.4456,
  "last_6m_pnl_rate": 0.4456,
  "last_12m_pnl_rate": 0.4456,
  "running_days": 48
}