{
  "timestamp": 1621900800,
  "pps": 1.235,
  "pnl_rate": 0.2350000000000001,
  "last_day_pnl_rate": -0.013735824948091266,
  "last_1m_pnl_rate": 0.014790468364831565,
  "last_3m_pnl_rate": -0.07170775706554414,
  "last_6m_pnl_rate": 0.2350000000000001,
  "last_12m_pnl_rate": 0.2350000000000001,
  "running_days": 145
}