{
  "timestamp": 1611014400,
  "pps": 1.2887,
  "pnl_rate": 0.28869999999999996,
  "last_day_pnl_rate": 0.006168019987507822,
  "last_1m_pnl_rate": 0.28869999999999996,
  "last_3m_pnl_rate": 0.28869999999999996,
  "last_6m_pnl_rate": 0.28869999999999996,
  "last_12m_pnl_rate": 0.28869999999999996,
  "running_days": 19
}