{
  "timestamp": 1609804800,
  "pps": 4.4897,
  "pnl_rate": 3.4897,
  "last_day_pnl_rate": -0.013426210776127212,
  "last_1m_pnl_rate": 0.44516689735088677,
  "last_3m_pnl_rate": 1.6332551319648092,
  "last_6m_pnl_rate": 1.735453603850606,
  "last_12m_pnl_rate": 3.3462729912875124,
  "running_days": 371
}