{
  "timestamp": 1612569600,
  "pps": 1.2575,
  "pnl_rate": 0.25750000000000006,
  "last_day_pnl_rate": -0.001429365520527296,
  "last_1m_pnl_rate": -0.06030488716185921,
  "last_3m_pnl_rate": 0.25750000000000006,
  "last_6m_pnl_rate": 0.25750000000000006,
  "last_12m_pnl_rate": 0.25750000000000006,
  "running_days": 37
}