{
  "timestamp": 1618444800,
  "pps": 1.3327,
  "pnl_rate": 0.3327,
  "last_day_pnl_rate": -0.004705003734129927,
  "last_1m_pnl_rate": -0.009513192121887717,
  "last_3m_pnl_rate": 0.1415967106390269,
  "last_6m_pnl_rate": 0.3327,
  "last_12m_pnl_rate": 0.3327,
  "running_days": 105
}