{
  "timestamp": 1623974400,
  "pps": 1.2042,
  "pnl_rate": 0.20419999999999994,
  "last_day_pnl_rate": -0.007418397626112857,
  "last_1m_pnl_rate": -0.029262394195888754,
  "last_3m_pnl_rate": -0.11546936976641693,
  "last_6m_pnl_rate": 0.20419999999999994,
  "last_12m_pnl_rate": 0.20419999999999994,
  "running_days": 169
}