{
  "timestamp": 1625011200,
  "pps": 1.1089,
  "pnl_rate": 0.1089,
  "last_day_pnl_rate": 0.0023501762632196833,
  "last_1m_pnl_rate": -0.11894168123311612,
  "last_3m_pnl_rate": -0.1762127627962262,
  "last_6m_pnl_rate": 0.10053592695514087,
  "last_12m_pnl_rate": 0.1089,
  "running_days": 181
}