{
  "timestamp": 1614643200,
  "pps": 1.3153,
  "pnl_rate": 0.3152999999999999,
  "last_day_pnl_rate": 0.02286336418072935,
  "last_1m_pnl_rate": 0.16090026478375985,
  "last_3m_pnl_rate": 0.3152999999999999,
  "last_6m_pnl_rate": 0.3152999999999999,
  "last_12m_pnl_rate": 0.3152999999999999,
  "running_days": 61
}