{
  "timestamp": 1621641600,
  "pps": 1.2406,
  "pnl_rate": 0.24059999999999993,
  "last_day_pnl_rate": 0.00968503296166682,
  "last_1m_pnl_rate": 0.009767214715936848,
  "last_3m_pnl_rate": -0.12157473624584024,
  "last_6m_pnl_rate": 0.24059999999999993,
  "last_12m_pnl_rate": 0.24059999999999993,
  "running_days": 142
}