{
  "timestamp": 1616630400,
  "pps": 1.3162,
  "pnl_rate": 0.31620000000000004,
  "last_day_pnl_rate": -0.009556776281134723,
  "last_1m_pnl_rate": -0.004311975187230531,
  "last_3m_pnl_rate": 0.31620000000000004,
  "last_6m_pnl_rate": 0.31620000000000004,
  "last_12m_pnl_rate": 0.31620000000000004,
  "running_days": 84
}