{
  "timestamp": 1622851200,
  "pps": 1.2551,
  "pnl_rate": 0.2551000000000001,
  "last_day_pnl_rate": -0.010173501577286996,
  "last_1m_pnl_rate": 0.009978273114991703,
  "last_3m_pnl_rate": -0.048734273154464006,
  "last_6m_pnl_rate": 0.2551000000000001,
  "last_12m_pnl_rate": 0.2551000000000001,
  "running_days": 156
}