{
  "timestamp": 1612396800,
  "pps": 1.259,
  "pnl_rate": 0.2589999999999999,
  "last_day_pnl_rate": 0.0006358289620091495,
  "last_1m_pnl_rate": 0.15271928218275024,
  "last_3m_pnl_rate": 0.2589999999999999,
  "last_6m_pnl_rate": 0.2589999999999999,
  "last_12m_pnl_rate": 0.2589999999999999,
  "running_days": 35
}