{
  "timestamp": 1621814400,
  "pps": 1.2522,
  "pnl_rate": 0.2522,
  "last_day_pnl_rate": 0.009350314364017455,
  "last_1m_pnl_rate": 0.025300908867600037,
  "last_3m_pnl_rate": -0.052727135184204625,
  "last_6m_pnl_rate": 0.2522,
  "last_12m_pnl_rate": 0.2522,
  "running_days": 144
}