{
  "timestamp": 1620259200,
  "pps": 1.2473,
  "pnl_rate": 0.24730000000000008,
  "last_day_pnl_rate": 0.013241267262388286,
  "last_1m_pnl_rate": -0.07243251282814005,
  "last_3m_pnl_rate": 0.0994270603790216,
  "last_6m_pnl_rate": 0.24730000000000008,
  "last_12m_pnl_rate": 0.24730000000000008,
  "running_days": 126
}