{
  "timestamp": 1612483200,
  "pps": 1.2593,
  "pnl_rate": 0.2593000000000001,
  "last_day_pnl_rate": 0.00023828435266099208,
  "last_1m_pnl_rate": 0.09867387890420518,
  "last_3m_pnl_rate": 0.2593000000000001,
  "last_6m_pnl_rate": 0.2593000000000001,
  "last_12m_pnl_rate": 0.2593000000000001,
  "running_days": 36
}