{
  "timestamp": 1617926400,
  "pps": 1.344,
  "pnl_rate": 0.3440000000000001,
  "last_day_pnl_rate": 0.0010427528675704364,
  "last_1m_pnl_rate": 0.006063328093420163,
  "last_3m_pnl_rate": 0.11405835543766593,
  "last_6m_pnl_rate": 0.3440000000000001,
  "last_12m_pnl_rate": 0.3440000000000001,
  "running_days": 99
}