{
  "timestamp": 1619136000,
  "pps": 1.2286,
  "pnl_rate": 0.22859999999999991,
  "last_day_pnl_rate": -0.009113638196628832,
  "last_1m_pnl_rate": -0.06655523476675286,
  "last_3m_pnl_rate": 0.08860535176324638,
  "last_6m_pnl_rate": 0.22859999999999991,
  "last_12m_pnl_rate": 0.22859999999999991,
  "running_days": 113
}