{
  "timestamp": 1620604800,
  "pps": 1.2506,
  "pnl_rate": 0.25059999999999993,
  "last_day_pnl_rate": -0.0024726808646407454,
  "last_1m_pnl_rate": -0.06935555886292616,
  "last_3m_pnl_rate": -0.006514140451223376,
  "last_6m_pnl_rate": 0.25059999999999993,
  "last_12m_pnl_rate": 0.25059999999999993,
  "running_days": 130
}