{
  "timestamp": 1623369600,
  "pps": 1.256,
  "pnl_rate": 0.256,
  "last_day_pnl_rate": -0.004123057405645491,
  "last_1m_pnl_rate": 0.04051031397564406,
  "last_3m_pnl_rate": -0.1034975017844397,
  "last_6m_pnl_rate": 0.256,
  "last_12m_pnl_rate": 0.256,
  "running_days": 162
}