{
  "timestamp": 1610582400,
  "pps": 1.3092,
  "pnl_rate": 0.3091999999999999,
  "last_day_pnl_rate": 0.04476897294709106,
  "last_1m_pnl_rate": 0.3091999999999999,
  "last_3m_pnl_rate": 0.3091999999999999,
  "last_6m_pnl_rate": 0.3091999999999999,
  "last_12m_pnl_rate": 0.3091999999999999,
  "running_days": 14
}