{
  "timestamp": 1621987200,
  "pps": 1.2374,
  "pnl_rate": 0.23740000000000006,
  "last_day_pnl_rate": 0.0019433198380566458,
  "last_1m_pnl_rate": 0.0011326860841424497,
  "last_3m_pnl_rate": -0.048153846153846144,
  "last_6m_pnl_rate": 0.23740000000000006,
  "last_12m_pnl_rate": 0.23740000000000006,
  "running_days": 146
}