{
  "timestamp": 1615766400,
  "pps": 1.3718,
  "pnl_rate": 0.3717999999999999,
  "last_day_pnl_rate": -0.020842255531763106,
  "last_1m_pnl_rate": 0.08058290665616372,
  "last_3m_pnl_rate": 0.3717999999999999,
  "last_6m_pnl_rate": 0.3717999999999999,
  "last_12m_pnl_rate": 0.3717999999999999,
  "running_days": 74
}