{
  "timestamp": 1615939200,
  "pps": 1.3455,
  "pnl_rate": 0.3454999999999999,
  "last_day_pnl_rate": 0.014246947082767915,
  "last_1m_pnl_rate": 0.04969574036511146,
  "last_3m_pnl_rate": 0.3454999999999999,
  "last_6m_pnl_rate": 0.3454999999999999,
  "last_12m_pnl_rate": 0.3454999999999999,
  "running_days": 76
}