{
  "timestamp": 1623801600,
  "pps": 1.274,
  "pnl_rate": 0.274,
  "last_day_pnl_rate": -0.010331702011963092,
  "last_1m_pnl_rate": 0.04383449405981164,
  "last_3m_pnl_rate": -0.05873660879202062,
  "last_6m_pnl_rate": 0.274,
  "last_12m_pnl_rate": 0.274,
  "running_days": 167
}