{
  "benchmark": {
    "alpha": 0.0,
    "beta": 1.0000000000000002,
    "sharpe_ratio": 0.008370579560686209,
    "sortino_ratio": 0.011939366546038974,
    "annual_volatility": 0.8931401558417105,
    "annual_return": -0.297834995154989,
    "daily_winning_ratio": 0.48717948717948717,
    "max_drawdown": 0.04182247589057275
  },
  "strategy": {
    "alpha": -0.011524643501616194,
    "beta": 0.0374404460915438,
    "sharpe_ratio": -0.13048263005202265,
    "sortino_ratio": -0.17527387251129348,
    "annual_volatility": 0.086689502436109,
    "annual_return": 0.021683459630950086,
    "daily_winning_ratio": 0.48717948717948717,
    "max_drawdown": 0.04182247589057275
  }
}