{
  "benchmark": {
    "alpha": 0.0,
    "beta": 1.0,
    "sharpe_ratio": 0.4869657944195097,
    "sortino_ratio": 0.702279475369257,
    "annual_volatility": 0.8565736949031233,
    "annual_return": 0.09157733025062553,
    "daily_winning_ratio": 0.5037037037037037,
    "max_drawdown": 0.04182247589057275
  },
  "strategy": {
    "alpha": -0.00607823817456965,
    "beta": 0.035952625086057684,
    "sharpe_ratio": 0.10964946761306354,
    "sortino_ratio": 0.14776815415636396,
    "annual_volatility": 0.08116682517566079,
    "annual_return": 0.04301794109935253,
    "daily_winning_ratio": 0.5037037037037037,
    "max_drawdown": 0.04182247589057275
  }
}