{
  "benchmark": {
    "alpha": 0.0,
    "beta": 0.9999999999999999,
    "sharpe_ratio": 0.8369586797548679,
    "sortino_ratio": 1.2109094530967375,
    "annual_volatility": 0.820144364195101,
    "annual_return": 0.47144004276890317,
    "daily_winning_ratio": 0.518324607329843,
    "max_drawdown": 0.04182247589057275
  },
  "strategy": {
    "alpha": 0.018415479826678904,
    "beta": 0.032258069952184235,
    "sharpe_ratio": 0.20902394861259097,
    "sortino_ratio": 0.2818598947841982,
    "annual_volatility": 0.07562340389297115,
    "annual_return": 0.05069760285206604,
    "daily_winning_ratio": 0.4968152866242038,
    "max_drawdown": 0.04182247589057275
  }
}