{
  "benchmark": {
    "alpha": 0.0,
    "beta": 0.9999999999999998,
    "sharpe_ratio": -0.8672353378260091,
    "sortino_ratio": -1.2031501943419463,
    "annual_volatility": 0.9407204359526917,
    "annual_return": -0.7015976068061095,
    "daily_winning_ratio": 0.4782608695652174,
    "max_drawdown": 0.011610598392378768
  },
  "strategy": {
    "alpha": -0.04571326773512341,
    "beta": 0.017192642179165978,
    "sharpe_ratio": -1.2721993499337663,
    "sortino_ratio": -1.483362414092124,
    "annual_volatility": 0.047802492818958216,
    "annual_return": -0.025091481030839913,
    "daily_winning_ratio": 0.4782608695652174,
    "max_drawdown": 0.011610598392378768
  }
}