{
  "benchmark": {
    "alpha": 0.0,
    "beta": 1.0,
    "sharpe_ratio": 0.18922471058892568,
    "sortino_ratio": 0.27148047367227207,
    "annual_volatility": 0.8683786425587564,
    "annual_return": -0.16063448421771886,
    "daily_winning_ratio": 0.49230769230769234,
    "max_drawdown": 0.04182247589057275
  },
  "strategy": {
    "alpha": -0.0019462693993593794,
    "beta": 0.03617911005133275,
    "sharpe_ratio": 0.048359800334453695,
    "sortino_ratio": 0.06513898752144881,
    "annual_volatility": 0.08264599031800987,
    "annual_return": 0.037792811692288986,
    "daily_winning_ratio": 0.49230769230769234,
    "max_drawdown": 0.04182247589057275
  }
}