{
  "benchmark": {
    "alpha": 0.0,
    "beta": 1.0,
    "sharpe_ratio": -0.3572104938483481,
    "sortino_ratio": -0.499597096946091,
    "annual_volatility": 0.920033349778627,
    "annual_return": -0.5105977369248562,
    "daily_winning_ratio": 0.5,
    "max_drawdown": 0.04182247589057275
  },
  "strategy": {
    "alpha": -0.037735280273469174,
    "beta": 0.034929947233549495,
    "sharpe_ratio": -0.5715033132406049,
    "sortino_ratio": -0.7387339365657383,
    "annual_volatility": 0.08738923137207155,
    "annual_return": -0.01709163848308204,
    "daily_winning_ratio": 0.5,
    "max_drawdown": 0.04182247589057275
  }
}