{
  "benchmark": {
    "alpha": 0.0,
    "beta": 1.0000000000000004,
    "sharpe_ratio": 0.32862569720835527,
    "sortino_ratio": 0.4728574299024786,
    "annual_volatility": 0.8796077513218422,
    "annual_return": -0.0583298228031649,
    "daily_winning_ratio": 0.5,
    "max_drawdown": 0.04182247589057275
  },
  "strategy": {
    "alpha": -0.005228916166946873,
    "beta": 0.03640908471901232,
    "sharpe_ratio": 0.06291595998218129,
    "sortino_ratio": 0.08476048625100509,
    "annual_volatility": 0.08395127672404311,
    "annual_return": 0.039015694465662776,
    "daily_winning_ratio": 0.5,
    "max_drawdown": 0.04182247589057275
  }
}