{
  "benchmark": {
    "alpha": 0.0,
    "beta": 1.0,
    "sharpe_ratio": 0.37549067542868847,
    "sortino_ratio": 0.540268300084799,
    "annual_volatility": 0.8610028130636604,
    "annual_return": -0.00984843663541668,
    "daily_winning_ratio": 0.5037593984962406,
    "max_drawdown": 0.04182247589057275
  },
  "strategy": {
    "alpha": -0.006936993380631917,
    "beta": 0.03610525786530966,
    "sharpe_ratio": 0.057636901995195916,
    "sortino_ratio": 0.07764798703385396,
    "annual_volatility": 0.08174757414974265,
    "annual_return": 0.038610673297633236,
    "daily_winning_ratio": 0.5037593984962406,
    "max_drawdown": 0.04182247589057275
  }
}