{
  "benchmark": {
    "alpha": 0.0,
    "beta": 1.0,
    "sharpe_ratio": -1.3476386529254045,
    "sortino_ratio": -1.8270059027617447,
    "annual_volatility": 1.0338849991658408,
    "annual_return": -0.849270650461491,
    "daily_winning_ratio": 0.4647887323943662,
    "max_drawdown": 0.03335957488683339
  },
  "strategy": {
    "alpha": -0.07151914589722375,
    "beta": 0.03201600899457746,
    "sharpe_ratio": -1.2086803545318578,
    "sortino_ratio": -1.518739240144689,
    "annual_volatility": 0.09829396945687251,
    "annual_return": -0.08341447798491397,
    "daily_winning_ratio": 0.4647887323943662,
    "max_drawdown": 0.03335957488683339
  }
}