{
  "benchmark": {
    "alpha": 0.0,
    "beta": 1.0,
    "sharpe_ratio": 0.317346694221638,
    "sortino_ratio": 0.45660994485010203,
    "annual_volatility": 0.8761344203576391,
    "annual_return": -0.06583230538314688,
    "daily_winning_ratio": 0.49606299212598426,
    "max_drawdown": 0.04182247589057275
  },
  "strategy": {
    "alpha": -0.00459154652456395,
    "beta": 0.036405888744938567,
    "sharpe_ratio": 0.06601652299385972,
    "sortino_ratio": 0.08893489449037122,
    "annual_volatility": 0.08361759122610139,
    "annual_return": 0.039291936874815026,
    "daily_winning_ratio": 0.49606299212598426,
    "max_drawdown": 0.04182247589057275
  }
}