{
  "benchmark": {
    "alpha": 0.0,
    "beta": 0.9999999999999997,
    "sharpe_ratio": -2.576353006022818,
    "sortino_ratio": -3.348020473839176,
    "annual_volatility": 1.0473688291087837,
    "annual_return": -0.9599747654303683,
    "daily_winning_ratio": 0.43478260869565216,
    "max_drawdown": 0.011610598392378768
  },
  "strategy": {
    "alpha": 0.0051159362889667825,
    "beta": 0.010695465439181345,
    "sharpe_ratio": -0.5708417991281127,
    "sortino_ratio": -0.7103824030885347,
    "annual_volatility": 0.04161858257282239,
    "annual_return": 0.011964262188978836,
    "daily_winning_ratio": 0.43478260869565216,
    "max_drawdown": 0.011610598392378768
  }
}