{
  "benchmark": {
    "alpha": 0.0,
    "beta": 1.0,
    "sharpe_ratio": -0.16663568819418753,
    "sortino_ratio": -0.23244119876625804,
    "annual_volatility": 0.8469981149189871,
    "annual_return": -0.3712626853026736,
    "daily_winning_ratio": 0.4936708860759494,
    "max_drawdown": 0.04182247589057275
  },
  "strategy": {
    "alpha": 0.018415479826678904,
    "beta": 0.03225806995218423,
    "sharpe_ratio": 0.20902394861259097,
    "sortino_ratio": 0.2818598947841982,
    "annual_volatility": 0.07562340389297115,
    "annual_return": 0.05069760285206604,
    "daily_winning_ratio": 0.4968152866242038,
    "max_drawdown": 0.04182247589057275
  }
}