{
  "benchmark": {
    "alpha": 0.0,
    "beta": 1.0,
    "sharpe_ratio": 0.3459704839476118,
    "sortino_ratio": 0.4981785142537838,
    "annual_volatility": 0.8869027205742754,
    "annual_return": -0.047502167190301536,
    "daily_winning_ratio": 0.49586776859504134,
    "max_drawdown": 0.04182247589057275
  },
  "strategy": {
    "alpha": -0.007727334159239763,
    "beta": 0.03736444350518028,
    "sharpe_ratio": 0.0434163084283543,
    "sortino_ratio": 0.05842564876443301,
    "annual_volatility": 0.08539934742320272,
    "annual_return": 0.03725621510300847,
    "daily_winning_ratio": 0.49586776859504134,
    "max_drawdown": 0.04182247589057275
  }
}