{
  "benchmark": {
    "alpha": 0.0,
    "beta": 1.0000000000000002,
    "sharpe_ratio": 0.3205110050482549,
    "sortino_ratio": 0.4609745300607991,
    "annual_volatility": 0.8792189460783439,
    "annual_return": -0.06481975592892064,
    "daily_winning_ratio": 0.5,
    "max_drawdown": 0.04182247589057275
  },
  "strategy": {
    "alpha": -0.0075269454989470574,
    "beta": 0.03658139993205181,
    "sharpe_ratio": 0.032555830199602655,
    "sortino_ratio": 0.04384118621749289,
    "annual_volatility": 0.08457093324779197,
    "annual_return": 0.03633867520713907,
    "daily_winning_ratio": 0.5,
    "max_drawdown": 0.04182247589057275
  }
}