{
  "benchmark": {
    "alpha": 0.0,
    "beta": 0.9999999999999998,
    "sharpe_ratio": -0.6280144848721244,
    "sortino_ratio": -0.8736682929644046,
    "annual_volatility": 0.9240625517712069,
    "annual_return": -0.6210306180954477,
    "daily_winning_ratio": 0.49019607843137253,
    "max_drawdown": 0.04182247589057275
  },
  "strategy": {
    "alpha": -0.030344287847748896,
    "beta": 0.03528038240875479,
    "sharpe_ratio": -0.5812462762284875,
    "sortino_ratio": -0.751352915211919,
    "annual_volatility": 0.08823623312803518,
    "annual_return": -0.018483438656770823,
    "daily_winning_ratio": 0.49019607843137253,
    "max_drawdown": 0.04182247589057275
  }
}