{
  "benchmark": {
    "alpha": 0.0,
    "beta": 1.0,
    "sharpe_ratio": -1.4335501758817908,
    "sortino_ratio": -1.9482037949757072,
    "annual_volatility": 0.9501995270464363,
    "annual_return": -0.83117996566393,
    "daily_winning_ratio": 0.4666666666666667,
    "max_drawdown": 0.04182247589057275
  },
  "strategy": {
    "alpha": -0.08697581283445,
    "beta": 0.030096461713879644,
    "sharpe_ratio": -1.4968269683551634,
    "sortino_ratio": -1.8701529935617822,
    "annual_volatility": 0.08817166283953584,
    "annual_return": -0.09457560996525749,
    "daily_winning_ratio": 0.4666666666666667,
    "max_drawdown": 0.04182247589057275
  }
}