{
  "benchmark": {
    "alpha": 0.0,
    "beta": 1.0,
    "sharpe_ratio": -1.9893667544634581,
    "sortino_ratio": -2.6654904620617437,
    "annual_volatility": 1.1796202748133764,
    "annual_return": -0.9503490595287687,
    "daily_winning_ratio": 0.45161290322580644,
    "max_drawdown": 0.011610598392378768
  },
  "strategy": {
    "alpha": 0.01108210953213673,
    "beta": 0.007789644393739676,
    "sharpe_ratio": -0.15858218808658495,
    "sortino_ratio": -0.19950748288341108,
    "annual_volatility": 0.04577196666860487,
    "annual_return": 0.028626285836548027,
    "daily_winning_ratio": 0.45161290322580644,
    "max_drawdown": 0.011610598392378768
  }
}