{
  "benchmark": {
    "alpha": 0.0,
    "beta": 1.0000000000000002,
    "sharpe_ratio": -0.9139073752409727,
    "sortino_ratio": -1.291260565717575,
    "annual_volatility": 1.0787030854206525,
    "annual_return": -0.7823082956017273,
    "daily_winning_ratio": 0.4528301886792453,
    "max_drawdown": 0.011610598392378768
  },
  "strategy": {
    "alpha": 0.09478346199363208,
    "beta": 0.018931575724626892,
    "sharpe_ratio": 1.5148491779639168,
    "sortino_ratio": 2.185406158567153,
    "annual_volatility": 0.047466390227095284,
    "annual_return": 0.11324888002839018,
    "daily_winning_ratio": 0.4528301886792453,
    "max_drawdown": 0.011610598392378768
  }
}