{
  "benchmark": {
    "alpha": 0.0,
    "beta": 1.0,
    "sharpe_ratio": -0.20747111963729972,
    "sortino_ratio": -0.2880669392891725,
    "annual_volatility": 0.8530875422642417,
    "annual_return": -0.39665490086195343,
    "daily_winning_ratio": 0.4966887417218543,
    "max_drawdown": 0.04182247589057275
  },
  "strategy": {
    "alpha": 0.015460865995058803,
    "beta": 0.03257578539164294,
    "sharpe_ratio": 0.1244138286009642,
    "sortino_ratio": 0.16765414444119464,
    "annual_volatility": 0.076979106342883,
    "annual_return": 0.04406628717370942,
    "daily_winning_ratio": 0.4966887417218543,
    "max_drawdown": 0.04182247589057275
  }
}