{
  "benchmark": {
    "alpha": 0.0,
    "beta": 1.0,
    "sharpe_ratio": -0.13188703430995577,
    "sortino_ratio": -0.18401615379200512,
    "annual_volatility": 0.8445418679258052,
    "annual_return": -0.35092579135771107,
    "daily_winning_ratio": 0.4968553459119497,
    "max_drawdown": 0.04182247589057275
  },
  "strategy": {
    "alpha": 0.018415479826678904,
    "beta": 0.03225806995218423,
    "sharpe_ratio": 0.20902394861259097,
    "sortino_ratio": 0.2818598947841982,
    "annual_volatility": 0.07562340389297115,
    "annual_return": 0.05069760285206604,
    "daily_winning_ratio": 0.4968152866242038,
    "max_drawdown": 0.04182247589057275
  }
}