{
  "benchmark": {
    "alpha": 0.0,
    "beta": 1.0,
    "sharpe_ratio": 0.26282840480712305,
    "sortino_ratio": 0.37174341274568956,
    "annual_volatility": 0.8526771257165823,
    "annual_return": -0.09796781337055771,
    "daily_winning_ratio": 0.5103448275862069,
    "max_drawdown": 0.04182247589057275
  },
  "strategy": {
    "alpha": 0.005300953511587325,
    "beta": 0.033129454904833586,
    "sharpe_ratio": 0.16202380425032034,
    "sortino_ratio": 0.2184399819186793,
    "annual_volatility": 0.07845488804485135,
    "annual_return": 0.04722461689887947,
    "daily_winning_ratio": 0.5103448275862069,
    "max_drawdown": 0.04182247589057275
  }
}