{
  "benchmark": {
    "alpha": 0.0,
    "beta": 0.9999999999999998,
    "sharpe_ratio": 0.3736250169333521,
    "sortino_ratio": 0.537569752886537,
    "annual_volatility": 0.857761551720841,
    "annual_return": -0.009906292481148271,
    "daily_winning_ratio": 0.5,
    "max_drawdown": 0.04182247589057275
  },
  "strategy": {
    "alpha": -0.003130502144684799,
    "beta": 0.036099882159177865,
    "sharpe_ratio": 0.10352081697116655,
    "sortino_ratio": 0.13951196586352219,
    "annual_volatility": 0.08147089563840455,
    "annual_return": 0.042506637636543276,
    "daily_winning_ratio": 0.5,
    "max_drawdown": 0.04182247589057275
  }
}