{
  "benchmark": {
    "alpha": 0.0,
    "beta": 1.0000000000000002,
    "sharpe_ratio": -0.7863452066992709,
    "sortino_ratio": -1.0848700751483613,
    "annual_volatility": 0.9438764213121414,
    "annual_return": -0.6836840860351763,
    "daily_winning_ratio": 0.48936170212765956,
    "max_drawdown": 0.04182247589057275
  },
  "strategy": {
    "alpha": -0.054581783681715956,
    "beta": 0.03202593586175268,
    "sharpe_ratio": -0.9045924391523744,
    "sortino_ratio": -1.1569946505453463,
    "annual_volatility": 0.08832003229246109,
    "annual_return": -0.046170753070389425,
    "daily_winning_ratio": 0.48936170212765956,
    "max_drawdown": 0.04182247589057275
  }
}