{
  "benchmark": {
    "alpha": 0.0,
    "beta": 0.9999999999999999,
    "sharpe_ratio": -1.972249172018955,
    "sortino_ratio": -2.654302630828097,
    "annual_volatility": 1.064523998469282,
    "annual_return": -0.9281065964093667,
    "daily_winning_ratio": 0.43333333333333335,
    "max_drawdown": 0.02430623892934458
  },
  "strategy": {
    "alpha": -0.014386324965595665,
    "beta": 0.027718528888201872,
    "sharpe_ratio": -1.2577626412091054,
    "sortino_ratio": -1.5296100928012029,
    "annual_volatility": 0.05778972524628574,
    "annual_return": -0.03712730662109798,
    "daily_winning_ratio": 0.43333333333333335,
    "max_drawdown": 0.02430623892934458
  }
}