{
  "benchmark": {
    "alpha": 0.0,
    "beta": 0.9999999999999998,
    "sharpe_ratio": 0.11737871806298536,
    "sortino_ratio": 0.16634606484650544,
    "annual_volatility": 0.915548617105589,
    "annual_return": -0.23965558440335732,
    "daily_winning_ratio": 0.5092592592592593,
    "max_drawdown": 0.04182247589057275
  },
  "strategy": {
    "alpha": 0.015175446448921548,
    "beta": 0.03798838507711991,
    "sharpe_ratio": 0.21360453619985761,
    "sortino_ratio": 0.2885257750254747,
    "annual_volatility": 0.08962458925611606,
    "annual_return": 0.05300671200400986,
    "daily_winning_ratio": 0.5092592592592593,
    "max_drawdown": 0.04182247589057275
  }
}