{
  "benchmark": {
    "alpha": 0.0,
    "beta": 0.9999999999999998,
    "sharpe_ratio": 0.5405119918019015,
    "sortino_ratio": 0.7798725747840745,
    "annual_volatility": 0.8538251795968735,
    "annual_return": 0.14370884061703082,
    "daily_winning_ratio": 0.5073529411764706,
    "max_drawdown": 0.04182247589057275
  },
  "strategy": {
    "alpha": -0.004596313249945361,
    "beta": 0.03598677709312623,
    "sharpe_ratio": 0.14836744751372455,
    "sortino_ratio": 0.19999539490251633,
    "annual_volatility": 0.0808878027800673,
    "annual_return": 0.04628053483265737,
    "daily_winning_ratio": 0.5073529411764706,
    "max_drawdown": 0.04182247589057275
  }
}