{
  "benchmark": {
    "alpha": 0.0,
    "beta": 1.0000000000000004,
    "sharpe_ratio": 0.2413307730401296,
    "sortino_ratio": 0.34529836659321983,
    "annual_volatility": 0.9102761404532077,
    "annual_return": -0.14503042052835402,
    "daily_winning_ratio": 0.5,
    "max_drawdown": 0.04182247589057275
  },
  "strategy": {
    "alpha": -0.018607451151727905,
    "beta": 0.03763385824009288,
    "sharpe_ratio": -0.11871709350203068,
    "sortino_ratio": -0.15950866517765844,
    "annual_volatility": 0.0885714669170616,
    "annual_return": 0.0223314023836767,
    "daily_winning_ratio": 0.5,
    "max_drawdown": 0.04182247589057275
  }
}