{
  "benchmark": {
    "alpha": 0.0,
    "beta": 1.0,
    "sharpe_ratio": 0.880999947929251,
    "sortino_ratio": 1.2786873044011902,
    "annual_volatility": 0.8365719608241293,
    "annual_return": 0.5270478660695053,
    "daily_winning_ratio": 0.519774011299435,
    "max_drawdown": 0.04182247589057275
  },
  "strategy": {
    "alpha": 0.018415479826678904,
    "beta": 0.032258069952184235,
    "sharpe_ratio": 0.20902394861259097,
    "sortino_ratio": 0.2818598947841982,
    "annual_volatility": 0.07562340389297115,
    "annual_return": 0.05069760285206604,
    "daily_winning_ratio": 0.4968152866242038,
    "max_drawdown": 0.04182247589057275
  }
}