{
  "benchmark": {
    "alpha": 0.0,
    "beta": 1.0000000000000002,
    "sharpe_ratio": -0.049502428467597705,
    "sortino_ratio": -0.06918421492585249,
    "annual_volatility": 0.8560661781918896,
    "annual_return": -0.3112847968437126,
    "daily_winning_ratio": 0.5,
    "max_drawdown": 0.04182247589057275
  },
  "strategy": {
    "alpha": 0.012701431102109417,
    "beta": 0.03243662341017633,
    "sharpe_ratio": 0.14736818565336995,
    "sortino_ratio": 0.19862677965208522,
    "annual_volatility": 0.07631962343860275,
    "annual_return": 0.045863211585446484,
    "daily_winning_ratio": 0.5,
    "max_drawdown": 0.04182247589057275
  }
}