{
  "benchmark": {
    "alpha": 0.0,
    "beta": 1.0,
    "sharpe_ratio": 0.8571856535249818,
    "sortino_ratio": 1.2440042186601692,
    "annual_volatility": 0.838865034365863,
    "annual_return": 0.49706946264897267,
    "daily_winning_ratio": 0.5170454545454546,
    "max_drawdown": 0.04182247589057275
  },
  "strategy": {
    "alpha": 0.018415479826678904,
    "beta": 0.032258069952184235,
    "sharpe_ratio": 0.20902394861259097,
    "sortino_ratio": 0.2818598947841982,
    "annual_volatility": 0.07562340389297115,
    "annual_return": 0.05069760285206604,
    "daily_winning_ratio": 0.4968152866242038,
    "max_drawdown": 0.04182247589057275
  }
}