{
  "benchmark": {
    "alpha": 0.0,
    "beta": 1.0,
    "sharpe_ratio": -0.47723800465655064,
    "sortino_ratio": -0.6636834786320992,
    "annual_volatility": 0.9414666641142181,
    "annual_return": -0.5748019599252312,
    "daily_winning_ratio": 0.5,
    "max_drawdown": 0.04182247589057275
  },
  "strategy": {
    "alpha": -0.02423203764250803,
    "beta": 0.033210094478081494,
    "sharpe_ratio": -0.4452851902072719,
    "sortino_ratio": -0.5773637545353391,
    "annual_volatility": 0.08859728170737947,
    "annual_return": -0.006826509572616435,
    "daily_winning_ratio": 0.5,
    "max_drawdown": 0.04182247589057275
  }
}