{
  "benchmark": {
    "alpha": 0.0,
    "beta": 1.0,
    "sharpe_ratio": -0.07964064771769656,
    "sortino_ratio": -0.1122200976524397,
    "annual_volatility": 0.9145639728008402,
    "annual_return": -0.36461296067296534,
    "daily_winning_ratio": 0.5046728971962616,
    "max_drawdown": 0.04182247589057275
  },
  "strategy": {
    "alpha": -0.018012080481799586,
    "beta": 0.035858384865965175,
    "sharpe_ratio": -0.2379486288076421,
    "sortino_ratio": -0.3118399182274805,
    "annual_volatility": 0.08736178994765607,
    "annual_return": 0.011989714493031878,
    "daily_winning_ratio": 0.5046728971962616,
    "max_drawdown": 0.04182247589057275
  }
}