{
  "timestamp": 1631059200,
  "pps": 1.0191,
  "pnl_rate": 0.019099999999999895,
  "last_day_pnl_rate": 0.002064896755162233,
  "last_1m_pnl_rate": 0.0036438841835727933,
  "last_3m_pnl_rate": 0.012317472931359857,
  "last_6m_pnl_rate": 0.019099999999999895,
  "last_12m_pnl_rate": 0.019099999999999895,
  "running_days": 137
}