{
  "timestamp": 1628899200,
  "pps": 1.0068,
  "pnl_rate": 0.006799999999999917,
  "last_day_pnl_rate": 9.933445912385914e-05,
  "last_1m_pnl_rate": 0.031029185867895423,
  "last_3m_pnl_rate": 0.008413461538461502,
  "last_6m_pnl_rate": 0.006799999999999917,
  "last_12m_pnl_rate": 0.006799999999999917,
  "running_days": 112
}