{
  "timestamp": 1628380800,
  "pps": 1.004,
  "pnl_rate": 0.0040000000000000036,
  "last_day_pnl_rate": 0.007728595804476604,
  "last_1m_pnl_rate": 0.021882951653943983,
  "last_3m_pnl_rate": -0.0015910898965792021,
  "last_6m_pnl_rate": 0.0040000000000000036,
  "last_12m_pnl_rate": 0.0040000000000000036,
  "running_days": 106
}