{
  "timestamp": 1627603200,
  "pps": 0.9985,
  "pnl_rate": -0.0014999999999999458,
  "last_day_pnl_rate": 0.0003005409737528331,
  "last_1m_pnl_rate": -0.011679699099277366,
  "last_3m_pnl_rate": -0.0014999999999999458,
  "last_6m_pnl_rate": -0.0014999999999999458,
  "last_12m_pnl_rate": -0.0014999999999999458,
  "running_days": 97
}