{
  "timestamp": 1620345600,
  "pps": 1.0043,
  "pnl_rate": 0.0042999999999999705,
  "last_day_pnl_rate": 0.0012961116650050638,
  "last_1m_pnl_rate": 0.0042999999999999705,
  "last_3m_pnl_rate": 0.0042999999999999705,
  "last_6m_pnl_rate": 0.0042999999999999705,
  "last_12m_pnl_rate": 0.0042999999999999705,
  "running_days": 13
}