{
  "timestamp": 1621814400,
  "pps": 1.0035,
  "pnl_rate": 0.0035000000000000586,
  "last_day_pnl_rate": 0.0010973663208301086,
  "last_1m_pnl_rate": 0.0035000000000000586,
  "last_3m_pnl_rate": 0.0035000000000000586,
  "last_6m_pnl_rate": 0.0035000000000000586,
  "last_12m_pnl_rate": 0.0035000000000000586,
  "running_days": 30
}