{
  "timestamp": 1632787200,
  "pps": 1.0215,
  "pnl_rate": 0.021500000000000075,
  "last_day_pnl_rate": 0.0015687812530640708,
  "last_1m_pnl_rate": 0.007794001578531983,
  "last_3m_pnl_rate": 0.011085816094229534,
  "last_6m_pnl_rate": 0.021500000000000075,
  "last_12m_pnl_rate": 0.021500000000000075,
  "running_days": 157
}