{
  "timestamp": 1620259200,
  "pps": 1.003,
  "pnl_rate": 0.0029999999999998916,
  "last_day_pnl_rate": 0.003501750875437555,
  "last_1m_pnl_rate": 0.0029999999999998916,
  "last_3m_pnl_rate": 0.0029999999999998916,
  "last_6m_pnl_rate": 0.0029999999999998916,
  "last_12m_pnl_rate": 0.0029999999999998916,
  "running_days": 12
}