{
  "timestamp": 1628208000,
  "pps": 0.9951,
  "pnl_rate": -0.0049000000000000155,
  "last_day_pnl_rate": 0.0007039420756235257,
  "last_1m_pnl_rate": 0.011588899054589779,
  "last_3m_pnl_rate": -0.012307692307692384,
  "last_6m_pnl_rate": -0.0049000000000000155,
  "last_12m_pnl_rate": -0.0049000000000000155,
  "running_days": 104
}