{
  "timestamp": 1630627200,
  "pps": 1.0147,
  "pnl_rate": 0.014699999999999935,
  "last_day_pnl_rate": -9.85415845486687e-05,
  "last_1m_pnl_rate": 0.02041432019308124,
  "last_3m_pnl_rate": 0.00955128842901187,
  "last_6m_pnl_rate": 0.014699999999999935,
  "last_12m_pnl_rate": 0.014699999999999935,
  "running_days": 132
}