{
  "timestamp": 1621987200,
  "pps": 1.0014,
  "pnl_rate": 0.0014000000000000679,
  "last_day_pnl_rate": -0.0009976057462089884,
  "last_1m_pnl_rate": 0.0014000000000000679,
  "last_3m_pnl_rate": 0.0014000000000000679,
  "last_6m_pnl_rate": 0.0014000000000000679,
  "last_12m_pnl_rate": 0.0014000000000000679,
  "running_days": 32
}