{
  "timestamp": 1628812800,
  "pps": 1.0067,
  "pnl_rate": 0.006699999999999928,
  "last_day_pnl_rate": -0.004351696172485591,
  "last_1m_pnl_rate": 0.030504657590336715,
  "last_3m_pnl_rate": 0.008313301282051256,
  "last_6m_pnl_rate": 0.006699999999999928,
  "last_12m_pnl_rate": 0.006699999999999928,
  "running_days": 111
}