{
  "timestamp": 1628985600,
  "pps": 1.0074,
  "pnl_rate": 0.007400000000000073,
  "last_day_pnl_rate": 0.0005959475566151729,
  "last_1m_pnl_rate": 0.031010132023334466,
  "last_3m_pnl_rate": 0.010329956874937405,
  "last_6m_pnl_rate": 0.007400000000000073,
  "last_12m_pnl_rate": 0.007400000000000073,
  "running_days": 113
}