{
  "timestamp": 1628294400,
  "pps": 0.9963,
  "pnl_rate": -0.0037000000000000366,
  "last_day_pnl_rate": 0.0012059089538739613,
  "last_1m_pnl_rate": 0.012808783165599212,
  "last_3m_pnl_rate": -0.011312890741292127,
  "last_6m_pnl_rate": -0.0037000000000000366,
  "last_12m_pnl_rate": -0.0037000000000000366,
  "running_days": 105
}