{
  "timestamp": 1629763200,
  "pps": 1.0105,
  "pnl_rate": 0.010499999999999954,
  "last_day_pnl_rate": -0.0016795099782651994,
  "last_1m_pnl_rate": 0.03207026861403328,
  "last_3m_pnl_rate": 0.00898652021967039,
  "last_6m_pnl_rate": 0.010499999999999954,
  "last_12m_pnl_rate": 0.010499999999999954,
  "running_days": 122
}