{
  "timestamp": 1631836800,
  "pps": 1.0199,
  "pnl_rate": 0.01990000000000003,
  "last_day_pnl_rate": 0.0013745704467354619,
  "last_1m_pnl_rate": 0.01291091468864845,
  "last_3m_pnl_rate": 0.01715368505036412,
  "last_6m_pnl_rate": 0.01990000000000003,
  "last_12m_pnl_rate": 0.01990000000000003,
  "running_days": 146
}