{
  "timestamp": 1622246400,
  "pps": 1.0048,
  "pnl_rate": 0.0047999999999999154,
  "last_day_pnl_rate": 0.0011956954962134992,
  "last_1m_pnl_rate": 0.0047999999999999154,
  "last_3m_pnl_rate": 0.0047999999999999154,
  "last_6m_pnl_rate": 0.0047999999999999154,
  "last_12m_pnl_rate": 0.0047999999999999154,
  "running_days": 35
}