{
  "timestamp": 1630281600,
  "pps": 1.0136,
  "pnl_rate": 0.013600000000000056,
  "last_day_pnl_rate": 9.866798223975233e-05,
  "last_1m_pnl_rate": 0.00885836568129803,
  "last_3m_pnl_rate": 0.0074545273829639816,
  "last_6m_pnl_rate": 0.013600000000000056,
  "last_12m_pnl_rate": 0.013600000000000056,
  "running_days": 128
}