{
  "timestamp": 1631232000,
  "pps": 1.0179,
  "pnl_rate": 0.017900000000000027,
  "last_day_pnl_rate": 0.00019652156824209293,
  "last_1m_pnl_rate": 0.006725348630204645,
  "last_3m_pnl_rate": 0.012835820895522522,
  "last_6m_pnl_rate": 0.017900000000000027,
  "last_12m_pnl_rate": 0.017900000000000027,
  "running_days": 139
}