{
  "timestamp": 1632441600,
  "pps": 1.0207,
  "pnl_rate": 0.02069999999999994,
  "last_day_pnl_rate": 0.0007843906265319265,
  "last_1m_pnl_rate": 0.008397549891325778,
  "last_3m_pnl_rate": 0.03236573278041865,
  "last_6m_pnl_rate": 0.02069999999999994,
  "last_12m_pnl_rate": 0.02069999999999994,
  "running_days": 153
}