{
  "timestamp": 1631318400,
  "pps": 1.0181,
  "pnl_rate": 0.018100000000000005,
  "last_day_pnl_rate": 0.0001964829551036231,
  "last_1m_pnl_rate": 0.011324128340121265,
  "last_3m_pnl_rate": 0.007222002374357029,
  "last_6m_pnl_rate": 0.018100000000000005,
  "last_12m_pnl_rate": 0.018100000000000005,
  "running_days": 140
}