{
  "timestamp": 1632009600,
  "pps": 1.0208,
  "pnl_rate": 0.02079999999999993,
  "last_day_pnl_rate": 0.0007843137254901096,
  "last_1m_pnl_rate": 0.009993074107054516,
  "last_3m_pnl_rate": 0.029551185073121412,
  "last_6m_pnl_rate": 0.02079999999999993,
  "last_12m_pnl_rate": 0.02079999999999993,
  "running_days": 148
}