{
  "timestamp": 1631923200,
  "pps": 1.02,
  "pnl_rate": 0.020000000000000018,
  "last_day_pnl_rate": 9.804882831649082e-05,
  "last_1m_pnl_rate": 0.011804384485666126,
  "last_3m_pnl_rate": 0.01664507126482601,
  "last_6m_pnl_rate": 0.020000000000000018,
  "last_12m_pnl_rate": 0.020000000000000018,
  "running_days": 147
}