{
  "timestamp": 1630454400,
  "pps": 1.0133,
  "pnl_rate": 0.01330000000000009,
  "last_day_pnl_rate": -0.0004931939238508039,
  "last_1m_pnl_rate": 0.01962165425638969,
  "last_3m_pnl_rate": 0.004261645193260845,
  "last_6m_pnl_rate": 0.01330000000000009,
  "last_12m_pnl_rate": 0.01330000000000009,
  "running_days": 130
}