{
  "timestamp": 1626048000,
  "pps": 0.9831,
  "pnl_rate": -0.016900000000000026,
  "last_day_pnl_rate": 0.00030525030525027164,
  "last_1m_pnl_rate": -0.021791044776119324,
  "last_3m_pnl_rate": -0.016900000000000026,
  "last_6m_pnl_rate": -0.016900000000000026,
  "last_12m_pnl_rate": -0.016900000000000026,
  "running_days": 79
}