{
  "timestamp": 1628467200,
  "pps": 1.0035,
  "pnl_rate": 0.0035000000000000586,
  "last_day_pnl_rate": -0.0004980079681274352,
  "last_1m_pnl_rate": 0.021062271062271116,
  "last_3m_pnl_rate": -0.0038713519952352734,
  "last_6m_pnl_rate": 0.0035000000000000586,
  "last_12m_pnl_rate": 0.0035000000000000586,
  "running_days": 107
}