{
  "timestamp": 1627862400,
  "pps": 0.9967,
  "pnl_rate": -0.0032999999999999696,
  "last_day_pnl_rate": -0.00796257589330138,
  "last_1m_pnl_rate": 0.01373067534580967,
  "last_3m_pnl_rate": -0.0028014007003501996,
  "last_6m_pnl_rate": -0.0032999999999999696,
  "last_12m_pnl_rate": -0.0032999999999999696,
  "running_days": 100
}