{
  "timestamp": 1622851200,
  "pps": 1.0055,
  "pnl_rate": 0.00550000000000006,
  "last_day_pnl_rate": -0.0034687809712585106,
  "last_1m_pnl_rate": 0.001194862093000189,
  "last_3m_pnl_rate": 0.00550000000000006,
  "last_6m_pnl_rate": 0.00550000000000006,
  "last_12m_pnl_rate": 0.00550000000000006,
  "running_days": 42
}