{
  "timestamp": 1630800000,
  "pps": 1.0154,
  "pnl_rate": 0.01540000000000008,
  "last_day_pnl_rate": 0.00147943584179905,
  "last_1m_pnl_rate": 0.019170932450065358,
  "last_3m_pnl_rate": 0.012968874700718398,
  "last_6m_pnl_rate": 0.01540000000000008,
  "last_12m_pnl_rate": 0.01540000000000008,
  "running_days": 134
}