{
  "timestamp": 1621382400,
  "pps": 1.002,
  "pnl_rate": 0.0020000000000000018,
  "last_day_pnl_rate": 0.004914251328853691,
  "last_1m_pnl_rate": 0.0020000000000000018,
  "last_3m_pnl_rate": 0.0020000000000000018,
  "last_6m_pnl_rate": 0.0020000000000000018,
  "last_12m_pnl_rate": 0.0020000000000000018,
  "running_days": 25
}