{
  "timestamp": 1622160000,
  "pps": 1.0036,
  "pnl_rate": 0.0036000000000000476,
  "last_day_pnl_rate": 0.002096854717923106,
  "last_1m_pnl_rate": 0.0036000000000000476,
  "last_3m_pnl_rate": 0.0036000000000000476,
  "last_6m_pnl_rate": 0.0036000000000000476,
  "last_12m_pnl_rate": 0.0036000000000000476,
  "running_days": 34
}