{
  "timestamp": 1632182400,
  "pps": 1.0192,
  "pnl_rate": 0.019200000000000106,
  "last_day_pnl_rate": -0.0016651973748651318,
  "last_1m_pnl_rate": 0.006915629322268442,
  "last_3m_pnl_rate": 0.023190442726633995,
  "last_6m_pnl_rate": 0.019200000000000106,
  "last_12m_pnl_rate": 0.019200000000000106,
  "running_days": 150
}