{
  "timestamp": 1623801600,
  "pps": 1.0157,
  "pnl_rate": 0.015700000000000047,
  "last_day_pnl_rate": -0.0004920291281243308,
  "last_1m_pnl_rate": 0.018654096880954832,
  "last_3m_pnl_rate": 0.015700000000000047,
  "last_6m_pnl_rate": 0.015700000000000047,
  "last_12m_pnl_rate": 0.015700000000000047,
  "running_days": 53
}