{
  "timestamp": 1627948800,
  "pps": 0.9938,
  "pnl_rate": -0.006199999999999983,
  "last_day_pnl_rate": -0.0029096016855623694,
  "last_1m_pnl_rate": 0.010781122864117223,
  "last_3m_pnl_rate": -0.009172482552342848,
  "last_6m_pnl_rate": -0.006199999999999983,
  "last_12m_pnl_rate": -0.006199999999999983,
  "running_days": 101
}