{
  "timestamp": 1621900800,
  "pps": 1.0024,
  "pnl_rate": 0.0023999999999999577,
  "last_day_pnl_rate": -0.0010961634280020934,
  "last_1m_pnl_rate": 0.0023999999999999577,
  "last_3m_pnl_rate": 0.0023999999999999577,
  "last_6m_pnl_rate": 0.0023999999999999577,
  "last_12m_pnl_rate": 0.0023999999999999577,
  "running_days": 31
}