{
  "timestamp": 1622073600,
  "pps": 1.0015,
  "pnl_rate": 0.0015000000000000568,
  "last_day_pnl_rate": 9.986019572597262e-05,
  "last_1m_pnl_rate": 0.0015000000000000568,
  "last_3m_pnl_rate": 0.0015000000000000568,
  "last_6m_pnl_rate": 0.0015000000000000568,
  "last_12m_pnl_rate": 0.0015000000000000568,
  "running_days": 33
}