{
  "timestamp": 1624924800,
  "pps": 0.9857,
  "pnl_rate": -0.01429999999999998,
  "last_day_pnl_rate": -0.0016205813835712902,
  "last_1m_pnl_rate": -0.01978918058870329,
  "last_3m_pnl_rate": -0.01429999999999998,
  "last_6m_pnl_rate": -0.01429999999999998,
  "last_12m_pnl_rate": -0.01429999999999998,
  "running_days": 66
}