{
  "timestamp": 1628035200,
  "pps": 0.9948,
  "pnl_rate": -0.005199999999999982,
  "last_day_pnl_rate": 0.0010062386798148529,
  "last_1m_pnl_rate": 0.013034623217922642,
  "last_3m_pnl_rate": -0.009459324902917409,
  "last_6m_pnl_rate": -0.005199999999999982,
  "last_12m_pnl_rate": -0.005199999999999982,
  "running_days": 102
}