{
  "benchmark": {
    "alpha": 0.0,
    "beta": 1.0,
    "sharpe_ratio": 2.493713503649541,
    "sortino_ratio": 4.29189368186902,
    "annual_volatility": 0.8707060567748098,
    "annual_return": 5.258054071063133,
    "daily_winning_ratio": 0.5190839694656488,
    "max_drawdown": 0.25875352000425056
  },
  "strategy": {
    "alpha": -0.2097479449087737,
    "beta": 0.6645378400683147,
    "sharpe_ratio": 1.8187127912070271,
    "sortino_ratio": 3.450846897917791,
    "annual_volatility": 0.6639739403085727,
    "annual_return": 1.8072246149518234,
    "daily_winning_ratio": 0.5190839694656488,
    "max_drawdown": 0.25875352000425056
  }
}