{
  "benchmark": {
    "alpha": 0.0,
    "beta": 1.0000000000000002,
    "sharpe_ratio": 1.4320936773165067,
    "sortino_ratio": 2.1590166000592688,
    "annual_volatility": 1.1134146335397244,
    "skew": -0.2641188212922716,
    "kurtosis": 0.005252629135633846,
    "annual_return": 1.8089121821953191,
    "daily_winning_ratio": 0.45454545454545453,
    "max_drawdown": 0.18718931091525037
  },
  "strategy": {
    "alpha": 62.4202320358582,
    "beta": 0.9249149055572978,
    "sharpe_ratio": 4.708896414422917,
    "sortino_ratio": 11.768672794411389,
    "annual_volatility": 1.1994853787074586,
    "skew": 1.3953151765519693,
    "kurtosis": 2.5985723405369336,
    "annual_return": 148.1266641456067,
    "daily_winning_ratio": 0.45454545454545453,
    "max_drawdown": 0.10012277344665732
  }
}