{
  "benchmark": {
    "alpha": 0.0,
    "beta": 1.0000000000000002,
    "sharpe_ratio": 2.166225531459893,
    "sortino_ratio": 3.4133343361786186,
    "annual_volatility": 1.088508939527677,
    "skew": -0.1549845907878327,
    "kurtosis": -0.12021712667266682,
    "annual_return": 5.1505110413483415,
    "daily_winning_ratio": 0.4827586206896552,
    "max_drawdown": 0.1938118477495553
  },
  "strategy": {
    "alpha": 14.78688931948405,
    "beta": 0.7720681180087762,
    "sharpe_ratio": 4.3642076311638025,
    "sortino_ratio": 10.855737446612222,
    "annual_volatility": 1.0517688271240757,
    "skew": 1.6735504745207157,
    "kurtosis": 4.221929001527451,
    "annual_return": 59.46443268862964,
    "daily_winning_ratio": 0.4827586206896552,
    "max_drawdown": 0.10012277344665732
  }
}