{
  "benchmark": {
    "alpha": 0.0,
    "beta": 0.9999999999999999,
    "sharpe_ratio": 1.920972232389689,
    "sortino_ratio": 2.963787765419402,
    "annual_volatility": 1.1036639641980186,
    "skew": -0.2623308357824083,
    "kurtosis": -0.0868439963435721,
    "annual_return": 3.785265042071461,
    "daily_winning_ratio": 0.4583333333333333,
    "max_drawdown": 0.18718931091525037
  },
  "strategy": {
    "alpha": 33.82530925346833,
    "beta": 0.88024923357074,
    "sharpe_ratio": 4.719169396198109,
    "sortino_ratio": 11.783395209133394,
    "annual_volatility": 1.151450690895909,
    "skew": 1.456904603998908,
    "kurtosis": 3.0096378232033776,
    "annual_return": 125.58806247087009,
    "daily_winning_ratio": 0.4583333333333333,
    "max_drawdown": 0.10012277344665732
  }
}