{
  "benchmark": {
    "alpha": 0.0,
    "beta": 1.0000000000000002,
    "sharpe_ratio": 3.223292799969335,
    "sortino_ratio": 5.1990991006979685,
    "annual_volatility": 1.0066742768887247,
    "skew": -0.24636564798651012,
    "annual_return": 15.062098027604417,
    "daily_winning_ratio": 0.5405405405405406,
    "max_drawdown": 0.1938118477495553
  },
  "strategy": {
    "alpha": 2.8817446784459926,
    "beta": 0.6966132820655093,
    "sharpe_ratio": 3.8790377260286086,
    "sortino_ratio": 9.65962577861658,
    "annual_volatility": 0.9330104235739338,
    "skew": 2.003953105038987,
    "annual_return": 24.643184651135158,
    "daily_winning_ratio": 0.5405405405405406,
    "max_drawdown": 0.10012277344665732
  }
}