{
  "benchmark": {
    "alpha": 0.0,
    "beta": 1.0,
    "sharpe_ratio": 1.0811476193656626,
    "sortino_ratio": 1.6648490120393917,
    "annual_volatility": 0.9346419310930054,
    "annual_return": 0.8504297009742054,
    "daily_winning_ratio": 0.5064935064935064,
    "max_drawdown": 0.2717177620742788
  },
  "strategy": {
    "alpha": 0.8578279946297358,
    "beta": 0.47570061535365743,
    "sharpe_ratio": 1.758127547684416,
    "sortino_ratio": 3.243217269058868,
    "annual_volatility": 0.626019820697805,
    "annual_return": 1.5809862190054331,
    "daily_winning_ratio": 0.5064935064935064,
    "max_drawdown": 0.2717177620742788
  }
}