{
  "benchmark": {
    "alpha": 0.0,
    "beta": 0.9999999999999998,
    "sharpe_ratio": 0.8217657491366618,
    "sortino_ratio": 1.2509760052069954,
    "annual_volatility": 0.9436031853630805,
    "annual_return": 0.4504596668130443,
    "daily_winning_ratio": 0.5,
    "max_drawdown": 0.3522660857552734
  },
  "strategy": {
    "alpha": 0.2553843240152165,
    "beta": 0.47692878292841234,
    "sharpe_ratio": 0.9483824285819972,
    "sortino_ratio": 1.581661868294536,
    "annual_volatility": 0.6298441509728322,
    "annual_return": 0.5549190010677487,
    "daily_winning_ratio": 0.5,
    "max_drawdown": 0.3522660857552734
  }
}