{
  "benchmark": {
    "alpha": 0.0,
    "beta": 0.9999999999999998,
    "sharpe_ratio": 3.2978750796758907,
    "sortino_ratio": 5.750725841827794,
    "annual_volatility": 0.8892301732122546,
    "annual_return": 12.136079691466632,
    "daily_winning_ratio": 0.5533980582524272,
    "max_drawdown": 0.1938118477495553
  },
  "strategy": {
    "alpha": 0.004692015472134381,
    "beta": 0.7198603121446442,
    "sharpe_ratio": 2.950645069069894,
    "sortino_ratio": 6.013394693737813,
    "annual_volatility": 0.7170370541868074,
    "annual_return": 5.707575469597326,
    "daily_winning_ratio": 0.5533980582524272,
    "max_drawdown": 0.10602345112612899
  }
}