{
  "benchmark": {
    "alpha": 0.0,
    "beta": 1.0,
    "sharpe_ratio": 3.114157717019809,
    "sortino_ratio": 5.400467173299446,
    "annual_volatility": 0.9578343846241666,
    "annual_return": 12.002268831485756,
    "daily_winning_ratio": 0.5476190476190477,
    "max_drawdown": 0.1938118477495553
  },
  "strategy": {
    "alpha": 0.2071813724771998,
    "beta": 0.7466914946526825,
    "sharpe_ratio": 3.054989736551674,
    "sortino_ratio": 6.211701029463105,
    "annual_volatility": 0.7907075697980079,
    "annual_return": 7.581193064137706,
    "daily_winning_ratio": 0.5476190476190477,
    "max_drawdown": 0.10602345112612899
  }
}