{
  "benchmark": {
    "alpha": 0.0,
    "beta": 1.0,
    "sharpe_ratio": 3.114157717019809,
    "sortino_ratio": 5.400467173299446,
    "annual_volatility": 0.9578343846241666,
    "annual_return": 12.002268831485756,
    "daily_winning_ratio": 0.5476190476190477,
    "max_drawdown": 0.1938118477495553
  },
  "strategy": {
    "alpha": 0.2069290012403162,
    "beta": 0.746672181487376,
    "sharpe_ratio": 3.0546526684556206,
    "sortino_ratio": 6.211235486298426,
    "annual_volatility": 0.7907074801420876,
    "annual_return": 7.578919678510223,
    "daily_winning_ratio": 0.5476190476190477,
    "max_drawdown": 0.1059664743367078
  }
}