{
  "benchmark": {
    "alpha": 0.0,
    "beta": 1.0,
    "sharpe_ratio": 2.598171772779057,
    "sortino_ratio": 4.486289467264218,
    "annual_volatility": 0.883008197127596,
    "annual_return": 6.0018489465382086,
    "daily_winning_ratio": 0.5213675213675214,
    "max_drawdown": 0.25875352000425056
  },
  "strategy": {
    "alpha": -0.23109525722106128,
    "beta": 0.6962689727761067,
    "sharpe_ratio": 1.912935352619317,
    "sortino_ratio": 3.645342722791205,
    "annual_volatility": 0.6977190936615508,
    "annual_return": 2.1184784283194245,
    "daily_winning_ratio": 0.5213675213675214,
    "max_drawdown": 0.25875352000425056
  }
}