{
  "benchmark": {
    "alpha": 0.0,
    "beta": 1.0000000000000002,
    "sharpe_ratio": 2.6919297557372426,
    "sortino_ratio": 4.597392321722705,
    "annual_volatility": 0.8791951818844981,
    "annual_return": 6.547240713728785,
    "daily_winning_ratio": 0.5357142857142857,
    "max_drawdown": 0.23000903246373738
  },
  "strategy": {
    "alpha": -0.24279059383413526,
    "beta": 0.7151150748727305,
    "sharpe_ratio": 1.9935445100851534,
    "sortino_ratio": 3.800758330552076,
    "annual_volatility": 0.7095281701576576,
    "annual_return": 2.3504697651608506,
    "daily_winning_ratio": 0.5357142857142857,
    "max_drawdown": 0.23000903246373738
  }
}