{
  "benchmark": {
    "alpha": 0.0,
    "beta": 1.0,
    "sharpe_ratio": 1.025940001149697,
    "sortino_ratio": 1.5737777626117393,
    "annual_volatility": 0.9356558652350183,
    "annual_return": 0.7574465210985992,
    "daily_winning_ratio": 0.5064102564102564,
    "max_drawdown": 0.2717177620742788
  },
  "strategy": {
    "alpha": 0.8505977932976845,
    "beta": 0.47365298477239565,
    "sharpe_ratio": 1.7180236883138236,
    "sortino_ratio": 3.1619553564313967,
    "annual_volatility": 0.6232161848132485,
    "annual_return": 1.5091999636547424,
    "daily_winning_ratio": 0.5064102564102564,
    "max_drawdown": 0.2717177620742788
  }
}