{
  "benchmark": {
    "alpha": 0.0,
    "beta": 1.0000000000000002,
    "sharpe_ratio": 3.303995922975557,
    "sortino_ratio": 5.775980265059883,
    "annual_volatility": 1.0480984305263348,
    "skew": 0.40672069607650063,
    "annual_return": 18.25102075006445,
    "daily_winning_ratio": 0.5344827586206896,
    "max_drawdown": 0.1938118477495553
  },
  "strategy": {
    "alpha": 0.8439818200156048,
    "beta": 0.7594563337287833,
    "sharpe_ratio": 3.692536528215464,
    "sortino_ratio": 8.044040970317699,
    "annual_volatility": 0.878087906935696,
    "skew": 1.49672965320254,
    "annual_return": 17.28433326421259,
    "daily_winning_ratio": 0.5344827586206896,
    "max_drawdown": 0.1059664743367078
  }
}