{
  "benchmark": {
    "alpha": 0.0,
    "beta": 1.0000000000000002,
    "sharpe_ratio": 4.073984495924129,
    "sortino_ratio": 7.643529481211421,
    "annual_volatility": 0.9728817246707179,
    "skew": 0.21694960493715837,
    "kurtosis": -0.8707745753925233,
    "annual_return": 33.43506991191546,
    "daily_winning_ratio": 0.47619047619047616,
    "max_drawdown": 0.12699039212932106
  },
  "strategy": {
    "alpha": 13.576766810939885,
    "beta": 1.0693386253963222,
    "sharpe_ratio": 5.84008178640271,
    "sortino_ratio": 16.2130587160724,
    "annual_volatility": 1.1862191450087,
    "skew": 1.4267171083950974,
    "kurtosis": 2.7095226635021175,
    "annual_return": 533.9820716920646,
    "daily_winning_ratio": 0.47619047619047616,
    "max_drawdown": 0.08818570402223114
  }
}