{
  "benchmark": {
    "alpha": 0.0,
    "beta": 1.0,
    "sharpe_ratio": 3.7435987884035318,
    "sortino_ratio": 6.623909405686141,
    "annual_volatility": 0.964330323717327,
    "annual_return": 23.08789179305782,
    "daily_winning_ratio": 0.5625,
    "max_drawdown": 0.1938118477495553
  },
  "strategy": {
    "alpha": 0.14061623878570262,
    "beta": 0.7512890479578076,
    "sharpe_ratio": 3.546080755183196,
    "sortino_ratio": 7.327610004806955,
    "annual_volatility": 0.801954470369678,
    "annual_return": 12.023873196650918,
    "daily_winning_ratio": 0.5625,
    "max_drawdown": 0.1059664743367078
  }
}