{
  "benchmark": {
    "alpha": 0.0,
    "beta": 0.9999999999999999,
    "sharpe_ratio": 3.441594355441813,
    "sortino_ratio": 6.020058450416312,
    "annual_volatility": 1.0552342609866778,
    "skew": 0.3818779858140409,
    "annual_return": 21.595343685540687,
    "daily_winning_ratio": 0.543859649122807,
    "max_drawdown": 0.1938118477495553
  },
  "strategy": {
    "alpha": 0.8250262103207946,
    "beta": 0.7596893240049766,
    "sharpe_ratio": 3.7994796447333754,
    "sortino_ratio": 8.281210409564988,
    "annual_volatility": 0.8846067151643227,
    "skew": 1.4703133652802467,
    "annual_return": 19.45998729389614,
    "daily_winning_ratio": 0.543859649122807,
    "max_drawdown": 0.1059664743367078
  }
}