{
  "benchmark": {
    "alpha": 0.0,
    "beta": 0.9999999999999999,
    "sharpe_ratio": 3.5101734168350656,
    "sortino_ratio": 6.242529601716001,
    "annual_volatility": 1.0145671676514127,
    "skew": 0.42979035903431617,
    "annual_return": 20.922631851185592,
    "daily_winning_ratio": 0.5373134328358209,
    "max_drawdown": 0.1938118477495553
  },
  "strategy": {
    "alpha": 0.5048093621944247,
    "beta": 0.7342912918608263,
    "sharpe_ratio": 3.659374074204107,
    "sortino_ratio": 7.985774716999452,
    "annual_volatility": 0.8263521360111323,
    "skew": 1.5900479424800509,
    "annual_return": 14.324068389716212,
    "daily_winning_ratio": 0.5373134328358209,
    "max_drawdown": 0.1059664743367078
  }
}