{
  "benchmark": {
    "alpha": 0.0,
    "beta": 1.0,
    "sharpe_ratio": 3.0969377098568813,
    "sortino_ratio": 5.407898024833,
    "annual_volatility": 1.0333472604824194,
    "skew": 0.4474717698665998,
    "annual_return": 14.05271969468798,
    "daily_winning_ratio": 0.5166666666666667,
    "max_drawdown": 0.1938118477495553
  },
  "strategy": {
    "alpha": 0.8756796394231483,
    "beta": 0.7589174562792199,
    "sharpe_ratio": 3.536318091121033,
    "sortino_ratio": 7.699469530481511,
    "annual_volatility": 0.8648006344678015,
    "skew": 1.544825562273749,
    "annual_return": 14.393736257021875,
    "daily_winning_ratio": 0.5166666666666667,
    "max_drawdown": 0.1059664743367078
  }
}