{
  "benchmark": {
    "alpha": 0.0,
    "beta": 1.0,
    "sharpe_ratio": 4.574711835294981,
    "sortino_ratio": 8.587754286923467,
    "annual_volatility": 1.0339044829142265,
    "skew": 0.4336034532388795,
    "annual_return": 67.64157838525405,
    "daily_winning_ratio": 0.5555555555555556,
    "max_drawdown": 0.1938118477495553
  },
  "strategy": {
    "alpha": 1.0732639985669352,
    "beta": 0.7525770432030388,
    "sharpe_ratio": 4.9445444425605976,
    "sortino_ratio": 12.392901480768717,
    "annual_volatility": 0.8675021944717923,
    "skew": 1.6447473078163035,
    "annual_return": 51.17362824415788,
    "daily_winning_ratio": 0.5555555555555556,
    "max_drawdown": 0.1059664743367078
  }
}