{
  "benchmark": {
    "alpha": 0.0,
    "beta": 0.9999999999999998,
    "sharpe_ratio": 0.7605918665109075,
    "sortino_ratio": 1.1568761903319305,
    "annual_volatility": 0.9454987746328041,
    "annual_return": 0.36883043374561364,
    "daily_winning_ratio": 0.49714285714285716,
    "max_drawdown": 0.3522660857552734
  },
  "strategy": {
    "alpha": 0.2811809907945422,
    "beta": 0.47756417848343613,
    "sharpe_ratio": 0.9361402829925327,
    "sortino_ratio": 1.5612360354229187,
    "annual_volatility": 0.6316374879520372,
    "annual_return": 0.5439042180696454,
    "daily_winning_ratio": 0.49714285714285716,
    "max_drawdown": 0.3522660857552734
  }
}