{
  "benchmark": {
    "alpha": 0.0,
    "beta": 1.0,
    "sharpe_ratio": 0.663289102031198,
    "sortino_ratio": 0.9987802377246892,
    "annual_volatility": 0.9476885506921132,
    "annual_return": 0.24724004640756858,
    "daily_winning_ratio": 0.5,
    "max_drawdown": 0.3523192178949046
  },
  "strategy": {
    "alpha": 0.3022443456694759,
    "beta": 0.4706401999158602,
    "sharpe_ratio": 0.8936249116393776,
    "sortino_ratio": 1.4891235553680207,
    "annual_volatility": 0.6266893115820293,
    "annual_return": 0.5009143616253173,
    "daily_winning_ratio": 0.5,
    "max_drawdown": 0.3523192178949046
  }
}