{
  "benchmark": {
    "alpha": 0.0,
    "beta": 1.0,
    "sharpe_ratio": 4.332728407052567,
    "sortino_ratio": 8.118099272500583,
    "annual_volatility": 1.0487446669817682,
    "skew": 0.49037255939130925,
    "annual_return": 55.39202396645006,
    "daily_winning_ratio": 0.5416666666666666,
    "max_drawdown": 0.1938118477495553
  },
  "strategy": {
    "alpha": 2.653881876398797,
    "beta": 0.8039944062094396,
    "sharpe_ratio": 4.87308796378179,
    "sortino_ratio": 13.964488077524154,
    "annual_volatility": 1.0160670038799555,
    "skew": 2.0263878363294348,
    "annual_return": 88.22331983085448,
    "daily_winning_ratio": 0.5416666666666666,
    "max_drawdown": 0.10012277344665732
  }
}