{
  "benchmark": {
    "alpha": 0.0,
    "beta": 1.0,
    "sharpe_ratio": 2.1992590479303797,
    "sortino_ratio": 3.1287769761809936,
    "annual_volatility": 0.8279763032256713,
    "skew": -2.2518361546494168,
    "kurtosis": 37.61481900631697,
    "annual_return": 3.36652316637018,
    "daily_winning_ratio": 0.5795148247978437,
    "max_drawdown": 0.5072125107848322
  },
  "strategy": {
    "alpha": 4.370899012275241,
    "beta": 0.25242321814370056,
    "sharpe_ratio": 3.4107424809054074,
    "sortino_ratio": 10.849081409679483,
    "annual_volatility": 0.6287540817811876,
    "skew": 5.021680127576519,
    "kurtosis": 35.75255735746437,
    "annual_return": 6.3716136048100696,
    "daily_winning_ratio": 0.5606469002695418,
    "max_drawdown": 0.09015833733659928
  }
}