{
  "benchmark": {
    "alpha": 0.0,
    "beta": 0.9999999999999999,
    "sharpe_ratio": 4.689445524519577,
    "sortino_ratio": 8.856117239503408,
    "annual_volatility": 1.0462158972154099,
    "skew": 0.44173897127789036,
    "annual_return": 79.83121839120017,
    "daily_winning_ratio": 0.5510204081632653,
    "max_drawdown": 0.1938118477495553
  },
  "strategy": {
    "alpha": 7.847865936506743,
    "beta": 0.8544785047004628,
    "sharpe_ratio": 5.628425534674837,
    "sortino_ratio": 18.177031281325313,
    "annual_volatility": 1.1333399245640012,
    "skew": 1.9542855806654182,
    "annual_return": 326.16598826368545,
    "daily_winning_ratio": 0.5510204081632653,
    "max_drawdown": 0.10012277344665732
  }
}