{
  "benchmark": {
    "alpha": 0.0,
    "beta": 0.9999999999999998,
    "sharpe_ratio": 0.9089249630049498,
    "sortino_ratio": 1.4067107194239001,
    "annual_volatility": 0.942599040713438,
    "annual_return": 0.5764782817359198,
    "daily_winning_ratio": 0.49411764705882355,
    "max_drawdown": 0.3371765580999947
  },
  "strategy": {
    "alpha": 0.24464443277581305,
    "beta": 0.48793427010216955,
    "sharpe_ratio": 0.9952539635886871,
    "sortino_ratio": 1.662878155841344,
    "annual_volatility": 0.6399915023347329,
    "annual_return": 0.6076989181425205,
    "daily_winning_ratio": 0.49411764705882355,
    "max_drawdown": 0.3371765580999947
  }
}