{
  "benchmark": {
    "alpha": 0.0,
    "beta": 1.0,
    "sharpe_ratio": 3.312204602828949,
    "sortino_ratio": 5.87303168422174,
    "annual_volatility": 1.01919993559349,
    "skew": 0.4562102742171722,
    "annual_return": 17.16219977802529,
    "daily_winning_ratio": 0.5303030303030303,
    "max_drawdown": 0.1938118477495553
  },
  "strategy": {
    "alpha": 0.6578427810418832,
    "beta": 0.7379276795033474,
    "sharpe_ratio": 3.599509826796015,
    "sortino_ratio": 7.855268019918384,
    "annual_volatility": 0.832603024656821,
    "skew": 1.584378213234597,
    "annual_return": 13.8488533734219,
    "daily_winning_ratio": 0.5303030303030303,
    "max_drawdown": 0.1059664743367078
  }
}