{
  "benchmark": {
    "alpha": 0.0,
    "beta": 1.0000000000000002,
    "sharpe_ratio": 2.645978151493238,
    "sortino_ratio": 4.577451752572362,
    "annual_volatility": 0.8704652024064832,
    "annual_return": 6.1374322906951635,
    "daily_winning_ratio": 0.5230769230769231,
    "max_drawdown": 0.25875352000425056
  },
  "strategy": {
    "alpha": -0.23538789280125139,
    "beta": 0.6663507393039084,
    "sharpe_ratio": 1.9027506449181886,
    "sortino_ratio": 3.6181787330334916,
    "annual_volatility": 0.6656007781762582,
    "annual_return": 1.9739744825933605,
    "daily_winning_ratio": 0.5230769230769231,
    "max_drawdown": 0.25875352000425056
  }
}