{
  "benchmark": {
    "alpha": 0.0,
    "beta": 0.9999999999999998,
    "sharpe_ratio": 3.310993281971148,
    "sortino_ratio": 5.797013226927939,
    "annual_volatility": 0.8816645536654536,
    "annual_return": 12.04566056950044,
    "daily_winning_ratio": 0.5514018691588785,
    "max_drawdown": 0.1938118477495553
  },
  "strategy": {
    "alpha": -0.16672805404313196,
    "beta": 0.7086666677848006,
    "sharpe_ratio": 2.665935025331286,
    "sortino_ratio": 5.380177514065303,
    "annual_volatility": 0.7075865401209617,
    "annual_return": 4.372371739961795,
    "daily_winning_ratio": 0.5514018691588785,
    "max_drawdown": 0.10602345112612899
  }
}