{
  "benchmark": {
    "alpha": 0.0,
    "beta": 1.0,
    "sharpe_ratio": 3.2296566921565484,
    "sortino_ratio": 5.625837991369466,
    "annual_volatility": 0.9014505487279882,
    "annual_return": 11.729116252913784,
    "daily_winning_ratio": 0.55,
    "max_drawdown": 0.1938118477495553
  },
  "strategy": {
    "alpha": 0.08175259768463117,
    "beta": 0.7218914533057744,
    "sharpe_ratio": 2.996763411482344,
    "sortino_ratio": 6.106005739272465,
    "annual_volatility": 0.7275476797411546,
    "annual_return": 6.101703475680021,
    "daily_winning_ratio": 0.55,
    "max_drawdown": 0.10602345112612899
  }
}