{
  "benchmark": {
    "alpha": 0.0,
    "beta": 1.0,
    "sharpe_ratio": 3.4537140639309727,
    "sortino_ratio": 6.056759927038006,
    "annual_volatility": 0.9276540643524018,
    "annual_return": 15.63399979153493,
    "daily_winning_ratio": 0.5543478260869565,
    "max_drawdown": 0.1938118477495553
  },
  "strategy": {
    "alpha": 0.026290042443323003,
    "beta": 0.7365091204737687,
    "sharpe_ratio": 3.1486154644422895,
    "sortino_ratio": 6.414001083995253,
    "annual_volatility": 0.7576718990421624,
    "annual_return": 7.5295044975009855,
    "daily_winning_ratio": 0.5543478260869565,
    "max_drawdown": 0.10602345112612899
  }
}