{
  "benchmark": {
    "alpha": 0.0,
    "beta": 0.9999999999999997,
    "sharpe_ratio": 1.0293354685360419,
    "sortino_ratio": 1.5929027075099929,
    "annual_volatility": 0.9397067995567835,
    "annual_return": 0.764847267864579,
    "daily_winning_ratio": 0.5030674846625767,
    "max_drawdown": 0.2717177620742788
  },
  "strategy": {
    "alpha": 0.8097623532843683,
    "beta": 0.4687867556612384,
    "sharpe_ratio": 1.7027099474091738,
    "sortino_ratio": 3.1363517055469994,
    "annual_volatility": 0.6149742977369034,
    "annual_return": 1.4625944580938413,
    "daily_winning_ratio": 0.5030674846625767,
    "max_drawdown": 0.2717177620742788
  }
}