{
  "benchmark": {
    "alpha": 0.0,
    "beta": 0.9999999999999998,
    "sharpe_ratio": 3.762129767000236,
    "sortino_ratio": 6.655953903382868,
    "annual_volatility": 0.9703060054732205,
    "annual_return": 23.932694171038456,
    "daily_winning_ratio": 0.5569620253164557,
    "max_drawdown": 0.1938118477495553
  },
  "strategy": {
    "alpha": 0.13915619840097415,
    "beta": 0.7513008294787991,
    "sharpe_ratio": 3.5601063179633115,
    "sortino_ratio": 7.3561218096113326,
    "annual_volatility": 0.8069625485554017,
    "annual_return": 12.355103833184618,
    "daily_winning_ratio": 0.5569620253164557,
    "max_drawdown": 0.1059664743367078
  }
}