{
  "benchmark": {
    "alpha": 0.0,
    "beta": 1.0000000000000004,
    "sharpe_ratio": 3.2661929012209883,
    "sortino_ratio": 5.273671576726311,
    "annual_volatility": 0.9829531712608186,
    "skew": -0.24491184114540362,
    "annual_return": 14.873691190397446,
    "daily_winning_ratio": 0.5384615384615384,
    "max_drawdown": 0.1938118477495553
  },
  "strategy": {
    "alpha": 2.7272553461538793,
    "beta": 0.6985850039845887,
    "sharpe_ratio": 3.906327907253548,
    "sortino_ratio": 9.71632992385293,
    "annual_volatility": 0.9115629035884574,
    "skew": 2.038779170594217,
    "annual_return": 23.623271061966758,
    "daily_winning_ratio": 0.5384615384615384,
    "max_drawdown": 0.10012277344665732
  }
}