{
  "benchmark": {
    "alpha": 0.0,
    "beta": 0.9999999999999997,
    "sharpe_ratio": 1.2288577832549776,
    "sortino_ratio": 1.9077816773880003,
    "annual_volatility": 0.9426104871801642,
    "annual_return": 1.1296878933275205,
    "daily_winning_ratio": 0.5102040816326531,
    "max_drawdown": 0.2717177620742788
  },
  "strategy": {
    "alpha": 0.62033321130382,
    "beta": 0.4916690796117007,
    "sharpe_ratio": 1.6457466305005006,
    "sortino_ratio": 3.0329241752365443,
    "annual_volatility": 0.6395080195202976,
    "annual_return": 1.4402332504242237,
    "daily_winning_ratio": 0.5102040816326531,
    "max_drawdown": 0.2717177620742788
  }
}