{
  "benchmark": {
    "alpha": 0.0,
    "beta": 1.0000000000000002,
    "sharpe_ratio": 3.9102842312415476,
    "sortino_ratio": 6.984623572509931,
    "annual_volatility": 0.9969464393232671,
    "skew": 0.3843029678149532,
    "annual_return": 30.11927248108224,
    "daily_winning_ratio": 0.5571428571428572,
    "max_drawdown": 0.1938118477495553
  },
  "strategy": {
    "alpha": 0.19887954114453277,
    "beta": 0.7280162680202927,
    "sharpe_ratio": 3.7354895475248986,
    "sortino_ratio": 8.150614438252806,
    "annual_volatility": 0.8083251878474575,
    "skew": 1.6236983974761292,
    "annual_return": 14.464579095869935,
    "daily_winning_ratio": 0.5571428571428572,
    "max_drawdown": 0.1059664743367078
  }
}