{
  "benchmark": {
    "alpha": 0.0,
    "beta": 0.9999999999999999,
    "sharpe_ratio": 2.3802482579933315,
    "sortino_ratio": 3.752383343245111,
    "annual_volatility": 1.0533190439636275,
    "skew": -0.18165144551117657,
    "kurtosis": 0.07044082519291672,
    "annual_return": 6.387635552155329,
    "daily_winning_ratio": 0.5161290322580645,
    "max_drawdown": 0.1938118477495553
  },
  "strategy": {
    "alpha": 10.107946281841688,
    "beta": 0.7686005544911562,
    "sharpe_ratio": 4.268434853980251,
    "sortino_ratio": 10.618611611584164,
    "annual_volatility": 1.0173809441607613,
    "skew": 1.7578155000708484,
    "kurtosis": 4.733871563263623,
    "annual_return": 47.82745438628772,
    "daily_winning_ratio": 0.5161290322580645,
    "max_drawdown": 0.10012277344665732
  }
}