{
  "benchmark": {
    "alpha": 0.0,
    "beta": 1.0,
    "sharpe_ratio": 1.0716882597272306,
    "sortino_ratio": 1.6681366636301502,
    "annual_volatility": 0.9436671202922446,
    "annual_return": 0.8378427204649859,
    "daily_winning_ratio": 0.5,
    "max_drawdown": 0.2717177620742788
  },
  "strategy": {
    "alpha": 0.5323944701263124,
    "beta": 0.47538731258954026,
    "sharpe_ratio": 1.45925097020777,
    "sortino_ratio": 2.5957530631408163,
    "annual_volatility": 0.6221331821250506,
    "annual_return": 1.1327286636092038,
    "daily_winning_ratio": 0.5,
    "max_drawdown": 0.2717177620742788
  }
}