{
  "benchmark": {
    "alpha": 0.0,
    "beta": 0.9999999999999998,
    "sharpe_ratio": 2.422093026668312,
    "sortino_ratio": 4.147056859033915,
    "annual_volatility": 0.8759556422036773,
    "annual_return": 4.930527107982808,
    "daily_winning_ratio": 0.52,
    "max_drawdown": 0.25875352000425056
  },
  "strategy": {
    "alpha": -0.1880383254238711,
    "beta": 0.6755697176594023,
    "sharpe_ratio": 1.8090699093690936,
    "sortino_ratio": 3.435009102184243,
    "annual_volatility": 0.6771861642479974,
    "annual_return": 1.8330243973418194,
    "daily_winning_ratio": 0.52,
    "max_drawdown": 0.25875352000425056
  }
}