{
  "benchmark": {
    "alpha": 0.0,
    "beta": 1.0,
    "sharpe_ratio": 3.204077136493164,
    "sortino_ratio": 5.602293812296213,
    "annual_volatility": 0.8792835651165228,
    "annual_return": 10.814339315173669,
    "daily_winning_ratio": 0.5462962962962963,
    "max_drawdown": 0.1938118477495553
  },
  "strategy": {
    "alpha": -0.19091473596417063,
    "beta": 0.7097010567372103,
    "sharpe_ratio": 2.530939329429259,
    "sortino_ratio": 5.081740656055139,
    "annual_volatility": 0.7063171547173724,
    "annual_return": 3.8733812740128792,
    "daily_winning_ratio": 0.5462962962962963,
    "max_drawdown": 0.10602345112612899
  }
}