{
  "benchmark": {
    "alpha": 0.0,
    "beta": 1.0000000000000002,
    "sharpe_ratio": 2.6965977138051285,
    "sortino_ratio": 4.665937136849168,
    "annual_volatility": 0.8733090454612573,
    "annual_return": 6.496102477116511,
    "daily_winning_ratio": 0.5271317829457365,
    "max_drawdown": 0.25875352000425056
  },
  "strategy": {
    "alpha": -0.24362757733981055,
    "beta": 0.6666000428403225,
    "sharpe_ratio": 1.9320816155834277,
    "sortino_ratio": 3.6742889313284968,
    "annual_volatility": 0.668037993462056,
    "annual_return": 2.0419980706862932,
    "daily_winning_ratio": 0.5271317829457365,
    "max_drawdown": 0.25875352000425056
  }
}