{
  "benchmark": {
    "alpha": 0.0,
    "beta": 1.0,
    "sharpe_ratio": 1.040021505033478,
    "sortino_ratio": 1.6098529880872956,
    "annual_volatility": 0.9447085083838273,
    "annual_return": 0.7836692654715471,
    "daily_winning_ratio": 0.5031055900621118,
    "max_drawdown": 0.2717177620742788
  },
  "strategy": {
    "alpha": 0.8225324677660397,
    "beta": 0.46882426987503534,
    "sharpe_ratio": 1.7159098955026204,
    "sortino_ratio": 3.161562560778455,
    "annual_volatility": 0.6185340438979159,
    "annual_return": 1.4925843243643362,
    "daily_winning_ratio": 0.5031055900621118,
    "max_drawdown": 0.2717177620742788
  }
}