{
  "benchmark": {
    "alpha": 0.0,
    "beta": 0.9999999999999996,
    "sharpe_ratio": 2.5730985757117404,
    "sortino_ratio": 4.447747708747518,
    "annual_volatility": 0.8792693852946902,
    "annual_return": 5.8035529944245505,
    "daily_winning_ratio": 0.5196850393700787,
    "max_drawdown": 0.25875352000425056
  },
  "strategy": {
    "alpha": -0.21995882983414194,
    "beta": 0.667333854798474,
    "sharpe_ratio": 1.873894960322776,
    "sortino_ratio": 3.5631587913492875,
    "annual_volatility": 0.6731878281890326,
    "annual_return": 1.9450983418005983,
    "daily_winning_ratio": 0.5196850393700787,
    "max_drawdown": 0.25875352000425056
  }
}