{
  "benchmark": {
    "alpha": 0.0,
    "beta": 0.9999999999999997,
    "sharpe_ratio": 4.258356710884522,
    "sortino_ratio": 7.685070814379652,
    "annual_volatility": 0.9872355648616504,
    "annual_return": 41.4906773184898,
    "daily_winning_ratio": 0.5616438356164384,
    "max_drawdown": 0.1938118477495553
  },
  "strategy": {
    "alpha": 0.3241989257293374,
    "beta": 0.7358871557631114,
    "sharpe_ratio": 4.17984830083464,
    "sortino_ratio": 9.282619045933732,
    "annual_volatility": 0.8073465770675751,
    "annual_return": 20.99995635465997,
    "daily_winning_ratio": 0.5616438356164384,
    "max_drawdown": 0.1059664743367078
  }
}