{
  "benchmark": {
    "alpha": 0.0,
    "beta": 0.9999999999999998,
    "sharpe_ratio": 3.748671075286508,
    "sortino_ratio": 6.632604856803551,
    "annual_volatility": 0.9765741382957205,
    "annual_return": 24.046326456699372,
    "daily_winning_ratio": 0.5512820512820513,
    "max_drawdown": 0.1938118477495553
  },
  "strategy": {
    "alpha": 0.12049055028460942,
    "beta": 0.7513401427297133,
    "sharpe_ratio": 3.5267385989397253,
    "sortino_ratio": 7.287685881373696,
    "annual_volatility": 0.8121758161201513,
    "annual_return": 12.190684315427466,
    "daily_winning_ratio": 0.5512820512820513,
    "max_drawdown": 0.1059664743367078
  }
}