{
  "benchmark": {
    "alpha": 0.0,
    "beta": 1.0,
    "sharpe_ratio": 1.9767543591573369,
    "sortino_ratio": 3.0437035905632444,
    "annual_volatility": 1.0385250506155042,
    "skew": -0.2648958594977674,
    "kurtosis": 0.28104925647610557,
    "annual_return": 3.774162347025645,
    "daily_winning_ratio": 0.48148148148148145,
    "max_drawdown": 0.18718931091525037
  },
  "strategy": {
    "alpha": 20.281146930293815,
    "beta": 0.880451895662601,
    "sharpe_ratio": 4.490779685094183,
    "sortino_ratio": 11.219772861894135,
    "annual_volatility": 1.086259823322877,
    "skew": 1.6046826224628552,
    "kurtosis": 3.799001735831091,
    "annual_return": 76.87237863295154,
    "daily_winning_ratio": 0.48148148148148145,
    "max_drawdown": 0.10012277344665732
  }
}