{
  "benchmark": {
    "alpha": 0.0,
    "beta": 1.0,
    "sharpe_ratio": 3.8983415439984004,
    "sortino_ratio": 6.908144836231441,
    "annual_volatility": 0.9801507972971254,
    "annual_return": 28.253261327166648,
    "daily_winning_ratio": 0.5584415584415584,
    "max_drawdown": 0.1938118477495553
  },
  "strategy": {
    "alpha": 0.19111553333197762,
    "beta": 0.7494010783052436,
    "sharpe_ratio": 3.7350175652780853,
    "sortino_ratio": 7.779576617006398,
    "annual_volatility": 0.8134809585314727,
    "annual_return": 14.664100031292428,
    "daily_winning_ratio": 0.5584415584415584,
    "max_drawdown": 0.1059664743367078
  }
}