{
  "benchmark": {
    "alpha": 0.0,
    "beta": 0.9999999999999997,
    "sharpe_ratio": 3.417873009394138,
    "sortino_ratio": 5.517769374469476,
    "annual_volatility": 0.9942081510688424,
    "skew": -0.27319480980988425,
    "annual_return": 17.91733778881607,
    "daily_winning_ratio": 0.5526315789473685,
    "max_drawdown": 0.1938118477495553
  },
  "strategy": {
    "alpha": 3.008597765278523,
    "beta": 0.6971646032513119,
    "sharpe_ratio": 4.080690366112798,
    "sortino_ratio": 10.170462096900454,
    "annual_volatility": 0.9214383932981582,
    "skew": 1.9965926541803773,
    "annual_return": 28.759451476601626,
    "daily_winning_ratio": 0.5526315789473685,
    "max_drawdown": 0.10012277344665732
  }
}