{
  "benchmark": {
    "alpha": 0.0,
    "beta": 0.9999999999999998,
    "sharpe_ratio": 1.1736690670882193,
    "sortino_ratio": 1.821160605568468,
    "annual_volatility": 0.9453443796824527,
    "annual_return": 1.0234354665849725,
    "daily_winning_ratio": 0.5068493150684932,
    "max_drawdown": 0.2717177620742788
  },
  "strategy": {
    "alpha": 0.696353334518405,
    "beta": 0.4927116388334719,
    "sharpe_ratio": 1.6764904242905958,
    "sortino_ratio": 3.0901268290394044,
    "annual_volatility": 0.6415412492816315,
    "annual_return": 1.493939803072077,
    "daily_winning_ratio": 0.5068493150684932,
    "max_drawdown": 0.2717177620742788
  }
}