{
  "benchmark": {
    "alpha": 0.0,
    "beta": 1.0,
    "sharpe_ratio": 1.209292010504826,
    "sortino_ratio": 1.8887994013582345,
    "annual_volatility": 0.9464137353865836,
    "annual_return": 1.093722674975817,
    "daily_winning_ratio": 0.5060240963855421,
    "max_drawdown": 0.2717177620742788
  },
  "strategy": {
    "alpha": 0.7936747396781136,
    "beta": 0.4682947876588003,
    "sharpe_ratio": 1.8246674621958987,
    "sortino_ratio": 3.370963585545781,
    "annual_volatility": 0.6141904263766619,
    "annual_return": 1.6510406578009484,
    "daily_winning_ratio": 0.5060240963855421,
    "max_drawdown": 0.2717177620742788
  }
}