{
  "benchmark": {
    "alpha": 0.0,
    "beta": 1.0000000000000002,
    "sharpe_ratio": 3.3258064555207625,
    "sortino_ratio": 5.798560335447766,
    "annual_volatility": 0.897787526971328,
    "annual_return": 12.748424049489428,
    "daily_winning_ratio": 0.5544554455445545,
    "max_drawdown": 0.1938118477495553
  },
  "strategy": {
    "alpha": 0.008097019355415958,
    "beta": 0.7199387401864789,
    "sharpe_ratio": 2.9802643873403114,
    "sortino_ratio": 6.072895685173411,
    "annual_volatility": 0.7239982590210228,
    "annual_return": 5.96078135276837,
    "daily_winning_ratio": 0.5544554455445545,
    "max_drawdown": 0.10602345112612899
  }
}