{
  "benchmark": {
    "alpha": 0.0,
    "beta": 1.0,
    "sharpe_ratio": 4.358448616688667,
    "sortino_ratio": 8.164863885608412,
    "annual_volatility": 1.0685987736967342,
    "skew": 0.4698227194937372,
    "annual_return": 60.87575252549626,
    "daily_winning_ratio": 0.5434782608695652,
    "max_drawdown": 0.1938118477495553
  },
  "strategy": {
    "alpha": 2.7813359508728035,
    "beta": 0.8012873053897043,
    "sharpe_ratio": 4.901901962326428,
    "sortino_ratio": 14.127799058344586,
    "annual_volatility": 1.0331592935358185,
    "skew": 2.002960256012634,
    "annual_return": 97.27538302281974,
    "daily_winning_ratio": 0.5434782608695652,
    "max_drawdown": 0.10012277344665732
  }
}