{
  "benchmark": {
    "alpha": 0.0,
    "beta": 1.0,
    "sharpe_ratio": 2.392966141638297,
    "sortino_ratio": 3.774074273743979,
    "annual_volatility": 1.0711963924675307,
    "skew": -0.18787710782295333,
    "kurtosis": -0.02822042306242878,
    "annual_return": 6.674389651921759,
    "daily_winning_ratio": 0.5,
    "max_drawdown": 0.1938118477495553
  },
  "strategy": {
    "alpha": 11.261917428503235,
    "beta": 0.7681772165520893,
    "sharpe_ratio": 4.3370989248784735,
    "sortino_ratio": 10.786543000348038,
    "annual_volatility": 1.0339217959962852,
    "skew": 1.7138619263198758,
    "kurtosis": 4.476141750809866,
    "annual_return": 54.34184467815141,
    "daily_winning_ratio": 0.5,
    "max_drawdown": 0.10012277344665732
  }
}