{
  "benchmark": {
    "alpha": 0.0,
    "beta": 0.9999999999999999,
    "sharpe_ratio": 4.271144839481356,
    "sortino_ratio": 7.9903246635205,
    "annual_volatility": 1.0908178287074686,
    "skew": 0.46297525203979945,
    "annual_return": 59.62253041843439,
    "daily_winning_ratio": 0.5454545454545454,
    "max_drawdown": 0.1938118477495553
  },
  "strategy": {
    "alpha": 2.738655655713087,
    "beta": 0.7994205938864704,
    "sharpe_ratio": 4.790793423439114,
    "sortino_ratio": 13.783708789320727,
    "annual_volatility": 1.053196003611124,
    "skew": 1.9853261893187422,
    "annual_return": 93.74894050706794,
    "daily_winning_ratio": 0.5454545454545454,
    "max_drawdown": 0.10012277344665732
  }
}