{
  "benchmark": {
    "alpha": 0.0,
    "beta": 1.0,
    "sharpe_ratio": 3.6637546163807597,
    "sortino_ratio": 6.480092602549733,
    "annual_volatility": 0.9912447806880536,
    "annual_return": 23.005627838389685,
    "daily_winning_ratio": 0.5466666666666666,
    "max_drawdown": 0.1938118477495553
  },
  "strategy": {
    "alpha": 0.06678433647730198,
    "beta": 0.7467987352208483,
    "sharpe_ratio": 3.3875749704286706,
    "sortino_ratio": 7.016874858935861,
    "annual_volatility": 0.8196975268639927,
    "annual_return": 11.028552571836139,
    "daily_winning_ratio": 0.5466666666666666,
    "max_drawdown": 0.1059664743367078
  }
}