{
  "benchmark": {
    "alpha": 0.0,
    "beta": 1.0000000000000004,
    "sharpe_ratio": 1.0260194892517465,
    "sortino_ratio": 1.5790776167600902,
    "annual_volatility": 0.9371690052614513,
    "annual_return": 0.7582288400091772,
    "daily_winning_ratio": 0.5032679738562091,
    "max_drawdown": 0.2717177620742788
  },
  "strategy": {
    "alpha": 0.8922481508207101,
    "beta": 0.4761458538739388,
    "sharpe_ratio": 1.745290608070925,
    "sortino_ratio": 3.2195712694916176,
    "annual_volatility": 0.6280689960316279,
    "annual_return": 1.56640574230686,
    "daily_winning_ratio": 0.5032679738562091,
    "max_drawdown": 0.2717177620742788
  }
}