{
  "benchmark": {
    "alpha": 0.0,
    "beta": 1.0,
    "sharpe_ratio": 1.1740684379346165,
    "sortino_ratio": 1.8217195788061076,
    "annual_volatility": 0.940043415918049,
    "annual_return": 1.021492623364975,
    "daily_winning_ratio": 0.5067567567567568,
    "max_drawdown": 0.2717177620742788
  },
  "strategy": {
    "alpha": 0.6808025828949418,
    "beta": 0.49077366807578654,
    "sharpe_ratio": 1.665159240754638,
    "sortino_ratio": 3.068747757640872,
    "annual_volatility": 0.6373538986272208,
    "annual_return": 1.465016615085864,
    "daily_winning_ratio": 0.5067567567567568,
    "max_drawdown": 0.2717177620742788
  }
}