{
  "benchmark": {
    "alpha": 0.0,
    "beta": 1.0,
    "sharpe_ratio": 3.255153172391997,
    "sortino_ratio": 5.69187153266189,
    "annual_volatility": 1.039510955706376,
    "skew": 0.42159173961661706,
    "annual_return": 16.949648764926792,
    "daily_winning_ratio": 0.5254237288135594,
    "max_drawdown": 0.1938118477495553
  },
  "strategy": {
    "alpha": 0.8318025846258983,
    "beta": 0.7595318941246189,
    "sharpe_ratio": 3.646684844386714,
    "sortino_ratio": 7.9461836758064575,
    "annual_volatility": 0.870895640212729,
    "skew": 1.518931702244237,
    "annual_return": 16.2164325750416,
    "daily_winning_ratio": 0.5254237288135594,
    "max_drawdown": 0.1059664743367078
  }
}