{
  "benchmark": {
    "alpha": 0.0,
    "beta": 0.9999999999999998,
    "sharpe_ratio": 1.613347883791773,
    "sortino_ratio": 2.590045535294657,
    "annual_volatility": 0.889541985703984,
    "annual_return": 1.950220082266815,
    "daily_winning_ratio": 0.5144927536231884,
    "max_drawdown": 0.2717177620742788
  },
  "strategy": {
    "alpha": 0.1765233712735974,
    "beta": 0.628655646493828,
    "sharpe_ratio": 1.6256818370588924,
    "sortino_ratio": 3.0067371428530802,
    "annual_volatility": 0.6549924275683641,
    "annual_return": 1.447435405529042,
    "daily_winning_ratio": 0.5144927536231884,
    "max_drawdown": 0.2717177620742788
  }
}