{
  "benchmark": {
    "alpha": 0.0,
    "beta": 1.0,
    "sharpe_ratio": 4.663569155320775,
    "sortino_ratio": 8.804705149353346,
    "annual_volatility": 1.036867800223329,
    "skew": 0.08396571801245692,
    "kurtosis": -1.1235707112767859,
    "annual_return": 76.12733323643067,
    "daily_winning_ratio": 0.5,
    "max_drawdown": 0.12699039212932106
  },
  "strategy": {
    "alpha": 18.329773886052163,
    "beta": 1.075738922092651,
    "sharpe_ratio": 6.428348572806414,
    "sortino_ratio": 17.84752951470409,
    "annual_volatility": 1.271778470091474,
    "skew": 1.222397722455588,
    "kurtosis": 1.882467256149896,
    "annual_return": 1667.171539287338,
    "daily_winning_ratio": 0.5,
    "max_drawdown": 0.08818570402223114
  }
}