{
  "benchmark": {
    "alpha": 0.0,
    "beta": 0.9999999999999999,
    "sharpe_ratio": 4.689445524519577,
    "sortino_ratio": 8.856117239503408,
    "annual_volatility": 1.0462158972154099,
    "skew": 0.44173897127789036,
    "annual_return": 79.83121839120017,
    "daily_winning_ratio": 0.5510204081632653,
    "max_drawdown": 0.1938118477495553
  },
  "strategy": {
    "alpha": 1.346831241981798,
    "beta": 0.7554740098795945,
    "sharpe_ratio": 5.143527708728045,
    "sortino_ratio": 13.410268821015645,
    "annual_volatility": 0.886657893957928,
    "skew": 1.6834056180084978,
    "annual_return": 66.28212089393205,
    "daily_winning_ratio": 0.5510204081632653,
    "max_drawdown": 0.1059685339316605
  }
}