{
  "benchmark": {
    "alpha": 0.0,
    "beta": 1.0,
    "sharpe_ratio": 6.7059141110495935,
    "sortino_ratio": 13.703449633444501,
    "annual_volatility": 1.0774393014060517,
    "skew": -0.0947637634286469,
    "kurtosis": -1.204863216295589,
    "annual_return": 786.9085962123307,
    "daily_winning_ratio": 0.5714285714285714,
    "max_drawdown": 0.12699039212932106
  },
  "strategy": {
    "alpha": -0.8068730875895674,
    "beta": 0.4188469203005384,
    "sharpe_ratio": 2.7659688673277385,
    "sortino_ratio": 4.789942459261002,
    "annual_volatility": 0.5009276029125876,
    "skew": 0.4195889560043714,
    "kurtosis": 1.211646023879573,
    "annual_return": 2.6850652263652814,
    "daily_winning_ratio": 0.5,
    "max_drawdown": 0.08959543091591471
  }
}