{
  "benchmark": {
    "alpha": 0.0,
    "beta": 0.9999999999999999,
    "sharpe_ratio": 3.1532583272241097,
    "sortino_ratio": 5.073851722435491,
    "annual_volatility": 1.0283524403790352,
    "skew": -0.2452493895223486,
    "annual_return": 14.700931867232274,
    "daily_winning_ratio": 0.5428571428571428,
    "max_drawdown": 0.1938118477495553
  },
  "strategy": {
    "alpha": 3.732323289592159,
    "beta": 0.707765457200243,
    "sharpe_ratio": 4.019402165277191,
    "sortino_ratio": 10.004404172526536,
    "annual_volatility": 0.958544096101336,
    "skew": 1.9233088535474638,
    "annual_return": 30.639455626361322,
    "daily_winning_ratio": 0.5428571428571428,
    "max_drawdown": 0.10012277344665732
  }
}