{
  "benchmark": {
    "alpha": 0.0,
    "beta": 0.9999999999999998,
    "sharpe_ratio": 2.757429168746134,
    "sortino_ratio": 4.8045569524271565,
    "annual_volatility": 0.8757931974975809,
    "annual_return": 6.943378921365667,
    "daily_winning_ratio": 0.5245901639344263,
    "max_drawdown": 0.25875352000425056
  },
  "strategy": {
    "alpha": -0.2765163009763222,
    "beta": 0.6839199534706377,
    "sharpe_ratio": 1.9420842300838101,
    "sortino_ratio": 3.702246427890012,
    "annual_volatility": 0.6838479375955466,
    "annual_return": 2.126079755563012,
    "daily_winning_ratio": 0.5245901639344263,
    "max_drawdown": 0.25875352000425056
  }
}