{
  "benchmark": {
    "alpha": 0.0,
    "beta": 1.0,
    "sharpe_ratio": 0.8893666261415688,
    "sortino_ratio": 1.350001827508436,
    "annual_volatility": 0.947500581600618,
    "annual_return": 0.5449352956094016,
    "daily_winning_ratio": 0.5027624309392266,
    "max_drawdown": 0.3548695605972053
  },
  "strategy": {
    "alpha": 0.17313228137391934,
    "beta": 0.46236406998199997,
    "sharpe_ratio": 0.8838868228459688,
    "sortino_ratio": 1.4728231724153946,
    "annual_volatility": 0.621499358057285,
    "annual_return": 0.4896134661722664,
    "daily_winning_ratio": 0.5027624309392266,
    "max_drawdown": 0.3548695605972053
  }
}