{
  "benchmark": {
    "alpha": 0.0,
    "beta": 1.0,
    "sharpe_ratio": 1.073818285012747,
    "sortino_ratio": 1.604982569225606,
    "annual_volatility": 1.050791011890235,
    "skew": -0.18218126668259996,
    "kurtosis": 0.04343725159433243,
    "annual_return": 0.8747710693731874,
    "daily_winning_ratio": 0.4642857142857143,
    "max_drawdown": 0.1938118477495553
  },
  "strategy": {
    "alpha": 33.18024017020325,
    "beta": 0.8518158105663641,
    "sharpe_ratio": 4.211665627441315,
    "sortino_ratio": 10.4805635267066,
    "annual_volatility": 1.0708215477718548,
    "skew": 1.661507329670171,
    "kurtosis": 4.032618252394604,
    "annual_return": 53.89415358305186,
    "daily_winning_ratio": 0.4642857142857143,
    "max_drawdown": 0.10012277344665732
  }
}