{
  "benchmark": {
    "alpha": 0.0,
    "beta": 1.0,
    "sharpe_ratio": 1.0525732333185964,
    "sortino_ratio": 1.6383105388702734,
    "annual_volatility": 0.9409617252881335,
    "annual_return": 0.8044492233269449,
    "daily_winning_ratio": 0.4970414201183432,
    "max_drawdown": 0.2717177620742788
  },
  "strategy": {
    "alpha": 0.4991539691420377,
    "beta": 0.4756245452964424,
    "sharpe_ratio": 1.4117381842966832,
    "sortino_ratio": 2.509407879038812,
    "annual_volatility": 0.6206525805309941,
    "annual_return": 1.0682449402693086,
    "daily_winning_ratio": 0.4970414201183432,
    "max_drawdown": 0.2717177620742788
  }
}