{
  "benchmark": {
    "alpha": 0.0,
    "beta": 0.9999999999999998,
    "sharpe_ratio": 3.4501354408368643,
    "sortino_ratio": 6.050509446305587,
    "annual_volatility": 0.9226570602475205,
    "annual_return": 15.370397158682614,
    "daily_winning_ratio": 0.5591397849462365,
    "max_drawdown": 0.1938118477495553
  },
  "strategy": {
    "alpha": 0.018739135727187106,
    "beta": 0.7365536929638385,
    "sharpe_ratio": 3.13580817673477,
    "sortino_ratio": 6.388252295666017,
    "annual_volatility": 0.7536275844757028,
    "annual_return": 7.365693200607593,
    "daily_winning_ratio": 0.5591397849462365,
    "max_drawdown": 0.10602345112612899
  }
}