{
  "benchmark": {
    "alpha": 0.0,
    "beta": 0.9999999999999998,
    "sharpe_ratio": 1.5567070837823491,
    "sortino_ratio": 2.4978108246778223,
    "annual_volatility": 0.8869491749727387,
    "annual_return": 1.8007667537246443,
    "daily_winning_ratio": 0.5107913669064749,
    "max_drawdown": 0.2717177620742788
  },
  "strategy": {
    "alpha": 0.22030797019672677,
    "beta": 0.6277263619670267,
    "sharpe_ratio": 1.633231689042563,
    "sortino_ratio": 3.0206229887758473,
    "annual_volatility": 0.6526152812254787,
    "annual_return": 1.4536383784149085,
    "daily_winning_ratio": 0.5107913669064749,
    "max_drawdown": 0.2717177620742788
  }
}