{
  "benchmark": {
    "alpha": 0.0,
    "beta": 1.0,
    "sharpe_ratio": 1.9668750080281767,
    "sortino_ratio": 3.031976071524256,
    "annual_volatility": 1.0804271098190712,
    "skew": -0.26778462810715375,
    "kurtosis": 0.04109356319796342,
    "annual_return": 3.922701791149527,
    "daily_winning_ratio": 0.48,
    "max_drawdown": 0.18718931091525037
  },
  "strategy": {
    "alpha": 27.786100899623186,
    "beta": 0.8801932756383988,
    "sharpe_ratio": 4.649440272791704,
    "sortino_ratio": 11.610251872760797,
    "annual_volatility": 1.1282804222271434,
    "skew": 1.5065925320355873,
    "kurtosis": 3.2731673577524285,
    "annual_return": 106.56178796303631,
    "daily_winning_ratio": 0.48,
    "max_drawdown": 0.10012277344665732
  }
}