{
  "timestamp": 1620604800,
  "pps": 1.4743,
  "pnl_rate": 0.47429999999999994,
  "last_day_pnl_rate": -0.004994263346156491,
  "last_1m_pnl_rate": -0.1381890454200036,
  "last_3m_pnl_rate": -0.03489133280963611,
  "last_6m_pnl_rate": 0.47429999999999994,
  "last_12m_pnl_rate": 0.47429999999999994,
  "running_days": 130
}