{
  "timestamp": 1616112000,
  "pps": 1.7354,
  "pnl_rate": 0.7354,
  "last_day_pnl_rate": -0.028766509961943076,
  "last_1m_pnl_rate": -0.013697073032111401,
  "last_3m_pnl_rate": 0.7354,
  "last_6m_pnl_rate": 0.7354,
  "last_12m_pnl_rate": 0.7354,
  "running_days": 78
}