{
  "timestamp": 1621900800,
  "pps": 1.4357,
  "pnl_rate": 0.4357,
  "last_day_pnl_rate": -0.02638003526380031,
  "last_1m_pnl_rate": 0.029101856497742076,
  "last_3m_pnl_rate": -0.1441430700447094,
  "last_6m_pnl_rate": 0.4357,
  "last_12m_pnl_rate": 0.4357,
  "running_days": 145
}