{
  "timestamp": 1614470400,
  "pps": 1.5841,
  "pnl_rate": 0.5841000000000001,
  "last_day_pnl_rate": -0.0017644464049403955,
  "last_1m_pnl_rate": 0.26313691093214264,
  "last_3m_pnl_rate": 0.5841000000000001,
  "last_6m_pnl_rate": 0.5841000000000001,
  "last_12m_pnl_rate": 0.5841000000000001,
  "running_days": 59
}