{
  "timestamp": 1620432000,
  "pps": 1.4659,
  "pnl_rate": 0.4659,
  "last_day_pnl_rate": 0.006661172915808297,
  "last_1m_pnl_rate": -0.1432495616598481,
  "last_3m_pnl_rate": 0.154342861642649,
  "last_6m_pnl_rate": 0.4659,
  "last_12m_pnl_rate": 0.4659,
  "running_days": 128
}