{
  "timestamp": 1618185600,
  "pps": 1.7105,
  "pnl_rate": 0.7104999999999999,
  "last_day_pnl_rate": -0.00011691120593920618,
  "last_1m_pnl_rate": -0.07824540604623592,
  "last_3m_pnl_rate": 0.3643614899896306,
  "last_6m_pnl_rate": 0.7104999999999999,
  "last_12m_pnl_rate": 0.7104999999999999,
  "running_days": 102
}