{
  "timestamp": 1618272000,
  "pps": 1.711,
  "pnl_rate": 0.7110000000000001,
  "last_day_pnl_rate": 0.00029231218941839636,
  "last_1m_pnl_rate": -0.039788989281104414,
  "last_3m_pnl_rate": 0.26844095188672257,
  "last_6m_pnl_rate": 0.7110000000000001,
  "last_12m_pnl_rate": 0.7110000000000001,
  "running_days": 103
}