{
  "timestamp": 1618099200,
  "pps": 1.7107,
  "pnl_rate": 0.7107000000000001,
  "last_day_pnl_rate": -0.00017533606078314843,
  "last_1m_pnl_rate": -0.011270373367240695,
  "last_3m_pnl_rate": 0.3249941909999227,
  "last_6m_pnl_rate": 0.7107000000000001,
  "last_12m_pnl_rate": 0.7107000000000001,
  "running_days": 101
}