{
  "timestamp": 1611532800,
  "pps": 1.3777,
  "pnl_rate": 0.3776999999999999,
  "last_day_pnl_rate": 0.0021093977305789223,
  "last_1m_pnl_rate": 0.3776999999999999,
  "last_3m_pnl_rate": 0.3776999999999999,
  "last_6m_pnl_rate": 0.3776999999999999,
  "last_12m_pnl_rate": 0.3776999999999999,
  "running_days": 25
}