{
  "timestamp": 1610841600,
  "pps": 1.445,
  "pnl_rate": 0.44500000000000006,
  "last_day_pnl_rate": -0.018942222825717996,
  "last_1m_pnl_rate": 0.44500000000000006,
  "last_3m_pnl_rate": 0.44500000000000006,
  "last_6m_pnl_rate": 0.44500000000000006,
  "last_12m_pnl_rate": 0.44500000000000006,
  "running_days": 17
}