{
  "timestamp": 1620259200,
  "pps": 1.4666,
  "pnl_rate": 0.4665999999999999,
  "last_day_pnl_rate": 0.026671333566678192,
  "last_1m_pnl_rate": -0.1437912312452567,
  "last_3m_pnl_rate": 0.17056429084523905,
  "last_6m_pnl_rate": 0.4665999999999999,
  "last_12m_pnl_rate": 0.4665999999999999,
  "running_days": 126
}