{
  "timestamp": 1624838400,
  "pps": 1.2149,
  "pnl_rate": 0.2149000000000001,
  "last_day_pnl_rate": -0.003363412633305982,
  "last_1m_pnl_rate": -0.16895820507558648,
  "last_3m_pnl_rate": -0.2920988229810045,
  "last_6m_pnl_rate": 0.2149000000000001,
  "last_12m_pnl_rate": 0.2149000000000001,
  "running_days": 179
}