{
  "timestamp": 1615593600,
  "pps": 1.7302,
  "pnl_rate": 0.7302,
  "last_day_pnl_rate": -0.01046611381183871,
  "last_1m_pnl_rate": 0.09126458530432044,
  "last_3m_pnl_rate": 0.7302,
  "last_6m_pnl_rate": 0.7302,
  "last_12m_pnl_rate": 0.7302,
  "running_days": 72
}