{
  "timestamp": 1620172800,
  "pps": 1.4285,
  "pnl_rate": 0.4285000000000001,
  "last_day_pnl_rate": -0.02291381668946639,
  "last_1m_pnl_rate": -0.16807407838797972,
  "last_3m_pnl_rate": 0.1368881814564267,
  "last_6m_pnl_rate": 0.4285000000000001,
  "last_12m_pnl_rate": 0.4285000000000001,
  "running_days": 125
}