{
  "timestamp": 1615334400,
  "pps": 1.6849,
  "pnl_rate": 0.6849000000000001,
  "last_day_pnl_rate": 0.012620950778292042,
  "last_1m_pnl_rate": 0.10420079952814734,
  "last_3m_pnl_rate": 0.6849000000000001,
  "last_6m_pnl_rate": 0.6849000000000001,
  "last_12m_pnl_rate": 0.6849000000000001,
  "running_days": 69
}