{
  "timestamp": 1615248000,
  "pps": 1.6639,
  "pnl_rate": 0.6638999999999999,
  "last_day_pnl_rate": 0.008179835191468641,
  "last_1m_pnl_rate": 0.31026065044491685,
  "last_3m_pnl_rate": 0.6638999999999999,
  "last_6m_pnl_rate": 0.6638999999999999,
  "last_12m_pnl_rate": 0.6638999999999999,
  "running_days": 68
}