{
  "timestamp": 1610928000,
  "pps": 1.4418,
  "pnl_rate": 0.44179999999999997,
  "last_day_pnl_rate": -0.002214532871972382,
  "last_1m_pnl_rate": 0.44179999999999997,
  "last_3m_pnl_rate": 0.44179999999999997,
  "last_6m_pnl_rate": 0.44179999999999997,
  "last_12m_pnl_rate": 0.44179999999999997,
  "running_days": 18
}