{
  "timestamp": 1619654400,
  "pps": 1.4471,
  "pnl_rate": 0.44710000000000005,
  "last_day_pnl_rate": -0.0008975421154376256,
  "last_1m_pnl_rate": -0.15679990677077257,
  "last_3m_pnl_rate": 0.15398724082934614,
  "last_6m_pnl_rate": 0.44710000000000005,
  "last_12m_pnl_rate": 0.44710000000000005,
  "running_days": 119
}