{
  "timestamp": 1621036800,
  "pps": 1.3707,
  "pnl_rate": 0.37070000000000003,
  "last_day_pnl_rate": -0.0005833029529711352,
  "last_1m_pnl_rate": -0.1885027529453555,
  "last_3m_pnl_rate": -0.14736252799203775,
  "last_6m_pnl_rate": 0.37070000000000003,
  "last_12m_pnl_rate": 0.37070000000000003,
  "running_days": 135
}