{
  "timestamp": 1621468800,
  "pps": 1.4482,
  "pnl_rate": 0.44819999999999993,
  "last_day_pnl_rate": 0.02891651865008878,
  "last_1m_pnl_rate": -0.02491246970105046,
  "last_3m_pnl_rate": -0.2143012152777778,
  "last_6m_pnl_rate": 0.44819999999999993,
  "last_12m_pnl_rate": 0.44819999999999993,
  "running_days": 140
}