{
  "timestamp": 1617148800,
  "pps": 1.7162,
  "pnl_rate": 0.7162,
  "last_day_pnl_rate": 0.006450856204550727,
  "last_1m_pnl_rate": 0.04646341463414637,
  "last_3m_pnl_rate": 0.7162,
  "last_6m_pnl_rate": 0.7162,
  "last_12m_pnl_rate": 0.7162,
  "running_days": 90
}