{
  "timestamp": 1615680000,
  "pps": 1.8556,
  "pnl_rate": 0.8555999999999999,
  "last_day_pnl_rate": 0.07247717026933301,
  "last_1m_pnl_rate": 0.18880133256454606,
  "last_3m_pnl_rate": 0.8555999999999999,
  "last_6m_pnl_rate": 0.8555999999999999,
  "last_12m_pnl_rate": 0.8555999999999999,
  "running_days": 73
}