{
  "timestamp": 1615075200,
  "pps": 1.6288,
  "pnl_rate": 0.6288,
  "last_day_pnl_rate": 0.0009217722608001333,
  "last_1m_pnl_rate": 0.3001277139208175,
  "last_3m_pnl_rate": 0.6288,
  "last_6m_pnl_rate": 0.6288,
  "last_12m_pnl_rate": 0.6288,
  "running_days": 66
}