{
  "timestamp": 1614038400,
  "pps": 1.7951,
  "pnl_rate": 0.7950999999999999,
  "last_day_pnl_rate": -0.04622496147919886,
  "last_1m_pnl_rate": 0.4450974078248269,
  "last_3m_pnl_rate": 0.7950999999999999,
  "last_6m_pnl_rate": 0.7950999999999999,
  "last_12m_pnl_rate": 0.7950999999999999,
  "running_days": 54
}