{
  "timestamp": 1624579200,
  "pps": 1.2372,
  "pnl_rate": 0.23720000000000008,
  "last_day_pnl_rate": 0.0046285018270402255,
  "last_1m_pnl_rate": -0.1362144802066605,
  "last_3m_pnl_rate": -0.2663227183775128,
  "last_6m_pnl_rate": 0.23720000000000008,
  "last_12m_pnl_rate": 0.23720000000000008,
  "running_days": 176
}