{
  "timestamp": 1621814400,
  "pps": 1.4746,
  "pnl_rate": 0.4745999999999999,
  "last_day_pnl_rate": 0.018088925711129526,
  "last_1m_pnl_rate": 0.049387987475092446,
  "last_3m_pnl_rate": -0.10986357599903426,
  "last_6m_pnl_rate": 0.4745999999999999,
  "last_12m_pnl_rate": 0.4745999999999999,
  "running_days": 144
}