{
  "timestamp": 1613606400,
  "pps": 2.1757,
  "pnl_rate": 1.1757,
  "last_day_pnl_rate": 0.20530718519749602,
  "last_1m_pnl_rate": 0.507448208965565,
  "last_3m_pnl_rate": 1.1757,
  "last_6m_pnl_rate": 1.1757,
  "last_12m_pnl_rate": 1.1757,
  "running_days": 49
}