{
  "timestamp": 1620000000,
  "pps": 1.4576,
  "pnl_rate": 0.4576,
  "last_day_pnl_rate": -0.004167520666803303,
  "last_1m_pnl_rate": -0.14590413688034684,
  "last_3m_pnl_rate": 0.16217509169191519,
  "last_6m_pnl_rate": 0.4576,
  "last_12m_pnl_rate": 0.4576,
  "running_days": 123
}