{
  "timestamp": 1617062400,
  "pps": 1.7052,
  "pnl_rate": 0.7052,
  "last_day_pnl_rate": 0.01174795300818799,
  "last_1m_pnl_rate": 0.0879162945004467,
  "last_3m_pnl_rate": 0.7052,
  "last_6m_pnl_rate": 0.7052,
  "last_12m_pnl_rate": 0.7052,
  "running_days": 89
}