{
  "timestamp": 1615507200,
  "pps": 1.7485,
  "pnl_rate": 0.7484999999999999,
  "last_day_pnl_rate": 0.03412585758220952,
  "last_1m_pnl_rate": 0.1914821124361158,
  "last_3m_pnl_rate": 0.7484999999999999,
  "last_6m_pnl_rate": 0.7484999999999999,
  "last_12m_pnl_rate": 0.7484999999999999,
  "running_days": 71
}