{
  "timestamp": 1624752000,
  "pps": 1.219,
  "pnl_rate": 0.21900000000000008,
  "last_day_pnl_rate": -0.0007377653906057061,
  "last_1m_pnl_rate": -0.17344724708435041,
  "last_3m_pnl_rate": -0.2851278442411447,
  "last_6m_pnl_rate": 0.21900000000000008,
  "last_12m_pnl_rate": 0.21900000000000008,
  "running_days": 178
}