{
  "timestamp": 1619481600,
  "pps": 1.4399,
  "pnl_rate": 0.43989999999999996,
  "last_day_pnl_rate": 0.03211239337681883,
  "last_1m_pnl_rate": -0.14566275068233064,
  "last_3m_pnl_rate": 0.17446982055464924,
  "last_6m_pnl_rate": 0.43989999999999996,
  "last_12m_pnl_rate": 0.43989999999999996,
  "running_days": 117
}