{
  "timestamp": 1622160000,
  "pps": 1.4417,
  "pnl_rate": 0.4417,
  "last_day_pnl_rate": 0.006562870906932958,
  "last_1m_pnl_rate": -0.003731601133301134,
  "last_3m_pnl_rate": -0.08995076379245048,
  "last_6m_pnl_rate": 0.4417,
  "last_12m_pnl_rate": 0.4417,
  "running_days": 148
}