{
  "timestamp": 1615420800,
  "pps": 1.6908,
  "pnl_rate": 0.6908000000000001,
  "last_day_pnl_rate": 0.003501691495044226,
  "last_1m_pnl_rate": 0.10683424980361352,
  "last_3m_pnl_rate": 0.6908000000000001,
  "last_6m_pnl_rate": 0.6908000000000001,
  "last_12m_pnl_rate": 0.6908000000000001,
  "running_days": 70
}