{
  "timestamp": 1616889600,
  "pps": 1.6863,
  "pnl_rate": 0.6862999999999999,
  "last_day_pnl_rate": 0.005785518310867124,
  "last_1m_pnl_rate": 0.06263784737538593,
  "last_3m_pnl_rate": 0.6862999999999999,
  "last_6m_pnl_rate": 0.6862999999999999,
  "last_12m_pnl_rate": 0.6862999999999999,
  "running_days": 87
}