{
  "timestamp": 1611360000,
  "pps": 1.3885,
  "pnl_rate": 0.38850000000000007,
  "last_day_pnl_rate": 0.026921085718511935,
  "last_1m_pnl_rate": 0.38850000000000007,
  "last_3m_pnl_rate": 0.38850000000000007,
  "last_6m_pnl_rate": 0.38850000000000007,
  "last_12m_pnl_rate": 0.38850000000000007,
  "running_days": 23
}