{
  "timestamp": 1610064000,
  "pps": 8.9898,
  "pnl_rate": 7.989800000000001,
  "last_day_pnl_rate": 0.05833323522832956,
  "last_1m_pnl_rate": 1.0661457136290509,
  "last_3m_pnl_rate": 3.0538419913419914,
  "last_6m_pnl_rate": 3.510008528570712,
  "last_12m_pnl_rate": 7.131886024423339,
  "running_days": 374
}