{
  "timestamp": 1622332800,
  "pps": 1.4619,
  "pnl_rate": 0.4619,
  "last_day_pnl_rate": -0.008746948738812132,
  "last_1m_pnl_rate": -0.0006152584085316673,
  "last_3m_pnl_rate": -0.10859756097560971,
  "last_6m_pnl_rate": 0.4619,
  "last_12m_pnl_rate": 0.4619,
  "running_days": 150
}