{
  "timestamp": 1624492800,
  "pps": 1.2315,
  "pnl_rate": 0.23150000000000004,
  "last_day_pnl_rate": 0.005634492895639498,
  "last_1m_pnl_rate": -0.14556303337264967,
  "last_3m_pnl_rate": -0.2654777525945366,
  "last_6m_pnl_rate": 0.23150000000000004,
  "last_12m_pnl_rate": 0.23150000000000004,
  "running_days": 175
}