{
  "timestamp": 1617580800,
  "pps": 1.7125,
  "pnl_rate": 0.7124999999999999,
  "last_day_pnl_rate": 0.00345716629555843,
  "last_1m_pnl_rate": 0.051387524557956706,
  "last_3m_pnl_rate": 0.446001857637423,
  "last_6m_pnl_rate": 0.7124999999999999,
  "last_12m_pnl_rate": 0.7124999999999999,
  "running_days": 95
}