{
  "timestamp": 1622764800,
  "pps": 1.5124,
  "pnl_rate": 0.5124,
  "last_day_pnl_rate": 0.013740867350358578,
  "last_1m_pnl_rate": 0.031228692213282467,
  "last_3m_pnl_rate": -0.0714636542239686,
  "last_6m_pnl_rate": 0.5124,
  "last_12m_pnl_rate": 0.5124,
  "running_days": 155
}