{
  "timestamp": 1613606400,
  "pps": 1.7595,
  "pnl_rate": 0.7595000000000001,
  "last_day_pnl_rate": 0.08090674530040555,
  "last_1m_pnl_rate": 0.35200553250345795,
  "last_3m_pnl_rate": 0.7595000000000001,
  "last_6m_pnl_rate": 0.7595000000000001,
  "last_12m_pnl_rate": 0.7595000000000001,
  "running_days": 49
}