{
  "timestamp": 1616803200,
  "pps": 1.6766,
  "pnl_rate": 0.6766000000000001,
  "last_day_pnl_rate": 0.03054889667465737,
  "last_1m_pnl_rate": 0.04637084191474757,
  "last_3m_pnl_rate": 0.6766000000000001,
  "last_6m_pnl_rate": 0.6766000000000001,
  "last_12m_pnl_rate": 0.6766000000000001,
  "running_days": 86
}