{
  "timestamp": 1614124800,
  "pps": 1.6565,
  "pnl_rate": 0.6565000000000001,
  "last_day_pnl_rate": -0.07721018327669758,
  "last_1m_pnl_rate": 0.33427305678614583,
  "last_3m_pnl_rate": 0.6565000000000001,
  "last_6m_pnl_rate": 0.6565000000000001,
  "last_12m_pnl_rate": 0.6565000000000001,
  "running_days": 55
}