{
  "timestamp": 1612396800,
  "pps": 1.3927,
  "pnl_rate": 0.39270000000000005,
  "last_day_pnl_rate": 0.0012941261053993989,
  "last_1m_pnl_rate": 0.17586963863559624,
  "last_3m_pnl_rate": 0.39270000000000005,
  "last_6m_pnl_rate": 0.39270000000000005,
  "last_12m_pnl_rate": 0.39270000000000005,
  "running_days": 35
}