{
  "timestamp": 1619913600,
  "pps": 1.4637,
  "pnl_rate": 0.4637,
  "last_day_pnl_rate": 0.0006152584085315155,
  "last_1m_pnl_rate": -0.14807054304173212,
  "last_3m_pnl_rate": 0.17021106491845228,
  "last_6m_pnl_rate": 0.4637,
  "last_12m_pnl_rate": 0.4637,
  "running_days": 122
}