{
  "timestamp": 1620950400,
  "pps": 1.3715,
  "pnl_rate": 0.37149999999999994,
  "last_day_pnl_rate": -0.0005829629089850134,
  "last_1m_pnl_rate": -0.1846986089644513,
  "last_3m_pnl_rate": -0.1157317859445519,
  "last_6m_pnl_rate": 0.37149999999999994,
  "last_12m_pnl_rate": 0.37149999999999994,
  "running_days": 134
}