{
  "benchmark": {
    "alpha": 0.0,
    "beta": 1.0,
    "sharpe_ratio": 2.422688926312482,
    "sortino_ratio": 3.4799645202693155,
    "annual_volatility": 0.8326222328071298,
    "skew": -2.203259585287167,
    "kurtosis": 36.54856108839042,
    "annual_return": 4.290771362993226,
    "daily_winning_ratio": 0.5828877005347594,
    "max_drawdown": 0.5072125107848322
  },
  "strategy": {
    "alpha": 4.814231921900769,
    "beta": 0.2620976330173516,
    "sharpe_ratio": 3.6268836476392377,
    "sortino_ratio": 11.648373605685347,
    "annual_volatility": 0.6322947875774245,
    "skew": 4.891439297100024,
    "kurtosis": 34.38704584538139,
    "annual_return": 7.527050322272588,
    "daily_winning_ratio": 0.5641711229946524,
    "max_drawdown": 0.09015833733659928
  }
}